season,team_id,team_name,conference,division,era,wins,losses,win_pct,made_playoffs,playoff_wins,won_championship,points_for,points_against,pace,offensive_rating,defensive_rating,net_rating,three_point_attempt_pct,true_shooting_pct,payroll_million_usd,home_attendance_avg
1980,ATL,Atlanta Hawks,East,Southeast,Showtime/Bird Era,42,40,0.521,1,4,0,103.4,102.8,98.9,107.7,105.6,2.1,0.065,0.536,18.0,18083
1980,BOS,Boston Celtics,East,Atlantic,Showtime/Bird Era,47,35,0.585,1,6,0,108.4,104.1,94.2,116.2,112.8,3.4,0.084,0.511,5.0,20000
1980,BKN,Brooklyn Nets,East,Atlantic,Showtime/Bird Era,53,29,0.658,1,6,0,110.6,106.0,93.1,122.3,117.3,5.0,0.101,0.524,15.2,19491
1980,CHA,Charlotte Hornets,East,Southeast,Showtime/Bird Era,50,32,0.614,1,6,0,108.0,110.1,94.5,114.9,116.4,-1.5,0.067,0.526,12.7,18352
1980,CHI,Chicago Bulls,East,Central,Showtime/Bird Era,52,30,0.641,1,8,0,108.7,102.2,92.1,118.3,111.0,7.3,0.112,0.533,19.5,19634
1980,CLE,Cleveland Cavaliers,East,Central,Showtime/Bird Era,50,32,0.617,1,5,0,109.7,107.8,92.0,119.1,116.5,2.6,0.119,0.478,22.6,20000
1980,DAL,Dallas Mavericks,West,Southwest,Showtime/Bird Era,45,37,0.55,1,16,1,108.6,108.3,93.0,116.3,117.2,-0.9,0.078,0.516,5.0,19508
1980,DEN,Denver Nuggets,West,Northwest,Showtime/Bird Era,46,36,0.573,1,8,0,98.5,94.8,97.8,99.0,97.6,1.4,0.107,0.518,23.5,20000
1980,DET,Detroit Pistons,East,Central,Showtime/Bird Era,30,52,0.366,1,10,0,104.6,104.4,94.1,113.7,110.5,3.2,0.093,0.493,11.9,18019
1980,GSW,Golden State Warriors,West,Pacific,Showtime/Bird Era,47,35,0.578,1,10,0,100.0,96.1,94.9,104.7,100.7,4.0,0.082,0.492,18.9,18254
1980,HOU,Houston Rockets,West,Southwest,Showtime/Bird Era,44,38,0.543,1,4,0,108.7,111.1,93.2,116.4,116.6,-0.2,0.082,0.501,21.7,18780
1980,IND,Indiana Pacers,East,Central,Showtime/Bird Era,39,43,0.479,0,0,0,110.0,109.7,92.7,120.6,119.4,1.2,0.08,0.524,17.2,19090
1980,LAC,Los Angeles Clippers,West,Pacific,Showtime/Bird Era,35,47,0.435,0,0,0,115.9,113.2,95.8,121.8,115.4,6.4,0.121,0.535,5.0,18157
1980,LAL,Los Angeles Lakers,West,Pacific,Showtime/Bird Era,49,33,0.604,1,10,0,109.8,104.3,100.4,109.6,105.2,4.4,0.086,0.522,19.6,20000
1980,MEM,Memphis Grizzlies,West,Southwest,Showtime/Bird Era,41,41,0.506,1,3,0,105.5,103.6,93.9,114.1,112.8,1.3,0.092,0.533,12.4,18998
1980,MIA,Miami Heat,East,Southeast,Showtime/Bird Era,40,42,0.495,0,0,0,107.3,106.0,97.1,110.7,107.1,3.6,0.083,0.54,10.6,19261
1980,MIL,Milwaukee Bucks,East,Central,Showtime/Bird Era,29,53,0.365,0,0,0,102.6,107.0,97.2,103.8,109.2,-5.4,0.095,0.5,5.0,18020
1980,MIN,Minnesota Timberwolves,West,Northwest,Showtime/Bird Era,30,52,0.369,0,0,0,109.9,114.1,97.8,110.2,117.2,-7.0,0.158,0.523,9.7,18724
1980,NOP,New Orleans Pelicans,West,Southwest,Showtime/Bird Era,40,42,0.491,1,4,0,108.5,114.3,90.1,120.6,128.4,-7.8,0.084,0.533,25.8,19887
1980,NYK,New York Knicks,East,Atlantic,Showtime/Bird Era,51,31,0.633,1,11,0,111.2,105.9,96.6,115.4,112.1,3.3,0.125,0.524,20.6,20000
1980,OKC,Oklahoma City Thunder,West,Northwest,Showtime/Bird Era,46,36,0.572,1,6,0,106.4,106.7,92.6,113.5,112.9,0.6,0.106,0.528,20.0,20000
1980,ORL,Orlando Magic,East,Southeast,Showtime/Bird Era,51,31,0.632,1,8,0,107.2,109.1,89.0,119.7,121.7,-2.0,0.088,0.507,8.9,20000
1980,PHI,Philadelphia 76ers,East,Atlantic,Showtime/Bird Era,50,32,0.613,1,6,0,107.3,103.6,90.1,117.8,113.7,4.1,0.115,0.515,22.2,20000
1980,PHX,Phoenix Suns,West,Pacific,Showtime/Bird Era,22,60,0.279,0,0,0,114.2,115.2,98.0,117.2,115.0,2.2,0.145,0.488,5.0,20000
1980,POR,Portland Trail Blazers,West,Northwest,Showtime/Bird Era,40,42,0.493,0,0,0,120.3,117.8,96.0,125.4,120.9,4.5,0.144,0.516,7.9,17404
1980,SAC,Sacramento Kings,West,Pacific,Showtime/Bird Era,47,35,0.579,1,5,0,111.6,113.7,91.2,119.6,123.8,-4.2,0.139,0.509,12.8,18935
1980,SAS,San Antonio Spurs,West,Southwest,Showtime/Bird Era,47,35,0.584,1,4,0,105.4,103.4,98.7,103.7,102.4,1.3,0.112,0.512,10.5,17681
1980,TOR,Toronto Raptors,East,Atlantic,Showtime/Bird Era,19,63,0.243,0,0,0,108.0,107.7,94.0,114.0,115.5,-1.5,0.095,0.509,5.0,17415
1980,UTA,Utah Jazz,West,Northwest,Showtime/Bird Era,43,39,0.534,1,10,0,110.3,111.6,95.2,116.4,115.6,0.8,0.119,0.521,7.2,20000
1980,WAS,Washington Wizards,East,Southeast,Showtime/Bird Era,37,45,0.46,0,0,0,110.5,109.8,93.9,116.1,117.2,-1.1,0.12,0.554,23.3,19038
1981,ATL,Atlanta Hawks,East,Southeast,Showtime/Bird Era,48,34,0.596,1,9,0,117.0,119.3,96.8,119.3,121.0,-1.7,0.073,0.529,13.4,20000
1981,BOS,Boston Celtics,East,Atlantic,Showtime/Bird Era,42,40,0.522,1,7,0,107.9,105.6,101.2,107.8,103.3,4.5,0.126,0.547,19.6,19912
1981,BKN,Brooklyn Nets,East,Atlantic,Showtime/Bird Era,37,45,0.458,0,0,0,113.1,119.4,94.8,119.4,125.3,-5.9,0.13,0.533,5.3,20000
1981,CHA,Charlotte Hornets,East,Southeast,Showtime/Bird Era,24,58,0.299,0,0,0,112.1,115.4,93.7,121.4,123.3,-1.9,0.057,0.521,16.8,17184
1981,CHI,Chicago Bulls,East,Central,Showtime/Bird Era,34,48,0.427,0,0,0,105.3,105.5,96.1,110.0,108.7,1.3,0.112,0.518,12.8,19596
1981,CLE,Cleveland Cavaliers,East,Central,Showtime/Bird Era,38,44,0.473,0,0,0,100.9,100.2,90.9,111.6,108.7,2.9,0.167,0.503,15.2,20000
1981,DAL,Dallas Mavericks,West,Southwest,Showtime/Bird Era,48,34,0.596,1,6,0,113.4,113.8,91.2,123.9,124.0,-0.1,0.121,0.524,16.9,18129
1981,DEN,Denver Nuggets,West,Northwest,Showtime/Bird Era,52,30,0.634,1,9,0,106.5,102.8,95.5,112.5,109.2,3.3,0.144,0.534,9.5,17427
1981,DET,Detroit Pistons,East,Central,Showtime/Bird Era,36,46,0.44,0,0,0,114.0,117.9,93.8,122.0,125.3,-3.3,0.084,0.513,9.8,20000
1981,GSW,Golden State Warriors,West,Pacific,Showtime/Bird Era,42,40,0.519,1,5,0,117.3,114.5,86.1,134.2,130.8,3.4,0.113,0.531,5.2,20000
1981,HOU,Houston Rockets,West,Southwest,Showtime/Bird Era,51,31,0.623,1,9,0,116.3,111.2,95.8,118.8,114.6,4.2,0.154,0.534,27.1,20000
1981,IND,Indiana Pacers,East,Central,Showtime/Bird Era,42,40,0.517,1,6,0,109.8,112.1,98.5,110.9,115.4,-4.5,0.091,0.497,19.7,16747
1981,LAC,Los Angeles Clippers,West,Pacific,Showtime/Bird Era,37,45,0.462,0,0,0,105.4,103.5,94.1,114.8,111.5,3.3,0.142,0.521,19.5,19834
1981,LAL,Los Angeles Lakers,West,Pacific,Showtime/Bird Era,43,39,0.534,1,4,0,109.8,110.6,97.1,114.9,115.5,-0.6,0.107,0.538,12.7,19018
1981,MEM,Memphis Grizzlies,West,Southwest,Showtime/Bird Era,25,57,0.315,0,0,0,103.6,109.2,94.6,111.8,115.6,-3.8,0.107,0.521,20.0,20000
1981,MIA,Miami Heat,East,Southeast,Showtime/Bird Era,53,29,0.652,1,6,0,119.7,113.2,93.0,127.5,122.4,5.1,0.077,0.528,6.9,19526
1981,MIL,Milwaukee Bucks,East,Central,Showtime/Bird Era,30,52,0.367,0,0,0,112.4,112.1,95.7,116.8,120.7,-3.9,0.088,0.526,6.7,20000
1981,MIN,Minnesota Timberwolves,West,Northwest,Showtime/Bird Era,32,50,0.393,0,0,0,109.6,112.2,92.7,119.7,122.8,-3.1,0.073,0.567,8.2,19851
1981,NOP,New Orleans Pelicans,West,Southwest,Showtime/Bird Era,41,41,0.511,1,7,0,115.9,117.0,97.8,118.2,117.7,0.5,0.151,0.503,23.4,19987
1981,NYK,New York Knicks,East,Atlantic,Showtime/Bird Era,18,64,0.221,0,0,0,115.9,118.4,92.8,126.3,128.9,-2.6,0.087,0.554,5.0,18610
1981,OKC,Oklahoma City Thunder,West,Northwest,Showtime/Bird Era,42,40,0.514,1,9,0,98.9,95.6,98.3,99.4,96.3,3.1,0.068,0.511,27.9,18310
1981,ORL,Orlando Magic,East,Southeast,Showtime/Bird Era,15,67,0.186,0,0,0,108.1,112.8,94.6,115.6,118.6,-3.0,0.101,0.509,5.0,17445
1981,PHI,Philadelphia 76ers,East,Atlantic,Showtime/Bird Era,32,50,0.401,0,0,0,113.2,114.4,94.1,119.8,117.9,1.9,0.082,0.521,20.4,18837
1981,PHX,Phoenix Suns,West,Pacific,Showtime/Bird Era,35,47,0.427,0,0,0,114.1,115.3,96.3,118.6,121.6,-3.0,0.05,0.498,13.5,18661
1981,POR,Portland Trail Blazers,West,Northwest,Showtime/Bird Era,38,44,0.464,0,0,0,106.5,109.7,96.7,111.7,113.8,-2.1,0.097,0.523,15.6,19512
1981,SAC,Sacramento Kings,West,Pacific,Showtime/Bird Era,38,44,0.465,0,0,0,109.3,112.0,92.6,114.9,122.0,-7.1,0.143,0.524,12.9,20000
1981,SAS,San Antonio Spurs,West,Southwest,Showtime/Bird Era,39,43,0.477,0,0,0,114.9,111.0,92.8,124.6,119.9,4.7,0.133,0.514,11.8,19917
1981,TOR,Toronto Raptors,East,Atlantic,Showtime/Bird Era,18,64,0.227,0,0,0,106.1,112.5,88.7,117.6,127.5,-9.9,0.078,0.516,14.9,17143
1981,UTA,Utah Jazz,West,Northwest,Showtime/Bird Era,51,31,0.627,1,11,0,104.3,105.7,98.6,105.1,106.2,-1.1,0.093,0.516,7.4,20000
1981,WAS,Washington Wizards,East,Southeast,Showtime/Bird Era,34,48,0.426,0,0,0,110.3,113.5,93.1,116.4,122.0,-5.6,0.13,0.514,5.3,17864
1982,ATL,Atlanta Hawks,East,Southeast,Showtime/Bird Era,25,57,0.316,0,0,0,104.6,107.5,94.9,110.0,115.2,-5.2,0.188,0.53,18.4,17718
1982,BOS,Boston Celtics,East,Atlantic,Showtime/Bird Era,37,45,0.453,0,0,0,107.4,106.6,93.8,114.5,111.8,2.7,0.16,0.519,5.0,17468
1982,BKN,Brooklyn Nets,East,Atlantic,Showtime/Bird Era,46,36,0.571,1,6,0,100.8,101.8,96.7,102.7,107.8,-5.1,0.094,0.515,21.5,20000
1982,CHA,Charlotte Hornets,East,Southeast,Showtime/Bird Era,40,42,0.5,0,0,0,105.6,101.3,94.3,109.7,108.4,1.3,0.125,0.525,23.1,19459
1982,CHI,Chicago Bulls,East,Central,Showtime/Bird Era,45,37,0.557,1,10,0,109.7,105.5,97.3,112.3,108.5,3.8,0.08,0.53,24.6,20000
1982,CLE,Cleveland Cavaliers,East,Central,Showtime/Bird Era,36,46,0.442,0,0,0,105.9,109.0,94.2,112.5,114.7,-2.2,0.135,0.526,21.6,19807
1982,DAL,Dallas Mavericks,West,Southwest,Showtime/Bird Era,19,63,0.242,0,0,0,105.7,106.3,91.2,116.8,114.4,2.4,0.114,0.523,9.7,17970
1982,DEN,Denver Nuggets,West,Northwest,Showtime/Bird Era,45,37,0.558,1,9,0,108.4,107.9,97.0,112.7,113.5,-0.8,0.142,0.543,5.0,20000
1982,DET,Detroit Pistons,East,Central,Showtime/Bird Era,44,38,0.543,1,9,0,109.2,107.3,95.7,114.9,111.5,3.4,0.128,0.501,17.9,19180
1982,GSW,Golden State Warriors,West,Pacific,Showtime/Bird Era,35,47,0.432,1,9,0,111.8,109.7,89.0,125.6,122.4,3.2,0.136,0.54,9.1,19242
1982,HOU,Houston Rockets,West,Southwest,Showtime/Bird Era,50,32,0.61,1,3,0,113.7,118.3,93.0,122.4,128.0,-5.6,0.111,0.506,15.2,18697
1982,IND,Indiana Pacers,East,Central,Showtime/Bird Era,21,61,0.267,0,0,0,111.2,108.6,93.0,122.4,114.1,8.3,0.061,0.521,5.0,18448
1982,LAC,Los Angeles Clippers,West,Pacific,Showtime/Bird Era,59,23,0.725,1,7,0,110.7,103.5,97.5,112.8,106.8,6.0,0.076,0.507,22.3,20000
1982,LAL,Los Angeles Lakers,West,Pacific,Showtime/Bird Era,41,41,0.502,1,6,0,110.3,111.3,97.0,114.8,114.8,0.0,0.106,0.513,14.8,19600
1982,MEM,Memphis Grizzlies,West,Southwest,Showtime/Bird Era,32,50,0.398,0,0,0,114.8,114.5,91.2,126.9,123.5,3.4,0.093,0.522,15.2,18413
1982,MIA,Miami Heat,East,Southeast,Showtime/Bird Era,54,28,0.664,1,0,0,105.7,100.8,93.7,111.2,107.2,4.0,0.089,0.52,30.9,19948
1982,MIL,Milwaukee Bucks,East,Central,Showtime/Bird Era,38,44,0.467,0,0,0,108.2,109.3,93.5,114.8,117.3,-2.5,0.137,0.507,30.2,17333
1982,MIN,Minnesota Timberwolves,West,Northwest,Showtime/Bird Era,25,57,0.312,0,0,0,113.6,119.0,90.3,127.3,132.8,-5.5,0.132,0.527,14.3,18515
1982,NOP,New Orleans Pelicans,West,Southwest,Showtime/Bird Era,31,51,0.389,0,0,0,100.7,110.0,89.3,114.1,122.0,-7.9,0.107,0.54,12.5,18842
1982,NYK,New York Knicks,East,Atlantic,Showtime/Bird Era,55,27,0.672,1,8,0,107.5,106.2,97.4,110.1,106.7,3.4,0.134,0.518,29.9,20000
1982,OKC,Oklahoma City Thunder,West,Northwest,Showtime/Bird Era,43,39,0.534,1,12,0,110.4,108.2,96.0,114.1,113.0,1.1,0.176,0.52,29.3,20000
1982,ORL,Orlando Magic,East,Southeast,Showtime/Bird Era,46,36,0.573,1,9,0,98.3,100.2,94.3,105.7,104.2,1.5,0.139,0.531,26.6,20000
1982,PHI,Philadelphia 76ers,East,Atlantic,Showtime/Bird Era,47,35,0.584,1,4,0,94.5,91.8,97.4,96.4,92.6,3.8,0.129,0.54,31.4,18450
1982,PHX,Phoenix Suns,West,Pacific,Showtime/Bird Era,44,38,0.546,1,10,0,113.2,109.5,99.9,112.4,111.4,1.0,0.05,0.525,24.9,18420
1982,POR,Portland Trail Blazers,West,Northwest,Showtime/Bird Era,25,57,0.306,0,0,0,97.9,99.2,97.2,100.9,100.3,0.6,0.08,0.518,19.8,19556
1982,SAC,Sacramento Kings,West,Pacific,Showtime/Bird Era,29,53,0.361,0,0,0,101.2,99.9,96.0,104.9,105.0,-0.1,0.132,0.537,10.0,18717
1982,SAS,San Antonio Spurs,West,Southwest,Showtime/Bird Era,47,35,0.575,1,8,0,110.3,109.4,99.5,108.9,110.8,-1.9,0.116,0.531,20.8,18119
1982,TOR,Toronto Raptors,East,Atlantic,Showtime/Bird Era,46,36,0.566,1,9,0,108.1,106.2,91.9,115.0,116.7,-1.7,0.114,0.539,15.6,20000
1982,UTA,Utah Jazz,West,Northwest,Showtime/Bird Era,49,33,0.603,1,9,0,96.9,97.9,96.7,98.9,102.4,-3.5,0.127,0.537,22.3,20000
1982,WAS,Washington Wizards,East,Southeast,Showtime/Bird Era,35,47,0.433,1,5,0,107.7,110.1,97.8,108.0,113.1,-5.1,0.13,0.56,5.0,16300
1983,ATL,Atlanta Hawks,East,Southeast,Showtime/Bird Era,39,43,0.486,0,0,0,108.3,108.1,94.0,115.2,116.5,-1.3,0.161,0.533,13.5,19033
1983,BOS,Boston Celtics,East,Atlantic,Showtime/Bird Era,40,42,0.492,0,0,0,109.0,110.8,96.2,112.4,115.8,-3.4,0.113,0.501,18.1,20000
1983,BKN,Brooklyn Nets,East,Atlantic,Showtime/Bird Era,38,44,0.47,0,0,0,107.5,105.7,95.0,109.5,110.6,-1.1,0.143,0.531,13.5,18971
1983,CHA,Charlotte Hornets,East,Southeast,Showtime/Bird Era,48,34,0.59,1,8,0,104.3,102.5,93.4,110.3,106.3,4.0,0.139,0.542,39.1,20000
1983,CHI,Chicago Bulls,East,Central,Showtime/Bird Era,64,18,0.783,1,6,0,113.3,108.9,84.4,133.5,127.8,5.7,0.127,0.55,50.5,18722
1983,CLE,Cleveland Cavaliers,East,Central,Showtime/Bird Era,28,54,0.343,1,7,0,112.9,113.0,94.5,121.3,121.4,-0.1,0.126,0.541,18.1,19332
1983,DAL,Dallas Mavericks,West,Southwest,Showtime/Bird Era,40,42,0.489,0,0,0,110.0,109.8,95.3,114.5,116.2,-1.7,0.136,0.53,19.3,20000
1983,DEN,Denver Nuggets,West,Northwest,Showtime/Bird Era,44,38,0.545,1,11,0,101.0,100.8,88.3,114.9,113.0,1.9,0.129,0.5,17.0,18218
1983,DET,Detroit Pistons,East,Central,Showtime/Bird Era,32,50,0.391,0,0,0,110.0,111.7,94.9,114.6,114.3,0.3,0.131,0.509,34.5,19625
1983,GSW,Golden State Warriors,West,Pacific,Showtime/Bird Era,34,48,0.417,0,0,0,108.3,111.6,93.2,118.5,120.2,-1.7,0.129,0.534,20.2,20000
1983,HOU,Houston Rockets,West,Southwest,Showtime/Bird Era,36,46,0.441,0,0,0,106.4,110.5,92.7,115.2,114.8,0.4,0.069,0.499,21.2,19129
1983,IND,Indiana Pacers,East,Central,Showtime/Bird Era,48,34,0.592,1,8,0,103.7,105.2,93.5,113.4,115.7,-2.3,0.139,0.519,25.2,18551
1983,LAC,Los Angeles Clippers,West,Pacific,Showtime/Bird Era,44,38,0.545,1,9,0,103.8,102.0,95.6,108.6,107.3,1.3,0.13,0.528,23.7,19241
1983,LAL,Los Angeles Lakers,West,Pacific,Showtime/Bird Era,46,36,0.566,1,13,0,113.2,116.3,91.2,123.4,126.7,-3.3,0.084,0.519,20.1,20000
1983,MEM,Memphis Grizzlies,West,Southwest,Showtime/Bird Era,15,67,0.195,0,0,0,111.0,111.3,91.9,120.0,119.4,0.6,0.101,0.528,5.3,17079
1983,MIA,Miami Heat,East,Southeast,Showtime/Bird Era,44,38,0.539,1,6,0,107.4,101.4,90.4,117.3,110.7,6.6,0.169,0.552,22.8,19198
1983,MIL,Milwaukee Bucks,East,Central,Showtime/Bird Era,37,45,0.457,0,0,0,104.2,102.2,91.9,110.9,111.5,-0.6,0.107,0.52,21.2,20000
1983,MIN,Minnesota Timberwolves,West,Northwest,Showtime/Bird Era,42,40,0.516,1,4,0,106.8,107.9,94.2,113.2,116.5,-3.3,0.155,0.53,22.4,17636
1983,NOP,New Orleans Pelicans,West,Southwest,Showtime/Bird Era,33,49,0.415,0,0,0,113.8,113.5,95.7,118.4,116.7,1.7,0.126,0.5,19.6,17602
1983,NYK,New York Knicks,East,Atlantic,Showtime/Bird Era,34,48,0.421,0,0,0,104.2,104.4,91.2,114.0,115.6,-1.6,0.099,0.545,48.3,16550
1983,OKC,Oklahoma City Thunder,West,Northwest,Showtime/Bird Era,32,50,0.395,0,0,0,111.5,110.5,98.8,110.4,112.5,-2.1,0.146,0.507,27.8,18223
1983,ORL,Orlando Magic,East,Southeast,Showtime/Bird Era,37,45,0.455,0,0,0,102.8,102.1,93.0,110.9,110.1,0.8,0.096,0.514,18.9,20000
1983,PHI,Philadelphia 76ers,East,Atlantic,Showtime/Bird Era,43,39,0.531,1,5,0,112.8,109.9,100.3,113.8,113.1,0.7,0.118,0.535,32.0,19154
1983,PHX,Phoenix Suns,West,Pacific,Showtime/Bird Era,44,38,0.543,1,11,0,115.8,113.9,94.2,124.3,121.1,3.2,0.082,0.48,19.0,20000
1983,POR,Portland Trail Blazers,West,Northwest,Showtime/Bird Era,45,37,0.554,1,7,0,101.9,103.4,95.7,106.8,109.2,-2.4,0.122,0.538,24.9,17919
1983,SAC,Sacramento Kings,West,Pacific,Showtime/Bird Era,45,37,0.556,1,9,0,108.8,109.2,98.5,112.9,110.0,2.9,0.119,0.534,19.4,18198
1983,SAS,San Antonio Spurs,West,Southwest,Showtime/Bird Era,36,46,0.451,0,0,0,115.0,107.7,99.8,116.0,104.8,11.2,0.117,0.535,30.2,20000
1983,TOR,Toronto Raptors,East,Atlantic,Showtime/Bird Era,42,40,0.516,1,9,0,105.6,101.8,91.4,115.4,112.2,3.2,0.096,0.511,18.3,18220
1983,UTA,Utah Jazz,West,Northwest,Showtime/Bird Era,39,43,0.485,0,0,0,108.7,108.8,93.5,115.3,116.3,-1.0,0.159,0.522,22.3,19047
1983,WAS,Washington Wizards,East,Southeast,Showtime/Bird Era,37,45,0.457,0,0,0,103.8,105.1,97.9,105.6,107.6,-2.0,0.151,0.565,21.3,20000
1984,ATL,Atlanta Hawks,East,Southeast,Showtime/Bird Era,44,38,0.54,1,11,0,97.7,98.3,96.7,100.5,101.8,-1.3,0.11,0.537,42.1,20000
1984,BOS,Boston Celtics,East,Atlantic,Showtime/Bird Era,32,50,0.4,1,5,0,115.8,114.1,100.0,117.0,113.5,3.5,0.117,0.519,14.4,20000
1984,BKN,Brooklyn Nets,East,Atlantic,Showtime/Bird Era,28,54,0.345,0,0,0,111.7,112.7,93.0,120.5,121.4,-0.9,0.159,0.542,43.8,18832
1984,CHA,Charlotte Hornets,East,Southeast,Showtime/Bird Era,50,32,0.618,1,10,0,118.7,115.8,90.7,130.8,129.2,1.6,0.132,0.533,7.9,17858
1984,CHI,Chicago Bulls,East,Central,Showtime/Bird Era,58,24,0.713,1,11,0,108.6,102.0,91.9,120.9,111.0,9.9,0.153,0.531,20.7,20000
1984,CLE,Cleveland Cavaliers,East,Central,Showtime/Bird Era,17,65,0.208,0,0,0,119.1,121.3,87.0,139.0,139.3,-0.3,0.108,0.53,15.0,20000
1984,DAL,Dallas Mavericks,West,Southwest,Showtime/Bird Era,32,50,0.395,0,0,0,106.9,108.5,95.3,111.3,112.3,-1.0,0.179,0.516,36.9,17223
1984,DEN,Denver Nuggets,West,Northwest,Showtime/Bird Era,11,71,0.137,0,0,0,113.8,118.4,99.1,114.8,118.2,-3.4,0.07,0.554,13.6,20000
1984,DET,Detroit Pistons,East,Central,Showtime/Bird Era,60,22,0.739,1,13,0,103.3,101.0,95.6,106.4,106.5,-0.1,0.092,0.537,23.4,19618
1984,GSW,Golden State Warriors,West,Pacific,Showtime/Bird Era,43,39,0.525,1,7,0,99.7,96.1,97.1,104.2,100.4,3.8,0.16,0.523,40.6,19625
1984,HOU,Houston Rockets,West,Southwest,Showtime/Bird Era,44,38,0.539,1,6,0,108.9,107.1,93.3,117.4,115.9,1.5,0.188,0.522,30.6,18955
1984,IND,Indiana Pacers,East,Central,Showtime/Bird Era,33,49,0.413,0,0,0,115.2,112.1,95.6,121.8,118.1,3.7,0.117,0.529,34.3,19057
1984,LAC,Los Angeles Clippers,West,Pacific,Showtime/Bird Era,45,37,0.55,1,9,0,107.5,107.7,94.1,113.8,115.6,-1.8,0.128,0.515,28.7,17788
1984,LAL,Los Angeles Lakers,West,Pacific,Showtime/Bird Era,41,41,0.509,1,8,0,106.3,104.0,91.2,117.8,115.1,2.7,0.179,0.515,36.1,18983
1984,MEM,Memphis Grizzlies,West,Southwest,Showtime/Bird Era,39,43,0.479,0,0,0,105.8,105.8,93.0,114.1,112.4,1.7,0.097,0.518,31.6,20000
1984,MIA,Miami Heat,East,Southeast,Showtime/Bird Era,30,52,0.37,0,0,0,110.9,114.5,93.2,117.2,123.0,-5.8,0.172,0.55,26.6,17060
1984,MIL,Milwaukee Bucks,East,Central,Showtime/Bird Era,38,44,0.465,0,0,0,112.1,114.6,92.1,122.3,122.7,-0.4,0.145,0.503,33.9,20000
1984,MIN,Minnesota Timberwolves,West,Northwest,Showtime/Bird Era,33,49,0.406,0,0,0,109.1,112.0,95.2,116.6,119.9,-3.3,0.164,0.509,44.6,20000
1984,NOP,New Orleans Pelicans,West,Southwest,Showtime/Bird Era,30,52,0.373,1,4,0,102.4,110.5,97.2,107.1,114.3,-7.2,0.122,0.532,19.0,19463
1984,NYK,New York Knicks,East,Atlantic,Showtime/Bird Era,46,36,0.57,1,3,0,108.6,103.1,90.9,120.8,111.7,9.1,0.127,0.547,28.2,20000
1984,OKC,Oklahoma City Thunder,West,Northwest,Showtime/Bird Era,54,28,0.661,1,5,0,103.7,106.5,96.1,109.6,112.5,-2.9,0.155,0.513,25.6,20000
1984,ORL,Orlando Magic,East,Southeast,Showtime/Bird Era,37,45,0.46,0,0,0,101.9,103.2,97.7,105.2,106.3,-1.1,0.197,0.545,14.0,19394
1984,PHI,Philadelphia 76ers,East,Atlantic,Showtime/Bird Era,43,39,0.528,1,10,0,110.2,113.0,83.7,129.1,135.1,-6.0,0.094,0.54,21.7,20000
1984,PHX,Phoenix Suns,West,Pacific,Showtime/Bird Era,46,36,0.572,1,6,0,112.0,114.7,100.5,111.8,114.0,-2.2,0.136,0.51,15.8,19959
1984,POR,Portland Trail Blazers,West,Northwest,Showtime/Bird Era,24,58,0.299,0,0,0,111.9,116.3,94.8,119.7,123.0,-3.3,0.112,0.509,28.8,19562
1984,SAC,Sacramento Kings,West,Pacific,Showtime/Bird Era,48,34,0.592,1,7,0,105.9,102.5,93.5,112.4,110.1,2.3,0.153,0.554,28.6,19339
1984,SAS,San Antonio Spurs,West,Southwest,Showtime/Bird Era,42,40,0.513,1,5,0,101.5,100.5,94.3,107.9,105.9,2.0,0.136,0.533,23.5,20000
1984,TOR,Toronto Raptors,East,Atlantic,Showtime/Bird Era,30,52,0.368,0,0,0,113.0,109.7,92.4,123.2,121.9,1.3,0.142,0.529,25.4,20000
1984,UTA,Utah Jazz,West,Northwest,Showtime/Bird Era,39,43,0.481,0,0,0,109.9,104.7,91.9,116.2,115.5,0.7,0.162,0.528,32.4,18272
1984,WAS,Washington Wizards,East,Southeast,Showtime/Bird Era,41,41,0.502,1,8,0,107.8,110.6,94.6,114.0,119.1,-5.1,0.091,0.537,17.2,16952
1985,ATL,Atlanta Hawks,East,Southeast,Showtime/Bird Era,31,51,0.389,0,0,0,107.4,105.0,91.5,115.6,112.6,3.0,0.101,0.526,29.0,16699
1985,BOS,Boston Celtics,East,Atlantic,Showtime/Bird Era,43,39,0.535,1,7,0,98.6,94.6,95.7,100.6,99.9,0.7,0.086,0.541,23.5,17218
1985,BKN,Brooklyn Nets,East,Atlantic,Showtime/Bird Era,38,44,0.468,0,0,0,103.4,104.4,100.3,101.0,103.6,-2.6,0.11,0.538,17.0,19591
1985,CHA,Charlotte Hornets,East,Southeast,Showtime/Bird Era,34,48,0.415,0,0,0,106.2,105.8,97.2,109.1,106.4,2.7,0.11,0.502,40.5,18704
1985,CHI,Chicago Bulls,East,Central,Showtime/Bird Era,42,40,0.514,1,9,0,118.0,123.3,95.2,121.7,128.9,-7.2,0.138,0.532,19.3,20000
1985,CLE,Cleveland Cavaliers,East,Central,Showtime/Bird Era,44,38,0.544,1,5,0,105.8,109.1,89.4,117.4,124.2,-6.8,0.142,0.515,26.1,20000
1985,DAL,Dallas Mavericks,West,Southwest,Showtime/Bird Era,40,42,0.492,1,11,0,112.1,112.9,92.6,120.8,121.1,-0.3,0.159,0.524,34.3,17532
1985,DEN,Denver Nuggets,West,Northwest,Showtime/Bird Era,40,42,0.489,0,0,0,109.1,105.8,90.2,123.2,117.3,5.9,0.18,0.518,30.8,20000
1985,DET,Detroit Pistons,East,Central,Showtime/Bird Era,37,45,0.455,0,0,0,102.8,107.1,94.2,112.4,115.6,-3.2,0.153,0.547,31.9,17659
1985,GSW,Golden State Warriors,West,Pacific,Showtime/Bird Era,53,29,0.654,1,8,0,119.2,118.7,91.6,129.8,131.3,-1.5,0.15,0.538,40.0,19276
1985,HOU,Houston Rockets,West,Southwest,Showtime/Bird Era,24,58,0.299,0,0,0,105.1,111.9,88.0,120.1,125.3,-5.2,0.12,0.536,24.7,18941
1985,IND,Indiana Pacers,East,Central,Showtime/Bird Era,36,46,0.441,0,0,0,105.4,102.4,95.8,110.2,104.0,6.2,0.1,0.516,27.0,18369
1985,LAC,Los Angeles Clippers,West,Pacific,Showtime/Bird Era,44,38,0.543,1,4,0,115.3,119.1,96.7,116.7,123.0,-6.3,0.121,0.546,28.9,19510
1985,LAL,Los Angeles Lakers,West,Pacific,Showtime/Bird Era,45,37,0.554,1,6,0,103.7,104.3,90.5,112.6,115.0,-2.4,0.161,0.518,36.1,19200
1985,MEM,Memphis Grizzlies,West,Southwest,Showtime/Bird Era,27,55,0.332,0,0,0,117.8,114.7,101.0,116.7,112.7,4.0,0.198,0.52,21.6,18796
1985,MIA,Miami Heat,East,Southeast,Showtime/Bird Era,37,45,0.46,0,0,0,111.2,116.0,94.8,118.4,119.6,-1.2,0.154,0.52,24.5,19331
1985,MIL,Milwaukee Bucks,East,Central,Showtime/Bird Era,29,53,0.36,0,0,0,111.1,113.5,92.0,120.8,125.1,-4.3,0.158,0.513,35.0,19602
1985,MIN,Minnesota Timberwolves,West,Northwest,Showtime/Bird Era,37,45,0.455,0,0,0,110.0,111.6,96.5,113.8,116.2,-2.4,0.166,0.55,27.7,20000
1985,NOP,New Orleans Pelicans,West,Southwest,Showtime/Bird Era,28,54,0.345,0,0,0,102.1,99.7,98.8,103.9,101.4,2.5,0.16,0.54,20.9,18624
1985,NYK,New York Knicks,East,Atlantic,Showtime/Bird Era,35,47,0.433,0,0,0,111.9,110.3,89.3,125.2,124.8,0.4,0.171,0.536,27.3,20000
1985,OKC,Oklahoma City Thunder,West,Northwest,Showtime/Bird Era,39,43,0.479,0,0,0,116.7,115.3,101.1,114.8,115.3,-0.5,0.135,0.533,19.4,20000
1985,ORL,Orlando Magic,East,Southeast,Showtime/Bird Era,39,43,0.483,0,0,0,106.4,107.2,100.0,105.7,110.0,-4.3,0.156,0.542,44.3,20000
1985,PHI,Philadelphia 76ers,East,Atlantic,Showtime/Bird Era,42,40,0.517,1,10,0,102.3,106.0,96.3,107.2,110.5,-3.3,0.115,0.546,31.9,20000
1985,PHX,Phoenix Suns,West,Pacific,Showtime/Bird Era,53,29,0.654,1,4,0,106.6,101.7,96.4,110.0,108.5,1.5,0.137,0.528,18.9,20000
1985,POR,Portland Trail Blazers,West,Northwest,Showtime/Bird Era,45,37,0.557,1,6,0,107.4,110.2,97.6,108.6,112.9,-4.3,0.137,0.518,16.8,17671
1985,SAC,Sacramento Kings,West,Pacific,Showtime/Bird Era,40,42,0.491,0,0,0,111.7,109.1,94.1,118.9,118.1,0.8,0.173,0.525,37.6,20000
1985,SAS,San Antonio Spurs,West,Southwest,Showtime/Bird Era,37,45,0.458,0,0,0,111.8,111.6,95.6,115.0,113.1,1.9,0.185,0.527,29.8,17420
1985,TOR,Toronto Raptors,East,Atlantic,Showtime/Bird Era,52,30,0.642,1,12,0,109.3,110.8,91.1,120.9,120.7,0.2,0.153,0.538,25.2,20000
1985,UTA,Utah Jazz,West,Northwest,Showtime/Bird Era,28,54,0.342,0,0,0,107.6,107.8,98.1,109.7,112.3,-2.6,0.145,0.541,31.0,19521
1985,WAS,Washington Wizards,East,Southeast,Showtime/Bird Era,11,71,0.146,0,0,0,117.6,121.2,96.5,119.7,126.6,-6.9,0.178,0.493,21.0,19755
1986,ATL,Atlanta Hawks,East,Southeast,Showtime/Bird Era,30,52,0.368,0,0,0,100.7,103.7,91.5,109.1,114.8,-5.7,0.184,0.52,23.3,20000
1986,BOS,Boston Celtics,East,Atlantic,Showtime/Bird Era,39,43,0.48,0,0,0,102.6,104.3,98.5,104.2,106.4,-2.2,0.1,0.533,44.6,20000
1986,BKN,Brooklyn Nets,East,Atlantic,Showtime/Bird Era,48,34,0.597,1,7,0,104.5,101.6,95.2,110.0,107.4,2.6,0.122,0.541,49.5,20000
1986,CHA,Charlotte Hornets,East,Southeast,Showtime/Bird Era,30,52,0.375,1,6,0,110.9,115.8,96.6,116.0,119.4,-3.4,0.09,0.555,37.2,16028
1986,CHI,Chicago Bulls,East,Central,Showtime/Bird Era,41,41,0.508,1,13,0,102.6,103.8,94.9,108.4,105.7,2.7,0.14,0.521,31.2,20000
1986,CLE,Cleveland Cavaliers,East,Central,Showtime/Bird Era,28,54,0.351,0,0,0,115.5,119.9,94.2,123.8,126.1,-2.3,0.14,0.541,20.6,20000
1986,DAL,Dallas Mavericks,West,Southwest,Showtime/Bird Era,37,45,0.461,0,0,0,103.0,104.8,97.2,105.1,108.2,-3.1,0.195,0.547,31.9,18873
1986,DEN,Denver Nuggets,West,Northwest,Showtime/Bird Era,43,39,0.536,1,4,0,103.8,99.4,96.1,108.1,103.7,4.4,0.171,0.529,28.9,18965
1986,DET,Detroit Pistons,East,Central,Showtime/Bird Era,22,60,0.272,0,0,0,109.8,106.7,95.9,115.2,108.0,7.2,0.195,0.52,28.6,17903
1986,GSW,Golden State Warriors,West,Pacific,Showtime/Bird Era,47,35,0.585,1,9,0,103.7,107.6,94.0,110.0,115.8,-5.8,0.164,0.537,37.5,20000
1986,HOU,Houston Rockets,West,Southwest,Showtime/Bird Era,34,48,0.423,0,0,0,106.1,100.9,93.3,111.1,109.6,1.5,0.133,0.536,23.0,18365
1986,IND,Indiana Pacers,East,Central,Showtime/Bird Era,33,49,0.414,0,0,0,102.1,103.9,91.6,109.2,113.4,-4.2,0.131,0.528,30.7,17007
1986,LAC,Los Angeles Clippers,West,Pacific,Showtime/Bird Era,43,39,0.533,1,4,0,110.1,112.8,97.2,115.6,116.9,-1.3,0.149,0.519,39.4,20000
1986,LAL,Los Angeles Lakers,West,Pacific,Showtime/Bird Era,41,41,0.505,1,11,0,114.0,113.4,96.4,117.1,115.4,1.7,0.115,0.527,15.3,20000
1986,MEM,Memphis Grizzlies,West,Southwest,Showtime/Bird Era,36,46,0.444,0,0,0,110.7,112.0,98.1,113.8,114.4,-0.6,0.128,0.542,37.2,20000
1986,MIA,Miami Heat,East,Southeast,Showtime/Bird Era,54,28,0.666,1,8,0,100.1,100.3,97.9,102.3,103.3,-1.0,0.152,0.503,33.1,18918
1986,MIL,Milwaukee Bucks,East,Central,Showtime/Bird Era,52,30,0.64,1,13,0,109.4,108.9,95.4,117.4,114.8,2.6,0.112,0.541,37.8,20000
1986,MIN,Minnesota Timberwolves,West,Northwest,Showtime/Bird Era,37,45,0.455,0,0,0,109.2,112.9,96.4,112.9,118.2,-5.3,0.199,0.518,26.5,19275
1986,NOP,New Orleans Pelicans,West,Southwest,Showtime/Bird Era,43,39,0.525,1,3,0,109.6,103.8,95.0,111.6,110.4,1.2,0.159,0.524,37.5,19366
1986,NYK,New York Knicks,East,Atlantic,Showtime/Bird Era,40,42,0.497,0,0,0,105.5,109.6,92.1,112.6,118.7,-6.1,0.147,0.499,38.5,18352
1986,OKC,Oklahoma City Thunder,West,Northwest,Showtime/Bird Era,42,40,0.514,1,6,0,115.1,115.1,96.3,118.4,118.5,-0.1,0.155,0.536,25.8,18084
1986,ORL,Orlando Magic,East,Southeast,Showtime/Bird Era,56,26,0.691,1,4,0,101.3,96.0,93.8,108.3,103.8,4.5,0.115,0.505,32.8,20000
1986,PHI,Philadelphia 76ers,East,Atlantic,Showtime/Bird Era,22,60,0.273,0,0,0,108.9,116.7,96.3,113.9,120.2,-6.3,0.143,0.543,23.2,17627
1986,PHX,Phoenix Suns,West,Pacific,Showtime/Bird Era,42,40,0.521,1,9,0,111.8,108.6,98.6,111.7,110.2,1.5,0.162,0.519,45.6,19071
1986,POR,Portland Trail Blazers,West,Northwest,Showtime/Bird Era,36,46,0.444,0,0,0,109.6,113.9,101.2,105.8,113.8,-8.0,0.118,0.538,23.5,17193
1986,SAC,Sacramento Kings,West,Pacific,Showtime/Bird Era,51,31,0.63,1,10,0,111.3,111.1,95.3,117.5,117.8,-0.3,0.145,0.518,40.3,18933
1986,SAS,San Antonio Spurs,West,Southwest,Showtime/Bird Era,50,32,0.617,1,3,0,105.4,102.2,94.3,112.7,107.7,5.0,0.128,0.524,38.2,20000
1986,TOR,Toronto Raptors,East,Atlantic,Showtime/Bird Era,30,52,0.37,0,0,0,113.2,109.6,92.1,125.2,116.2,9.0,0.133,0.53,27.7,19769
1986,UTA,Utah Jazz,West,Northwest,Showtime/Bird Era,26,56,0.326,0,0,0,115.3,118.5,93.1,123.4,124.3,-0.9,0.152,0.534,32.9,17946
1986,WAS,Washington Wizards,East,Southeast,Showtime/Bird Era,48,34,0.59,1,7,0,115.8,118.9,98.7,117.5,120.3,-2.8,0.176,0.518,36.9,19052
1987,ATL,Atlanta Hawks,East,Southeast,Showtime/Bird Era,27,55,0.337,0,0,0,119.8,120.0,94.4,124.8,126.4,-1.6,0.135,0.548,20.4,20000
1987,BOS,Boston Celtics,East,Atlantic,Showtime/Bird Era,54,28,0.667,1,8,0,102.6,101.8,92.2,111.6,110.0,1.6,0.159,0.519,35.2,20000
1987,BKN,Brooklyn Nets,East,Atlantic,Showtime/Bird Era,29,53,0.36,1,7,0,105.7,105.6,91.0,116.8,117.2,-0.4,0.152,0.531,35.3,17379
1987,CHA,Charlotte Hornets,East,Southeast,Showtime/Bird Era,54,28,0.665,1,9,0,108.6,109.6,96.2,112.8,114.0,-1.2,0.222,0.523,51.2,20000
1987,CHI,Chicago Bulls,East,Central,Showtime/Bird Era,62,20,0.76,1,10,0,115.4,118.7,95.2,123.5,126.3,-2.8,0.139,0.549,54.7,20000
1987,CLE,Cleveland Cavaliers,East,Central,Showtime/Bird Era,35,47,0.434,0,0,0,107.7,107.0,94.4,113.8,114.5,-0.7,0.174,0.526,29.9,19476
1987,DAL,Dallas Mavericks,West,Southwest,Showtime/Bird Era,29,53,0.354,0,0,0,109.1,109.3,94.9,114.9,115.5,-0.6,0.194,0.516,33.8,18685
1987,DEN,Denver Nuggets,West,Northwest,Showtime/Bird Era,54,28,0.663,1,10,0,105.2,107.0,94.1,112.4,115.1,-2.7,0.105,0.522,37.6,20000
1987,DET,Detroit Pistons,East,Central,Showtime/Bird Era,31,51,0.381,1,9,0,104.5,107.0,92.3,112.7,119.2,-6.5,0.137,0.56,35.1,18450
1987,GSW,Golden State Warriors,West,Pacific,Showtime/Bird Era,28,54,0.345,0,0,0,97.2,95.5,93.4,105.3,104.1,1.2,0.147,0.528,32.5,19680
1987,HOU,Houston Rockets,West,Southwest,Showtime/Bird Era,48,34,0.598,1,4,0,113.9,109.7,97.9,115.8,112.6,3.2,0.192,0.541,38.9,20000
1987,IND,Indiana Pacers,East,Central,Showtime/Bird Era,35,47,0.434,1,7,0,106.1,103.7,94.6,113.0,109.8,3.2,0.17,0.544,37.3,19443
1987,LAC,Los Angeles Clippers,West,Pacific,Showtime/Bird Era,42,40,0.519,1,5,0,115.0,113.3,91.7,126.0,123.5,2.5,0.158,0.529,49.8,20000
1987,LAL,Los Angeles Lakers,West,Pacific,Showtime/Bird Era,49,33,0.599,1,8,0,100.5,96.8,97.1,103.7,100.4,3.3,0.14,0.511,35.5,18229
1987,MEM,Memphis Grizzlies,West,Southwest,Showtime/Bird Era,28,54,0.351,0,0,0,110.6,108.9,90.7,121.8,119.2,2.6,0.101,0.526,33.7,18435
1987,MIA,Miami Heat,East,Southeast,Showtime/Bird Era,50,32,0.615,1,6,0,104.0,103.1,97.6,105.4,105.0,0.4,0.179,0.544,46.6,19196
1987,MIL,Milwaukee Bucks,East,Central,Showtime/Bird Era,43,39,0.53,1,10,0,108.0,104.2,99.1,108.8,107.2,1.6,0.156,0.532,48.5,19182
1987,MIN,Minnesota Timberwolves,West,Northwest,Showtime/Bird Era,41,41,0.503,1,6,0,108.7,108.2,93.3,116.9,117.0,-0.1,0.196,0.554,47.5,17874
1987,NOP,New Orleans Pelicans,West,Southwest,Showtime/Bird Era,55,27,0.672,1,6,0,105.8,103.2,94.4,113.9,108.4,5.5,0.172,0.53,42.6,20000
1987,NYK,New York Knicks,East,Atlantic,Showtime/Bird Era,33,49,0.414,0,0,0,106.7,110.6,90.6,120.4,120.8,-0.4,0.15,0.539,33.8,19543
1987,OKC,Oklahoma City Thunder,West,Northwest,Showtime/Bird Era,42,40,0.516,1,5,0,112.6,114.8,90.8,120.5,128.1,-7.6,0.147,0.55,34.6,20000
1987,ORL,Orlando Magic,East,Southeast,Showtime/Bird Era,36,46,0.451,0,0,0,104.2,105.4,94.6,110.5,111.9,-1.4,0.18,0.545,33.7,18372
1987,PHI,Philadelphia 76ers,East,Atlantic,Showtime/Bird Era,45,37,0.552,1,6,0,108.3,103.1,94.9,111.3,108.9,2.4,0.152,0.521,45.3,19709
1987,PHX,Phoenix Suns,West,Pacific,Showtime/Bird Era,47,35,0.578,1,7,0,108.4,106.9,91.6,117.5,117.5,0.0,0.126,0.549,45.5,19186
1987,POR,Portland Trail Blazers,West,Northwest,Showtime/Bird Era,45,37,0.56,1,10,0,100.3,102.6,94.8,106.5,108.7,-2.2,0.171,0.533,44.6,20000
1987,SAC,Sacramento Kings,West,Pacific,Showtime/Bird Era,58,24,0.71,1,14,0,109.5,106.1,96.0,113.4,110.9,2.5,0.164,0.538,37.7,18947
1987,SAS,San Antonio Spurs,West,Southwest,Showtime/Bird Era,32,50,0.399,0,0,0,99.8,96.2,101.0,97.0,95.5,1.5,0.143,0.546,37.4,17954
1987,TOR,Toronto Raptors,East,Atlantic,Showtime/Bird Era,41,41,0.511,1,7,0,114.7,114.8,95.5,120.8,119.7,1.1,0.193,0.51,42.5,20000
1987,UTA,Utah Jazz,West,Northwest,Showtime/Bird Era,26,56,0.324,0,0,0,103.5,105.5,88.1,116.1,117.1,-1.0,0.188,0.528,25.0,20000
1987,WAS,Washington Wizards,East,Southeast,Showtime/Bird Era,36,46,0.444,1,5,0,111.2,110.5,89.2,125.4,126.5,-1.1,0.207,0.523,27.3,18868
1988,ATL,Atlanta Hawks,East,Southeast,Showtime/Bird Era,28,54,0.342,1,2,0,109.7,115.2,95.5,113.9,121.1,-7.2,0.191,0.522,36.6,20000
1988,BOS,Boston Celtics,East,Atlantic,Showtime/Bird Era,44,38,0.547,1,9,0,105.3,107.8,97.0,106.8,108.8,-2.0,0.11,0.51,29.3,20000
1988,BKN,Brooklyn Nets,East,Atlantic,Showtime/Bird Era,28,54,0.349,0,0,0,110.4,107.5,96.0,117.4,112.2,5.2,0.173,0.509,45.9,19561
1988,CHA,Charlotte Hornets,East,Southeast,Showtime/Bird Era,38,44,0.465,0,0,0,115.6,120.6,94.4,121.7,130.4,-8.7,0.14,0.556,40.7,20000
1988,CHI,Chicago Bulls,East,Central,Showtime/Bird Era,30,52,0.37,0,0,0,111.0,113.7,98.0,112.6,117.9,-5.3,0.149,0.523,33.6,20000
1988,CLE,Cleveland Cavaliers,East,Central,Showtime/Bird Era,40,42,0.494,0,0,0,101.9,105.1,91.0,112.5,111.7,0.8,0.137,0.519,32.3,19136
1988,DAL,Dallas Mavericks,West,Southwest,Showtime/Bird Era,41,41,0.509,1,8,0,106.9,105.0,99.3,106.3,107.5,-1.2,0.134,0.536,44.1,19764
1988,DEN,Denver Nuggets,West,Northwest,Showtime/Bird Era,23,59,0.283,0,0,0,115.6,118.4,96.8,120.1,124.8,-4.7,0.171,0.526,39.7,17961
1988,DET,Detroit Pistons,East,Central,Showtime/Bird Era,31,51,0.389,0,0,0,111.2,114.1,94.7,115.8,120.1,-4.3,0.151,0.531,27.8,20000
1988,GSW,Golden State Warriors,West,Pacific,Showtime/Bird Era,40,42,0.489,0,0,0,104.3,102.9,94.2,112.0,105.9,6.1,0.187,0.548,39.1,17816
1988,HOU,Houston Rockets,West,Southwest,Showtime/Bird Era,50,32,0.619,1,5,0,104.8,102.4,99.3,104.4,101.7,2.7,0.173,0.544,35.5,20000
1988,IND,Indiana Pacers,East,Central,Showtime/Bird Era,26,56,0.32,0,0,0,109.1,106.4,97.7,112.6,107.6,5.0,0.15,0.528,34.6,17946
1988,LAC,Los Angeles Clippers,West,Pacific,Showtime/Bird Era,36,46,0.441,1,10,0,105.9,107.6,92.5,115.8,116.8,-1.0,0.163,0.521,38.2,20000
1988,LAL,Los Angeles Lakers,West,Pacific,Showtime/Bird Era,47,35,0.575,1,10,0,117.5,115.2,96.5,124.5,120.0,4.5,0.16,0.519,51.3,20000
1988,MEM,Memphis Grizzlies,West,Southwest,Showtime/Bird Era,16,66,0.207,0,0,0,113.6,120.6,95.0,120.8,127.0,-6.2,0.132,0.505,29.2,20000
1988,MIA,Miami Heat,East,Southeast,Showtime/Bird Era,43,39,0.536,1,5,0,109.1,110.5,94.2,115.6,115.7,-0.1,0.199,0.529,37.5,20000
1988,MIL,Milwaukee Bucks,East,Central,Showtime/Bird Era,50,32,0.61,1,5,0,108.8,107.3,93.0,115.9,115.6,0.3,0.172,0.547,41.7,20000
1988,MIN,Minnesota Timberwolves,West,Northwest,Showtime/Bird Era,47,35,0.58,1,7,0,106.3,110.2,96.4,111.6,113.8,-2.2,0.221,0.561,40.6,20000
1988,NOP,New Orleans Pelicans,West,Southwest,Showtime/Bird Era,38,44,0.464,0,0,0,103.7,99.8,92.3,114.4,107.0,7.4,0.143,0.525,33.8,18667
1988,NYK,New York Knicks,East,Atlantic,Showtime/Bird Era,42,40,0.516,1,10,0,109.3,105.0,95.2,116.1,111.3,4.8,0.188,0.54,35.2,17720
1988,OKC,Oklahoma City Thunder,West,Northwest,Showtime/Bird Era,23,59,0.291,0,0,0,106.2,104.2,93.4,113.1,112.7,0.4,0.152,0.523,31.1,18171
1988,ORL,Orlando Magic,East,Southeast,Showtime/Bird Era,19,63,0.239,0,0,0,106.6,109.9,97.4,109.9,112.3,-2.4,0.172,0.533,26.0,19546
1988,PHI,Philadelphia 76ers,East,Atlantic,Showtime/Bird Era,26,56,0.325,0,0,0,116.5,117.1,95.8,120.0,122.7,-2.7,0.173,0.535,44.3,17006
1988,PHX,Phoenix Suns,West,Pacific,Showtime/Bird Era,34,48,0.423,0,0,0,104.2,103.5,92.8,112.2,111.7,0.5,0.182,0.545,36.8,18769
1988,POR,Portland Trail Blazers,West,Northwest,Showtime/Bird Era,40,42,0.496,1,14,0,105.5,106.4,95.4,109.0,108.3,0.7,0.159,0.518,33.9,17846
1988,SAC,Sacramento Kings,West,Pacific,Showtime/Bird Era,41,41,0.504,1,7,0,112.9,108.5,93.5,120.6,115.9,4.7,0.156,0.522,30.6,19037
1988,SAS,San Antonio Spurs,West,Southwest,Showtime/Bird Era,53,29,0.653,1,13,0,110.6,110.7,96.8,112.9,114.1,-1.2,0.197,0.536,45.8,20000
1988,TOR,Toronto Raptors,East,Atlantic,Showtime/Bird Era,22,60,0.276,0,0,0,99.4,105.2,91.2,110.2,115.9,-5.7,0.157,0.54,25.5,20000
1988,UTA,Utah Jazz,West,Northwest,Showtime/Bird Era,54,28,0.664,1,3,0,104.0,99.4,94.7,111.3,104.0,7.3,0.189,0.523,49.1,20000
1988,WAS,Washington Wizards,East,Southeast,Showtime/Bird Era,43,39,0.531,1,9,0,111.9,106.1,99.4,111.8,109.2,2.6,0.216,0.514,39.6,19686
1989,ATL,Atlanta Hawks,East,Southeast,Showtime/Bird Era,23,59,0.287,0,0,0,105.1,108.5,98.4,104.4,109.0,-4.6,0.186,0.516,28.4,17973
1989,BOS,Boston Celtics,East,Atlantic,Showtime/Bird Era,41,41,0.506,1,6,0,115.4,116.9,95.1,122.8,121.1,1.7,0.173,0.516,41.5,19628
1989,BKN,Brooklyn Nets,East,Atlantic,Showtime/Bird Era,19,63,0.233,0,0,0,108.5,112.9,94.5,114.4,118.2,-3.8,0.171,0.549,37.1,17844
1989,CHA,Charlotte Hornets,East,Southeast,Showtime/Bird Era,41,41,0.507,1,8,0,103.8,106.2,95.6,109.8,108.5,1.3,0.126,0.552,33.4,18886
1989,CHI,Chicago Bulls,East,Central,Showtime/Bird Era,31,51,0.38,1,7,0,105.4,108.2,92.1,114.5,115.7,-1.2,0.157,0.536,33.2,20000
1989,CLE,Cleveland Cavaliers,East,Central,Showtime/Bird Era,34,48,0.418,0,0,0,112.2,107.9,98.7,113.9,107.2,6.7,0.123,0.53,42.1,20000
1989,DAL,Dallas Mavericks,West,Southwest,Showtime/Bird Era,51,31,0.629,1,5,0,112.3,104.9,95.6,117.2,107.7,9.5,0.158,0.536,41.2,20000
1989,DEN,Denver Nuggets,West,Northwest,Showtime/Bird Era,45,37,0.559,1,10,0,107.4,110.0,96.6,106.8,116.6,-9.8,0.23,0.491,32.5,18673
1989,DET,Detroit Pistons,East,Central,Showtime/Bird Era,43,39,0.529,1,8,0,115.9,114.0,98.9,113.3,118.4,-5.1,0.175,0.531,43.0,18206
1989,GSW,Golden State Warriors,West,Pacific,Showtime/Bird Era,45,37,0.557,1,7,0,119.0,117.2,96.5,122.7,122.9,-0.2,0.162,0.501,36.7,18741
1989,HOU,Houston Rockets,West,Southwest,Showtime/Bird Era,32,50,0.393,0,0,0,96.1,95.6,89.6,107.6,103.8,3.8,0.129,0.538,33.9,17018
1989,IND,Indiana Pacers,East,Central,Showtime/Bird Era,34,48,0.423,0,0,0,123.9,125.6,97.3,128.1,128.5,-0.4,0.151,0.528,34.0,18635
1989,LAC,Los Angeles Clippers,West,Pacific,Showtime/Bird Era,47,35,0.577,1,5,0,106.6,102.9,94.3,112.6,106.3,6.3,0.15,0.519,60.7,20000
1989,LAL,Los Angeles Lakers,West,Pacific,Showtime/Bird Era,56,26,0.688,1,6,0,98.7,92.4,97.6,99.1,91.2,7.9,0.116,0.538,46.2,19461
1989,MEM,Memphis Grizzlies,West,Southwest,Showtime/Bird Era,43,39,0.533,1,5,0,106.4,112.3,89.9,118.2,126.5,-8.3,0.207,0.516,48.8,20000
1989,MIA,Miami Heat,East,Southeast,Showtime/Bird Era,53,29,0.658,1,9,0,110.8,108.4,97.5,114.9,112.5,2.4,0.152,0.555,58.8,19390
1989,MIL,Milwaukee Bucks,East,Central,Showtime/Bird Era,46,36,0.562,1,5,0,107.3,104.9,100.3,108.3,102.5,5.8,0.129,0.51,44.8,20000
1989,MIN,Minnesota Timberwolves,West,Northwest,Showtime/Bird Era,43,39,0.531,1,15,0,99.6,103.9,94.8,103.2,109.9,-6.7,0.216,0.53,45.7,18731
1989,NOP,New Orleans Pelicans,West,Southwest,Showtime/Bird Era,34,48,0.421,0,0,0,110.3,109.0,100.6,107.3,107.5,-0.2,0.161,0.531,44.5,17110
1989,NYK,New York Knicks,East,Atlantic,Showtime/Bird Era,39,43,0.48,0,0,0,105.1,101.7,94.6,109.6,110.3,-0.7,0.192,0.547,34.5,20000
1989,OKC,Oklahoma City Thunder,West,Northwest,Showtime/Bird Era,55,27,0.672,1,6,0,112.4,111.9,90.4,122.1,123.1,-1.0,0.071,0.546,50.6,20000
1989,ORL,Orlando Magic,East,Southeast,Showtime/Bird Era,39,43,0.486,1,9,0,111.1,111.7,98.0,113.8,116.8,-3.0,0.19,0.541,40.0,18925
1989,PHI,Philadelphia 76ers,East,Atlantic,Showtime/Bird Era,37,45,0.455,0,0,0,106.4,106.4,96.5,113.2,106.7,6.5,0.159,0.539,37.3,19570
1989,PHX,Phoenix Suns,West,Pacific,Showtime/Bird Era,62,20,0.763,1,5,0,112.8,110.1,92.5,124.3,120.1,4.2,0.164,0.528,53.2,20000
1989,POR,Portland Trail Blazers,West,Northwest,Showtime/Bird Era,31,51,0.385,0,0,0,101.6,103.3,93.8,109.4,110.5,-1.1,0.171,0.547,55.7,20000
1989,SAC,Sacramento Kings,West,Pacific,Showtime/Bird Era,42,40,0.52,1,11,0,112.7,108.9,96.0,119.4,112.6,6.8,0.173,0.54,43.8,19409
1989,SAS,San Antonio Spurs,West,Southwest,Showtime/Bird Era,37,45,0.453,0,0,0,109.0,114.1,96.2,113.3,119.0,-5.7,0.151,0.542,41.9,20000
1989,TOR,Toronto Raptors,East,Atlantic,Showtime/Bird Era,42,40,0.515,1,11,0,111.1,110.9,97.1,114.6,115.2,-0.6,0.171,0.559,49.9,17854
1989,UTA,Utah Jazz,West,Northwest,Showtime/Bird Era,40,42,0.489,0,0,0,114.8,115.6,94.0,120.2,126.2,-6.0,0.195,0.543,34.0,20000
1989,WAS,Washington Wizards,East,Southeast,Showtime/Bird Era,42,40,0.518,1,15,0,115.6,111.0,95.4,122.2,115.5,6.7,0.176,0.554,56.1,20000
1990,ATL,Atlanta Hawks,East,Southeast,Jordan Era,9,73,0.12,0,0,0,100.5,103.8,93.8,106.8,112.9,-6.1,0.162,0.545,38.7,18130
1990,BOS,Boston Celtics,East,Atlantic,Jordan Era,55,27,0.678,1,7,0,99.1,95.8,94.9,104.3,102.7,1.6,0.141,0.525,46.8,20000
1990,BKN,Brooklyn Nets,East,Atlantic,Jordan Era,36,46,0.45,0,0,0,98.3,93.7,88.8,108.7,107.9,0.8,0.148,0.531,39.0,20000
1990,CHA,Charlotte Hornets,East,Southeast,Jordan Era,36,46,0.443,0,0,0,92.3,93.2,95.5,96.0,96.2,-0.2,0.221,0.52,36.1,20000
1990,CHI,Chicago Bulls,East,Central,Jordan Era,67,15,0.818,1,8,0,91.4,89.6,92.2,99.5,94.9,4.6,0.185,0.565,58.0,20000
1990,CLE,Cleveland Cavaliers,East,Central,Jordan Era,37,45,0.46,0,0,0,102.4,96.7,96.0,108.8,99.6,9.2,0.231,0.516,53.9,20000
1990,DAL,Dallas Mavericks,West,Southwest,Jordan Era,38,44,0.473,1,11,0,97.4,92.8,93.2,106.4,99.9,6.5,0.162,0.522,25.7,19737
1990,DEN,Denver Nuggets,West,Northwest,Jordan Era,30,52,0.37,0,0,0,98.2,102.8,94.1,104.1,110.8,-6.7,0.157,0.538,43.7,17727
1990,DET,Detroit Pistons,East,Central,Jordan Era,34,48,0.422,0,0,0,94.7,96.2,95.0,99.9,101.8,-1.9,0.166,0.511,53.0,19516
1990,GSW,Golden State Warriors,West,Pacific,Jordan Era,38,44,0.475,0,0,0,98.4,100.3,93.1,105.7,108.1,-2.4,0.19,0.545,46.4,18816
1990,HOU,Houston Rockets,West,Southwest,Jordan Era,28,54,0.349,1,5,0,101.9,105.4,92.8,109.8,112.4,-2.6,0.188,0.527,41.6,17279
1990,IND,Indiana Pacers,East,Central,Jordan Era,49,33,0.6,1,9,0,96.5,93.9,89.0,110.1,105.1,5.0,0.209,0.549,42.7,20000
1990,LAC,Los Angeles Clippers,West,Pacific,Jordan Era,40,42,0.491,0,0,0,95.4,93.7,94.3,100.3,99.6,0.7,0.134,0.538,55.1,18729
1990,LAL,Los Angeles Lakers,West,Pacific,Jordan Era,32,50,0.402,0,0,0,98.1,99.1,91.5,107.8,108.6,-0.8,0.149,0.527,51.8,18930
1990,MEM,Memphis Grizzlies,West,Southwest,Jordan Era,37,45,0.452,0,0,0,100.9,105.5,95.9,103.5,107.2,-3.7,0.151,0.533,37.9,18803
1990,MIA,Miami Heat,East,Southeast,Jordan Era,48,34,0.591,1,11,0,96.4,98.9,95.3,101.9,103.1,-1.2,0.182,0.554,56.9,19588
1990,MIL,Milwaukee Bucks,East,Central,Jordan Era,40,42,0.49,0,0,0,93.6,93.0,96.3,98.1,97.0,1.1,0.204,0.541,52.4,18066
1990,MIN,Minnesota Timberwolves,West,Northwest,Jordan Era,53,29,0.653,1,5,0,96.0,96.4,94.1,98.7,100.9,-2.2,0.17,0.533,56.2,20000
1990,NOP,New Orleans Pelicans,West,Southwest,Jordan Era,52,30,0.638,1,7,0,109.4,109.5,99.7,111.6,109.7,1.9,0.237,0.522,54.6,18190
1990,NYK,New York Knicks,East,Atlantic,Jordan Era,40,42,0.499,0,0,0,97.3,99.1,96.1,102.9,103.6,-0.7,0.161,0.532,48.6,17229
1990,OKC,Oklahoma City Thunder,West,Northwest,Jordan Era,31,51,0.387,0,0,0,103.3,104.5,91.5,115.6,111.8,3.8,0.178,0.548,43.1,18067
1990,ORL,Orlando Magic,East,Southeast,Jordan Era,47,35,0.582,1,12,0,100.8,96.8,96.0,104.7,102.7,2.0,0.165,0.527,42.1,20000
1990,PHI,Philadelphia 76ers,East,Atlantic,Jordan Era,30,52,0.367,0,0,0,99.0,101.3,98.0,100.2,104.0,-3.8,0.217,0.551,37.2,14692
1990,PHX,Phoenix Suns,West,Pacific,Jordan Era,38,44,0.468,1,7,0,92.6,96.9,97.2,96.6,99.5,-2.9,0.147,0.546,40.3,18094
1990,POR,Portland Trail Blazers,West,Northwest,Jordan Era,34,48,0.416,0,0,0,104.3,103.4,94.2,111.1,110.2,0.9,0.171,0.518,53.3,18472
1990,SAC,Sacramento Kings,West,Pacific,Jordan Era,57,25,0.704,1,13,0,107.6,109.7,96.3,113.3,114.8,-1.5,0.177,0.543,46.5,18525
1990,SAS,San Antonio Spurs,West,Southwest,Jordan Era,70,12,0.859,1,6,0,97.0,99.8,95.5,102.3,105.6,-3.3,0.167,0.521,67.5,20000
1990,TOR,Toronto Raptors,East,Atlantic,Jordan Era,42,40,0.524,1,7,0,100.9,102.4,100.5,99.4,103.4,-4.0,0.142,0.556,43.9,18106
1990,UTA,Utah Jazz,West,Northwest,Jordan Era,35,47,0.437,0,0,0,93.3,91.6,96.6,94.9,95.1,-0.2,0.127,0.524,43.8,20000
1990,WAS,Washington Wizards,East,Southeast,Jordan Era,32,50,0.396,0,0,0,97.5,93.1,94.4,100.3,95.3,5.0,0.193,0.511,49.1,19401
1991,ATL,Atlanta Hawks,East,Southeast,Jordan Era,43,39,0.533,1,8,0,100.2,100.6,94.2,105.5,106.0,-0.5,0.132,0.543,53.7,18260
1991,BOS,Boston Celtics,East,Atlantic,Jordan Era,45,37,0.56,1,9,0,98.5,100.4,91.2,108.2,110.3,-2.1,0.137,0.533,58.7,20000
1991,BKN,Brooklyn Nets,East,Atlantic,Jordan Era,40,42,0.493,0,0,0,108.4,106.0,93.5,116.7,114.7,2.0,0.18,0.535,37.7,20000
1991,CHA,Charlotte Hornets,East,Southeast,Jordan Era,38,44,0.469,0,0,0,92.2,91.7,87.8,104.3,106.0,-1.7,0.149,0.553,50.0,19003
1991,CHI,Chicago Bulls,East,Central,Jordan Era,53,29,0.647,1,9,0,103.4,102.5,94.5,110.3,108.2,2.1,0.174,0.513,50.2,20000
1991,CLE,Cleveland Cavaliers,East,Central,Jordan Era,46,36,0.566,1,9,0,98.8,99.6,90.6,108.6,109.9,-1.3,0.169,0.544,53.1,18517
1991,DAL,Dallas Mavericks,West,Southwest,Jordan Era,48,34,0.594,1,8,0,94.5,93.5,92.4,102.1,101.4,0.7,0.195,0.518,50.8,20000
1991,DEN,Denver Nuggets,West,Northwest,Jordan Era,44,38,0.544,1,10,0,94.0,94.0,95.8,96.9,96.9,0.0,0.213,0.52,55.3,20000
1991,DET,Detroit Pistons,East,Central,Jordan Era,28,54,0.347,0,0,0,96.2,97.2,95.5,100.1,101.8,-1.7,0.155,0.527,58.3,19063
1991,GSW,Golden State Warriors,West,Pacific,Jordan Era,63,19,0.77,1,5,0,97.8,90.1,91.3,105.1,97.8,7.3,0.205,0.545,57.1,18657
1991,HOU,Houston Rockets,West,Southwest,Jordan Era,42,40,0.514,1,7,0,98.4,102.4,98.0,98.8,107.2,-8.4,0.137,0.551,37.8,20000
1991,IND,Indiana Pacers,East,Central,Jordan Era,19,63,0.232,1,5,0,92.9,95.9,94.2,99.7,103.3,-3.6,0.217,0.554,54.8,14995
1991,LAC,Los Angeles Clippers,West,Pacific,Jordan Era,44,38,0.538,1,6,0,98.6,98.4,95.6,105.1,102.8,2.3,0.183,0.546,47.0,17086
1991,LAL,Los Angeles Lakers,West,Pacific,Jordan Era,53,29,0.65,1,7,0,93.7,87.1,98.4,90.3,89.0,1.3,0.217,0.524,56.7,18571
1991,MEM,Memphis Grizzlies,West,Southwest,Jordan Era,31,51,0.38,0,0,0,91.0,88.3,94.9,93.8,94.4,-0.6,0.156,0.536,44.2,17339
1991,MIA,Miami Heat,East,Southeast,Jordan Era,50,32,0.618,1,8,0,99.9,97.6,95.7,104.6,99.1,5.5,0.185,0.546,44.8,20000
1991,MIL,Milwaukee Bucks,East,Central,Jordan Era,55,27,0.682,1,5,0,97.3,101.9,94.1,103.5,108.8,-5.3,0.193,0.538,36.4,20000
1991,MIN,Minnesota Timberwolves,West,Northwest,Jordan Era,44,38,0.546,1,9,0,104.3,103.8,96.7,109.8,105.2,4.6,0.172,0.53,53.8,19496
1991,NOP,New Orleans Pelicans,West,Southwest,Jordan Era,41,41,0.503,1,4,0,103.8,106.2,93.6,109.4,114.6,-5.2,0.192,0.531,60.3,19276
1991,NYK,New York Knicks,East,Atlantic,Jordan Era,29,53,0.362,0,0,0,96.9,98.7,93.7,103.6,106.6,-3.0,0.204,0.527,45.8,20000
1991,OKC,Oklahoma City Thunder,West,Northwest,Jordan Era,48,34,0.589,1,10,0,99.6,97.9,92.4,108.0,104.1,3.9,0.148,0.521,43.8,20000
1991,ORL,Orlando Magic,East,Southeast,Jordan Era,38,44,0.469,0,0,0,94.0,91.8,93.1,99.8,98.1,1.7,0.206,0.53,54.2,20000
1991,PHI,Philadelphia 76ers,East,Atlantic,Jordan Era,28,54,0.345,0,0,0,96.1,98.8,94.0,103.1,103.5,-0.4,0.18,0.528,49.9,20000
1991,PHX,Phoenix Suns,West,Pacific,Jordan Era,44,38,0.544,1,7,0,94.2,95.3,90.2,105.2,107.3,-2.1,0.139,0.54,35.9,19885
1991,POR,Portland Trail Blazers,West,Northwest,Jordan Era,36,46,0.442,0,0,0,96.2,98.4,91.9,103.0,108.6,-5.6,0.2,0.536,57.8,18582
1991,SAC,Sacramento Kings,West,Pacific,Jordan Era,43,39,0.534,1,3,0,97.9,101.1,96.3,101.8,104.4,-2.6,0.201,0.501,55.3,19958
1991,SAS,San Antonio Spurs,West,Southwest,Jordan Era,51,31,0.626,1,10,0,101.7,98.6,98.8,103.0,100.3,2.7,0.151,0.534,50.2,19531
1991,TOR,Toronto Raptors,East,Atlantic,Jordan Era,31,51,0.379,0,0,0,102.4,109.2,95.1,108.3,112.7,-4.4,0.159,0.533,61.2,19149
1991,UTA,Utah Jazz,West,Northwest,Jordan Era,32,50,0.401,0,0,0,99.8,103.9,94.0,106.6,112.0,-5.4,0.17,0.541,46.4,18883
1991,WAS,Washington Wizards,East,Southeast,Jordan Era,38,44,0.473,0,0,0,96.9,92.3,97.9,96.8,92.6,4.2,0.143,0.532,36.8,17809
1992,ATL,Atlanta Hawks,East,Southeast,Jordan Era,41,41,0.503,1,5,0,98.0,93.1,92.0,107.4,103.3,4.1,0.137,0.553,48.7,19171
1992,BOS,Boston Celtics,East,Atlantic,Jordan Era,48,34,0.594,1,8,0,102.4,99.0,90.1,116.9,109.6,7.3,0.197,0.532,51.4,20000
1992,BKN,Brooklyn Nets,East,Atlantic,Jordan Era,37,45,0.456,0,0,0,106.9,104.9,97.4,109.3,108.6,0.7,0.15,0.547,53.7,20000
1992,CHA,Charlotte Hornets,East,Southeast,Jordan Era,55,27,0.676,1,10,0,95.5,95.8,95.6,97.4,100.3,-2.9,0.208,0.528,57.0,18361
1992,CHI,Chicago Bulls,East,Central,Jordan Era,51,31,0.63,1,6,0,99.3,100.3,98.6,101.8,102.3,-0.5,0.195,0.556,72.2,20000
1992,CLE,Cleveland Cavaliers,East,Central,Jordan Era,21,61,0.263,0,0,0,97.1,105.9,96.5,102.3,109.2,-6.9,0.187,0.523,46.1,16301
1992,DAL,Dallas Mavericks,West,Southwest,Jordan Era,46,36,0.568,1,5,0,96.3,101.2,91.2,106.2,108.1,-1.9,0.136,0.552,59.1,20000
1992,DEN,Denver Nuggets,West,Northwest,Jordan Era,53,29,0.649,1,6,0,93.6,92.5,93.5,101.0,99.2,1.8,0.168,0.554,53.5,17822
1992,DET,Detroit Pistons,East,Central,Jordan Era,34,48,0.415,0,0,0,96.9,91.0,96.4,99.6,95.6,4.0,0.203,0.567,45.9,16605
1992,GSW,Golden State Warriors,West,Pacific,Jordan Era,43,39,0.532,1,9,0,105.3,103.9,93.6,113.4,112.3,1.1,0.201,0.514,48.8,17463
1992,HOU,Houston Rockets,West,Southwest,Jordan Era,49,33,0.602,1,11,0,96.1,102.8,96.4,101.1,105.7,-4.6,0.178,0.537,52.8,20000
1992,IND,Indiana Pacers,East,Central,Jordan Era,47,35,0.576,1,5,0,94.2,91.1,98.1,99.5,92.9,6.6,0.163,0.536,62.7,16969
1992,LAC,Los Angeles Clippers,West,Pacific,Jordan Era,56,26,0.695,1,8,0,99.4,93.5,95.5,106.1,98.9,7.2,0.187,0.553,55.6,20000
1992,LAL,Los Angeles Lakers,West,Pacific,Jordan Era,54,28,0.67,1,6,0,91.6,89.9,91.3,100.8,97.4,3.4,0.228,0.524,59.3,18722
1992,MEM,Memphis Grizzlies,West,Southwest,Jordan Era,38,44,0.467,0,0,0,103.7,105.1,98.3,102.6,103.9,-1.3,0.232,0.558,52.9,18686
1992,MIA,Miami Heat,East,Southeast,Jordan Era,36,46,0.451,1,8,0,98.6,100.6,97.9,102.4,102.0,0.4,0.217,0.547,38.2,17049
1992,MIL,Milwaukee Bucks,East,Central,Jordan Era,44,38,0.542,1,10,0,95.2,96.4,95.1,99.2,99.7,-0.5,0.166,0.545,55.1,20000
1992,MIN,Minnesota Timberwolves,West,Northwest,Jordan Era,36,46,0.443,0,0,0,102.7,108.0,97.3,104.0,109.6,-5.6,0.231,0.548,50.9,20000
1992,NOP,New Orleans Pelicans,West,Southwest,Jordan Era,30,52,0.375,1,4,0,94.0,97.0,94.7,100.7,102.7,-2.0,0.176,0.526,42.5,20000
1992,NYK,New York Knicks,East,Atlantic,Jordan Era,54,28,0.66,1,9,0,103.5,103.8,97.6,108.1,106.8,1.3,0.208,0.507,64.5,18269
1992,OKC,Oklahoma City Thunder,West,Northwest,Jordan Era,31,51,0.387,0,0,0,92.8,92.7,94.9,95.6,98.8,-3.2,0.161,0.538,43.4,18629
1992,ORL,Orlando Magic,East,Southeast,Jordan Era,22,60,0.279,0,0,0,98.0,102.1,92.3,105.7,112.2,-6.5,0.232,0.547,43.4,16497
1992,PHI,Philadelphia 76ers,East,Atlantic,Jordan Era,59,23,0.724,1,7,0,98.5,92.8,92.9,103.3,102.2,1.1,0.207,0.549,66.3,20000
1992,PHX,Phoenix Suns,West,Pacific,Jordan Era,29,53,0.355,1,4,0,88.7,88.0,92.6,94.8,93.1,1.7,0.225,0.546,56.3,18637
1992,POR,Portland Trail Blazers,West,Northwest,Jordan Era,17,65,0.212,1,6,0,103.4,105.1,95.0,109.7,110.8,-1.1,0.163,0.542,58.8,18530
1992,SAC,Sacramento Kings,West,Pacific,Jordan Era,53,29,0.652,1,9,0,99.2,96.2,96.1,103.2,99.3,3.9,0.208,0.542,71.7,20000
1992,SAS,San Antonio Spurs,West,Southwest,Jordan Era,42,40,0.521,1,9,0,102.3,102.7,88.1,113.0,116.5,-3.5,0.212,0.526,41.8,18847
1992,TOR,Toronto Raptors,East,Atlantic,Jordan Era,63,19,0.772,1,3,0,95.2,92.1,96.8,100.4,95.1,5.3,0.146,0.53,56.7,20000
1992,UTA,Utah Jazz,West,Northwest,Jordan Era,39,43,0.477,0,0,0,95.8,92.8,91.1,104.8,102.6,2.2,0.214,0.531,43.2,19504
1992,WAS,Washington Wizards,East,Southeast,Jordan Era,36,46,0.449,0,0,0,91.3,92.0,96.8,92.7,95.0,-2.3,0.217,0.556,40.3,20000
1993,ATL,Atlanta Hawks,East,Southeast,Jordan Era,32,50,0.397,0,0,0,96.2,96.6,92.0,103.7,105.7,-2.0,0.199,0.541,55.8,20000
1993,BOS,Boston Celtics,East,Atlantic,Jordan Era,50,32,0.611,1,8,0,103.4,103.9,92.9,111.9,110.9,1.0,0.228,0.539,57.4,19692
1993,BKN,Brooklyn Nets,East,Atlantic,Jordan Era,36,46,0.442,0,0,0,95.3,97.9,89.0,108.8,111.3,-2.5,0.236,0.529,68.0,18998
1993,CHA,Charlotte Hornets,East,Southeast,Jordan Era,34,48,0.425,0,0,0,101.4,103.9,94.7,104.6,106.7,-2.1,0.167,0.559,51.9,16407
1993,CHI,Chicago Bulls,East,Central,Jordan Era,46,36,0.567,1,6,0,90.9,88.1,91.2,100.3,99.9,0.4,0.166,0.536,60.8,20000
1993,CLE,Cleveland Cavaliers,East,Central,Jordan Era,40,42,0.496,0,0,0,103.2,101.6,92.8,109.9,109.8,0.1,0.214,0.518,49.5,19443
1993,DAL,Dallas Mavericks,West,Southwest,Jordan Era,30,52,0.375,0,0,0,104.2,107.0,95.2,109.9,110.8,-0.9,0.168,0.549,64.0,18135
1993,DEN,Denver Nuggets,West,Northwest,Jordan Era,46,36,0.564,1,5,0,103.8,102.3,94.5,110.5,109.1,1.4,0.198,0.524,59.1,20000
1993,DET,Detroit Pistons,East,Central,Jordan Era,17,65,0.21,0,0,0,93.1,101.2,97.4,98.8,104.3,-5.5,0.254,0.553,44.6,16927
1993,GSW,Golden State Warriors,West,Pacific,Jordan Era,48,34,0.595,1,12,0,98.4,99.3,97.4,102.6,100.1,2.5,0.233,0.549,58.3,20000
1993,HOU,Houston Rockets,West,Southwest,Jordan Era,14,68,0.171,0,0,0,103.5,108.8,95.3,111.1,111.8,-0.7,0.231,0.516,50.1,16175
1993,IND,Indiana Pacers,East,Central,Jordan Era,50,32,0.613,1,7,0,94.2,89.0,92.6,101.9,95.1,6.8,0.198,0.559,61.5,19031
1993,LAC,Los Angeles Clippers,West,Pacific,Jordan Era,34,48,0.417,0,0,0,103.9,103.6,93.3,109.8,112.2,-2.4,0.219,0.548,49.0,19358
1993,LAL,Los Angeles Lakers,West,Pacific,Jordan Era,49,33,0.604,1,8,0,89.1,89.8,98.7,90.5,90.0,0.5,0.23,0.522,56.7,20000
1993,MEM,Memphis Grizzlies,West,Southwest,Jordan Era,51,31,0.624,1,5,0,102.6,101.8,89.8,114.6,113.1,1.5,0.19,0.521,59.3,19253
1993,MIA,Miami Heat,East,Southeast,Jordan Era,28,54,0.351,0,0,0,90.3,95.0,95.4,98.9,99.1,-0.2,0.175,0.556,58.1,18971
1993,MIL,Milwaukee Bucks,East,Central,Jordan Era,48,34,0.594,1,9,0,101.2,105.1,96.6,106.6,108.5,-1.9,0.163,0.552,52.2,19352
1993,MIN,Minnesota Timberwolves,West,Northwest,Jordan Era,34,48,0.426,0,0,0,98.2,98.4,95.3,103.4,104.6,-1.2,0.225,0.538,53.2,19360
1993,NOP,New Orleans Pelicans,West,Southwest,Jordan Era,18,64,0.222,0,0,0,97.4,103.3,93.9,104.5,110.3,-5.8,0.158,0.548,43.9,17360
1993,NYK,New York Knicks,East,Atlantic,Jordan Era,37,45,0.453,0,0,0,95.8,99.2,93.6,104.7,109.6,-4.9,0.214,0.539,62.6,19172
1993,OKC,Oklahoma City Thunder,West,Northwest,Jordan Era,32,50,0.396,0,0,0,93.0,98.7,90.7,102.6,106.3,-3.7,0.219,0.539,64.8,20000
1993,ORL,Orlando Magic,East,Southeast,Jordan Era,29,53,0.363,0,0,0,97.1,94.2,92.5,103.4,101.3,2.1,0.227,0.531,56.8,16918
1993,PHI,Philadelphia 76ers,East,Atlantic,Jordan Era,32,50,0.391,0,0,0,97.5,98.3,91.7,106.2,109.1,-2.9,0.16,0.547,50.4,19551
1993,PHX,Phoenix Suns,West,Pacific,Jordan Era,43,39,0.526,1,7,0,90.0,89.4,90.7,99.5,97.0,2.5,0.234,0.547,50.1,18479
1993,POR,Portland Trail Blazers,West,Northwest,Jordan Era,36,46,0.442,0,0,0,93.8,92.3,95.2,98.3,97.3,1.0,0.228,0.547,46.6,18452
1993,SAC,Sacramento Kings,West,Pacific,Jordan Era,38,44,0.472,0,0,0,101.2,98.1,92.9,111.4,103.3,8.1,0.188,0.548,53.3,19418
1993,SAS,San Antonio Spurs,West,Southwest,Jordan Era,60,22,0.742,1,9,0,97.6,87.6,94.5,102.0,90.2,11.8,0.144,0.558,68.3,20000
1993,TOR,Toronto Raptors,East,Atlantic,Jordan Era,19,63,0.233,0,0,0,102.6,103.4,94.8,107.8,109.2,-1.4,0.204,0.569,55.9,19076
1993,UTA,Utah Jazz,West,Northwest,Jordan Era,27,55,0.333,0,0,0,99.3,96.2,87.1,115.4,108.9,6.5,0.189,0.524,50.5,19243
1993,WAS,Washington Wizards,East,Southeast,Jordan Era,38,44,0.465,0,0,0,98.8,100.4,100.7,100.9,99.8,1.1,0.217,0.555,53.1,17731
1994,ATL,Atlanta Hawks,East,Southeast,Jordan Era,34,48,0.422,1,11,0,106.4,104.8,97.8,107.9,106.1,1.8,0.193,0.512,59.0,18300
1994,BOS,Boston Celtics,East,Atlantic,Jordan Era,48,34,0.596,1,8,0,94.4,92.3,94.8,98.5,96.8,1.7,0.246,0.548,58.1,20000
1994,BKN,Brooklyn Nets,East,Atlantic,Jordan Era,31,51,0.389,0,0,0,97.0,98.0,94.3,103.5,103.9,-0.4,0.209,0.556,58.0,18444
1994,CHA,Charlotte Hornets,East,Southeast,Jordan Era,34,48,0.422,0,0,0,99.9,96.7,96.2,105.0,100.3,4.7,0.228,0.512,60.7,20000
1994,CHI,Chicago Bulls,East,Central,Jordan Era,47,35,0.582,1,6,0,97.5,98.1,93.1,104.4,105.0,-0.6,0.245,0.537,58.1,18027
1994,CLE,Cleveland Cavaliers,East,Central,Jordan Era,57,25,0.7,1,4,0,95.1,92.6,92.4,103.1,97.4,5.7,0.207,0.547,77.0,20000
1994,DAL,Dallas Mavericks,West,Southwest,Jordan Era,42,40,0.515,1,10,0,102.2,107.9,95.3,107.7,112.9,-5.2,0.211,0.528,52.9,17343
1994,DEN,Denver Nuggets,West,Northwest,Jordan Era,31,51,0.379,0,0,0,96.6,99.8,92.8,105.4,105.8,-0.4,0.187,0.535,60.8,19107
1994,DET,Detroit Pistons,East,Central,Jordan Era,65,17,0.794,1,12,0,104.9,103.6,93.3,112.3,112.4,-0.1,0.187,0.559,59.0,20000
1994,GSW,Golden State Warriors,West,Pacific,Jordan Era,41,41,0.506,1,10,0,99.8,95.8,91.8,110.3,103.5,6.8,0.162,0.514,56.0,19422
1994,HOU,Houston Rockets,West,Southwest,Jordan Era,45,37,0.552,1,4,0,103.5,100.9,96.5,108.4,105.6,2.8,0.184,0.509,64.7,20000
1994,IND,Indiana Pacers,East,Central,Jordan Era,36,46,0.443,0,0,0,87.6,83.6,90.0,98.3,93.4,4.9,0.19,0.531,60.1,20000
1994,LAC,Los Angeles Clippers,West,Pacific,Jordan Era,39,43,0.482,0,0,0,98.8,98.6,102.8,97.1,96.2,0.9,0.226,0.535,61.9,19857
1994,LAL,Los Angeles Lakers,West,Pacific,Jordan Era,45,37,0.552,1,8,0,97.6,96.1,95.0,104.4,101.5,2.9,0.191,0.565,50.8,19637
1994,MEM,Memphis Grizzlies,West,Southwest,Jordan Era,24,58,0.298,0,0,0,103.3,103.6,93.5,111.0,108.8,2.2,0.179,0.54,61.6,20000
1994,MIA,Miami Heat,East,Southeast,Jordan Era,46,36,0.57,1,3,0,106.3,108.6,96.3,113.2,114.5,-1.3,0.193,0.541,61.4,20000
1994,MIL,Milwaukee Bucks,East,Central,Jordan Era,37,45,0.455,0,0,0,98.2,97.1,93.5,104.5,103.3,1.2,0.252,0.533,57.7,20000
1994,MIN,Minnesota Timberwolves,West,Northwest,Jordan Era,40,42,0.494,0,0,0,102.4,102.7,91.8,110.4,114.3,-3.9,0.197,0.539,67.3,18461
1994,NOP,New Orleans Pelicans,West,Southwest,Jordan Era,43,39,0.526,1,5,0,100.5,98.2,94.2,107.4,103.9,3.5,0.17,0.516,47.6,19461
1994,NYK,New York Knicks,East,Atlantic,Jordan Era,36,46,0.446,0,0,0,112.2,109.7,94.6,122.2,117.6,4.6,0.222,0.591,57.3,16499
1994,OKC,Oklahoma City Thunder,West,Northwest,Jordan Era,35,47,0.431,0,0,0,95.8,98.3,92.8,102.8,105.0,-2.2,0.259,0.527,51.1,18711
1994,ORL,Orlando Magic,East,Southeast,Jordan Era,39,43,0.479,0,0,0,96.7,100.5,92.4,104.6,109.5,-4.9,0.194,0.546,63.5,19567
1994,PHI,Philadelphia 76ers,East,Atlantic,Jordan Era,43,39,0.532,1,6,0,93.7,92.0,96.1,94.7,95.1,-0.4,0.229,0.536,67.4,19314
1994,PHX,Phoenix Suns,West,Pacific,Jordan Era,36,46,0.448,1,10,0,98.9,106.5,94.2,103.2,111.4,-8.2,0.227,0.538,57.3,17991
1994,POR,Portland Trail Blazers,West,Northwest,Jordan Era,36,46,0.447,0,0,0,93.0,94.7,91.2,102.1,105.5,-3.4,0.209,0.55,65.2,19734
1994,SAC,Sacramento Kings,West,Pacific,Jordan Era,38,44,0.473,0,0,0,98.9,106.0,96.4,102.0,108.2,-6.2,0.21,0.534,63.3,18249
1994,SAS,San Antonio Spurs,West,Southwest,Jordan Era,45,37,0.56,1,8,0,102.5,102.0,96.4,107.5,105.1,2.4,0.234,0.542,69.8,19077
1994,TOR,Toronto Raptors,East,Atlantic,Jordan Era,35,47,0.427,0,0,0,114.6,118.7,93.1,122.8,126.7,-3.9,0.206,0.526,69.3,18879
1994,UTA,Utah Jazz,West,Northwest,Jordan Era,47,35,0.582,1,8,0,91.4,89.9,94.9,98.2,97.2,1.0,0.218,0.556,63.5,18710
1994,WAS,Washington Wizards,East,Southeast,Jordan Era,41,41,0.5,1,11,0,97.5,93.8,95.9,100.3,96.3,4.0,0.251,0.533,72.4,17929
1995,ATL,Atlanta Hawks,East,Southeast,Jordan Era,24,58,0.297,0,0,0,108.7,112.3,97.4,112.0,115.2,-3.2,0.252,0.564,43.3,18170
1995,BOS,Boston Celtics,East,Atlantic,Jordan Era,42,40,0.514,1,8,0,91.7,85.3,97.5,93.2,85.6,7.6,0.189,0.532,80.7,20000
1995,BKN,Brooklyn Nets,East,Atlantic,Jordan Era,32,50,0.395,1,5,0,98.1,100.4,95.0,104.2,106.8,-2.6,0.222,0.528,66.5,20000
1995,CHA,Charlotte Hornets,East,Southeast,Jordan Era,50,32,0.613,1,11,0,93.7,91.5,99.6,94.0,92.4,1.6,0.18,0.534,70.3,20000
1995,CHI,Chicago Bulls,East,Central,Jordan Era,34,48,0.416,0,0,0,98.1,96.7,99.7,99.0,97.6,1.4,0.235,0.531,45.8,19890
1995,CLE,Cleveland Cavaliers,East,Central,Jordan Era,39,43,0.486,0,0,0,97.1,93.5,98.4,97.4,96.2,1.2,0.243,0.565,61.9,20000
1995,DAL,Dallas Mavericks,West,Southwest,Jordan Era,32,50,0.402,1,7,0,100.2,104.6,95.2,104.7,109.4,-4.7,0.274,0.542,59.4,20000
1995,DEN,Denver Nuggets,West,Northwest,Jordan Era,61,21,0.751,1,7,0,109.6,106.8,93.3,115.5,113.7,1.8,0.242,0.544,74.1,20000
1995,DET,Detroit Pistons,East,Central,Jordan Era,34,48,0.419,0,0,0,98.4,103.8,93.6,105.6,114.9,-9.3,0.23,0.55,61.3,18852
1995,GSW,Golden State Warriors,West,Pacific,Jordan Era,47,35,0.574,1,8,0,96.2,93.9,90.5,105.4,101.4,4.0,0.235,0.561,69.7,17312
1995,HOU,Houston Rockets,West,Southwest,Jordan Era,37,45,0.452,0,0,0,98.5,95.1,95.4,105.8,100.4,5.4,0.226,0.572,74.5,20000
1995,IND,Indiana Pacers,East,Central,Jordan Era,43,39,0.536,1,8,0,102.9,98.0,96.8,104.3,101.0,3.3,0.233,0.547,60.6,18488
1995,LAC,Los Angeles Clippers,West,Pacific,Jordan Era,25,57,0.31,0,0,0,95.2,97.4,96.9,98.5,102.4,-3.9,0.225,0.519,69.2,17843
1995,LAL,Los Angeles Lakers,West,Pacific,Jordan Era,63,19,0.777,1,11,0,102.2,96.3,92.4,110.9,104.0,6.9,0.237,0.54,64.3,20000
1995,MEM,Memphis Grizzlies,West,Southwest,Jordan Era,40,42,0.497,0,0,0,93.0,93.3,92.6,100.0,100.0,0.0,0.214,0.537,74.4,16435
1995,MIA,Miami Heat,East,Southeast,Jordan Era,31,51,0.387,0,0,0,106.2,105.5,93.5,113.1,111.9,1.2,0.2,0.538,50.4,20000
1995,MIL,Milwaukee Bucks,East,Central,Jordan Era,51,31,0.63,1,11,0,102.7,101.3,93.4,109.9,110.9,-1.0,0.212,0.562,67.7,19660
1995,MIN,Minnesota Timberwolves,West,Northwest,Jordan Era,66,16,0.811,1,15,0,92.7,94.1,90.7,104.5,103.4,1.1,0.24,0.533,71.0,20000
1995,NOP,New Orleans Pelicans,West,Southwest,Jordan Era,49,33,0.608,1,12,0,91.9,90.2,92.9,99.5,95.1,4.4,0.215,0.541,67.3,20000
1995,NYK,New York Knicks,East,Atlantic,Jordan Era,26,56,0.32,0,0,0,94.4,96.1,92.7,99.7,106.3,-6.6,0.24,0.546,57.5,16852
1995,OKC,Oklahoma City Thunder,West,Northwest,Jordan Era,54,28,0.67,1,7,0,96.5,94.5,85.6,114.5,109.6,4.9,0.214,0.548,79.6,18456
1995,ORL,Orlando Magic,East,Southeast,Jordan Era,34,48,0.418,0,0,0,98.2,102.8,92.2,106.9,112.7,-5.8,0.174,0.545,65.3,18795
1995,PHI,Philadelphia 76ers,East,Atlantic,Jordan Era,41,41,0.511,1,7,0,100.0,93.3,93.0,105.3,100.6,4.7,0.232,0.539,69.8,17884
1995,PHX,Phoenix Suns,West,Pacific,Jordan Era,29,53,0.362,0,0,0,92.0,96.2,98.2,89.5,96.7,-7.2,0.203,0.571,79.0,20000
1995,POR,Portland Trail Blazers,West,Northwest,Jordan Era,33,49,0.405,0,0,0,103.8,103.7,93.6,112.6,109.8,2.8,0.227,0.522,54.8,20000
1995,SAC,Sacramento Kings,West,Pacific,Jordan Era,45,37,0.558,1,12,0,104.4,106.6,98.1,104.8,109.1,-4.3,0.204,0.564,74.2,17628
1995,SAS,San Antonio Spurs,West,Southwest,Jordan Era,34,48,0.426,1,11,0,90.5,93.7,90.8,96.3,103.1,-6.8,0.223,0.557,82.5,20000
1995,TOR,Toronto Raptors,East,Atlantic,Jordan Era,26,56,0.328,1,5,0,97.9,100.9,89.3,109.2,112.9,-3.7,0.235,0.569,60.0,18621
1995,UTA,Utah Jazz,West,Northwest,Jordan Era,31,51,0.384,1,6,0,94.0,95.8,95.5,99.6,100.6,-1.0,0.192,0.525,52.6,19877
1995,WAS,Washington Wizards,East,Southeast,Jordan Era,43,39,0.526,1,6,0,90.4,81.6,94.0,93.9,85.9,8.0,0.2,0.544,63.3,19812
1996,ATL,Atlanta Hawks,East,Southeast,Jordan Era,32,50,0.393,0,0,0,92.3,100.6,95.2,95.6,107.5,-11.9,0.228,0.531,76.4,18729
1996,BOS,Boston Celtics,East,Atlantic,Jordan Era,42,40,0.515,1,10,0,97.8,94.1,102.2,94.6,93.8,0.8,0.236,0.547,58.9,18757
1996,BKN,Brooklyn Nets,East,Atlantic,Jordan Era,31,51,0.381,0,0,0,99.9,102.2,95.9,102.4,106.2,-3.8,0.239,0.556,64.9,17196
1996,CHA,Charlotte Hornets,East,Southeast,Jordan Era,30,52,0.37,1,7,0,101.2,108.3,99.2,101.7,107.6,-5.9,0.223,0.555,61.7,17783
1996,CHI,Chicago Bulls,East,Central,Jordan Era,40,42,0.488,0,0,0,103.2,102.9,98.2,103.2,103.4,-0.2,0.246,0.573,69.2,16915
1996,CLE,Cleveland Cavaliers,East,Central,Jordan Era,43,39,0.533,1,11,0,96.7,91.9,95.2,101.3,95.9,5.4,0.193,0.55,69.7,20000
1996,DAL,Dallas Mavericks,West,Southwest,Jordan Era,55,27,0.679,1,5,0,98.5,93.4,93.5,105.6,98.7,6.9,0.216,0.553,89.4,18050
1996,DEN,Denver Nuggets,West,Northwest,Jordan Era,46,36,0.568,1,15,0,99.3,99.1,98.6,101.3,100.7,0.6,0.192,0.561,61.9,20000
1996,DET,Detroit Pistons,East,Central,Jordan Era,44,38,0.546,1,7,0,103.0,103.7,90.0,111.6,114.2,-2.6,0.245,0.54,68.4,19082
1996,GSW,Golden State Warriors,West,Pacific,Jordan Era,56,26,0.684,1,7,0,93.8,91.2,100.8,94.4,90.0,4.4,0.284,0.558,70.5,19733
1996,HOU,Houston Rockets,West,Southwest,Jordan Era,56,26,0.684,1,11,0,97.1,91.6,95.5,102.0,99.2,2.8,0.222,0.548,67.0,17988
1996,IND,Indiana Pacers,East,Central,Jordan Era,40,42,0.5,1,11,0,89.8,81.8,96.0,93.6,85.1,8.5,0.232,0.553,69.4,20000
1996,LAC,Los Angeles Clippers,West,Pacific,Jordan Era,46,36,0.569,1,9,0,93.9,94.0,99.5,95.7,91.4,4.3,0.234,0.546,63.4,19364
1996,LAL,Los Angeles Lakers,West,Pacific,Jordan Era,62,20,0.759,1,4,0,97.2,98.6,94.5,103.5,104.1,-0.6,0.21,0.558,77.6,20000
1996,MEM,Memphis Grizzlies,West,Southwest,Jordan Era,23,59,0.289,0,0,0,98.9,100.0,98.4,98.9,100.5,-1.6,0.211,0.538,66.4,17937
1996,MIA,Miami Heat,East,Southeast,Jordan Era,43,39,0.532,1,13,0,100.2,101.0,92.5,109.1,110.3,-1.2,0.232,0.529,61.0,20000
1996,MIL,Milwaukee Bucks,East,Central,Jordan Era,52,30,0.636,1,12,0,84.8,83.4,93.7,90.7,87.1,3.6,0.251,0.54,77.6,20000
1996,MIN,Minnesota Timberwolves,West,Northwest,Jordan Era,40,42,0.488,1,8,0,96.6,91.4,92.4,104.6,98.4,6.2,0.263,0.522,63.5,20000
1996,NOP,New Orleans Pelicans,West,Southwest,Jordan Era,41,41,0.506,1,8,0,105.9,105.7,94.4,112.0,113.2,-1.2,0.29,0.555,60.6,19525
1996,NYK,New York Knicks,East,Atlantic,Jordan Era,31,51,0.384,0,0,0,84.8,87.2,95.8,89.3,93.4,-4.1,0.187,0.561,60.8,20000
1996,OKC,Oklahoma City Thunder,West,Northwest,Jordan Era,37,45,0.454,0,0,0,93.4,96.7,94.9,96.9,101.0,-4.1,0.2,0.558,48.5,20000
1996,ORL,Orlando Magic,East,Southeast,Jordan Era,24,58,0.297,0,0,0,97.8,103.9,93.5,103.1,111.7,-8.6,0.195,0.541,68.5,19408
1996,PHI,Philadelphia 76ers,East,Atlantic,Jordan Era,49,33,0.603,1,8,0,97.9,92.7,97.4,101.4,92.6,8.8,0.244,0.56,71.0,19139
1996,PHX,Phoenix Suns,West,Pacific,Jordan Era,18,64,0.222,0,0,0,97.8,100.8,92.2,111.5,109.2,2.3,0.236,0.542,61.4,18202
1996,POR,Portland Trail Blazers,West,Northwest,Jordan Era,36,46,0.45,0,0,0,97.0,94.8,92.7,104.5,100.4,4.1,0.244,0.542,62.6,19062
1996,SAC,Sacramento Kings,West,Pacific,Jordan Era,27,55,0.33,0,0,0,100.0,102.6,97.9,101.1,105.2,-4.1,0.206,0.568,69.0,19286
1996,SAS,San Antonio Spurs,West,Southwest,Jordan Era,34,48,0.42,0,0,0,98.1,99.2,96.6,98.6,103.0,-4.4,0.193,0.581,59.7,19427
1996,TOR,Toronto Raptors,East,Atlantic,Jordan Era,59,23,0.724,1,7,0,97.5,92.9,95.4,103.2,97.7,5.5,0.239,0.56,79.4,20000
1996,UTA,Utah Jazz,West,Northwest,Jordan Era,35,47,0.438,1,7,0,98.8,101.3,91.1,109.6,111.1,-1.5,0.218,0.521,57.2,19693
1996,WAS,Washington Wizards,East,Southeast,Jordan Era,27,55,0.335,0,0,0,95.8,95.4,93.4,101.6,99.3,2.3,0.2,0.547,77.4,18348
1997,ATL,Atlanta Hawks,East,Southeast,Jordan Era,54,28,0.663,1,12,0,99.0,97.4,100.5,98.2,95.4,2.8,0.246,0.538,55.7,20000
1997,BOS,Boston Celtics,East,Atlantic,Jordan Era,28,54,0.346,0,0,0,99.4,97.7,92.7,106.4,104.1,2.3,0.262,0.562,73.2,20000
1997,BKN,Brooklyn Nets,East,Atlantic,Jordan Era,38,44,0.468,0,0,0,93.7,93.1,91.4,101.6,102.1,-0.5,0.215,0.538,56.6,19681
1997,CHA,Charlotte Hornets,East,Southeast,Jordan Era,53,29,0.648,1,10,0,106.7,104.9,93.4,114.6,112.3,2.3,0.179,0.532,68.8,20000
1997,CHI,Chicago Bulls,East,Central,Jordan Era,44,38,0.545,1,6,0,95.0,93.4,91.9,102.6,98.4,4.2,0.266,0.55,80.3,20000
1997,CLE,Cleveland Cavaliers,East,Central,Jordan Era,48,34,0.588,1,7,0,96.4,93.5,91.8,105.1,104.1,1.0,0.284,0.516,71.6,17777
1997,DAL,Dallas Mavericks,West,Southwest,Jordan Era,40,42,0.491,1,4,0,95.6,96.1,95.2,100.5,98.6,1.9,0.248,0.569,68.3,19839
1997,DEN,Denver Nuggets,West,Northwest,Jordan Era,49,33,0.609,1,12,0,105.5,105.4,95.5,112.7,111.3,1.4,0.242,0.531,65.9,19082
1997,DET,Detroit Pistons,East,Central,Jordan Era,43,39,0.526,1,9,0,101.9,103.1,94.2,108.3,107.8,0.5,0.256,0.546,58.9,20000
1997,GSW,Golden State Warriors,West,Pacific,Jordan Era,28,54,0.353,1,9,0,95.7,104.8,90.8,102.1,115.5,-13.4,0.233,0.553,53.2,17663
1997,HOU,Houston Rockets,West,Southwest,Jordan Era,47,35,0.577,1,8,0,97.7,97.8,97.7,99.9,102.4,-2.5,0.216,0.555,76.0,19105
1997,IND,Indiana Pacers,East,Central,Jordan Era,44,38,0.541,1,8,0,101.1,100.7,101.0,103.0,101.5,1.5,0.239,0.557,75.3,18669
1997,LAC,Los Angeles Clippers,West,Pacific,Jordan Era,44,38,0.545,1,13,0,100.5,100.5,100.5,98.3,96.2,2.1,0.271,0.528,69.2,18250
1997,LAL,Los Angeles Lakers,West,Pacific,Jordan Era,69,13,0.849,1,7,0,101.8,101.9,100.0,102.0,101.3,0.7,0.237,0.569,83.6,19611
1997,MEM,Memphis Grizzlies,West,Southwest,Jordan Era,48,34,0.586,1,10,0,92.3,90.5,91.4,101.7,99.7,2.0,0.266,0.51,93.3,20000
1997,MIA,Miami Heat,East,Southeast,Jordan Era,20,62,0.253,0,0,0,100.5,102.7,92.9,109.7,111.8,-2.1,0.201,0.535,64.6,15673
1997,MIL,Milwaukee Bucks,East,Central,Jordan Era,39,43,0.477,0,0,0,96.3,91.8,97.8,98.8,92.7,6.1,0.208,0.535,73.8,18106
1997,MIN,Minnesota Timberwolves,West,Northwest,Jordan Era,36,46,0.441,0,0,0,98.5,94.8,92.1,107.2,105.8,1.4,0.253,0.527,71.9,20000
1997,NOP,New Orleans Pelicans,West,Southwest,Jordan Era,33,49,0.408,0,0,0,105.1,109.7,97.0,107.9,112.4,-4.5,0.225,0.547,61.4,20000
1997,NYK,New York Knicks,East,Atlantic,Jordan Era,37,45,0.463,0,0,0,102.4,99.7,90.7,113.0,110.4,2.6,0.289,0.558,72.9,17958
1997,OKC,Oklahoma City Thunder,West,Northwest,Jordan Era,47,35,0.577,1,8,0,96.0,94.7,97.0,99.9,99.3,0.6,0.257,0.573,79.4,18223
1997,ORL,Orlando Magic,East,Southeast,Jordan Era,43,39,0.535,1,9,0,96.1,98.7,100.2,96.9,97.2,-0.3,0.189,0.561,73.5,17979
1997,PHI,Philadelphia 76ers,East,Atlantic,Jordan Era,37,45,0.455,0,0,0,92.4,92.0,92.5,100.9,102.2,-1.3,0.248,0.561,86.0,20000
1997,PHX,Phoenix Suns,West,Pacific,Jordan Era,38,44,0.466,0,0,0,86.5,80.3,101.0,87.1,78.5,8.6,0.23,0.566,66.6,19626
1997,POR,Portland Trail Blazers,West,Northwest,Jordan Era,41,41,0.511,1,12,0,98.3,102.2,95.5,100.9,107.6,-6.7,0.252,0.547,80.3,17748
1997,SAC,Sacramento Kings,West,Pacific,Jordan Era,38,44,0.466,0,0,0,102.5,100.5,90.7,113.6,111.1,2.5,0.225,0.577,75.6,15652
1997,SAS,San Antonio Spurs,West,Southwest,Jordan Era,39,43,0.478,0,0,0,97.7,91.1,88.2,111.3,101.2,10.1,0.207,0.539,66.7,20000
1997,TOR,Toronto Raptors,East,Atlantic,Jordan Era,49,33,0.601,1,7,0,94.8,93.6,96.2,99.5,94.9,4.6,0.233,0.548,73.1,20000
1997,UTA,Utah Jazz,West,Northwest,Jordan Era,60,22,0.743,1,10,0,101.7,103.0,91.8,108.4,116.5,-8.1,0.269,0.527,82.2,18658
1997,WAS,Washington Wizards,East,Southeast,Jordan Era,54,28,0.67,1,11,0,100.4,97.0,92.2,110.5,105.1,5.4,0.242,0.515,62.7,19404
1998,ATL,Atlanta Hawks,East,Southeast,Jordan Era,40,42,0.497,0,0,0,101.3,101.6,98.2,104.0,103.6,0.4,0.233,0.569,78.5,18801
1998,BOS,Boston Celtics,East,Atlantic,Jordan Era,42,40,0.519,1,6,0,104.7,102.4,92.1,114.0,113.8,0.2,0.293,0.556,75.7,16912
1998,BKN,Brooklyn Nets,East,Atlantic,Jordan Era,38,44,0.466,0,0,0,101.5,101.7,90.7,111.6,113.6,-2.0,0.244,0.557,65.4,19588
1998,CHA,Charlotte Hornets,East,Southeast,Jordan Era,53,29,0.649,1,8,0,101.3,97.5,99.3,102.3,99.1,3.2,0.209,0.574,78.0,18710
1998,CHI,Chicago Bulls,East,Central,Jordan Era,37,45,0.462,0,0,0,97.6,98.8,93.8,102.9,108.4,-5.5,0.223,0.566,87.3,19804
1998,CLE,Cleveland Cavaliers,East,Central,Jordan Era,35,47,0.434,0,0,0,97.7,95.2,93.3,102.8,102.7,0.1,0.204,0.548,73.5,19491
1998,DAL,Dallas Mavericks,West,Southwest,Jordan Era,23,59,0.288,1,8,0,99.9,101.9,93.5,107.1,108.5,-1.4,0.247,0.556,76.3,19168
1998,DEN,Denver Nuggets,West,Northwest,Jordan Era,44,38,0.538,1,8,0,107.3,109.4,95.2,111.4,115.1,-3.7,0.238,0.539,83.0,20000
1998,DET,Detroit Pistons,East,Central,Jordan Era,44,38,0.544,1,6,0,89.7,94.6,99.0,89.4,95.3,-5.9,0.226,0.56,77.9,18693
1998,GSW,Golden State Warriors,West,Pacific,Jordan Era,55,27,0.678,1,8,0,90.1,86.4,95.9,94.7,89.5,5.2,0.281,0.557,77.2,18402
1998,HOU,Houston Rockets,West,Southwest,Jordan Era,36,46,0.442,0,0,0,101.7,107.3,93.2,111.2,115.0,-3.8,0.251,0.54,62.4,17741
1998,IND,Indiana Pacers,East,Central,Jordan Era,24,58,0.305,0,0,0,100.9,102.5,94.3,105.0,111.5,-6.5,0.199,0.515,73.1,18365
1998,LAC,Los Angeles Clippers,West,Pacific,Jordan Era,40,42,0.489,1,11,0,95.3,91.3,98.1,98.1,91.6,6.5,0.235,0.562,63.8,18298
1998,LAL,Los Angeles Lakers,West,Pacific,Jordan Era,63,19,0.77,1,3,0,102.0,101.6,93.8,112.4,105.6,6.8,0.246,0.542,89.9,20000
1998,MEM,Memphis Grizzlies,West,Southwest,Jordan Era,35,47,0.437,0,0,0,95.3,98.5,94.1,100.4,105.3,-4.9,0.262,0.528,63.6,19042
1998,MIA,Miami Heat,East,Southeast,Jordan Era,25,57,0.31,0,0,0,105.5,114.0,94.7,107.3,119.8,-12.5,0.278,0.554,78.4,20000
1998,MIL,Milwaukee Bucks,East,Central,Jordan Era,30,52,0.377,0,0,0,107.8,116.4,91.1,119.1,130.3,-11.2,0.243,0.547,79.8,18025
1998,MIN,Minnesota Timberwolves,West,Northwest,Jordan Era,43,39,0.534,1,10,0,95.9,98.3,90.8,103.6,108.8,-5.2,0.199,0.573,74.5,20000
1998,NOP,New Orleans Pelicans,West,Southwest,Jordan Era,44,38,0.544,1,8,0,102.9,104.0,94.3,107.4,110.7,-3.3,0.264,0.552,82.2,19178
1998,NYK,New York Knicks,East,Atlantic,Jordan Era,37,45,0.459,0,0,0,97.2,99.0,88.0,108.7,112.2,-3.5,0.218,0.53,63.5,18891
1998,OKC,Oklahoma City Thunder,West,Northwest,Jordan Era,43,39,0.536,1,7,0,100.3,102.1,100.4,99.8,100.7,-0.9,0.237,0.532,71.6,18107
1998,ORL,Orlando Magic,East,Southeast,Jordan Era,31,51,0.389,1,12,0,97.7,101.1,98.7,99.1,103.7,-4.6,0.244,0.541,73.9,20000
1998,PHI,Philadelphia 76ers,East,Atlantic,Jordan Era,30,52,0.368,0,0,0,100.5,105.1,93.6,109.3,110.9,-1.6,0.209,0.543,79.9,15971
1998,PHX,Phoenix Suns,West,Pacific,Jordan Era,45,37,0.551,1,11,0,105.5,104.5,92.2,115.6,112.7,2.9,0.209,0.544,80.8,18670
1998,POR,Portland Trail Blazers,West,Northwest,Jordan Era,21,61,0.263,1,8,0,106.1,111.7,93.5,110.7,120.0,-9.3,0.23,0.571,65.8,18170
1998,SAC,Sacramento Kings,West,Pacific,Jordan Era,42,40,0.515,1,11,0,95.7,98.7,100.2,94.0,98.9,-4.9,0.234,0.536,81.7,20000
1998,SAS,San Antonio Spurs,West,Southwest,Jordan Era,30,52,0.37,0,0,0,102.3,106.8,88.5,117.1,123.2,-6.1,0.205,0.549,75.0,19354
1998,TOR,Toronto Raptors,East,Atlantic,Jordan Era,38,44,0.467,0,0,0,99.2,101.8,94.8,105.5,108.4,-2.9,0.243,0.56,59.5,17316
1998,UTA,Utah Jazz,West,Northwest,Jordan Era,32,50,0.395,1,10,0,104.3,108.9,91.1,117.1,120.5,-3.4,0.191,0.54,51.4,19193
1998,WAS,Washington Wizards,East,Southeast,Jordan Era,43,39,0.536,1,9,0,90.9,94.1,89.8,101.2,106.1,-4.9,0.287,0.528,80.8,19092
1999,ATL,Atlanta Hawks,East,Southeast,Post-Jordan/Shaq,57,25,0.698,1,6,0,105.0,99.9,92.7,116.1,108.2,7.9,0.275,0.527,95.8,20000
1999,BOS,Boston Celtics,East,Atlantic,Post-Jordan/Shaq,48,34,0.592,1,8,0,93.2,90.1,99.3,93.3,90.1,3.2,0.252,0.559,78.9,19016
1999,BKN,Brooklyn Nets,East,Atlantic,Post-Jordan/Shaq,35,47,0.43,1,9,0,90.1,90.8,95.3,95.0,96.2,-1.2,0.3,0.552,74.9,20000
1999,CHA,Charlotte Hornets,East,Southeast,Post-Jordan/Shaq,47,35,0.58,1,6,0,99.4,92.4,91.5,109.8,102.9,6.9,0.277,0.549,80.6,18592
1999,CHI,Chicago Bulls,East,Central,Post-Jordan/Shaq,27,55,0.339,0,0,0,95.1,99.4,95.5,100.7,103.5,-2.8,0.282,0.55,77.6,20000
1999,CLE,Cleveland Cavaliers,East,Central,Post-Jordan/Shaq,38,44,0.467,0,0,0,93.4,90.8,92.3,99.8,96.4,3.4,0.252,0.53,67.5,17761
1999,DAL,Dallas Mavericks,West,Southwest,Post-Jordan/Shaq,46,36,0.564,1,10,0,95.3,98.0,92.1,104.8,108.4,-3.6,0.249,0.568,74.4,18665
1999,DEN,Denver Nuggets,West,Northwest,Post-Jordan/Shaq,42,40,0.52,1,5,0,101.2,101.8,89.7,112.9,114.4,-1.5,0.224,0.557,64.3,20000
1999,DET,Detroit Pistons,East,Central,Post-Jordan/Shaq,45,37,0.55,1,5,0,93.2,93.6,92.9,101.8,101.9,-0.1,0.272,0.543,63.2,17480
1999,GSW,Golden State Warriors,West,Pacific,Post-Jordan/Shaq,38,44,0.476,0,0,0,106.2,109.1,93.0,115.1,117.3,-2.2,0.211,0.577,73.5,20000
1999,HOU,Houston Rockets,West,Southwest,Post-Jordan/Shaq,38,44,0.464,0,0,0,88.3,86.2,95.9,94.9,90.6,4.3,0.264,0.567,85.6,18081
1999,IND,Indiana Pacers,East,Central,Post-Jordan/Shaq,25,57,0.315,1,15,0,103.8,104.3,93.8,111.2,115.3,-4.1,0.278,0.559,73.6,20000
1999,LAC,Los Angeles Clippers,West,Pacific,Post-Jordan/Shaq,53,29,0.656,1,10,0,96.9,97.4,99.4,99.7,99.7,0.0,0.233,0.546,88.5,19321
1999,LAL,Los Angeles Lakers,West,Pacific,Post-Jordan/Shaq,46,36,0.564,1,7,0,80.9,75.4,96.6,84.3,75.9,8.4,0.236,0.565,91.4,19450
1999,MEM,Memphis Grizzlies,West,Southwest,Post-Jordan/Shaq,57,25,0.705,1,13,0,94.6,93.1,96.4,99.9,93.9,6.0,0.259,0.541,75.6,17867
1999,MIA,Miami Heat,East,Southeast,Post-Jordan/Shaq,62,20,0.76,1,13,0,85.0,85.5,92.7,92.0,91.0,1.0,0.278,0.544,83.6,20000
1999,MIL,Milwaukee Bucks,East,Central,Post-Jordan/Shaq,29,53,0.357,0,0,0,89.2,88.8,93.9,95.4,93.1,2.3,0.274,0.526,70.3,17270
1999,MIN,Minnesota Timberwolves,West,Northwest,Post-Jordan/Shaq,31,51,0.384,0,0,0,94.7,102.6,95.4,100.8,108.8,-8.0,0.204,0.551,85.3,20000
1999,NOP,New Orleans Pelicans,West,Southwest,Post-Jordan/Shaq,44,38,0.548,1,9,0,91.0,93.0,98.4,94.0,92.6,1.4,0.269,0.564,81.3,20000
1999,NYK,New York Knicks,East,Atlantic,Post-Jordan/Shaq,29,53,0.355,0,0,0,107.7,105.2,98.1,110.8,106.6,4.2,0.318,0.572,84.8,18858
1999,OKC,Oklahoma City Thunder,West,Northwest,Post-Jordan/Shaq,44,38,0.548,1,8,0,88.2,84.8,92.7,96.7,88.9,7.8,0.255,0.554,66.6,19155
1999,ORL,Orlando Magic,East,Southeast,Post-Jordan/Shaq,32,50,0.4,1,13,0,98.6,98.5,94.5,105.9,104.8,1.1,0.212,0.525,72.2,17264
1999,PHI,Philadelphia 76ers,East,Atlantic,Post-Jordan/Shaq,44,38,0.546,1,8,0,90.0,89.9,94.4,95.7,95.3,0.4,0.272,0.526,79.9,18708
1999,PHX,Phoenix Suns,West,Pacific,Post-Jordan/Shaq,27,55,0.332,0,0,0,107.2,109.0,95.8,114.3,114.1,0.2,0.293,0.533,66.7,18351
1999,POR,Portland Trail Blazers,West,Northwest,Post-Jordan/Shaq,38,44,0.467,0,0,0,102.3,102.6,89.3,112.8,114.9,-2.1,0.242,0.563,73.2,17850
1999,SAC,Sacramento Kings,West,Pacific,Post-Jordan/Shaq,46,36,0.572,1,8,0,93.9,88.0,94.6,97.9,93.4,4.5,0.197,0.542,84.6,20000
1999,SAS,San Antonio Spurs,West,Southwest,Post-Jordan/Shaq,54,28,0.659,1,16,1,87.4,84.5,96.0,90.2,91.0,-0.8,0.229,0.538,88.8,16801
1999,TOR,Toronto Raptors,East,Atlantic,Post-Jordan/Shaq,42,40,0.516,1,9,0,92.6,96.3,99.8,92.1,97.8,-5.7,0.238,0.523,63.3,18560
1999,UTA,Utah Jazz,West,Northwest,Post-Jordan/Shaq,49,33,0.598,1,8,0,93.6,94.8,92.6,101.0,101.3,-0.3,0.309,0.554,84.4,20000
1999,WAS,Washington Wizards,East,Southeast,Post-Jordan/Shaq,45,37,0.559,1,9,0,100.7,96.8,94.2,106.0,103.7,2.3,0.276,0.564,80.3,18689
2000,ATL,Atlanta Hawks,East,Southeast,Post-Jordan/Shaq,36,46,0.448,0,0,0,91.8,97.4,97.9,94.8,102.1,-7.3,0.244,0.565,90.6,19265
2000,BOS,Boston Celtics,East,Atlantic,Post-Jordan/Shaq,33,49,0.407,0,0,0,85.9,82.5,95.6,91.2,85.4,5.8,0.237,0.551,83.3,16513
2000,BKN,Brooklyn Nets,East,Atlantic,Post-Jordan/Shaq,27,55,0.332,1,5,0,96.7,100.7,99.0,99.9,102.0,-2.1,0.28,0.535,83.8,16201
2000,CHA,Charlotte Hornets,East,Southeast,Post-Jordan/Shaq,29,53,0.355,0,0,0,95.7,96.7,94.5,101.3,105.1,-3.8,0.265,0.55,81.1,19590
2000,CHI,Chicago Bulls,East,Central,Post-Jordan/Shaq,59,23,0.731,1,8,0,99.0,95.1,96.0,105.6,99.2,6.4,0.278,0.545,95.7,18245
2000,CLE,Cleveland Cavaliers,East,Central,Post-Jordan/Shaq,40,42,0.495,0,0,0,96.5,94.3,94.9,101.0,97.2,3.8,0.239,0.541,75.9,18782
2000,DAL,Dallas Mavericks,West,Southwest,Post-Jordan/Shaq,60,22,0.738,1,3,0,93.2,93.7,93.7,98.8,100.0,-1.2,0.225,0.552,89.5,20000
2000,DEN,Denver Nuggets,West,Northwest,Post-Jordan/Shaq,42,40,0.524,1,5,0,93.7,91.7,96.3,98.6,93.5,5.1,0.274,0.547,86.7,18350
2000,DET,Detroit Pistons,East,Central,Post-Jordan/Shaq,40,42,0.499,0,0,0,88.2,86.0,92.0,97.4,93.1,4.3,0.237,0.533,79.2,20000
2000,GSW,Golden State Warriors,West,Pacific,Post-Jordan/Shaq,39,43,0.483,0,0,0,91.5,93.8,98.4,94.2,93.2,1.0,0.242,0.556,86.7,19569
2000,HOU,Houston Rockets,West,Southwest,Post-Jordan/Shaq,35,47,0.437,0,0,0,93.3,97.9,101.2,94.0,97.7,-3.7,0.262,0.561,77.7,17997
2000,IND,Indiana Pacers,East,Central,Post-Jordan/Shaq,24,58,0.305,0,0,0,89.3,86.4,98.9,87.9,87.2,0.7,0.257,0.537,69.7,19015
2000,LAC,Los Angeles Clippers,West,Pacific,Post-Jordan/Shaq,41,41,0.51,1,8,0,92.2,90.7,97.3,94.3,91.5,2.8,0.307,0.559,84.0,20000
2000,LAL,Los Angeles Lakers,West,Pacific,Post-Jordan/Shaq,50,32,0.619,1,13,0,91.8,88.4,92.5,100.0,95.7,4.3,0.284,0.548,86.2,19157
2000,MEM,Memphis Grizzlies,West,Southwest,Post-Jordan/Shaq,40,42,0.49,0,0,0,95.1,96.0,95.3,100.6,99.0,1.6,0.237,0.543,71.8,18725
2000,MIA,Miami Heat,East,Southeast,Post-Jordan/Shaq,51,31,0.633,1,10,0,100.7,96.4,94.9,105.8,100.2,5.6,0.272,0.553,74.8,19739
2000,MIL,Milwaukee Bucks,East,Central,Post-Jordan/Shaq,36,46,0.44,0,0,0,104.6,110.5,92.2,116.1,116.7,-0.6,0.214,0.538,89.8,20000
2000,MIN,Minnesota Timberwolves,West,Northwest,Post-Jordan/Shaq,35,47,0.433,0,0,0,97.9,94.4,94.5,102.8,98.9,3.9,0.244,0.543,74.3,19012
2000,NOP,New Orleans Pelicans,West,Southwest,Post-Jordan/Shaq,48,34,0.593,1,9,0,96.2,94.1,96.1,96.9,98.1,-1.2,0.264,0.553,98.1,20000
2000,NYK,New York Knicks,East,Atlantic,Post-Jordan/Shaq,35,47,0.43,0,0,0,93.4,89.7,91.6,100.4,97.2,3.2,0.292,0.581,76.8,20000
2000,OKC,Oklahoma City Thunder,West,Northwest,Post-Jordan/Shaq,39,43,0.483,0,0,0,97.1,89.5,92.2,106.2,100.3,5.9,0.229,0.559,77.9,17885
2000,ORL,Orlando Magic,East,Southeast,Post-Jordan/Shaq,33,49,0.407,0,0,0,93.5,97.3,93.3,101.0,106.0,-5.0,0.277,0.569,85.7,20000
2000,PHI,Philadelphia 76ers,East,Atlantic,Post-Jordan/Shaq,42,40,0.52,1,7,0,88.7,86.6,99.1,90.0,85.9,4.1,0.295,0.543,98.3,20000
2000,PHX,Phoenix Suns,West,Pacific,Post-Jordan/Shaq,54,28,0.664,1,10,0,98.0,95.5,99.3,99.2,96.1,3.1,0.301,0.565,84.1,20000
2000,POR,Portland Trail Blazers,West,Northwest,Post-Jordan/Shaq,27,55,0.33,0,0,0,96.7,101.7,98.0,97.5,102.6,-5.1,0.32,0.538,88.6,18222
2000,SAC,Sacramento Kings,West,Pacific,Post-Jordan/Shaq,36,46,0.444,0,0,0,97.0,100.9,95.7,101.3,105.2,-3.9,0.244,0.557,97.6,20000
2000,SAS,San Antonio Spurs,West,Southwest,Post-Jordan/Shaq,31,51,0.384,0,0,0,92.9,88.9,99.0,92.4,88.8,3.6,0.164,0.541,77.2,20000
2000,TOR,Toronto Raptors,East,Atlantic,Post-Jordan/Shaq,19,63,0.232,1,9,0,87.6,91.6,99.8,88.1,88.0,0.1,0.272,0.564,87.5,19138
2000,UTA,Utah Jazz,West,Northwest,Post-Jordan/Shaq,21,61,0.268,0,0,0,101.4,101.9,103.1,98.0,97.9,0.1,0.246,0.542,75.3,20000
2000,WAS,Washington Wizards,East,Southeast,Post-Jordan/Shaq,48,34,0.59,1,11,0,92.4,91.1,95.0,97.9,97.1,0.8,0.236,0.559,91.4,19184
2001,ATL,Atlanta Hawks,East,Southeast,Post-Jordan/Shaq,32,50,0.398,0,0,0,87.0,86.4,101.1,87.0,84.2,2.8,0.297,0.551,87.0,17562
2001,BOS,Boston Celtics,East,Atlantic,Post-Jordan/Shaq,58,24,0.715,1,8,0,93.1,91.2,94.6,100.4,99.4,1.0,0.293,0.557,82.1,18217
2001,BKN,Brooklyn Nets,East,Atlantic,Post-Jordan/Shaq,44,38,0.542,1,10,0,92.3,91.5,92.7,99.9,99.0,0.9,0.284,0.563,83.3,20000
2001,CHA,Charlotte Hornets,East,Southeast,Post-Jordan/Shaq,33,49,0.413,0,0,0,103.3,105.7,100.6,102.0,106.4,-4.4,0.249,0.565,87.3,18138
2001,CHI,Chicago Bulls,East,Central,Post-Jordan/Shaq,44,38,0.548,1,6,0,92.5,88.1,99.9,91.8,90.0,1.8,0.26,0.571,83.8,20000
2001,CLE,Cleveland Cavaliers,East,Central,Post-Jordan/Shaq,31,51,0.384,0,0,0,103.6,103.4,94.9,110.5,108.4,2.1,0.212,0.546,81.9,18078
2001,DAL,Dallas Mavericks,West,Southwest,Post-Jordan/Shaq,50,32,0.61,1,13,0,98.7,98.7,96.0,103.3,105.4,-2.1,0.284,0.539,91.5,20000
2001,DEN,Denver Nuggets,West,Northwest,Post-Jordan/Shaq,43,39,0.535,1,10,0,91.0,90.4,96.9,91.8,95.3,-3.5,0.275,0.575,84.4,20000
2001,DET,Detroit Pistons,East,Central,Post-Jordan/Shaq,36,46,0.443,0,0,0,90.9,83.7,95.2,96.5,87.2,9.3,0.255,0.527,76.7,20000
2001,GSW,Golden State Warriors,West,Pacific,Post-Jordan/Shaq,59,23,0.722,1,6,0,90.6,84.4,98.8,90.6,85.5,5.1,0.272,0.523,85.7,20000
2001,HOU,Houston Rockets,West,Southwest,Post-Jordan/Shaq,45,37,0.559,1,9,0,102.1,99.2,95.9,106.0,102.9,3.1,0.285,0.56,74.8,19595
2001,IND,Indiana Pacers,East,Central,Post-Jordan/Shaq,48,34,0.591,1,7,0,101.9,107.7,99.3,102.2,108.6,-6.4,0.296,0.558,84.9,19798
2001,LAC,Los Angeles Clippers,West,Pacific,Post-Jordan/Shaq,28,54,0.348,0,0,0,97.2,101.7,99.9,97.7,102.9,-5.2,0.288,0.534,90.0,18582
2001,LAL,Los Angeles Lakers,West,Pacific,Post-Jordan/Shaq,57,25,0.7,1,8,0,88.5,81.5,91.6,97.5,86.0,11.5,0.26,0.563,74.5,19030
2001,MEM,Memphis Grizzlies,West,Southwest,Post-Jordan/Shaq,21,61,0.262,0,0,0,100.2,110.3,96.2,102.2,115.1,-12.9,0.235,0.573,74.4,18046
2001,MIA,Miami Heat,East,Southeast,Post-Jordan/Shaq,34,48,0.427,0,0,0,109.2,108.0,96.9,112.9,111.5,1.4,0.307,0.549,88.0,20000
2001,MIL,Milwaukee Bucks,East,Central,Post-Jordan/Shaq,54,28,0.667,1,12,0,93.5,91.1,95.9,97.3,92.7,4.6,0.296,0.556,86.7,19392
2001,MIN,Minnesota Timberwolves,West,Northwest,Post-Jordan/Shaq,37,45,0.454,0,0,0,92.6,92.4,96.7,96.1,93.2,2.9,0.27,0.571,84.0,20000
2001,NOP,New Orleans Pelicans,West,Southwest,Post-Jordan/Shaq,23,59,0.284,0,0,0,103.6,108.2,99.0,104.7,108.2,-3.5,0.279,0.536,81.6,18023
2001,NYK,New York Knicks,East,Atlantic,Post-Jordan/Shaq,40,42,0.495,0,0,0,89.8,86.5,97.6,91.7,87.9,3.8,0.25,0.573,86.8,19589
2001,OKC,Oklahoma City Thunder,West,Northwest,Post-Jordan/Shaq,41,41,0.501,1,12,0,92.1,94.0,95.5,94.6,99.7,-5.1,0.24,0.554,82.9,20000
2001,ORL,Orlando Magic,East,Southeast,Post-Jordan/Shaq,28,54,0.342,0,0,0,92.5,92.7,96.5,96.9,94.7,2.2,0.246,0.566,78.2,17871
2001,PHI,Philadelphia 76ers,East,Atlantic,Post-Jordan/Shaq,42,40,0.516,1,4,0,97.7,96.6,98.3,99.3,99.7,-0.4,0.247,0.525,92.7,18613
2001,PHX,Phoenix Suns,West,Pacific,Post-Jordan/Shaq,38,44,0.464,0,0,0,96.2,96.0,95.7,100.9,103.6,-2.7,0.271,0.565,89.6,20000
2001,POR,Portland Trail Blazers,West,Northwest,Post-Jordan/Shaq,27,55,0.341,0,0,0,92.0,96.7,100.3,92.0,97.0,-5.0,0.214,0.541,77.2,18446
2001,SAC,Sacramento Kings,West,Pacific,Post-Jordan/Shaq,32,50,0.391,1,10,0,94.2,87.1,94.4,99.6,91.2,8.4,0.271,0.541,87.2,17431
2001,SAS,San Antonio Spurs,West,Southwest,Post-Jordan/Shaq,48,34,0.586,1,10,0,94.9,90.2,98.6,97.1,92.8,4.3,0.274,0.534,80.1,20000
2001,TOR,Toronto Raptors,East,Atlantic,Post-Jordan/Shaq,48,34,0.585,1,11,0,93.2,97.8,98.0,94.2,101.3,-7.1,0.237,0.542,102.5,20000
2001,UTA,Utah Jazz,West,Northwest,Post-Jordan/Shaq,31,51,0.386,0,0,0,97.8,93.4,100.0,97.0,96.5,0.5,0.249,0.536,63.3,19097
2001,WAS,Washington Wizards,East,Southeast,Post-Jordan/Shaq,40,42,0.49,1,11,0,86.9,83.7,92.6,93.5,89.9,3.6,0.28,0.546,88.8,19905
2002,ATL,Atlanta Hawks,East,Southeast,Post-Jordan/Shaq,41,41,0.505,1,6,0,91.6,91.7,94.6,95.6,95.8,-0.2,0.22,0.571,83.4,19053
2002,BOS,Boston Celtics,East,Atlantic,Post-Jordan/Shaq,43,39,0.531,1,9,0,93.5,88.8,100.9,90.6,89.5,1.1,0.281,0.544,102.2,20000
2002,BKN,Brooklyn Nets,East,Atlantic,Post-Jordan/Shaq,35,47,0.431,0,0,0,88.2,92.1,102.6,85.8,89.3,-3.5,0.315,0.545,94.0,18694
2002,CHA,Charlotte Hornets,East,Southeast,Post-Jordan/Shaq,29,53,0.356,0,0,0,95.3,98.2,97.4,96.9,100.7,-3.8,0.255,0.572,79.2,18403
2002,CHI,Chicago Bulls,East,Central,Post-Jordan/Shaq,39,43,0.487,1,8,0,93.9,95.7,94.0,100.9,100.9,0.0,0.241,0.551,87.4,19118
2002,CLE,Cleveland Cavaliers,East,Central,Post-Jordan/Shaq,43,39,0.534,1,11,0,83.9,84.4,99.2,83.9,85.0,-1.1,0.273,0.512,100.2,17911
2002,DAL,Dallas Mavericks,West,Southwest,Post-Jordan/Shaq,52,30,0.637,1,4,0,96.1,93.7,98.2,95.9,98.4,-2.5,0.233,0.544,95.8,20000
2002,DEN,Denver Nuggets,West,Northwest,Post-Jordan/Shaq,52,30,0.645,1,9,0,104.1,99.9,97.3,106.3,102.2,4.1,0.288,0.557,97.4,16635
2002,DET,Detroit Pistons,East,Central,Post-Jordan/Shaq,51,31,0.632,1,6,0,96.4,95.4,97.9,97.6,97.2,0.4,0.26,0.539,105.1,19562
2002,GSW,Golden State Warriors,West,Pacific,Post-Jordan/Shaq,66,16,0.806,1,5,0,91.4,92.2,103.0,88.2,89.6,-1.4,0.264,0.535,95.4,20000
2002,HOU,Houston Rockets,West,Southwest,Post-Jordan/Shaq,37,45,0.458,0,0,0,92.3,95.0,93.5,99.2,102.4,-3.2,0.279,0.582,95.0,18837
2002,IND,Indiana Pacers,East,Central,Post-Jordan/Shaq,38,44,0.471,1,7,0,103.6,102.4,93.4,112.8,109.1,3.7,0.276,0.539,86.3,20000
2002,LAC,Los Angeles Clippers,West,Pacific,Post-Jordan/Shaq,42,40,0.512,1,12,0,93.1,95.1,93.7,98.9,101.9,-3.0,0.281,0.554,92.0,15988
2002,LAL,Los Angeles Lakers,West,Pacific,Post-Jordan/Shaq,51,31,0.63,1,12,0,93.6,98.2,101.8,91.8,97.1,-5.3,0.289,0.558,84.8,20000
2002,MEM,Memphis Grizzlies,West,Southwest,Post-Jordan/Shaq,27,55,0.338,0,0,0,103.3,103.9,93.7,110.7,108.9,1.8,0.318,0.556,90.7,17668
2002,MIA,Miami Heat,East,Southeast,Post-Jordan/Shaq,53,29,0.654,1,12,0,93.3,93.0,92.4,101.0,102.0,-1.0,0.254,0.563,100.7,19336
2002,MIL,Milwaukee Bucks,East,Central,Post-Jordan/Shaq,53,29,0.658,1,10,0,99.9,92.5,103.1,97.8,87.1,10.7,0.308,0.55,66.1,20000
2002,MIN,Minnesota Timberwolves,West,Northwest,Post-Jordan/Shaq,33,49,0.403,0,0,0,95.8,93.5,97.1,100.3,96.2,4.1,0.262,0.563,79.4,20000
2002,NOP,New Orleans Pelicans,West,Southwest,Post-Jordan/Shaq,40,42,0.496,0,0,0,96.7,94.0,92.9,104.3,101.7,2.6,0.271,0.557,90.3,18457
2002,NYK,New York Knicks,East,Atlantic,Post-Jordan/Shaq,31,51,0.389,0,0,0,97.7,102.6,94.2,103.6,106.7,-3.1,0.304,0.548,90.9,20000
2002,OKC,Oklahoma City Thunder,West,Northwest,Post-Jordan/Shaq,35,47,0.427,0,0,0,96.5,98.9,93.4,100.5,103.1,-2.6,0.335,0.557,79.2,20000
2002,ORL,Orlando Magic,East,Southeast,Post-Jordan/Shaq,35,47,0.428,0,0,0,98.0,98.0,96.5,102.8,100.8,2.0,0.333,0.566,85.0,19708
2002,PHI,Philadelphia 76ers,East,Atlantic,Post-Jordan/Shaq,40,42,0.496,0,0,0,87.3,85.6,94.4,93.6,90.9,2.7,0.221,0.538,86.7,20000
2002,PHX,Phoenix Suns,West,Pacific,Post-Jordan/Shaq,32,50,0.396,0,0,0,89.9,95.8,99.4,92.5,97.9,-5.4,0.284,0.551,89.3,17413
2002,POR,Portland Trail Blazers,West,Northwest,Post-Jordan/Shaq,28,54,0.342,0,0,0,96.1,97.6,99.6,94.9,98.1,-3.2,0.262,0.543,87.2,20000
2002,SAC,Sacramento Kings,West,Pacific,Post-Jordan/Shaq,36,46,0.445,0,0,0,101.9,102.5,98.7,102.0,105.8,-3.8,0.265,0.556,76.9,20000
2002,SAS,San Antonio Spurs,West,Southwest,Post-Jordan/Shaq,51,31,0.627,1,5,0,89.9,86.6,96.9,95.6,90.7,4.9,0.265,0.547,101.8,16991
2002,TOR,Toronto Raptors,East,Atlantic,Post-Jordan/Shaq,41,41,0.509,1,10,0,91.7,94.4,96.9,95.4,96.0,-0.6,0.262,0.583,79.5,20000
2002,UTA,Utah Jazz,West,Northwest,Post-Jordan/Shaq,34,48,0.416,0,0,0,100.0,97.7,98.9,100.5,98.6,1.9,0.23,0.555,92.1,17140
2002,WAS,Washington Wizards,East,Southeast,Post-Jordan/Shaq,50,32,0.618,1,2,0,102.6,103.9,95.1,109.5,108.7,0.8,0.255,0.56,89.8,19732
2003,ATL,Atlanta Hawks,East,Southeast,Post-Jordan/Shaq,38,44,0.473,0,0,0,91.3,91.2,95.3,95.8,92.4,3.4,0.278,0.542,85.5,17950
2003,BOS,Boston Celtics,East,Atlantic,Post-Jordan/Shaq,58,24,0.708,1,9,0,89.0,83.7,94.3,94.7,87.3,7.4,0.288,0.548,92.1,20000
2003,BKN,Brooklyn Nets,East,Atlantic,Post-Jordan/Shaq,37,45,0.462,0,0,0,99.3,96.8,95.5,105.9,101.3,4.6,0.27,0.543,86.2,19524
2003,CHA,Charlotte Hornets,East,Southeast,Post-Jordan/Shaq,34,48,0.415,0,0,0,101.6,102.3,98.1,104.3,105.1,-0.8,0.26,0.572,99.2,18337
2003,CHI,Chicago Bulls,East,Central,Post-Jordan/Shaq,30,52,0.367,0,0,0,98.8,99.0,93.3,105.6,105.9,-0.3,0.246,0.561,97.5,17473
2003,CLE,Cleveland Cavaliers,East,Central,Post-Jordan/Shaq,48,34,0.59,1,9,0,90.1,88.7,92.9,96.2,95.8,0.4,0.297,0.537,96.5,18193
2003,DAL,Dallas Mavericks,West,Southwest,Post-Jordan/Shaq,44,38,0.541,1,6,0,87.3,86.5,96.8,89.2,87.3,1.9,0.315,0.559,96.3,19365
2003,DEN,Denver Nuggets,West,Northwest,Post-Jordan/Shaq,39,43,0.485,0,0,0,101.1,98.5,92.1,112.8,104.9,7.9,0.288,0.559,102.1,20000
2003,DET,Detroit Pistons,East,Central,Post-Jordan/Shaq,39,43,0.479,0,0,0,97.3,98.3,96.9,96.7,101.1,-4.4,0.295,0.532,88.6,18836
2003,GSW,Golden State Warriors,West,Pacific,Post-Jordan/Shaq,42,40,0.515,1,5,0,97.0,95.9,92.4,105.4,104.8,0.6,0.332,0.537,93.2,17793
2003,HOU,Houston Rockets,West,Southwest,Post-Jordan/Shaq,53,29,0.648,1,5,0,95.4,96.4,97.9,97.0,100.3,-3.3,0.3,0.56,101.3,20000
2003,IND,Indiana Pacers,East,Central,Post-Jordan/Shaq,39,43,0.478,0,0,0,98.5,99.0,94.8,104.3,103.5,0.8,0.268,0.553,99.6,17658
2003,LAC,Los Angeles Clippers,West,Pacific,Post-Jordan/Shaq,33,49,0.408,0,0,0,99.8,103.3,97.8,101.3,105.4,-4.1,0.265,0.526,104.7,19286
2003,LAL,Los Angeles Lakers,West,Pacific,Post-Jordan/Shaq,57,25,0.698,1,9,0,91.9,85.8,91.8,101.5,96.3,5.2,0.265,0.548,100.3,20000
2003,MEM,Memphis Grizzlies,West,Southwest,Post-Jordan/Shaq,50,32,0.619,1,8,0,94.9,94.0,101.1,94.4,89.7,4.7,0.306,0.534,79.3,20000
2003,MIA,Miami Heat,East,Southeast,Post-Jordan/Shaq,58,24,0.719,1,12,0,93.0,92.1,92.6,100.4,99.9,0.5,0.267,0.552,95.0,20000
2003,MIL,Milwaukee Bucks,East,Central,Post-Jordan/Shaq,32,50,0.394,0,0,0,97.6,96.2,96.4,99.8,102.2,-2.4,0.343,0.573,86.9,18657
2003,MIN,Minnesota Timberwolves,West,Northwest,Post-Jordan/Shaq,32,50,0.401,0,0,0,94.3,94.8,95.4,98.7,100.4,-1.7,0.283,0.568,78.0,20000
2003,NOP,New Orleans Pelicans,West,Southwest,Post-Jordan/Shaq,47,35,0.581,1,6,0,96.9,93.0,98.9,96.5,95.0,1.5,0.244,0.531,89.8,20000
2003,NYK,New York Knicks,East,Atlantic,Post-Jordan/Shaq,38,44,0.47,0,0,0,100.8,104.4,98.9,102.7,105.7,-3.0,0.271,0.526,84.0,20000
2003,OKC,Oklahoma City Thunder,West,Northwest,Post-Jordan/Shaq,57,25,0.702,1,7,0,105.6,98.2,96.4,111.4,101.3,10.1,0.245,0.538,100.1,20000
2003,ORL,Orlando Magic,East,Southeast,Post-Jordan/Shaq,54,28,0.662,1,7,0,96.7,96.0,99.4,96.5,98.7,-2.2,0.319,0.562,104.9,20000
2003,PHI,Philadelphia 76ers,East,Atlantic,Post-Jordan/Shaq,35,47,0.436,1,6,0,101.6,94.5,100.4,103.8,93.2,10.6,0.234,0.533,111.8,18629
2003,PHX,Phoenix Suns,West,Pacific,Post-Jordan/Shaq,33,49,0.405,0,0,0,91.9,89.9,96.2,93.5,93.2,0.3,0.288,0.558,92.4,20000
2003,POR,Portland Trail Blazers,West,Northwest,Post-Jordan/Shaq,34,48,0.415,0,0,0,92.2,95.0,99.3,92.9,95.9,-3.0,0.273,0.559,97.3,18471
2003,SAC,Sacramento Kings,West,Pacific,Post-Jordan/Shaq,30,52,0.376,1,16,1,110.2,109.2,100.0,110.9,110.6,0.3,0.347,0.531,86.3,19584
2003,SAS,San Antonio Spurs,West,Southwest,Post-Jordan/Shaq,54,28,0.669,1,10,0,96.6,93.5,98.9,95.3,96.0,-0.7,0.273,0.539,101.3,20000
2003,TOR,Toronto Raptors,East,Atlantic,Post-Jordan/Shaq,39,43,0.477,0,0,0,100.2,102.4,98.7,101.3,104.2,-2.9,0.319,0.554,104.2,19304
2003,UTA,Utah Jazz,West,Northwest,Post-Jordan/Shaq,33,49,0.405,0,0,0,104.7,107.7,94.2,110.4,113.8,-3.4,0.235,0.545,88.3,18746
2003,WAS,Washington Wizards,East,Southeast,Post-Jordan/Shaq,34,48,0.421,0,0,0,97.9,104.8,99.6,96.4,106.8,-10.4,0.271,0.551,93.5,20000
2004,ATL,Atlanta Hawks,East,Southeast,Post-Jordan/Shaq,33,49,0.408,0,0,0,95.2,97.8,98.5,93.9,98.0,-4.1,0.29,0.591,100.6,19105
2004,BOS,Boston Celtics,East,Atlantic,Post-Jordan/Shaq,46,36,0.569,1,10,0,95.0,95.7,98.9,94.9,98.1,-3.2,0.319,0.565,88.5,19765
2004,BKN,Brooklyn Nets,East,Atlantic,Post-Jordan/Shaq,37,45,0.461,0,0,0,96.1,98.4,97.1,99.1,105.6,-6.5,0.32,0.544,94.7,20000
2004,CHA,Charlotte Hornets,East,Southeast,Post-Jordan/Shaq,38,44,0.464,0,0,0,91.8,92.5,90.4,101.7,101.6,0.1,0.345,0.572,88.6,19519
2004,CHI,Chicago Bulls,East,Central,Post-Jordan/Shaq,43,39,0.536,1,4,0,100.5,99.3,93.2,108.4,107.2,1.2,0.261,0.57,78.1,20000
2004,CLE,Cleveland Cavaliers,East,Central,Post-Jordan/Shaq,43,39,0.535,1,10,0,101.4,102.1,99.8,103.0,99.3,3.7,0.316,0.563,101.8,17508
2004,DAL,Dallas Mavericks,West,Southwest,Post-Jordan/Shaq,41,41,0.511,1,8,0,99.6,96.1,95.4,105.2,100.5,4.7,0.257,0.571,96.5,20000
2004,DEN,Denver Nuggets,West,Northwest,Post-Jordan/Shaq,46,36,0.57,1,5,0,91.2,86.8,100.9,88.5,85.3,3.2,0.334,0.565,100.5,19040
2004,DET,Detroit Pistons,East,Central,Post-Jordan/Shaq,15,67,0.189,0,0,0,102.4,107.4,96.2,105.1,113.2,-8.1,0.32,0.566,84.3,18027
2004,GSW,Golden State Warriors,West,Pacific,Post-Jordan/Shaq,55,27,0.673,1,6,0,106.1,104.1,98.7,107.0,103.4,3.6,0.297,0.542,111.0,20000
2004,HOU,Houston Rockets,West,Southwest,Post-Jordan/Shaq,47,35,0.582,1,13,0,95.5,99.2,98.1,95.5,102.2,-6.7,0.318,0.556,97.4,19286
2004,IND,Indiana Pacers,East,Central,Post-Jordan/Shaq,27,55,0.333,0,0,0,90.2,92.7,95.9,92.9,94.5,-1.6,0.333,0.581,103.9,17452
2004,LAC,Los Angeles Clippers,West,Pacific,Post-Jordan/Shaq,56,26,0.684,1,9,0,86.6,83.7,100.1,86.3,84.5,1.8,0.264,0.566,91.0,20000
2004,LAL,Los Angeles Lakers,West,Pacific,Post-Jordan/Shaq,40,42,0.495,0,0,0,93.3,95.3,97.2,93.7,97.8,-4.1,0.322,0.564,101.1,19524
2004,MEM,Memphis Grizzlies,West,Southwest,Post-Jordan/Shaq,29,53,0.357,0,0,0,101.4,100.2,97.3,106.7,104.3,2.4,0.318,0.545,92.3,19982
2004,MIA,Miami Heat,East,Southeast,Post-Jordan/Shaq,51,31,0.625,1,4,0,94.4,94.0,98.5,95.5,99.5,-4.0,0.298,0.553,92.2,20000
2004,MIL,Milwaukee Bucks,East,Central,Post-Jordan/Shaq,26,56,0.317,0,0,0,86.3,87.5,97.0,86.3,90.6,-4.3,0.27,0.558,80.4,18187
2004,MIN,Minnesota Timberwolves,West,Northwest,Post-Jordan/Shaq,39,43,0.484,0,0,0,93.1,86.5,101.3,91.9,83.4,8.5,0.316,0.559,88.2,20000
2004,NOP,New Orleans Pelicans,West,Southwest,Post-Jordan/Shaq,36,46,0.448,0,0,0,88.0,87.4,99.1,91.4,86.6,4.8,0.271,0.549,94.3,19847
2004,NYK,New York Knicks,East,Atlantic,Post-Jordan/Shaq,48,34,0.586,1,13,0,102.2,103.4,96.7,104.1,106.9,-2.8,0.308,0.568,92.1,19831
2004,OKC,Oklahoma City Thunder,West,Northwest,Post-Jordan/Shaq,30,52,0.369,0,0,0,93.7,96.6,95.4,101.6,99.0,2.6,0.309,0.57,109.3,18644
2004,ORL,Orlando Magic,East,Southeast,Post-Jordan/Shaq,32,50,0.397,0,0,0,98.7,99.9,92.8,105.4,107.6,-2.2,0.292,0.572,98.7,17506
2004,PHI,Philadelphia 76ers,East,Atlantic,Post-Jordan/Shaq,36,46,0.445,0,0,0,93.1,96.3,96.3,99.5,97.2,2.3,0.316,0.543,101.0,16334
2004,PHX,Phoenix Suns,West,Pacific,Post-Jordan/Shaq,38,44,0.468,1,12,0,94.8,96.0,96.5,101.3,97.1,4.2,0.278,0.568,90.8,19973
2004,POR,Portland Trail Blazers,West,Northwest,Post-Jordan/Shaq,40,42,0.488,1,5,0,97.8,93.2,94.2,104.1,102.2,1.9,0.322,0.55,101.0,19896
2004,SAC,Sacramento Kings,West,Pacific,Post-Jordan/Shaq,49,33,0.603,1,9,0,95.1,96.2,95.9,101.0,99.8,1.2,0.299,0.574,92.0,18080
2004,SAS,San Antonio Spurs,West,Southwest,Post-Jordan/Shaq,72,10,0.88,1,10,0,93.6,84.8,94.8,99.1,90.1,9.0,0.262,0.549,100.0,20000
2004,TOR,Toronto Raptors,East,Atlantic,Post-Jordan/Shaq,34,48,0.422,0,0,0,88.7,85.4,91.8,96.8,92.9,3.9,0.306,0.559,109.3,17322
2004,UTA,Utah Jazz,West,Northwest,Post-Jordan/Shaq,47,35,0.585,1,8,0,93.2,90.8,94.0,99.7,95.5,4.2,0.309,0.543,104.5,18576
2004,WAS,Washington Wizards,East,Southeast,Post-Jordan/Shaq,35,47,0.429,1,10,0,87.6,82.1,98.7,91.4,82.5,8.9,0.288,0.584,87.4,18889
2005,ATL,Atlanta Hawks,East,Southeast,Post-Jordan/Shaq,36,46,0.442,0,0,0,99.4,101.9,96.5,103.5,107.9,-4.4,0.293,0.569,106.3,19308
2005,BOS,Boston Celtics,East,Atlantic,Post-Jordan/Shaq,43,39,0.525,1,8,0,90.2,86.1,95.7,92.2,89.9,2.3,0.295,0.535,104.0,20000
2005,BKN,Brooklyn Nets,East,Atlantic,Post-Jordan/Shaq,43,39,0.536,1,10,0,89.6,89.9,97.0,93.8,95.0,-1.2,0.25,0.564,97.5,20000
2005,CHA,Charlotte Hornets,East,Southeast,Post-Jordan/Shaq,37,45,0.452,0,0,0,97.2,97.8,93.5,106.9,105.4,1.5,0.344,0.567,92.0,20000
2005,CHI,Chicago Bulls,East,Central,Post-Jordan/Shaq,38,44,0.469,0,0,0,97.4,93.8,98.7,99.1,97.2,1.9,0.274,0.555,101.1,18822
2005,CLE,Cleveland Cavaliers,East,Central,Post-Jordan/Shaq,39,43,0.477,0,0,0,91.6,94.3,96.9,94.2,98.3,-4.1,0.265,0.552,109.7,19184
2005,DAL,Dallas Mavericks,West,Southwest,Post-Jordan/Shaq,38,44,0.464,0,0,0,89.4,87.6,95.7,95.5,91.3,4.2,0.282,0.559,92.6,19523
2005,DEN,Denver Nuggets,West,Northwest,Post-Jordan/Shaq,23,59,0.284,0,0,0,99.3,96.1,94.7,106.9,100.7,6.2,0.251,0.546,95.3,17072
2005,DET,Detroit Pistons,East,Central,Post-Jordan/Shaq,33,49,0.403,0,0,0,99.8,106.8,97.5,103.4,111.4,-8.0,0.296,0.555,92.0,19838
2005,GSW,Golden State Warriors,West,Pacific,Post-Jordan/Shaq,38,44,0.474,0,0,0,94.9,94.0,94.2,99.4,99.4,0.0,0.284,0.534,112.0,20000
2005,HOU,Houston Rockets,West,Southwest,Post-Jordan/Shaq,45,37,0.552,1,5,0,89.9,89.6,98.2,91.1,89.1,2.0,0.324,0.559,105.9,20000
2005,IND,Indiana Pacers,East,Central,Post-Jordan/Shaq,37,45,0.452,0,0,0,97.4,98.6,98.6,98.2,100.7,-2.5,0.318,0.543,95.5,20000
2005,LAC,Los Angeles Clippers,West,Pacific,Post-Jordan/Shaq,49,33,0.603,1,11,0,101.7,97.2,93.1,108.5,108.1,0.4,0.291,0.571,102.7,20000
2005,LAL,Los Angeles Lakers,West,Pacific,Post-Jordan/Shaq,53,29,0.648,1,10,0,92.8,91.7,99.6,92.9,94.8,-1.9,0.31,0.568,106.1,19462
2005,MEM,Memphis Grizzlies,West,Southwest,Post-Jordan/Shaq,47,35,0.573,1,9,0,100.8,94.3,98.4,104.0,96.7,7.3,0.248,0.566,108.6,19000
2005,MIA,Miami Heat,East,Southeast,Post-Jordan/Shaq,26,56,0.32,0,0,0,104.3,109.3,102.5,98.6,108.1,-9.5,0.281,0.532,97.7,19111
2005,MIL,Milwaukee Bucks,East,Central,Post-Jordan/Shaq,45,37,0.55,1,9,0,95.3,93.9,97.0,95.9,97.0,-1.1,0.322,0.548,106.5,20000
2005,MIN,Minnesota Timberwolves,West,Northwest,Post-Jordan/Shaq,40,42,0.497,0,0,0,89.6,87.2,95.8,95.2,93.7,1.5,0.318,0.553,120.6,19388
2005,NOP,New Orleans Pelicans,West,Southwest,Post-Jordan/Shaq,37,45,0.454,0,0,0,93.2,88.5,94.6,99.5,93.2,6.3,0.295,0.579,105.3,16994
2005,NYK,New York Knicks,East,Atlantic,Post-Jordan/Shaq,38,44,0.471,0,0,0,92.3,93.9,94.8,97.5,98.3,-0.8,0.316,0.525,97.2,18486
2005,OKC,Oklahoma City Thunder,West,Northwest,Post-Jordan/Shaq,32,50,0.393,1,12,0,92.9,98.2,99.3,92.9,100.5,-7.6,0.287,0.559,97.6,20000
2005,ORL,Orlando Magic,East,Southeast,Post-Jordan/Shaq,33,49,0.409,0,0,0,92.7,99.1,91.0,100.6,108.9,-8.3,0.265,0.55,97.5,17672
2005,PHI,Philadelphia 76ers,East,Atlantic,Post-Jordan/Shaq,44,38,0.538,1,9,0,84.8,81.7,94.4,88.6,86.2,2.4,0.3,0.549,97.5,17194
2005,PHX,Phoenix Suns,West,Pacific,Post-Jordan/Shaq,36,46,0.448,0,0,0,96.0,96.6,95.8,102.1,99.7,2.4,0.315,0.577,102.1,17486
2005,POR,Portland Trail Blazers,West,Northwest,Post-Jordan/Shaq,17,65,0.219,0,0,0,99.6,105.1,99.2,101.9,105.8,-3.9,0.267,0.572,91.4,18582
2005,SAC,Sacramento Kings,West,Pacific,Post-Jordan/Shaq,30,52,0.369,0,0,0,101.9,100.5,94.9,107.0,105.9,1.1,0.328,0.562,95.2,20000
2005,SAS,San Antonio Spurs,West,Southwest,Post-Jordan/Shaq,41,41,0.506,1,9,0,93.0,89.8,96.2,94.3,93.5,0.8,0.299,0.546,97.2,19120
2005,TOR,Toronto Raptors,East,Atlantic,Post-Jordan/Shaq,33,49,0.406,0,0,0,95.8,96.4,94.2,101.3,102.9,-1.6,0.273,0.574,91.1,19151
2005,UTA,Utah Jazz,West,Northwest,Post-Jordan/Shaq,43,39,0.527,1,12,0,98.7,98.5,96.2,99.4,103.8,-4.4,0.377,0.556,110.1,20000
2005,WAS,Washington Wizards,East,Southeast,Post-Jordan/Shaq,32,50,0.4,0,0,0,97.3,98.4,89.5,108.0,109.7,-1.7,0.313,0.568,94.3,16894
2006,ATL,Atlanta Hawks,East,Southeast,Post-Jordan/Shaq,30,52,0.374,0,0,0,94.7,101.0,101.0,95.4,100.3,-4.9,0.342,0.556,103.3,20000
2006,BOS,Boston Celtics,East,Atlantic,Post-Jordan/Shaq,39,43,0.483,0,0,0,96.0,97.2,98.2,97.1,99.4,-2.3,0.345,0.577,95.3,16587
2006,BKN,Brooklyn Nets,East,Atlantic,Post-Jordan/Shaq,29,53,0.36,0,0,0,95.8,99.5,89.6,107.3,111.9,-4.6,0.308,0.556,96.4,19566
2006,CHA,Charlotte Hornets,East,Southeast,Post-Jordan/Shaq,46,36,0.571,1,7,0,97.2,89.2,97.5,101.3,92.7,8.6,0.366,0.564,116.3,18276
2006,CHI,Chicago Bulls,East,Central,Post-Jordan/Shaq,38,44,0.468,0,0,0,93.1,95.2,94.8,96.6,99.5,-2.9,0.268,0.553,100.7,19259
2006,CLE,Cleveland Cavaliers,East,Central,Post-Jordan/Shaq,46,36,0.572,1,5,0,96.4,93.9,95.9,100.9,98.1,2.8,0.29,0.568,102.4,20000
2006,DAL,Dallas Mavericks,West,Southwest,Post-Jordan/Shaq,45,37,0.556,1,5,0,90.9,87.6,96.7,93.1,92.1,1.0,0.31,0.562,84.6,20000
2006,DEN,Denver Nuggets,West,Northwest,Post-Jordan/Shaq,34,48,0.422,0,0,0,100.3,109.0,95.5,104.3,116.3,-12.0,0.357,0.564,108.3,17188
2006,DET,Detroit Pistons,East,Central,Post-Jordan/Shaq,37,45,0.457,1,8,0,101.1,99.6,94.8,106.0,104.2,1.8,0.301,0.541,104.6,19387
2006,GSW,Golden State Warriors,West,Pacific,Post-Jordan/Shaq,59,23,0.72,1,12,0,98.8,101.1,90.1,107.2,109.9,-2.7,0.281,0.562,99.5,20000
2006,HOU,Houston Rockets,West,Southwest,Post-Jordan/Shaq,39,43,0.479,0,0,0,101.6,103.9,97.6,103.5,105.5,-2.0,0.295,0.564,99.5,19690
2006,IND,Indiana Pacers,East,Central,Post-Jordan/Shaq,40,42,0.492,0,0,0,97.6,102.1,94.2,103.9,110.2,-6.3,0.268,0.555,106.8,18327
2006,LAC,Los Angeles Clippers,West,Pacific,Post-Jordan/Shaq,19,63,0.239,0,0,0,96.3,106.2,95.8,99.1,112.6,-13.5,0.285,0.561,104.7,17851
2006,LAL,Los Angeles Lakers,West,Pacific,Post-Jordan/Shaq,25,57,0.305,0,0,0,100.3,103.5,93.5,105.1,111.4,-6.3,0.291,0.565,95.9,19123
2006,MEM,Memphis Grizzlies,West,Southwest,Post-Jordan/Shaq,57,25,0.701,1,6,0,99.7,98.5,94.0,104.1,103.1,1.0,0.288,0.554,117.4,20000
2006,MIA,Miami Heat,East,Southeast,Post-Jordan/Shaq,34,48,0.427,0,0,0,94.0,100.4,93.8,98.8,107.3,-8.5,0.297,0.533,96.5,18687
2006,MIL,Milwaukee Bucks,East,Central,Post-Jordan/Shaq,53,29,0.65,1,10,0,97.0,92.1,95.3,100.8,98.3,2.5,0.311,0.539,113.9,20000
2006,MIN,Minnesota Timberwolves,West,Northwest,Post-Jordan/Shaq,30,52,0.376,0,0,0,95.0,96.4,99.9,95.0,97.1,-2.1,0.33,0.553,102.3,17581
2006,NOP,New Orleans Pelicans,West,Southwest,Post-Jordan/Shaq,42,40,0.517,1,7,0,92.2,89.8,97.9,95.3,91.9,3.4,0.307,0.559,99.1,19080
2006,NYK,New York Knicks,East,Atlantic,Post-Jordan/Shaq,33,49,0.406,0,0,0,98.4,97.6,99.9,99.4,99.9,-0.5,0.317,0.536,91.7,20000
2006,OKC,Oklahoma City Thunder,West,Northwest,Post-Jordan/Shaq,31,51,0.387,0,0,0,103.6,101.9,99.2,103.9,103.9,0.0,0.332,0.533,107.8,17989
2006,ORL,Orlando Magic,East,Southeast,Post-Jordan/Shaq,27,55,0.33,0,0,0,99.0,103.7,100.6,97.7,101.9,-4.2,0.279,0.585,92.0,18118
2006,PHI,Philadelphia 76ers,East,Atlantic,Post-Jordan/Shaq,42,40,0.512,1,7,0,99.0,101.0,100.1,100.8,100.4,0.4,0.334,0.562,109.7,20000
2006,PHX,Phoenix Suns,West,Pacific,Post-Jordan/Shaq,28,54,0.344,0,0,0,91.6,95.1,98.5,95.5,96.2,-0.7,0.373,0.553,102.2,20000
2006,POR,Portland Trail Blazers,West,Northwest,Post-Jordan/Shaq,34,48,0.421,0,0,0,95.6,94.3,94.1,102.9,100.4,2.5,0.355,0.555,100.2,20000
2006,SAC,Sacramento Kings,West,Pacific,Post-Jordan/Shaq,34,48,0.424,0,0,0,90.8,92.1,99.7,89.5,94.9,-5.4,0.306,0.578,117.4,20000
2006,SAS,San Antonio Spurs,West,Southwest,Post-Jordan/Shaq,45,37,0.561,1,5,0,102.5,104.5,95.2,108.5,109.0,-0.5,0.304,0.554,99.4,19698
2006,TOR,Toronto Raptors,East,Atlantic,Post-Jordan/Shaq,45,37,0.56,1,8,0,96.9,90.5,91.4,108.5,101.0,7.5,0.331,0.554,109.4,19360
2006,UTA,Utah Jazz,West,Northwest,Post-Jordan/Shaq,33,49,0.404,0,0,0,95.2,93.5,94.8,102.7,96.9,5.8,0.324,0.554,96.0,17480
2006,WAS,Washington Wizards,East,Southeast,Post-Jordan/Shaq,40,42,0.495,0,0,0,96.0,91.3,93.8,102.6,96.0,6.6,0.358,0.58,107.3,20000
2007,ATL,Atlanta Hawks,East,Southeast,Post-Jordan/Shaq,26,56,0.325,0,0,0,96.0,93.3,98.5,96.4,92.7,3.7,0.335,0.597,101.2,17815
2007,BOS,Boston Celtics,East,Atlantic,Post-Jordan/Shaq,53,29,0.651,1,10,0,95.9,96.3,98.6,99.9,100.4,-0.5,0.292,0.568,107.8,20000
2007,BKN,Brooklyn Nets,East,Atlantic,Post-Jordan/Shaq,50,32,0.622,1,10,0,100.5,102.7,96.8,103.0,104.4,-1.4,0.248,0.556,120.0,19055
2007,CHA,Charlotte Hornets,East,Southeast,Post-Jordan/Shaq,43,39,0.533,1,5,0,103.2,105.6,92.7,111.9,112.8,-0.9,0.407,0.574,105.1,20000
2007,CHI,Chicago Bulls,East,Central,Post-Jordan/Shaq,33,49,0.411,0,0,0,103.0,109.8,98.8,106.2,109.8,-3.6,0.342,0.536,101.2,19342
2007,CLE,Cleveland Cavaliers,East,Central,Post-Jordan/Shaq,29,53,0.359,0,0,0,90.2,92.5,98.6,89.9,97.8,-7.9,0.301,0.559,94.6,19184
2007,DAL,Dallas Mavericks,West,Southwest,Post-Jordan/Shaq,42,40,0.518,1,10,0,92.8,89.6,96.9,95.9,92.8,3.1,0.323,0.573,113.3,18167
2007,DEN,Denver Nuggets,West,Northwest,Post-Jordan/Shaq,34,48,0.426,1,7,0,99.0,102.4,94.0,107.4,110.1,-2.7,0.333,0.577,110.4,14188
2007,DET,Detroit Pistons,East,Central,Post-Jordan/Shaq,34,48,0.417,0,0,0,98.5,103.1,92.8,106.4,113.7,-7.3,0.318,0.576,101.8,19302
2007,GSW,Golden State Warriors,West,Pacific,Post-Jordan/Shaq,54,28,0.663,1,6,0,96.2,94.5,96.0,102.7,99.8,2.9,0.299,0.563,132.1,20000
2007,HOU,Houston Rockets,West,Southwest,Post-Jordan/Shaq,69,13,0.849,1,8,0,109.5,102.5,97.6,110.6,105.7,4.9,0.267,0.562,130.4,18229
2007,IND,Indiana Pacers,East,Central,Post-Jordan/Shaq,30,52,0.373,0,0,0,99.4,97.4,98.8,100.1,97.9,2.2,0.297,0.595,111.4,18111
2007,LAC,Los Angeles Clippers,West,Pacific,Post-Jordan/Shaq,36,46,0.45,0,0,0,101.4,101.2,92.6,107.4,111.0,-3.6,0.326,0.535,97.7,20000
2007,LAL,Los Angeles Lakers,West,Pacific,Post-Jordan/Shaq,43,39,0.531,1,6,0,92.0,88.8,99.5,92.6,90.0,2.6,0.352,0.554,115.5,17315
2007,MEM,Memphis Grizzlies,West,Southwest,Post-Jordan/Shaq,26,56,0.32,0,0,0,100.7,101.1,100.1,102.7,102.4,0.3,0.279,0.565,124.0,20000
2007,MIA,Miami Heat,East,Southeast,Post-Jordan/Shaq,14,68,0.174,0,0,0,106.7,107.9,98.0,108.9,109.3,-0.4,0.331,0.54,98.5,17737
2007,MIL,Milwaukee Bucks,East,Central,Post-Jordan/Shaq,27,55,0.332,0,0,0,89.5,89.4,101.4,90.1,88.1,2.0,0.327,0.55,95.3,19977
2007,MIN,Minnesota Timberwolves,West,Northwest,Post-Jordan/Shaq,52,30,0.641,1,10,0,91.9,91.4,93.4,98.2,100.4,-2.2,0.32,0.534,111.3,20000
2007,NOP,New Orleans Pelicans,West,Southwest,Post-Jordan/Shaq,42,40,0.512,1,8,0,93.3,91.4,100.8,92.7,91.6,1.1,0.279,0.571,112.1,18520
2007,NYK,New York Knicks,East,Atlantic,Post-Jordan/Shaq,33,49,0.411,0,0,0,91.5,92.6,95.6,96.8,97.0,-0.2,0.289,0.582,91.0,20000
2007,OKC,Oklahoma City Thunder,West,Northwest,Post-Jordan/Shaq,48,34,0.587,1,12,0,89.5,89.5,98.2,91.3,90.9,0.4,0.331,0.552,101.7,17624
2007,ORL,Orlando Magic,East,Southeast,Post-Jordan/Shaq,38,44,0.475,0,0,0,93.3,96.2,96.6,96.6,97.8,-1.2,0.3,0.559,99.2,20000
2007,PHI,Philadelphia 76ers,East,Atlantic,Post-Jordan/Shaq,32,50,0.394,0,0,0,99.6,101.3,95.0,106.6,107.0,-0.4,0.256,0.569,100.1,17895
2007,PHX,Phoenix Suns,West,Pacific,Post-Jordan/Shaq,40,42,0.489,0,0,0,100.2,99.4,97.8,101.8,100.8,1.0,0.371,0.551,106.7,18466
2007,POR,Portland Trail Blazers,West,Northwest,Post-Jordan/Shaq,44,38,0.544,1,6,0,97.1,96.3,97.9,101.7,98.2,3.5,0.314,0.556,107.1,19708
2007,SAC,Sacramento Kings,West,Pacific,Post-Jordan/Shaq,39,43,0.485,0,0,0,104.2,102.8,96.6,107.2,104.4,2.8,0.312,0.552,96.7,20000
2007,SAS,San Antonio Spurs,West,Southwest,Post-Jordan/Shaq,64,18,0.789,1,12,0,97.7,94.6,94.4,103.9,103.1,0.8,0.285,0.6,118.9,20000
2007,TOR,Toronto Raptors,East,Atlantic,Post-Jordan/Shaq,32,50,0.399,0,0,0,102.7,99.7,89.7,114.8,112.6,2.2,0.278,0.573,99.1,20000
2007,UTA,Utah Jazz,West,Northwest,Post-Jordan/Shaq,43,39,0.532,1,10,0,97.0,97.2,92.3,105.2,106.1,-0.9,0.328,0.559,101.4,20000
2007,WAS,Washington Wizards,East,Southeast,Post-Jordan/Shaq,32,50,0.402,0,0,0,97.2,97.1,92.9,105.2,104.0,1.2,0.322,0.551,110.5,19755
2008,ATL,Atlanta Hawks,East,Southeast,LeBron Era,44,38,0.539,1,8,0,99.3,101.1,95.6,103.9,104.3,-0.4,0.371,0.53,121.5,20000
2008,BOS,Boston Celtics,East,Atlantic,LeBron Era,56,26,0.688,1,10,0,102.8,96.5,104.6,96.9,91.7,5.2,0.316,0.543,113.2,19668
2008,BKN,Brooklyn Nets,East,Atlantic,LeBron Era,41,41,0.51,1,11,0,94.9,91.4,92.4,102.3,101.6,0.7,0.328,0.559,117.4,18534
2008,CHA,Charlotte Hornets,East,Southeast,LeBron Era,39,43,0.487,0,0,0,103.6,107.7,96.1,106.6,112.2,-5.6,0.322,0.558,123.7,18884
2008,CHI,Chicago Bulls,East,Central,LeBron Era,40,42,0.489,0,0,0,99.0,101.3,99.0,102.6,104.7,-2.1,0.284,0.567,109.4,17013
2008,CLE,Cleveland Cavaliers,East,Central,LeBron Era,34,48,0.418,0,0,0,109.2,108.8,95.3,112.9,113.3,-0.4,0.335,0.55,115.4,20000
2008,DAL,Dallas Mavericks,West,Southwest,LeBron Era,53,29,0.65,1,4,0,96.0,93.3,99.5,96.6,94.4,2.2,0.323,0.551,114.1,20000
2008,DEN,Denver Nuggets,West,Northwest,LeBron Era,38,44,0.475,0,0,0,102.1,99.1,99.5,103.9,98.7,5.2,0.335,0.54,119.0,18432
2008,DET,Detroit Pistons,East,Central,LeBron Era,37,45,0.46,1,4,0,98.7,99.1,92.4,109.3,106.6,2.7,0.407,0.563,101.0,18670
2008,GSW,Golden State Warriors,West,Pacific,LeBron Era,46,36,0.57,1,5,0,102.4,101.2,99.8,101.8,101.0,0.8,0.348,0.554,117.0,19992
2008,HOU,Houston Rockets,West,Southwest,LeBron Era,41,41,0.505,1,11,0,98.7,97.8,97.2,102.0,102.0,0.0,0.362,0.544,116.5,17376
2008,IND,Indiana Pacers,East,Central,LeBron Era,28,54,0.346,0,0,0,98.9,99.1,97.2,100.9,102.6,-1.7,0.312,0.569,123.1,16446
2008,LAC,Los Angeles Clippers,West,Pacific,LeBron Era,42,40,0.522,1,6,0,105.7,104.0,98.5,108.4,107.0,1.4,0.331,0.579,94.1,17977
2008,LAL,Los Angeles Lakers,West,Pacific,LeBron Era,25,57,0.314,0,0,0,92.5,94.7,97.2,98.2,95.9,2.3,0.286,0.544,95.8,20000
2008,MEM,Memphis Grizzlies,West,Southwest,LeBron Era,37,45,0.457,0,0,0,96.0,91.0,99.5,94.9,91.2,3.7,0.392,0.567,105.0,18547
2008,MIA,Miami Heat,East,Southeast,LeBron Era,34,48,0.426,0,0,0,101.0,99.3,101.7,98.2,98.9,-0.7,0.305,0.553,119.2,19232
2008,MIL,Milwaukee Bucks,East,Central,LeBron Era,19,63,0.244,0,0,0,95.7,92.1,99.8,97.4,89.7,7.7,0.348,0.589,106.7,17838
2008,MIN,Minnesota Timberwolves,West,Northwest,LeBron Era,34,48,0.423,0,0,0,101.1,101.6,94.4,108.2,106.7,1.5,0.39,0.579,110.6,17278
2008,NOP,New Orleans Pelicans,West,Southwest,LeBron Era,39,43,0.484,0,0,0,99.5,105.3,98.1,104.3,107.4,-3.1,0.254,0.56,117.0,18081
2008,NYK,New York Knicks,East,Atlantic,LeBron Era,36,46,0.443,1,7,0,98.8,98.2,98.5,98.4,99.9,-1.5,0.295,0.536,103.3,20000
2008,OKC,Oklahoma City Thunder,West,Northwest,LeBron Era,36,46,0.449,0,0,0,103.6,100.1,91.6,112.1,109.0,3.1,0.342,0.55,103.6,20000
2008,ORL,Orlando Magic,East,Southeast,LeBron Era,35,47,0.436,0,0,0,93.3,97.3,93.6,99.4,103.2,-3.8,0.318,0.559,107.4,19987
2008,PHI,Philadelphia 76ers,East,Atlantic,LeBron Era,42,40,0.519,1,8,0,103.0,103.7,102.8,100.9,97.6,3.3,0.32,0.568,103.0,20000
2008,PHX,Phoenix Suns,West,Pacific,LeBron Era,39,43,0.48,0,0,0,105.3,104.3,93.7,113.7,110.5,3.2,0.289,0.573,105.8,18582
2008,POR,Portland Trail Blazers,West,Northwest,LeBron Era,45,37,0.557,1,4,0,100.9,101.4,97.8,106.0,103.0,3.0,0.314,0.591,124.2,19647
2008,SAC,Sacramento Kings,West,Pacific,LeBron Era,37,45,0.46,0,0,0,95.5,94.1,100.4,95.5,95.1,0.4,0.338,0.561,106.2,18999
2008,SAS,San Antonio Spurs,West,Southwest,LeBron Era,43,39,0.527,1,7,0,95.7,96.6,99.3,99.0,97.3,1.7,0.367,0.571,108.0,17928
2008,TOR,Toronto Raptors,East,Atlantic,LeBron Era,38,44,0.464,0,0,0,96.6,94.8,94.3,101.8,100.9,0.9,0.36,0.581,103.3,18148
2008,UTA,Utah Jazz,West,Northwest,LeBron Era,33,49,0.414,0,0,0,98.7,101.0,97.9,98.1,102.0,-3.9,0.329,0.561,112.1,19266
2008,WAS,Washington Wizards,East,Southeast,LeBron Era,43,39,0.536,1,10,0,93.4,94.8,98.5,97.1,97.3,-0.2,0.291,0.573,112.4,19038
2009,ATL,Atlanta Hawks,East,Southeast,LeBron Era,55,27,0.679,1,7,0,98.7,97.8,97.1,100.6,99.7,0.9,0.323,0.557,103.2,20000
2009,BOS,Boston Celtics,East,Atlantic,LeBron Era,55,27,0.678,1,4,0,100.1,103.0,94.0,106.4,107.8,-1.4,0.36,0.579,119.5,20000
2009,BKN,Brooklyn Nets,East,Atlantic,LeBron Era,35,47,0.431,0,0,0,90.3,93.7,96.5,94.8,95.6,-0.8,0.316,0.529,120.9,19648
2009,CHA,Charlotte Hornets,East,Southeast,LeBron Era,36,46,0.447,0,0,0,99.1,101.4,101.7,96.8,101.1,-4.3,0.332,0.548,118.7,19091
2009,CHI,Chicago Bulls,East,Central,LeBron Era,42,40,0.522,1,6,0,92.4,94.1,95.6,94.9,99.5,-4.6,0.288,0.561,109.0,19849
2009,CLE,Cleveland Cavaliers,East,Central,LeBron Era,25,57,0.306,0,0,0,102.9,107.3,98.6,102.7,108.0,-5.3,0.351,0.559,104.3,19621
2009,DAL,Dallas Mavericks,West,Southwest,LeBron Era,50,32,0.614,1,11,0,106.1,109.8,97.0,109.8,112.9,-3.1,0.328,0.563,115.9,20000
2009,DEN,Denver Nuggets,West,Northwest,LeBron Era,45,37,0.554,1,11,0,102.2,106.9,92.3,109.1,115.1,-6.0,0.378,0.576,121.0,18443
2009,DET,Detroit Pistons,East,Central,LeBron Era,35,47,0.437,0,0,0,96.4,96.8,99.0,99.0,99.0,0.0,0.334,0.555,99.1,17794
2009,GSW,Golden State Warriors,West,Pacific,LeBron Era,47,35,0.585,1,8,0,105.2,101.6,100.1,105.0,101.2,3.8,0.312,0.555,133.8,19907
2009,HOU,Houston Rockets,West,Southwest,LeBron Era,45,37,0.56,1,9,0,102.9,101.0,97.9,103.0,101.7,1.3,0.33,0.567,116.5,20000
2009,IND,Indiana Pacers,East,Central,LeBron Era,28,54,0.354,0,0,0,99.5,94.6,101.3,100.2,94.9,5.3,0.351,0.546,118.7,17989
2009,LAC,Los Angeles Clippers,West,Pacific,LeBron Era,28,54,0.351,0,0,0,96.3,98.5,93.1,102.2,106.7,-4.5,0.329,0.584,106.6,19319
2009,LAL,Los Angeles Lakers,West,Pacific,LeBron Era,44,38,0.542,1,5,0,92.1,94.1,91.8,99.0,99.9,-0.9,0.336,0.549,110.7,20000
2009,MEM,Memphis Grizzlies,West,Southwest,LeBron Era,51,31,0.634,1,11,0,100.1,98.4,95.2,105.2,102.1,3.1,0.329,0.571,114.4,20000
2009,MIA,Miami Heat,East,Southeast,LeBron Era,25,57,0.315,0,0,0,100.6,104.1,97.8,103.2,106.4,-3.2,0.314,0.574,100.6,20000
2009,MIL,Milwaukee Bucks,East,Central,LeBron Era,43,39,0.531,1,11,0,103.2,101.5,103.2,98.4,98.3,0.1,0.341,0.568,116.6,19262
2009,MIN,Minnesota Timberwolves,West,Northwest,LeBron Era,33,49,0.403,1,5,0,105.4,103.0,95.6,110.4,107.4,3.0,0.276,0.578,115.8,15328
2009,NOP,New Orleans Pelicans,West,Southwest,LeBron Era,36,46,0.443,0,0,0,105.0,102.1,98.0,106.7,106.9,-0.2,0.365,0.534,104.7,19830
2009,NYK,New York Knicks,East,Atlantic,LeBron Era,35,47,0.437,0,0,0,101.5,99.7,98.5,105.8,101.7,4.1,0.313,0.56,115.7,20000
2009,OKC,Oklahoma City Thunder,West,Northwest,LeBron Era,39,43,0.485,0,0,0,100.3,108.2,93.6,106.0,117.8,-11.8,0.287,0.574,100.0,18632
2009,ORL,Orlando Magic,East,Southeast,LeBron Era,42,40,0.516,1,4,0,96.2,98.8,101.7,97.9,99.6,-1.7,0.384,0.585,118.3,20000
2009,PHI,Philadelphia 76ers,East,Atlantic,LeBron Era,51,31,0.628,1,10,0,100.2,96.5,100.1,99.9,97.2,2.7,0.333,0.564,120.9,18748
2009,PHX,Phoenix Suns,West,Pacific,LeBron Era,39,43,0.484,0,0,0,95.9,95.5,91.4,104.2,101.9,2.3,0.352,0.562,121.6,20000
2009,POR,Portland Trail Blazers,West,Northwest,LeBron Era,37,45,0.454,0,0,0,103.6,102.9,92.0,115.5,111.2,4.3,0.361,0.56,110.6,20000
2009,SAC,Sacramento Kings,West,Pacific,LeBron Era,31,51,0.385,0,0,0,102.8,102.0,98.0,104.4,102.0,2.4,0.31,0.561,104.0,18732
2009,SAS,San Antonio Spurs,West,Southwest,LeBron Era,64,18,0.784,1,12,0,100.1,93.9,96.4,105.3,95.6,9.7,0.308,0.578,111.8,20000
2009,TOR,Toronto Raptors,East,Atlantic,LeBron Era,43,39,0.534,1,8,0,99.1,100.6,99.5,98.5,102.5,-4.0,0.347,0.548,110.6,20000
2009,UTA,Utah Jazz,West,Northwest,LeBron Era,34,48,0.421,0,0,0,97.4,100.6,90.5,106.2,115.5,-9.3,0.379,0.601,115.6,20000
2009,WAS,Washington Wizards,East,Southeast,LeBron Era,47,35,0.579,1,9,0,89.9,87.8,97.0,91.8,89.3,2.5,0.302,0.58,110.3,20000
2010,ATL,Atlanta Hawks,East,Southeast,LeBron Era,46,36,0.566,1,6,0,99.6,96.9,96.1,104.0,100.7,3.3,0.37,0.554,113.0,19409
2010,BOS,Boston Celtics,East,Atlantic,LeBron Era,59,23,0.72,1,8,0,96.9,92.7,95.6,103.0,98.5,4.5,0.376,0.553,115.0,20000
2010,BKN,Brooklyn Nets,East,Atlantic,LeBron Era,52,30,0.642,1,9,0,106.9,101.9,101.5,105.4,100.9,4.5,0.366,0.566,124.5,20000
2010,CHA,Charlotte Hornets,East,Southeast,LeBron Era,38,44,0.475,0,0,0,97.8,96.7,96.2,105.2,98.2,7.0,0.333,0.572,119.7,19548
2010,CHI,Chicago Bulls,East,Central,LeBron Era,53,29,0.657,1,5,0,103.8,101.5,100.0,103.0,101.3,1.7,0.325,0.56,106.4,20000
2010,CLE,Cleveland Cavaliers,East,Central,LeBron Era,23,59,0.286,0,0,0,97.2,97.5,93.9,104.0,103.6,0.4,0.367,0.548,123.6,18324
2010,DAL,Dallas Mavericks,West,Southwest,LeBron Era,51,31,0.626,1,6,0,107.3,106.0,95.6,112.3,108.4,3.9,0.358,0.579,111.9,19745
2010,DEN,Denver Nuggets,West,Northwest,LeBron Era,35,47,0.436,0,0,0,99.6,100.3,92.1,108.5,107.1,1.4,0.343,0.604,115.7,20000
2010,DET,Detroit Pistons,East,Central,LeBron Era,55,27,0.679,1,7,0,94.8,93.8,102.5,93.0,92.9,0.1,0.362,0.54,134.9,19367
2010,GSW,Golden State Warriors,West,Pacific,LeBron Era,56,26,0.693,1,8,0,97.6,95.1,91.5,106.8,104.2,2.6,0.324,0.551,114.6,20000
2010,HOU,Houston Rockets,West,Southwest,LeBron Era,38,44,0.464,0,0,0,100.4,94.6,101.7,97.1,90.8,6.3,0.318,0.57,124.4,18370
2010,IND,Indiana Pacers,East,Central,LeBron Era,45,37,0.55,1,12,0,104.5,109.7,96.1,108.7,113.1,-4.4,0.338,0.578,102.3,20000
2010,LAC,Los Angeles Clippers,West,Pacific,LeBron Era,27,55,0.341,0,0,0,99.9,102.3,90.8,110.4,113.0,-2.6,0.356,0.523,103.6,16860
2010,LAL,Los Angeles Lakers,West,Pacific,LeBron Era,55,27,0.68,1,10,0,93.4,91.7,97.2,95.5,94.0,1.5,0.355,0.531,115.5,20000
2010,MEM,Memphis Grizzlies,West,Southwest,LeBron Era,36,46,0.439,0,0,0,97.6,98.3,94.9,104.6,103.6,1.0,0.352,0.526,108.1,20000
2010,MIA,Miami Heat,East,Southeast,LeBron Era,56,26,0.691,1,14,0,102.6,101.3,97.2,105.6,105.6,0.0,0.305,0.547,131.4,20000
2010,MIL,Milwaukee Bucks,East,Central,LeBron Era,62,20,0.756,1,9,0,99.3,98.8,102.5,96.0,96.8,-0.8,0.352,0.546,119.8,20000
2010,MIN,Minnesota Timberwolves,West,Northwest,LeBron Era,39,43,0.486,0,0,0,95.3,95.7,98.8,94.9,97.0,-2.1,0.32,0.557,115.3,19418
2010,NOP,New Orleans Pelicans,West,Southwest,LeBron Era,46,36,0.567,1,10,0,93.8,90.1,95.7,96.4,93.0,3.4,0.386,0.597,116.3,16750
2010,NYK,New York Knicks,East,Atlantic,LeBron Era,43,39,0.528,1,8,0,103.2,102.4,98.1,107.5,105.9,1.6,0.339,0.561,128.4,20000
2010,OKC,Oklahoma City Thunder,West,Northwest,LeBron Era,49,33,0.604,1,7,0,94.4,95.6,101.4,91.3,94.1,-2.8,0.326,0.581,115.7,19336
2010,ORL,Orlando Magic,East,Southeast,LeBron Era,49,33,0.603,1,8,0,97.9,91.7,97.6,99.7,93.7,6.0,0.377,0.584,121.0,17025
2010,PHI,Philadelphia 76ers,East,Atlantic,LeBron Era,32,50,0.396,0,0,0,114.0,115.3,98.4,114.6,117.7,-3.1,0.38,0.568,112.9,17268
2010,PHX,Phoenix Suns,West,Pacific,LeBron Era,43,39,0.529,1,7,0,99.5,99.5,96.2,107.7,103.3,4.4,0.355,0.575,121.8,20000
2010,POR,Portland Trail Blazers,West,Northwest,LeBron Era,33,49,0.411,0,0,0,99.2,96.8,97.1,103.5,99.2,4.3,0.327,0.553,106.6,17838
2010,SAC,Sacramento Kings,West,Pacific,LeBron Era,45,37,0.556,1,4,0,98.8,99.7,94.5,101.4,104.4,-3.0,0.329,0.55,111.3,20000
2010,SAS,San Antonio Spurs,West,Southwest,LeBron Era,51,31,0.622,1,3,0,105.6,105.3,93.3,114.0,112.1,1.9,0.316,0.555,121.9,20000
2010,TOR,Toronto Raptors,East,Atlantic,LeBron Era,27,55,0.331,0,0,0,97.1,101.0,95.7,100.8,106.0,-5.2,0.336,0.53,111.4,18810
2010,UTA,Utah Jazz,West,Northwest,LeBron Era,35,47,0.433,0,0,0,101.6,104.5,103.1,98.4,101.1,-2.7,0.352,0.57,119.3,20000
2010,WAS,Washington Wizards,East,Southeast,LeBron Era,32,50,0.399,0,0,0,101.8,107.0,96.5,107.3,110.5,-3.2,0.424,0.576,123.2,19831
2011,ATL,Atlanta Hawks,East,Southeast,LeBron Era,20,62,0.252,0,0,0,106.7,106.6,95.4,111.8,113.2,-1.4,0.369,0.573,109.6,20000
2011,BOS,Boston Celtics,East,Atlantic,LeBron Era,54,28,0.665,1,10,0,109.8,109.7,94.6,114.8,116.3,-1.5,0.348,0.575,130.4,19946
2011,BKN,Brooklyn Nets,East,Atlantic,LeBron Era,43,39,0.53,1,5,0,92.1,88.0,98.6,91.4,87.9,3.5,0.312,0.562,140.1,20000
2011,CHA,Charlotte Hornets,East,Southeast,LeBron Era,52,30,0.643,1,9,0,103.8,108.4,95.1,109.8,111.8,-2.0,0.325,0.581,127.5,20000
2011,CHI,Chicago Bulls,East,Central,LeBron Era,54,28,0.664,1,7,0,100.1,96.8,96.9,103.1,101.7,1.4,0.427,0.548,108.6,19688
2011,CLE,Cleveland Cavaliers,East,Central,LeBron Era,38,44,0.473,0,0,0,92.2,92.8,99.6,92.8,92.9,-0.1,0.344,0.572,111.4,19438
2011,DAL,Dallas Mavericks,West,Southwest,LeBron Era,45,37,0.554,1,6,0,105.8,106.9,94.0,111.2,112.8,-1.6,0.348,0.571,116.0,19525
2011,DEN,Denver Nuggets,West,Northwest,LeBron Era,33,49,0.405,0,0,0,96.6,98.7,95.4,100.9,102.8,-1.9,0.354,0.554,110.8,18811
2011,DET,Detroit Pistons,East,Central,LeBron Era,39,43,0.476,0,0,0,95.0,99.6,92.9,104.9,106.5,-1.6,0.341,0.551,128.9,19222
2011,GSW,Golden State Warriors,West,Pacific,LeBron Era,52,30,0.635,1,7,0,97.0,96.4,93.4,103.5,103.8,-0.3,0.358,0.572,128.0,19392
2011,HOU,Houston Rockets,West,Southwest,LeBron Era,52,30,0.638,1,4,0,101.6,92.4,95.9,104.3,97.1,7.2,0.349,0.567,134.8,20000
2011,IND,Indiana Pacers,East,Central,LeBron Era,19,63,0.239,0,0,0,108.9,109.9,100.7,108.4,108.0,0.4,0.363,0.565,118.1,20000
2011,LAC,Los Angeles Clippers,West,Pacific,LeBron Era,14,68,0.171,0,0,0,100.5,103.9,93.7,104.9,109.2,-4.3,0.347,0.533,109.4,18497
2011,LAL,Los Angeles Lakers,West,Pacific,LeBron Era,43,39,0.526,1,10,0,98.8,103.3,101.8,98.9,102.4,-3.5,0.325,0.59,122.6,17836
2011,MEM,Memphis Grizzlies,West,Southwest,LeBron Era,41,41,0.502,1,8,0,98.8,99.7,93.4,106.0,105.2,0.8,0.328,0.55,114.0,20000
2011,MIA,Miami Heat,East,Southeast,LeBron Era,58,24,0.711,1,14,0,87.7,90.8,93.7,93.6,99.7,-6.1,0.37,0.563,133.6,19286
2011,MIL,Milwaukee Bucks,East,Central,LeBron Era,33,49,0.411,0,0,0,95.3,95.9,93.8,100.1,100.5,-0.4,0.291,0.588,123.8,20000
2011,MIN,Minnesota Timberwolves,West,Northwest,LeBron Era,41,41,0.51,1,9,0,99.9,96.6,91.6,107.9,103.6,4.3,0.334,0.561,116.9,20000
2011,NOP,New Orleans Pelicans,West,Southwest,LeBron Era,48,34,0.589,1,13,0,98.0,97.0,97.6,100.2,98.2,2.0,0.319,0.553,112.8,18547
2011,NYK,New York Knicks,East,Atlantic,LeBron Era,9,73,0.12,0,0,0,94.4,101.3,95.6,102.0,107.9,-5.9,0.329,0.572,119.9,19992
2011,OKC,Oklahoma City Thunder,West,Northwest,LeBron Era,35,47,0.43,0,0,0,110.9,113.4,97.1,112.7,116.7,-4.0,0.392,0.573,120.0,19878
2011,ORL,Orlando Magic,East,Southeast,LeBron Era,48,34,0.594,1,3,0,98.3,93.2,99.7,96.5,92.5,4.0,0.386,0.575,125.6,19610
2011,PHI,Philadelphia 76ers,East,Atlantic,LeBron Era,41,41,0.51,1,8,0,99.3,100.4,99.4,99.2,100.4,-1.2,0.35,0.557,113.0,17274
2011,PHX,Phoenix Suns,West,Pacific,LeBron Era,42,40,0.518,1,8,0,95.8,96.6,96.5,100.4,98.7,1.7,0.367,0.559,113.2,19792
2011,POR,Portland Trail Blazers,West,Northwest,LeBron Era,47,35,0.575,1,4,0,100.0,96.2,97.2,105.5,100.4,5.1,0.37,0.567,119.9,20000
2011,SAC,Sacramento Kings,West,Pacific,LeBron Era,36,46,0.447,0,0,0,98.2,99.2,97.6,100.7,101.5,-0.8,0.357,0.558,122.8,19753
2011,SAS,San Antonio Spurs,West,Southwest,LeBron Era,58,24,0.714,1,10,0,95.9,92.7,94.3,101.8,100.0,1.8,0.356,0.556,140.7,20000
2011,TOR,Toronto Raptors,East,Atlantic,LeBron Era,37,45,0.46,0,0,0,95.4,95.1,94.2,99.3,98.2,1.1,0.359,0.548,121.3,18938
2011,UTA,Utah Jazz,West,Northwest,LeBron Era,37,45,0.456,0,0,0,101.5,103.6,98.8,103.6,102.2,1.4,0.382,0.555,119.6,17179
2011,WAS,Washington Wizards,East,Southeast,LeBron Era,36,46,0.443,0,0,0,94.6,90.6,95.8,98.8,93.7,5.1,0.327,0.573,130.6,18965
2012,ATL,Atlanta Hawks,East,Southeast,LeBron Era,39,43,0.486,0,0,0,101.2,103.0,96.8,106.0,109.4,-3.4,0.357,0.578,124.9,19460
2012,BOS,Boston Celtics,East,Atlantic,LeBron Era,43,39,0.527,1,9,0,109.6,105.1,94.7,116.7,110.1,6.6,0.3,0.584,134.9,19757
2012,BKN,Brooklyn Nets,East,Atlantic,LeBron Era,23,59,0.292,0,0,0,102.8,102.7,93.8,111.1,112.2,-1.1,0.368,0.557,130.2,18505
2012,CHA,Charlotte Hornets,East,Southeast,LeBron Era,34,48,0.422,0,0,0,91.0,93.8,95.8,97.7,97.7,0.0,0.297,0.565,129.4,19721
2012,CHI,Chicago Bulls,East,Central,LeBron Era,53,29,0.651,1,5,0,87.0,87.6,97.6,87.4,88.9,-1.5,0.357,0.562,119.2,20000
2012,CLE,Cleveland Cavaliers,East,Central,LeBron Era,38,44,0.471,0,0,0,109.2,107.5,89.5,120.4,117.0,3.4,0.404,0.562,121.1,18332
2012,DAL,Dallas Mavericks,West,Southwest,LeBron Era,46,36,0.562,1,13,0,103.8,101.4,98.3,106.0,103.1,2.9,0.375,0.564,117.7,19610
2012,DEN,Denver Nuggets,West,Northwest,LeBron Era,49,33,0.609,1,5,0,101.4,100.6,98.3,104.1,99.6,4.5,0.372,0.584,130.0,18186
2012,DET,Detroit Pistons,East,Central,LeBron Era,49,33,0.6,1,6,0,102.8,104.5,99.7,104.2,104.8,-0.6,0.356,0.569,115.7,20000
2012,GSW,Golden State Warriors,West,Pacific,LeBron Era,36,46,0.448,0,0,0,103.8,98.7,100.4,103.3,99.5,3.8,0.359,0.567,138.3,20000
2012,HOU,Houston Rockets,West,Southwest,LeBron Era,27,55,0.336,0,0,0,104.4,103.8,97.1,108.3,105.0,3.3,0.365,0.54,130.3,16788
2012,IND,Indiana Pacers,East,Central,LeBron Era,50,32,0.617,1,8,0,94.9,92.9,94.2,99.3,102.2,-2.9,0.409,0.572,128.8,20000
2012,LAC,Los Angeles Clippers,West,Pacific,LeBron Era,49,33,0.598,1,12,0,99.0,95.5,96.8,99.9,98.4,1.5,0.348,0.569,118.2,20000
2012,LAL,Los Angeles Lakers,West,Pacific,LeBron Era,57,25,0.7,1,5,0,97.9,95.2,94.5,104.5,99.6,4.9,0.345,0.58,131.1,19922
2012,MEM,Memphis Grizzlies,West,Southwest,LeBron Era,47,35,0.574,1,9,0,104.9,102.9,100.1,105.0,100.7,4.3,0.393,0.561,116.1,19785
2012,MIA,Miami Heat,East,Southeast,LeBron Era,38,44,0.475,0,0,0,104.3,104.8,90.2,116.3,117.4,-1.1,0.366,0.577,139.6,18509
2012,MIL,Milwaukee Bucks,East,Central,LeBron Era,43,39,0.533,1,5,0,94.9,97.8,99.7,92.9,97.2,-4.3,0.37,0.563,117.5,20000
2012,MIN,Minnesota Timberwolves,West,Northwest,LeBron Era,56,26,0.685,1,7,0,104.5,108.0,94.4,109.3,116.7,-7.4,0.336,0.542,116.9,20000
2012,NOP,New Orleans Pelicans,West,Southwest,LeBron Era,56,26,0.691,1,9,0,95.5,95.7,95.1,98.8,102.1,-3.3,0.338,0.573,130.3,19963
2012,NYK,New York Knicks,East,Atlantic,LeBron Era,36,46,0.443,0,0,0,105.6,104.5,96.3,110.7,108.9,1.8,0.384,0.576,121.1,19408
2012,OKC,Oklahoma City Thunder,West,Northwest,LeBron Era,45,37,0.555,1,11,0,93.7,90.3,95.4,98.8,97.4,1.4,0.388,0.556,130.2,18060
2012,ORL,Orlando Magic,East,Southeast,LeBron Era,35,47,0.428,0,0,0,97.4,97.6,97.4,100.2,99.2,1.0,0.294,0.585,130.6,18680
2012,PHI,Philadelphia 76ers,East,Atlantic,LeBron Era,36,46,0.448,0,0,0,103.1,106.7,89.7,116.4,119.4,-3.0,0.287,0.575,110.4,17127
2012,PHX,Phoenix Suns,West,Pacific,LeBron Era,35,47,0.428,0,0,0,106.7,113.6,100.5,105.9,109.5,-3.6,0.402,0.563,124.0,16631
2012,POR,Portland Trail Blazers,West,Northwest,LeBron Era,37,45,0.46,0,0,0,104.6,103.1,94.4,109.4,111.1,-1.7,0.358,0.531,116.5,20000
2012,SAC,Sacramento Kings,West,Pacific,LeBron Era,37,45,0.453,0,0,0,100.5,100.8,100.9,98.1,98.4,-0.3,0.32,0.584,117.9,20000
2012,SAS,San Antonio Spurs,West,Southwest,LeBron Era,52,30,0.645,1,3,0,104.0,102.3,91.1,114.8,112.5,2.3,0.311,0.539,137.6,19788
2012,TOR,Toronto Raptors,East,Atlantic,LeBron Era,54,28,0.663,1,7,0,96.2,97.5,94.4,101.8,102.8,-1.0,0.358,0.559,128.1,19434
2012,UTA,Utah Jazz,West,Northwest,LeBron Era,40,42,0.491,1,11,0,95.2,89.9,96.7,96.3,91.6,4.7,0.362,0.546,129.0,18062
2012,WAS,Washington Wizards,East,Southeast,LeBron Era,48,34,0.59,1,9,0,96.3,98.7,98.1,97.7,102.8,-5.1,0.35,0.574,113.8,18209
2013,ATL,Atlanta Hawks,East,Southeast,LeBron Era,40,42,0.493,0,0,0,92.2,93.1,98.4,92.3,96.0,-3.7,0.336,0.584,137.0,18902
2013,BOS,Boston Celtics,East,Atlantic,LeBron Era,65,17,0.794,1,12,0,94.5,91.2,97.8,96.5,92.5,4.0,0.414,0.573,142.6,19978
2013,BKN,Brooklyn Nets,East,Atlantic,LeBron Era,43,39,0.532,1,12,0,109.7,110.7,99.2,111.0,110.2,0.8,0.372,0.543,136.2,20000
2013,CHA,Charlotte Hornets,East,Southeast,LeBron Era,10,72,0.129,0,0,0,105.1,111.1,91.8,116.6,120.3,-3.7,0.36,0.562,127.5,18030
2013,CHI,Chicago Bulls,East,Central,LeBron Era,47,35,0.581,1,7,0,105.6,104.5,98.8,109.2,105.4,3.8,0.341,0.569,119.6,19965
2013,CLE,Cleveland Cavaliers,East,Central,LeBron Era,42,40,0.524,1,4,0,105.6,105.8,95.5,111.0,110.9,0.1,0.394,0.566,128.4,19288
2013,DAL,Dallas Mavericks,West,Southwest,LeBron Era,35,47,0.438,0,0,0,96.5,96.1,97.1,100.9,101.9,-1.0,0.368,0.578,132.8,19750
2013,DEN,Denver Nuggets,West,Northwest,LeBron Era,36,46,0.445,0,0,0,100.7,102.2,98.4,100.1,103.6,-3.5,0.378,0.568,115.8,20000
2013,DET,Detroit Pistons,East,Central,LeBron Era,33,49,0.405,0,0,0,90.4,90.1,90.0,101.1,101.0,0.1,0.343,0.599,131.4,19910
2013,GSW,Golden State Warriors,West,Pacific,LeBron Era,43,39,0.535,1,5,0,97.2,98.3,98.3,96.0,101.6,-5.6,0.353,0.548,133.8,19163
2013,HOU,Houston Rockets,West,Southwest,LeBron Era,38,44,0.473,0,0,0,97.1,98.9,97.5,99.0,102.9,-3.9,0.361,0.581,124.0,18685
2013,IND,Indiana Pacers,East,Central,LeBron Era,19,63,0.24,0,0,0,104.2,106.8,92.8,113.0,116.1,-3.1,0.313,0.61,129.8,17178
2013,LAC,Los Angeles Clippers,West,Pacific,LeBron Era,31,51,0.382,0,0,0,96.9,95.4,97.3,96.8,98.9,-2.1,0.357,0.57,123.7,19821
2013,LAL,Los Angeles Lakers,West,Pacific,LeBron Era,44,38,0.537,1,2,0,100.6,102.2,99.5,100.0,101.1,-1.1,0.349,0.538,124.2,18657
2013,MEM,Memphis Grizzlies,West,Southwest,LeBron Era,43,39,0.528,1,5,0,100.7,100.6,96.7,104.5,104.4,0.1,0.33,0.554,134.6,17963
2013,MIA,Miami Heat,East,Southeast,LeBron Era,43,39,0.528,1,6,0,97.0,92.8,95.6,99.6,100.3,-0.7,0.346,0.576,132.8,20000
2013,MIL,Milwaukee Bucks,East,Central,LeBron Era,43,39,0.536,1,7,0,102.4,101.0,97.3,105.4,100.9,4.5,0.355,0.604,124.1,17451
2013,MIN,Minnesota Timberwolves,West,Northwest,LeBron Era,37,45,0.461,0,0,0,101.3,104.9,91.4,110.5,116.0,-5.5,0.376,0.592,116.9,20000
2013,NOP,New Orleans Pelicans,West,Southwest,LeBron Era,50,32,0.612,1,11,0,93.7,93.1,94.1,99.5,99.0,0.5,0.379,0.55,119.6,20000
2013,NYK,New York Knicks,East,Atlantic,LeBron Era,30,52,0.375,0,0,0,100.4,101.2,98.0,103.6,102.6,1.0,0.353,0.578,116.7,18869
2013,OKC,Oklahoma City Thunder,West,Northwest,LeBron Era,48,34,0.592,1,5,0,102.3,99.6,97.9,104.0,101.9,2.1,0.332,0.591,133.8,20000
2013,ORL,Orlando Magic,East,Southeast,LeBron Era,28,54,0.348,0,0,0,101.7,104.7,91.7,113.9,115.3,-1.4,0.349,0.557,124.3,17684
2013,PHI,Philadelphia 76ers,East,Atlantic,LeBron Era,40,42,0.491,0,0,0,106.1,104.5,96.2,109.6,108.2,1.4,0.386,0.546,122.3,19714
2013,PHX,Phoenix Suns,West,Pacific,LeBron Era,31,51,0.384,0,0,0,92.8,95.6,95.0,96.4,100.2,-3.8,0.307,0.536,131.4,18705
2013,POR,Portland Trail Blazers,West,Northwest,LeBron Era,39,43,0.484,0,0,0,100.0,101.6,96.6,101.9,103.3,-1.4,0.34,0.557,132.2,19796
2013,SAC,Sacramento Kings,West,Pacific,LeBron Era,38,44,0.467,0,0,0,102.1,99.8,100.7,100.6,97.6,3.0,0.332,0.555,127.2,19372
2013,SAS,San Antonio Spurs,West,Southwest,LeBron Era,52,30,0.636,1,9,0,97.3,97.3,97.6,101.8,100.4,1.4,0.334,0.558,117.7,17955
2013,TOR,Toronto Raptors,East,Atlantic,LeBron Era,38,44,0.471,1,13,0,90.5,92.3,91.0,99.3,102.3,-3.0,0.377,0.568,111.8,17404
2013,UTA,Utah Jazz,West,Northwest,LeBron Era,25,57,0.315,1,3,0,99.0,91.6,98.2,102.0,92.4,9.6,0.389,0.573,124.3,20000
2013,WAS,Washington Wizards,East,Southeast,LeBron Era,35,47,0.437,0,0,0,92.8,92.2,102.1,93.0,89.8,3.2,0.356,0.584,116.9,16910
2014,ATL,Atlanta Hawks,East,Southeast,LeBron Era,50,32,0.617,1,12,0,91.6,90.1,93.5,96.3,95.7,0.6,0.351,0.569,149.0,18017
2014,BOS,Boston Celtics,East,Atlantic,LeBron Era,50,32,0.62,1,10,0,104.7,99.4,99.6,102.9,100.8,2.1,0.354,0.573,128.4,18832
2014,BKN,Brooklyn Nets,East,Atlantic,LeBron Era,31,51,0.389,0,0,0,104.5,109.1,94.1,111.0,112.5,-1.5,0.405,0.565,122.1,19662
2014,CHA,Charlotte Hornets,East,Southeast,LeBron Era,47,35,0.578,1,9,0,100.2,99.7,95.4,104.9,106.2,-1.3,0.413,0.576,128.0,18429
2014,CHI,Chicago Bulls,East,Central,LeBron Era,38,44,0.465,1,2,0,101.0,102.7,95.3,105.2,109.5,-4.3,0.453,0.575,132.9,18992
2014,CLE,Cleveland Cavaliers,East,Central,LeBron Era,34,48,0.416,0,0,0,92.8,92.8,105.8,88.8,89.8,-1.0,0.337,0.579,124.7,20000
2014,DAL,Dallas Mavericks,West,Southwest,LeBron Era,34,48,0.425,0,0,0,102.7,103.9,100.2,103.4,104.4,-1.0,0.363,0.558,139.9,16852
2014,DEN,Denver Nuggets,West,Northwest,LeBron Era,53,29,0.648,1,8,0,98.6,94.7,99.3,101.7,96.6,5.1,0.349,0.572,139.8,19878
2014,DET,Detroit Pistons,East,Central,LeBron Era,40,42,0.498,0,0,0,93.9,96.8,101.3,92.5,95.5,-3.0,0.412,0.564,131.1,18936
2014,GSW,Golden State Warriors,West,Pacific,LeBron Era,52,30,0.642,1,8,0,103.4,110.6,97.4,107.9,112.1,-4.2,0.391,0.537,134.8,20000
2014,HOU,Houston Rockets,West,Southwest,LeBron Era,43,39,0.527,1,5,0,101.7,99.3,100.4,103.9,99.7,4.2,0.356,0.583,131.7,20000
2014,IND,Indiana Pacers,East,Central,LeBron Era,44,38,0.544,1,4,0,94.6,93.1,102.7,93.6,90.0,3.6,0.375,0.583,133.4,19410
2014,LAC,Los Angeles Clippers,West,Pacific,LeBron Era,41,41,0.502,1,5,0,104.2,101.0,98.5,104.3,103.2,1.1,0.392,0.567,124.3,19233
2014,LAL,Los Angeles Lakers,West,Pacific,LeBron Era,44,38,0.539,1,15,0,102.2,100.5,103.1,97.7,98.1,-0.4,0.382,0.573,149.3,19227
2014,MEM,Memphis Grizzlies,West,Southwest,LeBron Era,52,30,0.643,1,7,0,100.4,101.2,97.4,100.6,102.4,-1.8,0.387,0.589,135.4,19373
2014,MIA,Miami Heat,East,Southeast,LeBron Era,36,46,0.448,0,0,0,88.9,89.8,93.4,93.1,96.6,-3.5,0.383,0.575,134.6,17847
2014,MIL,Milwaukee Bucks,East,Central,LeBron Era,19,63,0.242,0,0,0,92.3,97.2,101.0,89.4,97.1,-7.7,0.387,0.562,137.5,18334
2014,MIN,Minnesota Timberwolves,West,Northwest,LeBron Era,29,53,0.361,1,12,0,100.8,101.2,101.3,102.6,99.2,3.4,0.416,0.57,131.2,18045
2014,NOP,New Orleans Pelicans,West,Southwest,LeBron Era,34,48,0.415,0,0,0,96.0,94.1,97.5,98.6,97.8,0.8,0.362,0.543,130.9,19278
2014,NYK,New York Knicks,East,Atlantic,LeBron Era,38,44,0.471,0,0,0,97.6,98.5,104.0,91.7,95.4,-3.7,0.352,0.55,122.2,19083
2014,OKC,Oklahoma City Thunder,West,Northwest,LeBron Era,37,45,0.462,0,0,0,100.1,101.9,101.6,98.3,101.0,-2.7,0.396,0.558,135.4,17963
2014,ORL,Orlando Magic,East,Southeast,LeBron Era,28,54,0.346,0,0,0,100.4,103.1,101.8,99.1,99.3,-0.2,0.363,0.587,135.3,18044
2014,PHI,Philadelphia 76ers,East,Atlantic,LeBron Era,34,48,0.416,0,0,0,100.5,98.5,106.8,95.6,91.2,4.4,0.37,0.584,126.9,19298
2014,PHX,Phoenix Suns,West,Pacific,LeBron Era,43,39,0.526,1,4,0,90.8,92.7,101.4,89.0,91.7,-2.7,0.366,0.582,144.7,18865
2014,POR,Portland Trail Blazers,West,Northwest,LeBron Era,34,48,0.426,0,0,0,100.5,99.8,103.7,100.3,98.5,1.8,0.401,0.576,127.3,18243
2014,SAC,Sacramento Kings,West,Pacific,LeBron Era,23,59,0.292,0,0,0,107.9,110.3,99.7,106.1,111.2,-5.1,0.41,0.57,125.4,17978
2014,SAS,San Antonio Spurs,West,Southwest,LeBron Era,48,34,0.59,1,7,0,96.4,94.1,98.5,97.3,94.5,2.8,0.377,0.54,130.3,19731
2014,TOR,Toronto Raptors,East,Atlantic,LeBron Era,30,52,0.373,0,0,0,100.0,108.5,98.5,99.7,110.7,-11.0,0.383,0.54,122.2,18879
2014,UTA,Utah Jazz,West,Northwest,LeBron Era,38,44,0.471,0,0,0,86.5,85.5,101.9,85.9,83.4,2.5,0.389,0.545,131.4,20000
2014,WAS,Washington Wizards,East,Southeast,LeBron Era,37,45,0.459,0,0,0,107.9,113.7,102.0,104.9,111.4,-6.5,0.374,0.577,146.3,20000
2015,ATL,Atlanta Hawks,East,Southeast,LeBron Era,38,44,0.469,0,0,0,95.7,93.3,99.6,96.7,95.6,1.1,0.345,0.557,125.5,17588
2015,BOS,Boston Celtics,East,Atlantic,LeBron Era,46,36,0.564,1,8,0,102.9,96.6,97.3,106.2,97.8,8.4,0.348,0.555,137.2,19841
2015,BKN,Brooklyn Nets,East,Atlantic,LeBron Era,24,58,0.3,0,0,0,103.4,101.5,94.8,107.1,108.9,-1.8,0.377,0.552,140.9,20000
2015,CHA,Charlotte Hornets,East,Southeast,LeBron Era,38,44,0.474,0,0,0,100.7,104.7,102.4,98.7,102.3,-3.6,0.328,0.576,129.2,16719
2015,CHI,Chicago Bulls,East,Central,LeBron Era,47,35,0.582,1,7,0,100.4,100.9,102.7,99.2,99.9,-0.7,0.407,0.562,130.0,19628
2015,CLE,Cleveland Cavaliers,East,Central,LeBron Era,53,29,0.651,1,10,0,99.2,94.8,103.1,95.0,89.2,5.8,0.363,0.573,137.6,20000
2015,DAL,Dallas Mavericks,West,Southwest,LeBron Era,45,37,0.553,1,6,0,93.9,94.4,96.5,95.1,99.1,-4.0,0.389,0.593,118.3,20000
2015,DEN,Denver Nuggets,West,Northwest,LeBron Era,28,54,0.343,0,0,0,104.1,105.8,104.3,99.7,102.0,-2.3,0.42,0.562,147.6,20000
2015,DET,Detroit Pistons,East,Central,LeBron Era,38,44,0.473,0,0,0,104.0,102.4,98.8,103.6,103.9,-0.3,0.378,0.57,122.3,20000
2015,GSW,Golden State Warriors,West,Pacific,LeBron Era,43,39,0.536,1,11,0,96.9,96.9,107.0,90.9,89.2,1.7,0.379,0.587,138.2,19239
2015,HOU,Houston Rockets,West,Southwest,LeBron Era,32,50,0.402,0,0,0,102.0,98.4,101.8,97.1,97.1,0.0,0.415,0.558,152.2,17446
2015,IND,Indiana Pacers,East,Central,LeBron Era,35,47,0.431,0,0,0,103.2,104.5,98.9,104.2,108.1,-3.9,0.397,0.572,136.2,20000
2015,LAC,Los Angeles Clippers,West,Pacific,LeBron Era,38,44,0.47,0,0,0,102.8,104.4,100.2,104.4,101.3,3.1,0.362,0.583,133.2,19989
2015,LAL,Los Angeles Lakers,West,Pacific,LeBron Era,60,22,0.737,1,6,0,96.9,101.3,100.9,95.4,101.1,-5.7,0.417,0.555,138.0,20000
2015,MEM,Memphis Grizzlies,West,Southwest,LeBron Era,45,37,0.55,1,10,0,95.6,98.0,98.9,97.8,102.1,-4.3,0.303,0.588,130.0,20000
2015,MIA,Miami Heat,East,Southeast,LeBron Era,39,43,0.477,0,0,0,97.6,95.0,107.0,89.3,87.0,2.3,0.428,0.565,146.5,18940
2015,MIL,Milwaukee Bucks,East,Central,LeBron Era,62,20,0.758,1,8,0,102.7,103.3,102.3,99.9,102.1,-2.2,0.429,0.556,133.7,20000
2015,MIN,Minnesota Timberwolves,West,Northwest,LeBron Era,29,53,0.364,0,0,0,101.7,101.0,97.7,106.5,99.5,7.0,0.411,0.578,130.5,18925
2015,NOP,New Orleans Pelicans,West,Southwest,LeBron Era,25,57,0.315,0,0,0,105.7,111.6,100.0,105.3,114.3,-9.0,0.4,0.592,132.0,18112
2015,NYK,New York Knicks,East,Atlantic,LeBron Era,31,51,0.384,1,13,0,99.3,98.0,96.0,104.6,103.9,0.7,0.395,0.595,139.0,19030
2015,OKC,Oklahoma City Thunder,West,Northwest,LeBron Era,36,46,0.443,0,0,0,98.5,98.0,107.5,92.7,89.7,3.0,0.369,0.548,147.0,17935
2015,ORL,Orlando Magic,East,Southeast,LeBron Era,51,31,0.634,1,7,0,99.8,97.6,100.2,98.7,98.2,0.5,0.386,0.566,137.4,16890
2015,PHI,Philadelphia 76ers,East,Atlantic,LeBron Era,47,35,0.582,1,6,0,108.8,111.9,100.0,108.8,110.9,-2.1,0.357,0.575,126.7,20000
2015,PHX,Phoenix Suns,West,Pacific,LeBron Era,32,50,0.391,0,0,0,101.3,110.0,100.5,102.2,110.2,-8.0,0.347,0.607,136.0,18444
2015,POR,Portland Trail Blazers,West,Northwest,LeBron Era,39,43,0.479,0,0,0,96.8,95.5,99.9,96.5,95.5,1.0,0.361,0.572,145.7,20000
2015,SAC,Sacramento Kings,West,Pacific,LeBron Era,42,40,0.521,1,8,0,99.4,103.4,101.3,101.4,100.3,1.1,0.414,0.594,127.9,20000
2015,SAS,San Antonio Spurs,West,Southwest,LeBron Era,60,22,0.734,1,15,0,91.2,85.6,93.9,96.9,91.0,5.9,0.367,0.568,149.9,20000
2015,TOR,Toronto Raptors,East,Atlantic,LeBron Era,30,52,0.374,0,0,0,99.9,101.1,97.1,103.3,105.8,-2.5,0.396,0.584,130.3,18291
2015,UTA,Utah Jazz,West,Northwest,LeBron Era,62,20,0.756,1,4,0,93.3,94.2,102.5,89.9,92.7,-2.8,0.38,0.562,139.4,20000
2015,WAS,Washington Wizards,East,Southeast,LeBron Era,29,53,0.354,0,0,0,109.3,117.6,101.7,108.4,116.1,-7.7,0.405,0.573,139.1,18794
2016,ATL,Atlanta Hawks,East,Southeast,Warriors Dynasty,32,50,0.394,0,0,0,106.0,105.8,96.4,110.3,108.5,1.8,0.382,0.569,134.5,20000
2016,BOS,Boston Celtics,East,Atlantic,Warriors Dynasty,31,51,0.383,0,0,0,110.0,111.7,96.3,114.3,116.3,-2.0,0.366,0.568,134.8,18460
2016,BKN,Brooklyn Nets,East,Atlantic,Warriors Dynasty,32,50,0.398,0,0,0,114.3,116.3,99.9,113.8,119.6,-5.8,0.378,0.563,133.5,18193
2016,CHA,Charlotte Hornets,East,Southeast,Warriors Dynasty,36,46,0.446,0,0,0,107.8,103.8,100.0,105.8,103.1,2.7,0.417,0.605,123.6,19424
2016,CHI,Chicago Bulls,East,Central,Warriors Dynasty,55,27,0.679,1,7,0,112.8,109.7,99.9,115.1,110.5,4.6,0.375,0.56,149.8,20000
2016,CLE,Cleveland Cavaliers,East,Central,Warriors Dynasty,47,35,0.582,1,13,0,112.1,112.1,96.8,112.4,115.3,-2.9,0.414,0.568,141.1,20000
2016,DAL,Dallas Mavericks,West,Southwest,Warriors Dynasty,36,46,0.447,0,0,0,108.6,110.2,98.5,111.5,111.6,-0.1,0.423,0.571,140.7,18858
2016,DEN,Denver Nuggets,West,Northwest,Warriors Dynasty,42,40,0.521,1,11,0,105.4,106.2,97.9,106.8,110.1,-3.3,0.435,0.57,134.9,20000
2016,DET,Detroit Pistons,East,Central,Warriors Dynasty,42,40,0.521,1,8,0,99.9,100.6,101.3,98.7,99.8,-1.1,0.401,0.572,138.2,20000
2016,GSW,Golden State Warriors,West,Pacific,Warriors Dynasty,42,40,0.52,1,9,0,116.0,118.5,94.4,123.6,126.8,-3.2,0.366,0.558,140.3,18783
2016,HOU,Houston Rockets,West,Southwest,Warriors Dynasty,51,31,0.631,1,6,0,103.6,107.4,99.7,105.9,110.1,-4.2,0.366,0.612,144.0,19957
2016,IND,Indiana Pacers,East,Central,Warriors Dynasty,23,59,0.285,0,0,0,117.6,123.8,103.9,113.8,117.8,-4.0,0.401,0.617,134.9,17497
2016,LAC,Los Angeles Clippers,West,Pacific,Warriors Dynasty,45,37,0.55,1,5,0,102.3,104.0,99.7,103.1,105.4,-2.3,0.329,0.556,152.6,20000
2016,LAL,Los Angeles Lakers,West,Pacific,Warriors Dynasty,38,44,0.475,0,0,0,109.3,114.1,96.7,111.7,117.5,-5.8,0.446,0.583,135.3,20000
2016,MEM,Memphis Grizzlies,West,Southwest,Warriors Dynasty,37,45,0.463,0,0,0,113.6,112.6,100.7,113.4,113.0,0.4,0.375,0.562,142.7,17665
2016,MIA,Miami Heat,East,Southeast,Warriors Dynasty,34,48,0.417,1,15,0,107.7,109.0,98.2,110.0,114.5,-4.5,0.37,0.579,134.0,17958
2016,MIL,Milwaukee Bucks,East,Central,Warriors Dynasty,45,37,0.555,1,8,0,114.7,105.3,101.8,112.7,104.8,7.9,0.403,0.571,133.8,20000
2016,MIN,Minnesota Timberwolves,West,Northwest,Warriors Dynasty,25,57,0.305,1,11,0,102.9,105.8,97.4,107.5,108.3,-0.8,0.374,0.588,128.0,17587
2016,NOP,New Orleans Pelicans,West,Southwest,Warriors Dynasty,32,50,0.399,0,0,0,107.2,109.6,102.4,104.2,107.7,-3.5,0.381,0.585,144.4,19153
2016,NYK,New York Knicks,East,Atlantic,Warriors Dynasty,44,38,0.545,1,6,0,113.5,113.1,98.6,115.2,111.0,4.2,0.394,0.554,143.1,19648
2016,OKC,Oklahoma City Thunder,West,Northwest,Warriors Dynasty,34,48,0.417,0,0,0,108.4,104.5,99.8,108.4,104.9,3.5,0.379,0.601,140.8,18681
2016,ORL,Orlando Magic,East,Southeast,Warriors Dynasty,36,46,0.441,1,9,0,106.7,107.6,101.7,104.6,104.7,-0.1,0.331,0.576,127.8,20000
2016,PHI,Philadelphia 76ers,East,Atlantic,Warriors Dynasty,33,49,0.404,0,0,0,110.6,109.0,103.2,108.5,105.6,2.9,0.38,0.585,133.9,17873
2016,PHX,Phoenix Suns,West,Pacific,Warriors Dynasty,22,60,0.279,0,0,0,108.4,118.2,99.1,108.5,118.4,-9.9,0.403,0.547,143.6,18924
2016,POR,Portland Trail Blazers,West,Northwest,Warriors Dynasty,25,57,0.313,0,0,0,104.0,105.0,101.0,103.3,105.6,-2.3,0.433,0.596,141.4,19539
2016,SAC,Sacramento Kings,West,Pacific,Warriors Dynasty,29,53,0.365,0,0,0,104.8,99.7,104.3,100.1,92.7,7.4,0.347,0.576,145.5,20000
2016,SAS,San Antonio Spurs,West,Southwest,Warriors Dynasty,36,46,0.439,0,0,0,108.4,102.3,94.7,113.5,107.6,5.9,0.409,0.577,143.3,18373
2016,TOR,Toronto Raptors,East,Atlantic,Warriors Dynasty,38,44,0.465,0,0,0,107.7,107.1,100.1,109.0,106.9,2.1,0.427,0.568,141.9,18757
2016,UTA,Utah Jazz,West,Northwest,Warriors Dynasty,69,13,0.85,1,6,0,102.0,95.2,99.0,102.3,98.5,3.8,0.401,0.544,136.8,19171
2016,WAS,Washington Wizards,East,Southeast,Warriors Dynasty,34,48,0.416,0,0,0,110.1,108.0,105.2,104.1,102.5,1.6,0.448,0.583,151.7,17375
2017,ATL,Atlanta Hawks,East,Southeast,Warriors Dynasty,44,38,0.548,1,6,0,110.4,113.2,102.0,107.1,110.6,-3.5,0.416,0.563,140.5,20000
2017,BOS,Boston Celtics,East,Atlantic,Warriors Dynasty,36,46,0.45,1,10,0,115.4,113.7,100.8,117.5,114.5,3.0,0.392,0.558,150.8,17014
2017,BKN,Brooklyn Nets,East,Atlantic,Warriors Dynasty,38,44,0.473,0,0,0,117.4,115.5,96.9,121.7,118.7,3.0,0.396,0.579,134.7,18922
2017,CHA,Charlotte Hornets,East,Southeast,Warriors Dynasty,40,42,0.497,1,6,0,113.8,106.5,103.5,111.8,103.1,8.7,0.403,0.558,146.3,20000
2017,CHI,Chicago Bulls,East,Central,Warriors Dynasty,53,29,0.655,1,6,0,120.8,119.0,96.8,124.9,124.1,0.8,0.388,0.579,161.7,20000
2017,CLE,Cleveland Cavaliers,East,Central,Warriors Dynasty,45,37,0.555,1,7,0,101.9,102.3,101.3,101.3,101.1,0.2,0.407,0.556,147.4,20000
2017,DAL,Dallas Mavericks,West,Southwest,Warriors Dynasty,34,48,0.422,0,0,0,113.5,108.3,103.5,110.4,104.5,5.9,0.441,0.566,134.6,16677
2017,DEN,Denver Nuggets,West,Northwest,Warriors Dynasty,52,30,0.643,1,7,0,102.8,102.3,90.4,116.3,114.3,2.0,0.462,0.591,147.9,17364
2017,DET,Detroit Pistons,East,Central,Warriors Dynasty,40,42,0.489,0,0,0,115.5,119.7,95.5,120.1,124.4,-4.3,0.382,0.57,142.2,20000
2017,GSW,Golden State Warriors,West,Pacific,Warriors Dynasty,39,43,0.479,0,0,0,115.6,116.5,99.4,116.1,119.6,-3.5,0.368,0.58,141.1,19259
2017,HOU,Houston Rockets,West,Southwest,Warriors Dynasty,36,46,0.444,0,0,0,113.0,113.7,95.3,116.9,119.9,-3.0,0.359,0.596,134.6,20000
2017,IND,Indiana Pacers,East,Central,Warriors Dynasty,28,54,0.35,0,0,0,104.9,104.4,97.2,109.9,106.1,3.8,0.429,0.576,147.1,19451
2017,LAC,Los Angeles Clippers,West,Pacific,Warriors Dynasty,33,49,0.408,0,0,0,109.9,113.5,96.5,114.2,120.5,-6.3,0.42,0.551,147.1,19116
2017,LAL,Los Angeles Lakers,West,Pacific,Warriors Dynasty,53,29,0.655,1,7,0,101.7,102.0,99.0,102.6,104.5,-1.9,0.366,0.595,148.3,19245
2017,MEM,Memphis Grizzlies,West,Southwest,Warriors Dynasty,39,43,0.477,0,0,0,110.7,113.9,100.3,108.3,114.0,-5.7,0.365,0.581,144.0,20000
2017,MIA,Miami Heat,East,Southeast,Warriors Dynasty,39,43,0.478,0,0,0,109.0,106.9,97.1,110.7,110.3,0.4,0.474,0.557,138.7,18994
2017,MIL,Milwaukee Bucks,East,Central,Warriors Dynasty,26,56,0.324,0,0,0,110.7,117.2,99.3,111.0,115.7,-4.7,0.398,0.568,132.1,19322
2017,MIN,Minnesota Timberwolves,West,Northwest,Warriors Dynasty,38,44,0.467,0,0,0,104.3,112.2,97.8,106.7,116.1,-9.4,0.413,0.605,139.7,20000
2017,NOP,New Orleans Pelicans,West,Southwest,Warriors Dynasty,56,26,0.683,1,11,0,102.0,100.7,104.9,100.7,94.8,5.9,0.371,0.59,152.6,20000
2017,NYK,New York Knicks,East,Atlantic,Warriors Dynasty,29,53,0.36,0,0,0,103.6,105.5,97.1,108.0,106.1,1.9,0.327,0.619,152.3,19149
2017,OKC,Oklahoma City Thunder,West,Northwest,Warriors Dynasty,36,46,0.445,0,0,0,112.3,114.6,97.2,113.7,118.3,-4.6,0.387,0.604,135.0,17040
2017,ORL,Orlando Magic,East,Southeast,Warriors Dynasty,37,45,0.461,1,10,0,109.5,112.4,98.7,110.1,114.1,-4.0,0.367,0.581,134.5,18141
2017,PHI,Philadelphia 76ers,East,Atlantic,Warriors Dynasty,12,70,0.148,0,0,0,107.6,111.2,97.9,109.0,112.9,-3.9,0.403,0.594,123.5,15835
2017,PHX,Phoenix Suns,West,Pacific,Warriors Dynasty,38,44,0.467,1,9,0,115.5,118.3,97.8,118.0,122.0,-4.0,0.401,0.587,132.2,20000
2017,POR,Portland Trail Blazers,West,Northwest,Warriors Dynasty,24,58,0.303,0,0,0,110.3,108.9,99.6,111.8,110.2,1.6,0.376,0.562,141.1,19246
2017,SAC,Sacramento Kings,West,Pacific,Warriors Dynasty,33,49,0.412,0,0,0,107.6,113.1,101.8,104.9,109.8,-4.9,0.367,0.608,145.0,19802
2017,SAS,San Antonio Spurs,West,Southwest,Warriors Dynasty,42,40,0.517,1,8,0,113.1,114.6,102.5,111.1,111.3,-0.2,0.423,0.589,138.4,18842
2017,TOR,Toronto Raptors,East,Atlantic,Warriors Dynasty,56,26,0.684,1,9,0,106.8,104.8,98.7,108.4,106.4,2.0,0.376,0.594,146.3,20000
2017,UTA,Utah Jazz,West,Northwest,Warriors Dynasty,35,47,0.428,0,0,0,106.5,108.2,98.1,108.5,110.1,-1.6,0.404,0.583,152.3,19309
2017,WAS,Washington Wizards,East,Southeast,Warriors Dynasty,38,44,0.469,0,0,0,110.9,112.6,102.9,108.0,111.6,-3.6,0.409,0.595,151.7,18560
2018,ATL,Atlanta Hawks,East,Southeast,Warriors Dynasty,40,42,0.495,0,0,0,100.7,97.3,102.5,100.6,93.9,6.7,0.37,0.596,140.6,18696
2018,BOS,Boston Celtics,East,Atlantic,Warriors Dynasty,41,41,0.509,1,6,0,106.5,107.5,100.3,105.6,109.2,-3.6,0.379,0.579,161.0,20000
2018,BKN,Brooklyn Nets,East,Atlantic,Warriors Dynasty,31,51,0.385,1,9,0,108.5,106.6,98.7,108.5,107.0,1.5,0.389,0.556,139.8,20000
2018,CHA,Charlotte Hornets,East,Southeast,Warriors Dynasty,21,61,0.261,0,0,0,104.2,107.4,106.0,99.7,100.4,-0.7,0.44,0.569,128.8,17412
2018,CHI,Chicago Bulls,East,Central,Warriors Dynasty,41,41,0.512,1,6,0,104.1,107.0,96.6,111.0,111.4,-0.4,0.45,0.592,138.6,20000
2018,CLE,Cleveland Cavaliers,East,Central,Warriors Dynasty,29,53,0.356,1,5,0,104.4,106.2,96.8,107.4,108.0,-0.6,0.375,0.583,148.0,20000
2018,DAL,Dallas Mavericks,West,Southwest,Warriors Dynasty,35,47,0.439,0,0,0,116.0,119.8,98.2,119.1,120.6,-1.5,0.424,0.578,142.7,18248
2018,DEN,Denver Nuggets,West,Northwest,Warriors Dynasty,38,44,0.468,0,0,0,108.4,106.7,101.9,104.5,104.4,0.1,0.432,0.594,147.4,18251
2018,DET,Detroit Pistons,East,Central,Warriors Dynasty,52,30,0.636,1,4,0,114.9,112.4,96.2,119.6,116.3,3.3,0.401,0.541,149.4,19416
2018,GSW,Golden State Warriors,West,Pacific,Warriors Dynasty,56,26,0.683,1,6,0,112.8,112.4,104.3,107.5,110.0,-2.5,0.43,0.568,133.0,20000
2018,HOU,Houston Rockets,West,Southwest,Warriors Dynasty,49,33,0.6,1,7,0,110.1,112.3,99.1,111.1,113.1,-2.0,0.399,0.556,150.5,19691
2018,IND,Indiana Pacers,East,Central,Warriors Dynasty,42,40,0.514,1,10,0,118.3,119.2,101.4,116.5,119.7,-3.2,0.385,0.569,143.2,20000
2018,LAC,Los Angeles Clippers,West,Pacific,Warriors Dynasty,50,32,0.618,1,5,0,110.5,107.7,103.2,106.6,103.2,3.4,0.436,0.585,134.7,18697
2018,LAL,Los Angeles Lakers,West,Pacific,Warriors Dynasty,54,28,0.667,1,6,0,109.6,111.2,101.4,107.9,106.5,1.4,0.409,0.557,150.3,20000
2018,MEM,Memphis Grizzlies,West,Southwest,Warriors Dynasty,26,56,0.326,0,0,0,102.0,113.1,95.6,108.5,118.2,-9.7,0.472,0.575,141.3,16115
2018,MIA,Miami Heat,East,Southeast,Warriors Dynasty,32,50,0.402,0,0,0,117.8,118.2,103.0,113.0,115.8,-2.8,0.429,0.564,146.4,18728
2018,MIL,Milwaukee Bucks,East,Central,Warriors Dynasty,72,10,0.88,1,8,0,114.3,111.5,91.6,122.9,120.4,2.5,0.398,0.578,151.4,20000
2018,MIN,Minnesota Timberwolves,West,Northwest,Warriors Dynasty,30,52,0.376,0,0,0,117.3,120.1,105.9,110.8,112.1,-1.3,0.387,0.57,139.4,18585
2018,NOP,New Orleans Pelicans,West,Southwest,Warriors Dynasty,20,62,0.251,0,0,0,116.4,121.9,102.2,110.8,116.8,-6.0,0.396,0.589,134.4,18082
2018,NYK,New York Knicks,East,Atlantic,Warriors Dynasty,35,47,0.439,0,0,0,107.5,109.7,105.6,100.7,105.2,-4.5,0.431,0.584,150.5,18732
2018,OKC,Oklahoma City Thunder,West,Northwest,Warriors Dynasty,35,47,0.431,0,0,0,108.1,112.3,102.4,104.7,108.0,-3.3,0.43,0.581,158.6,20000
2018,ORL,Orlando Magic,East,Southeast,Warriors Dynasty,33,49,0.414,0,0,0,102.1,103.2,99.9,98.6,102.6,-4.0,0.395,0.585,131.1,19690
2018,PHI,Philadelphia 76ers,East,Atlantic,Warriors Dynasty,34,48,0.416,0,0,0,108.2,115.3,105.9,106.2,109.2,-3.0,0.372,0.57,160.1,20000
2018,PHX,Phoenix Suns,West,Pacific,Warriors Dynasty,27,55,0.341,0,0,0,105.1,107.5,102.0,102.0,105.5,-3.5,0.354,0.584,133.1,20000
2018,POR,Portland Trail Blazers,West,Northwest,Warriors Dynasty,40,42,0.5,0,0,0,108.2,106.8,102.6,107.0,105.8,1.2,0.378,0.572,152.3,20000
2018,SAC,Sacramento Kings,West,Pacific,Warriors Dynasty,44,38,0.545,1,5,0,108.0,105.7,102.0,105.8,104.0,1.8,0.4,0.571,142.4,20000
2018,SAS,San Antonio Spurs,West,Southwest,Warriors Dynasty,54,28,0.661,1,5,0,113.2,106.1,97.5,116.1,106.1,10.0,0.414,0.553,144.9,18528
2018,TOR,Toronto Raptors,East,Atlantic,Warriors Dynasty,50,32,0.622,1,7,0,111.8,103.4,103.8,110.8,102.3,8.5,0.402,0.554,149.5,19887
2018,UTA,Utah Jazz,West,Northwest,Warriors Dynasty,48,34,0.591,1,1,0,109.1,106.5,106.0,104.4,97.1,7.3,0.385,0.577,142.0,19669
2018,WAS,Washington Wizards,East,Southeast,Warriors Dynasty,25,57,0.307,0,0,0,121.9,123.5,101.7,118.8,119.4,-0.6,0.437,0.579,133.8,17551
2019,ATL,Atlanta Hawks,East,Southeast,Warriors Dynasty,25,57,0.315,0,0,0,107.3,109.4,104.8,101.7,103.4,-1.7,0.414,0.56,142.7,19435
2019,BOS,Boston Celtics,East,Atlantic,Warriors Dynasty,50,32,0.622,1,7,0,109.7,109.6,103.3,107.0,106.2,0.8,0.416,0.606,141.4,18716
2019,BKN,Brooklyn Nets,East,Atlantic,Warriors Dynasty,47,35,0.577,1,8,0,111.5,110.7,99.6,110.2,111.4,-1.2,0.418,0.575,154.9,19912
2019,CHA,Charlotte Hornets,East,Southeast,Warriors Dynasty,50,32,0.618,1,12,0,106.1,100.6,103.6,101.1,97.0,4.1,0.399,0.591,147.5,20000
2019,CHI,Chicago Bulls,East,Central,Warriors Dynasty,46,36,0.563,1,13,0,111.5,115.3,103.4,105.0,111.8,-6.8,0.372,0.591,165.5,18521
2019,CLE,Cleveland Cavaliers,East,Central,Warriors Dynasty,40,42,0.493,0,0,0,109.4,109.5,100.8,110.7,109.2,1.5,0.391,0.59,143.1,20000
2019,DAL,Dallas Mavericks,West,Southwest,Warriors Dynasty,24,58,0.303,0,0,0,112.7,111.5,98.6,115.7,111.5,4.2,0.408,0.567,142.5,17310
2019,DEN,Denver Nuggets,West,Northwest,Warriors Dynasty,55,27,0.673,1,7,0,109.9,105.0,100.9,107.5,103.4,4.1,0.41,0.583,155.0,20000
2019,DET,Detroit Pistons,East,Central,Warriors Dynasty,33,49,0.405,0,0,0,107.4,107.9,98.6,110.6,109.0,1.6,0.464,0.581,130.2,17459
2019,GSW,Golden State Warriors,West,Pacific,Warriors Dynasty,56,26,0.688,1,4,0,109.2,108.0,102.1,107.5,105.7,1.8,0.445,0.573,145.8,20000
2019,HOU,Houston Rockets,West,Southwest,Warriors Dynasty,43,39,0.533,1,9,0,118.2,117.9,101.9,117.3,114.4,2.9,0.47,0.61,143.2,20000
2019,IND,Indiana Pacers,East,Central,Warriors Dynasty,29,53,0.364,0,0,0,108.5,109.6,98.6,109.9,108.9,1.0,0.376,0.586,144.8,18544
2019,LAC,Los Angeles Clippers,West,Pacific,Warriors Dynasty,39,43,0.484,1,8,0,110.0,111.2,97.7,113.1,112.0,1.1,0.376,0.57,146.3,18339
2019,LAL,Los Angeles Lakers,West,Pacific,Warriors Dynasty,38,44,0.474,0,0,0,107.9,108.0,102.8,106.9,106.1,0.8,0.454,0.6,146.1,20000
2019,MEM,Memphis Grizzlies,West,Southwest,Warriors Dynasty,23,59,0.286,0,0,0,107.7,107.3,101.0,104.0,110.3,-6.3,0.419,0.554,152.0,18075
2019,MIA,Miami Heat,East,Southeast,Warriors Dynasty,46,36,0.564,1,9,0,111.1,104.0,102.0,108.8,101.5,7.3,0.365,0.58,162.3,20000
2019,MIL,Milwaukee Bucks,East,Central,Warriors Dynasty,49,33,0.599,1,5,0,99.6,97.5,103.2,99.2,90.8,8.4,0.435,0.596,142.5,20000
2019,MIN,Minnesota Timberwolves,West,Northwest,Warriors Dynasty,59,23,0.725,1,5,0,105.2,102.1,105.9,98.6,95.0,3.6,0.369,0.581,142.3,20000
2019,NOP,New Orleans Pelicans,West,Southwest,Warriors Dynasty,33,49,0.406,0,0,0,108.6,110.0,100.6,109.4,107.5,1.9,0.402,0.597,141.1,18096
2019,NYK,New York Knicks,East,Atlantic,Warriors Dynasty,39,43,0.485,0,0,0,110.2,107.6,103.4,105.2,104.4,0.8,0.414,0.573,137.8,19298
2019,OKC,Oklahoma City Thunder,West,Northwest,Warriors Dynasty,46,36,0.563,1,12,0,102.8,99.2,97.3,104.6,102.5,2.1,0.4,0.564,153.2,19113
2019,ORL,Orlando Magic,East,Southeast,Warriors Dynasty,42,40,0.521,1,5,0,110.0,110.6,102.2,107.3,109.3,-2.0,0.387,0.579,148.0,20000
2019,PHI,Philadelphia 76ers,East,Atlantic,Warriors Dynasty,41,41,0.5,1,9,0,106.4,110.9,100.3,106.9,110.9,-4.0,0.408,0.563,153.6,20000
2019,PHX,Phoenix Suns,West,Pacific,Warriors Dynasty,41,41,0.503,1,13,0,112.2,109.0,102.2,109.6,108.4,1.2,0.425,0.567,134.5,18551
2019,POR,Portland Trail Blazers,West,Northwest,Warriors Dynasty,37,45,0.454,0,0,0,106.9,107.3,100.2,106.0,107.1,-1.1,0.405,0.569,137.9,18345
2019,SAC,Sacramento Kings,West,Pacific,Warriors Dynasty,26,56,0.324,0,0,0,113.2,115.8,101.9,110.0,113.1,-3.1,0.42,0.582,154.0,17439
2019,SAS,San Antonio Spurs,West,Southwest,Warriors Dynasty,50,32,0.611,1,7,0,111.2,112.0,101.6,107.4,109.1,-1.7,0.478,0.578,155.6,20000
2019,TOR,Toronto Raptors,East,Atlantic,Warriors Dynasty,45,37,0.554,1,15,0,107.3,103.6,100.4,105.1,100.4,4.7,0.41,0.582,137.3,18818
2019,UTA,Utah Jazz,West,Northwest,Warriors Dynasty,39,43,0.48,0,0,0,108.1,108.4,104.0,106.9,105.5,1.4,0.407,0.572,160.6,20000
2019,WAS,Washington Wizards,East,Southeast,Warriors Dynasty,27,55,0.338,0,0,0,110.1,110.7,102.4,107.8,106.5,1.3,0.417,0.553,139.3,18203
2020,ATL,Atlanta Hawks,East,Southeast,Bubble/Post-Covid,46,36,0.572,1,9,0,112.1,110.5,97.7,115.8,111.4,4.4,0.407,0.577,160.0,18709
2020,BOS,Boston Celtics,East,Atlantic,Bubble/Post-Covid,33,49,0.403,0,0,0,102.9,105.1,102.0,100.9,102.0,-1.1,0.4,0.567,141.4,19992
2020,BKN,Brooklyn Nets,East,Atlantic,Bubble/Post-Covid,42,40,0.522,1,9,0,115.7,116.0,96.3,119.4,121.9,-2.5,0.42,0.56,150.9,20000
2020,CHA,Charlotte Hornets,East,Southeast,Bubble/Post-Covid,31,51,0.383,0,0,0,114.9,112.2,104.8,109.2,105.3,3.9,0.414,0.572,153.0,18362
2020,CHI,Chicago Bulls,East,Central,Bubble/Post-Covid,28,54,0.344,0,0,0,111.6,112.1,105.4,106.3,106.5,-0.2,0.454,0.565,156.1,16197
2020,CLE,Cleveland Cavaliers,East,Central,Bubble/Post-Covid,40,42,0.497,0,0,0,107.8,111.8,102.1,106.1,112.2,-6.1,0.39,0.575,153.1,19404
2020,DAL,Dallas Mavericks,West,Southwest,Bubble/Post-Covid,43,39,0.532,1,11,0,119.9,117.4,97.1,123.9,119.7,4.2,0.414,0.553,154.3,19070
2020,DEN,Denver Nuggets,West,Northwest,Bubble/Post-Covid,47,35,0.576,1,4,0,116.2,119.6,101.4,115.1,117.0,-1.9,0.368,0.589,150.1,20000
2020,DET,Detroit Pistons,East,Central,Bubble/Post-Covid,44,38,0.541,1,6,0,114.9,113.7,105.3,109.5,108.4,1.1,0.422,0.595,147.3,19164
2020,GSW,Golden State Warriors,West,Pacific,Bubble/Post-Covid,45,37,0.553,1,7,0,116.5,119.1,101.1,117.6,117.1,0.5,0.404,0.581,141.8,20000
2020,HOU,Houston Rockets,West,Southwest,Bubble/Post-Covid,58,24,0.711,1,6,0,104.1,102.5,104.4,99.3,98.0,1.3,0.429,0.589,159.0,19707
2020,IND,Indiana Pacers,East,Central,Bubble/Post-Covid,60,22,0.735,1,2,0,118.5,117.8,102.6,114.9,114.9,0.0,0.48,0.593,160.2,20000
2020,LAC,Los Angeles Clippers,West,Pacific,Bubble/Post-Covid,38,44,0.47,0,0,0,110.0,113.7,98.2,114.2,113.2,1.0,0.405,0.561,156.5,18550
2020,LAL,Los Angeles Lakers,West,Pacific,Bubble/Post-Covid,68,14,0.839,1,7,0,119.4,114.8,101.9,118.8,109.7,9.1,0.379,0.59,159.0,20000
2020,MEM,Memphis Grizzlies,West,Southwest,Bubble/Post-Covid,36,46,0.446,0,0,0,112.6,116.9,102.4,110.2,114.1,-3.9,0.428,0.587,163.4,19341
2020,MIA,Miami Heat,East,Southeast,Bubble/Post-Covid,63,19,0.769,1,6,0,115.6,108.3,103.8,111.7,105.3,6.4,0.426,0.592,167.9,20000
2020,MIL,Milwaukee Bucks,East,Central,Bubble/Post-Covid,46,36,0.564,1,7,0,116.7,122.3,102.2,114.1,116.9,-2.8,0.411,0.574,157.7,18970
2020,MIN,Minnesota Timberwolves,West,Northwest,Bubble/Post-Covid,26,56,0.32,0,0,0,105.8,110.0,109.0,97.3,102.6,-5.3,0.414,0.578,157.8,19460
2020,NOP,New Orleans Pelicans,West,Southwest,Bubble/Post-Covid,40,42,0.499,0,0,0,110.3,110.9,105.2,104.6,105.4,-0.8,0.369,0.607,151.4,18280
2020,NYK,New York Knicks,East,Atlantic,Bubble/Post-Covid,27,55,0.331,0,0,0,109.3,116.7,101.0,108.0,117.8,-9.8,0.38,0.579,150.7,17463
2020,OKC,Oklahoma City Thunder,West,Northwest,Bubble/Post-Covid,36,46,0.446,0,0,0,119.1,120.4,105.6,113.2,115.0,-1.8,0.453,0.556,139.4,19981
2020,ORL,Orlando Magic,East,Southeast,Bubble/Post-Covid,37,45,0.458,0,0,0,117.4,117.6,103.0,113.5,116.2,-2.7,0.402,0.568,134.7,19722
2020,PHI,Philadelphia 76ers,East,Atlantic,Bubble/Post-Covid,53,29,0.655,1,5,0,116.7,109.0,101.5,114.6,106.9,7.7,0.394,0.557,163.0,19577
2020,PHX,Phoenix Suns,West,Pacific,Bubble/Post-Covid,49,33,0.608,1,9,0,110.1,108.3,101.7,108.9,105.7,3.2,0.418,0.593,153.7,17981
2020,POR,Portland Trail Blazers,West,Northwest,Bubble/Post-Covid,17,65,0.219,0,0,0,106.0,116.6,99.6,106.1,115.7,-9.6,0.461,0.602,163.3,20000
2020,SAC,Sacramento Kings,West,Pacific,Bubble/Post-Covid,40,42,0.5,0,0,0,115.4,115.1,105.1,109.8,110.4,-0.6,0.392,0.582,130.0,20000
2020,SAS,San Antonio Spurs,West,Southwest,Bubble/Post-Covid,55,27,0.676,1,13,0,108.1,104.7,100.5,107.8,102.2,5.6,0.423,0.596,158.7,20000
2020,TOR,Toronto Raptors,East,Atlantic,Bubble/Post-Covid,48,34,0.589,1,11,0,112.0,112.4,109.2,101.9,102.5,-0.6,0.448,0.598,162.7,19322
2020,UTA,Utah Jazz,West,Northwest,Bubble/Post-Covid,30,52,0.377,0,0,0,111.1,110.3,105.9,105.7,105.1,0.6,0.432,0.574,150.5,18595
2020,WAS,Washington Wizards,East,Southeast,Bubble/Post-Covid,40,42,0.492,0,0,0,118.6,120.6,107.1,111.0,113.9,-2.9,0.362,0.581,140.6,19988
2021,ATL,Atlanta Hawks,East,Southeast,Bubble/Post-Covid,63,19,0.77,1,7,0,114.2,112.7,103.0,112.3,111.3,1.0,0.452,0.597,164.3,20000
2021,BOS,Boston Celtics,East,Atlantic,Bubble/Post-Covid,44,38,0.537,1,8,0,114.3,112.4,102.5,111.6,109.8,1.8,0.443,0.568,151.6,20000
2021,BKN,Brooklyn Nets,East,Atlantic,Bubble/Post-Covid,25,57,0.31,0,0,0,108.2,107.9,99.4,108.1,107.7,0.4,0.412,0.583,167.0,18503
2021,CHA,Charlotte Hornets,East,Southeast,Bubble/Post-Covid,41,41,0.508,1,5,0,113.7,111.5,103.0,109.5,107.3,2.2,0.448,0.562,150.3,20000
2021,CHI,Chicago Bulls,East,Central,Bubble/Post-Covid,48,34,0.589,1,6,0,111.6,107.1,104.5,105.7,101.8,3.9,0.392,0.575,156.0,18726
2021,CLE,Cleveland Cavaliers,East,Central,Bubble/Post-Covid,40,42,0.491,1,14,0,108.8,103.4,104.5,101.3,97.4,3.9,0.464,0.566,153.6,20000
2021,DAL,Dallas Mavericks,West,Southwest,Bubble/Post-Covid,53,29,0.65,1,5,0,110.4,108.1,108.8,99.8,101.9,-2.1,0.404,0.581,159.2,19867
2021,DEN,Denver Nuggets,West,Northwest,Bubble/Post-Covid,36,46,0.449,1,9,0,121.1,117.1,101.0,120.9,115.6,5.3,0.457,0.595,165.9,18104
2021,DET,Detroit Pistons,East,Central,Bubble/Post-Covid,47,35,0.575,1,8,0,117.4,116.0,99.9,113.0,115.8,-2.8,0.405,0.582,166.3,20000
2021,GSW,Golden State Warriors,West,Pacific,Bubble/Post-Covid,28,54,0.346,0,0,0,117.8,121.9,102.0,114.1,120.3,-6.2,0.442,0.592,136.7,20000
2021,HOU,Houston Rockets,West,Southwest,Bubble/Post-Covid,35,47,0.428,0,0,0,120.9,126.6,101.2,119.4,127.4,-8.0,0.371,0.579,161.8,19712
2021,IND,Indiana Pacers,East,Central,Bubble/Post-Covid,33,49,0.406,0,0,0,118.2,119.4,100.0,115.1,117.1,-2.0,0.43,0.584,163.6,16957
2021,LAC,Los Angeles Clippers,West,Pacific,Bubble/Post-Covid,48,34,0.596,1,6,0,113.3,108.7,100.7,113.9,103.7,10.2,0.405,0.564,154.1,19473
2021,LAL,Los Angeles Lakers,West,Pacific,Bubble/Post-Covid,41,41,0.512,1,6,0,117.9,118.6,105.9,112.6,110.6,2.0,0.427,0.562,163.8,17511
2021,MEM,Memphis Grizzlies,West,Southwest,Bubble/Post-Covid,35,47,0.434,0,0,0,115.7,116.5,100.9,116.7,115.7,1.0,0.473,0.62,169.2,20000
2021,MIA,Miami Heat,East,Southeast,Bubble/Post-Covid,39,43,0.482,0,0,0,109.1,109.0,102.4,108.2,106.5,1.7,0.399,0.589,158.8,19840
2021,MIL,Milwaukee Bucks,East,Central,Bubble/Post-Covid,48,34,0.597,1,13,0,108.8,108.6,98.2,111.2,113.6,-2.4,0.434,0.601,155.1,18493
2021,MIN,Minnesota Timberwolves,West,Northwest,Bubble/Post-Covid,28,54,0.344,0,0,0,116.6,117.5,103.4,112.9,110.3,2.6,0.409,0.584,172.1,18815
2021,NOP,New Orleans Pelicans,West,Southwest,Bubble/Post-Covid,38,44,0.474,1,12,0,99.4,99.4,110.1,88.3,89.6,-1.3,0.435,0.599,148.5,20000
2021,NYK,New York Knicks,East,Atlantic,Bubble/Post-Covid,30,52,0.371,0,0,0,104.8,111.0,106.3,97.7,102.7,-5.0,0.428,0.596,158.5,17407
2021,OKC,Oklahoma City Thunder,West,Northwest,Bubble/Post-Covid,24,58,0.294,0,0,0,110.8,113.1,107.4,103.8,107.4,-3.6,0.437,0.576,144.9,20000
2021,ORL,Orlando Magic,East,Southeast,Bubble/Post-Covid,34,48,0.425,1,10,0,114.6,116.3,99.8,114.5,117.1,-2.6,0.408,0.581,165.8,18207
2021,PHI,Philadelphia 76ers,East,Atlantic,Bubble/Post-Covid,24,58,0.293,0,0,0,110.2,112.0,98.9,109.8,114.0,-4.2,0.457,0.591,146.6,19235
2021,PHX,Phoenix Suns,West,Pacific,Bubble/Post-Covid,31,51,0.382,0,0,0,117.3,113.2,105.0,112.5,108.0,4.5,0.408,0.57,164.6,20000
2021,POR,Portland Trail Blazers,West,Northwest,Bubble/Post-Covid,34,48,0.417,0,0,0,115.0,111.3,96.0,117.0,117.3,-0.3,0.495,0.574,157.2,19976
2021,SAC,Sacramento Kings,West,Pacific,Bubble/Post-Covid,45,37,0.553,1,9,0,107.9,106.5,99.7,107.5,105.8,1.7,0.438,0.547,150.8,17329
2021,SAS,San Antonio Spurs,West,Southwest,Bubble/Post-Covid,42,40,0.514,1,9,0,109.9,105.5,99.7,111.5,101.5,10.0,0.445,0.568,158.3,20000
2021,TOR,Toronto Raptors,East,Atlantic,Bubble/Post-Covid,36,46,0.444,0,0,0,108.0,107.0,103.7,105.0,103.9,1.1,0.456,0.565,140.7,19299
2021,UTA,Utah Jazz,West,Northwest,Bubble/Post-Covid,23,59,0.29,0,0,0,107.6,111.9,99.7,107.8,110.3,-2.5,0.476,0.593,159.0,20000
2021,WAS,Washington Wizards,East,Southeast,Bubble/Post-Covid,32,50,0.396,1,10,0,106.1,109.8,101.3,103.1,107.5,-4.4,0.392,0.596,146.9,19968
2022,ATL,Atlanta Hawks,East,Southeast,Bubble/Post-Covid,27,55,0.34,0,0,0,113.5,119.2,101.9,112.3,116.0,-3.7,0.498,0.588,157.3,17462
2022,BOS,Boston Celtics,East,Atlantic,Bubble/Post-Covid,55,27,0.676,1,12,0,115.9,115.9,102.6,112.7,111.9,0.8,0.437,0.565,162.8,20000
2022,BKN,Brooklyn Nets,East,Atlantic,Bubble/Post-Covid,42,40,0.523,1,9,0,105.7,104.4,100.0,107.5,106.2,1.3,0.399,0.578,151.0,18722
2022,CHA,Charlotte Hornets,East,Southeast,Bubble/Post-Covid,34,48,0.421,0,0,0,112.5,112.3,100.4,113.6,115.4,-1.8,0.44,0.585,158.0,19284
2022,CHI,Chicago Bulls,East,Central,Bubble/Post-Covid,51,31,0.626,1,8,0,103.7,104.2,100.4,101.9,105.1,-3.2,0.438,0.576,171.1,18730
2022,CLE,Cleveland Cavaliers,East,Central,Bubble/Post-Covid,50,32,0.612,1,5,0,115.5,120.6,96.7,115.8,124.7,-8.9,0.396,0.581,165.6,19038
2022,DAL,Dallas Mavericks,West,Southwest,Bubble/Post-Covid,29,53,0.363,0,0,0,114.7,115.3,105.7,108.3,108.7,-0.4,0.43,0.599,155.0,16696
2022,DEN,Denver Nuggets,West,Northwest,Bubble/Post-Covid,45,37,0.559,1,5,0,105.3,104.6,103.5,101.3,101.2,0.1,0.447,0.585,150.7,19742
2022,DET,Detroit Pistons,East,Central,Bubble/Post-Covid,43,39,0.527,1,5,0,112.3,110.0,101.2,111.0,109.8,1.2,0.438,0.55,150.0,18371
2022,GSW,Golden State Warriors,West,Pacific,Bubble/Post-Covid,56,26,0.684,1,8,0,118.5,118.2,96.0,124.1,122.5,1.6,0.431,0.598,156.4,18053
2022,HOU,Houston Rockets,West,Southwest,Bubble/Post-Covid,53,29,0.652,1,6,0,100.8,100.8,96.3,104.4,102.3,2.1,0.379,0.552,166.3,20000
2022,IND,Indiana Pacers,East,Central,Bubble/Post-Covid,43,39,0.536,1,7,0,110.5,114.8,102.1,109.2,110.2,-1.0,0.391,0.597,165.0,19923
2022,LAC,Los Angeles Clippers,West,Pacific,Bubble/Post-Covid,35,47,0.433,0,0,0,113.4,113.6,103.8,109.2,109.9,-0.7,0.41,0.608,165.0,18815
2022,LAL,Los Angeles Lakers,West,Pacific,Bubble/Post-Covid,68,14,0.835,1,10,0,109.6,104.1,104.2,106.5,99.9,6.6,0.5,0.576,165.9,19334
2022,MEM,Memphis Grizzlies,West,Southwest,Bubble/Post-Covid,24,58,0.301,0,0,0,105.4,107.0,101.1,105.1,104.2,0.9,0.434,0.576,142.2,18726
2022,MIA,Miami Heat,East,Southeast,Bubble/Post-Covid,53,29,0.656,1,8,0,112.7,108.8,101.4,112.3,107.7,4.6,0.452,0.573,153.6,20000
2022,MIL,Milwaukee Bucks,East,Central,Bubble/Post-Covid,39,43,0.483,0,0,0,108.9,107.7,96.3,109.1,111.9,-2.8,0.39,0.588,150.9,18216
2022,MIN,Minnesota Timberwolves,West,Northwest,Bubble/Post-Covid,48,34,0.59,1,7,0,108.0,111.4,97.4,113.6,115.8,-2.2,0.423,0.599,150.2,18120
2022,NOP,New Orleans Pelicans,West,Southwest,Bubble/Post-Covid,31,51,0.378,0,0,0,103.5,107.6,101.8,100.9,103.6,-2.7,0.461,0.592,161.0,18913
2022,NYK,New York Knicks,East,Atlantic,Bubble/Post-Covid,12,70,0.156,1,6,0,112.5,116.2,101.6,110.6,115.1,-4.5,0.411,0.591,166.4,18960
2022,OKC,Oklahoma City Thunder,West,Northwest,Bubble/Post-Covid,30,52,0.369,0,0,0,108.5,110.8,105.9,104.8,105.3,-0.5,0.431,0.588,162.5,20000
2022,ORL,Orlando Magic,East,Southeast,Bubble/Post-Covid,35,47,0.434,0,0,0,118.4,116.7,101.5,116.4,116.4,0.0,0.37,0.556,155.0,19334
2022,PHI,Philadelphia 76ers,East,Atlantic,Bubble/Post-Covid,48,34,0.589,1,10,0,117.5,114.5,101.1,116.5,110.5,6.0,0.448,0.58,159.4,18368
2022,PHX,Phoenix Suns,West,Pacific,Bubble/Post-Covid,32,50,0.392,0,0,0,108.3,108.1,101.7,107.4,102.7,4.7,0.36,0.575,139.6,18595
2022,POR,Portland Trail Blazers,West,Northwest,Bubble/Post-Covid,51,31,0.624,1,5,0,112.5,110.4,105.3,105.4,106.8,-1.4,0.481,0.591,151.3,20000
2022,SAC,Sacramento Kings,West,Pacific,Bubble/Post-Covid,30,52,0.377,0,0,0,111.9,111.0,100.8,111.4,110.7,0.7,0.396,0.58,142.8,18983
2022,SAS,San Antonio Spurs,West,Southwest,Bubble/Post-Covid,52,30,0.644,1,4,0,115.9,118.4,106.6,107.3,111.6,-4.3,0.419,0.581,166.0,20000
2022,TOR,Toronto Raptors,East,Atlantic,Bubble/Post-Covid,31,51,0.38,0,0,0,121.7,124.7,102.1,118.8,121.4,-2.6,0.448,0.585,163.8,20000
2022,UTA,Utah Jazz,West,Northwest,Bubble/Post-Covid,44,38,0.543,1,16,1,105.5,107.0,99.2,106.3,105.9,0.4,0.449,0.584,161.0,20000
2022,WAS,Washington Wizards,East,Southeast,Bubble/Post-Covid,35,47,0.432,0,0,0,112.0,117.1,105.8,104.2,111.2,-7.0,0.427,0.6,159.6,20000
2023,ATL,Atlanta Hawks,East,Southeast,Bubble/Post-Covid,26,56,0.32,0,0,0,115.9,122.5,95.8,121.2,128.5,-7.3,0.5,0.575,158.7,15202
2023,BOS,Boston Celtics,East,Atlantic,Bubble/Post-Covid,39,43,0.484,0,0,0,113.0,115.6,105.2,107.0,109.2,-2.2,0.432,0.612,148.1,20000
2023,BKN,Brooklyn Nets,East,Atlantic,Bubble/Post-Covid,18,64,0.227,0,0,0,109.4,113.4,102.9,104.2,107.4,-3.2,0.463,0.579,157.2,18998
2023,CHA,Charlotte Hornets,East,Southeast,Bubble/Post-Covid,26,56,0.326,0,0,0,114.9,113.6,97.9,116.7,117.3,-0.6,0.465,0.612,161.2,20000
2023,CHI,Chicago Bulls,East,Central,Bubble/Post-Covid,22,60,0.279,0,0,0,112.9,114.8,104.5,109.2,107.5,1.7,0.484,0.579,172.2,20000
2023,CLE,Cleveland Cavaliers,East,Central,Bubble/Post-Covid,23,59,0.288,0,0,0,115.3,117.7,98.9,119.3,119.0,0.3,0.474,0.581,153.1,17173
2023,DAL,Dallas Mavericks,West,Southwest,Bubble/Post-Covid,33,49,0.411,0,0,0,119.0,120.7,102.6,116.2,117.4,-1.2,0.391,0.582,173.6,19454
2023,DEN,Denver Nuggets,West,Northwest,Bubble/Post-Covid,33,49,0.406,0,0,0,118.6,121.5,105.9,112.9,114.4,-1.5,0.482,0.587,158.9,20000
2023,DET,Detroit Pistons,East,Central,Bubble/Post-Covid,43,39,0.533,1,7,0,109.8,115.8,101.2,107.5,115.0,-7.5,0.456,0.62,163.5,20000
2023,GSW,Golden State Warriors,West,Pacific,Bubble/Post-Covid,47,35,0.577,1,6,0,118.0,117.2,97.9,121.6,121.2,0.4,0.473,0.603,167.9,20000
2023,HOU,Houston Rockets,West,Southwest,Bubble/Post-Covid,47,35,0.583,1,5,0,117.5,115.8,105.1,112.4,107.8,4.6,0.5,0.59,158.6,19313
2023,IND,Indiana Pacers,East,Central,Bubble/Post-Covid,24,58,0.303,0,0,0,109.1,113.9,103.0,107.4,112.4,-5.0,0.453,0.58,154.6,17333
2023,LAC,Los Angeles Clippers,West,Pacific,Bubble/Post-Covid,41,41,0.51,1,7,0,113.4,114.4,105.5,106.9,108.9,-2.0,0.483,0.56,169.6,19127
2023,LAL,Los Angeles Lakers,West,Pacific,Bubble/Post-Covid,42,40,0.512,1,5,0,111.3,109.3,102.5,107.7,107.4,0.3,0.482,0.574,159.8,18687
2023,MEM,Memphis Grizzlies,West,Southwest,Bubble/Post-Covid,42,40,0.521,1,8,0,122.5,121.5,102.1,119.3,118.5,0.8,0.429,0.608,147.6,17475
2023,MIA,Miami Heat,East,Southeast,Bubble/Post-Covid,50,32,0.616,1,4,0,105.3,106.1,101.0,102.5,104.4,-1.9,0.461,0.581,167.0,20000
2023,MIL,Milwaukee Bucks,East,Central,Bubble/Post-Covid,59,23,0.722,1,7,0,115.2,112.2,106.6,108.5,103.1,5.4,0.482,0.575,165.4,20000
2023,MIN,Minnesota Timberwolves,West,Northwest,Bubble/Post-Covid,37,45,0.463,0,0,0,109.3,106.3,104.3,105.7,103.1,2.6,0.44,0.596,167.8,20000
2023,NOP,New Orleans Pelicans,West,Southwest,Bubble/Post-Covid,33,49,0.404,0,0,0,109.3,113.1,103.6,104.3,112.7,-8.4,0.434,0.578,148.5,19924
2023,NYK,New York Knicks,East,Atlantic,Bubble/Post-Covid,20,62,0.25,0,0,0,111.1,113.2,107.7,100.5,104.9,-4.4,0.459,0.559,167.2,17841
2023,OKC,Oklahoma City Thunder,West,Northwest,Bubble/Post-Covid,28,54,0.344,0,0,0,114.5,120.2,99.9,113.7,121.2,-7.5,0.426,0.574,161.7,16514
2023,ORL,Orlando Magic,East,Southeast,Bubble/Post-Covid,59,23,0.729,1,15,0,113.4,108.5,100.0,114.4,107.7,6.7,0.472,0.592,170.0,19433
2023,PHI,Philadelphia 76ers,East,Atlantic,Bubble/Post-Covid,41,41,0.505,1,7,0,111.4,115.9,105.3,106.0,108.9,-2.9,0.441,0.602,159.6,18928
2023,PHX,Phoenix Suns,West,Pacific,Bubble/Post-Covid,54,28,0.669,1,13,0,112.1,114.1,100.9,109.5,114.9,-5.4,0.452,0.561,167.7,20000
2023,POR,Portland Trail Blazers,West,Northwest,Bubble/Post-Covid,64,18,0.781,1,8,0,114.4,110.9,102.7,112.1,108.2,3.9,0.422,0.616,175.6,20000
2023,SAC,Sacramento Kings,West,Pacific,Bubble/Post-Covid,21,61,0.265,0,0,0,117.8,118.1,103.0,115.0,111.8,3.2,0.451,0.582,172.5,19411
2023,SAS,San Antonio Spurs,West,Southwest,Bubble/Post-Covid,46,36,0.566,1,3,0,103.8,105.8,105.0,99.8,102.0,-2.2,0.445,0.595,170.0,20000
2023,TOR,Toronto Raptors,East,Atlantic,Bubble/Post-Covid,27,55,0.332,1,12,0,109.0,115.5,101.7,106.4,113.8,-7.4,0.419,0.582,142.9,18137
2023,UTA,Utah Jazz,West,Northwest,Bubble/Post-Covid,41,41,0.505,1,9,0,113.4,112.9,103.9,107.6,108.1,-0.5,0.438,0.579,172.8,19562
2023,WAS,Washington Wizards,East,Southeast,Bubble/Post-Covid,24,58,0.297,0,0,0,115.9,119.6,99.4,117.5,119.7,-2.2,0.467,0.583,168.3,18787
2024,ATL,Atlanta Hawks,East,Southeast,Modern Era,34,48,0.424,1,5,0,116.6,118.8,97.6,120.0,120.9,-0.9,0.426,0.592,164.0,20000
2024,BOS,Boston Celtics,East,Atlantic,Modern Era,52,30,0.638,1,6,0,116.6,115.1,102.4,112.9,113.5,-0.6,0.409,0.586,158.3,17548
2024,BKN,Brooklyn Nets,East,Atlantic,Modern Era,41,41,0.51,1,14,0,116.0,112.5,97.1,117.5,117.2,0.3,0.5,0.579,170.4,20000
2024,CHA,Charlotte Hornets,East,Southeast,Modern Era,43,39,0.536,1,6,0,115.3,114.5,102.1,114.6,112.0,2.6,0.473,0.567,169.9,19592
2024,CHI,Chicago Bulls,East,Central,Modern Era,49,33,0.602,1,8,0,106.7,108.1,101.7,105.0,105.3,-0.3,0.465,0.577,160.3,20000
2024,CLE,Cleveland Cavaliers,East,Central,Modern Era,48,34,0.589,1,3,0,107.3,106.9,102.7,104.5,102.7,1.8,0.412,0.588,167.1,20000
2024,DAL,Dallas Mavericks,West,Southwest,Modern Era,37,45,0.463,0,0,0,126.8,133.8,106.1,117.0,127.7,-10.7,0.486,0.584,162.1,16316
2024,DEN,Denver Nuggets,West,Northwest,Modern Era,35,47,0.431,0,0,0,109.2,105.8,99.3,107.7,106.3,1.4,0.479,0.589,172.8,19164
2024,DET,Detroit Pistons,East,Central,Modern Era,41,41,0.512,1,11,0,126.2,130.1,98.6,127.5,131.3,-3.8,0.46,0.603,162.3,19272
2024,GSW,Golden State Warriors,West,Pacific,Modern Era,40,42,0.488,0,0,0,109.0,105.9,103.5,106.1,103.0,3.1,0.455,0.57,155.9,19681
2024,HOU,Houston Rockets,West,Southwest,Modern Era,29,53,0.364,1,5,0,123.3,126.5,98.2,126.8,125.4,1.4,0.433,0.543,163.1,18474
2024,IND,Indiana Pacers,East,Central,Modern Era,25,57,0.315,0,0,0,117.0,124.7,104.2,112.1,116.7,-4.6,0.417,0.605,171.0,19080
2024,LAC,Los Angeles Clippers,West,Pacific,Modern Era,30,52,0.378,0,0,0,118.4,123.1,100.4,117.7,121.4,-3.7,0.415,0.609,157.0,19768
2024,LAL,Los Angeles Lakers,West,Pacific,Modern Era,42,40,0.516,1,7,0,115.7,112.2,110.4,105.2,98.8,6.4,0.458,0.569,155.4,17011
2024,MEM,Memphis Grizzlies,West,Southwest,Modern Era,49,33,0.598,1,10,0,111.5,108.1,104.6,106.2,105.2,1.0,0.438,0.587,172.5,20000
2024,MIA,Miami Heat,East,Southeast,Modern Era,27,55,0.332,0,0,0,111.9,113.2,102.2,108.4,109.2,-0.8,0.481,0.589,170.6,20000
2024,MIL,Milwaukee Bucks,East,Central,Modern Era,26,56,0.325,0,0,0,115.7,112.2,101.4,113.1,112.8,0.3,0.459,0.595,154.7,19447
2024,MIN,Minnesota Timberwolves,West,Northwest,Modern Era,57,25,0.701,1,9,0,115.0,110.5,102.7,111.8,110.3,1.5,0.421,0.573,167.4,20000
2024,NOP,New Orleans Pelicans,West,Southwest,Modern Era,23,59,0.281,0,0,0,117.6,124.0,100.6,118.4,121.5,-3.1,0.457,0.586,159.3,20000
2024,NYK,New York Knicks,East,Atlantic,Modern Era,27,55,0.335,0,0,0,117.8,115.3,101.7,117.3,117.7,-0.4,0.493,0.586,171.1,19644
2024,OKC,Oklahoma City Thunder,West,Northwest,Modern Era,43,39,0.528,1,5,0,113.8,110.0,101.1,114.0,108.6,5.4,0.428,0.577,162.5,19496
2024,ORL,Orlando Magic,East,Southeast,Modern Era,37,45,0.458,0,0,0,108.9,105.5,103.5,104.7,102.8,1.9,0.432,0.596,157.6,20000
2024,PHI,Philadelphia 76ers,East,Atlantic,Modern Era,35,47,0.428,0,0,0,111.8,110.1,102.8,108.7,107.0,1.7,0.493,0.571,158.6,20000
2024,PHX,Phoenix Suns,West,Pacific,Modern Era,39,43,0.483,0,0,0,106.5,105.5,101.1,106.2,105.2,1.0,0.5,0.574,169.4,18867
2024,POR,Portland Trail Blazers,West,Northwest,Modern Era,42,40,0.512,1,14,0,123.0,123.4,103.7,119.2,120.2,-1.0,0.425,0.577,164.2,17962
2024,SAC,Sacramento Kings,West,Pacific,Modern Era,58,24,0.71,1,12,0,117.0,116.6,102.3,115.8,115.3,0.5,0.438,0.565,174.7,19685
2024,SAS,San Antonio Spurs,West,Southwest,Modern Era,56,26,0.683,1,6,0,120.2,122.9,102.3,116.7,120.5,-3.8,0.456,0.584,182.1,19979
2024,TOR,Toronto Raptors,East,Atlantic,Modern Era,31,51,0.389,0,0,0,108.6,106.0,102.2,105.9,102.7,3.2,0.5,0.607,163.1,20000
2024,UTA,Utah Jazz,West,Northwest,Modern Era,27,55,0.332,0,0,0,111.6,112.3,103.2,107.7,109.7,-2.0,0.418,0.586,155.0,17978
2024,WAS,Washington Wizards,East,Southeast,Modern Era,36,46,0.44,0,0,0,121.9,117.5,97.9,123.6,120.9,2.7,0.455,0.591,166.1,19826
2025,ATL,Atlanta Hawks,East,Southeast,Modern Era,58,24,0.718,1,4,0,123.2,117.0,99.8,121.4,118.3,3.1,0.428,0.615,176.1,20000
2025,BOS,Boston Celtics,East,Atlantic,Modern Era,57,25,0.705,1,5,0,116.1,109.5,102.3,117.3,106.1,11.2,0.475,0.583,191.0,20000
2025,BKN,Brooklyn Nets,East,Atlantic,Modern Era,36,46,0.439,0,0,0,113.4,110.3,103.4,108.6,107.0,1.6,0.456,0.57,182.3,18049
2025,CHA,Charlotte Hornets,East,Southeast,Modern Era,9,73,0.12,1,5,0,118.4,124.1,97.4,122.2,126.1,-3.9,0.387,0.581,163.2,19999
2025,CHI,Chicago Bulls,East,Central,Modern Era,49,33,0.607,1,8,0,113.3,111.6,102.2,109.5,109.5,0.0,0.5,0.567,169.0,20000
2025,CLE,Cleveland Cavaliers,East,Central,Modern Era,44,38,0.544,1,11,0,116.3,111.0,100.4,113.7,107.6,6.1,0.471,0.588,174.5,18526
2025,DAL,Dallas Mavericks,West,Southwest,Modern Era,42,40,0.515,1,8,0,111.9,111.2,101.4,113.0,110.1,2.9,0.47,0.568,166.5,19452
2025,DEN,Denver Nuggets,West,Northwest,Modern Era,44,38,0.548,1,6,0,119.3,113.9,103.4,115.5,109.1,6.4,0.455,0.583,181.3,20000
2025,DET,Detroit Pistons,East,Central,Modern Era,41,41,0.511,1,8,0,116.3,118.1,106.0,109.8,114.6,-4.8,0.5,0.601,158.3,20000
2025,GSW,Golden State Warriors,West,Pacific,Modern Era,49,33,0.609,1,9,0,117.2,114.8,108.7,105.1,108.0,-2.9,0.446,0.568,175.4,19677
2025,HOU,Houston Rockets,West,Southwest,Modern Era,44,38,0.544,1,6,0,122.2,119.5,102.4,119.3,117.8,1.5,0.457,0.591,173.6,19342
2025,IND,Indiana Pacers,East,Central,Modern Era,35,47,0.433,0,0,0,115.0,119.9,102.8,112.1,117.4,-5.3,0.434,0.576,178.9,18203
2025,LAC,Los Angeles Clippers,West,Pacific,Modern Era,39,43,0.485,0,0,0,112.3,104.8,100.0,113.7,102.7,11.0,0.485,0.587,163.1,16651
2025,LAL,Los Angeles Lakers,West,Pacific,Modern Era,41,41,0.508,1,9,0,112.4,116.3,102.0,110.6,113.9,-3.3,0.435,0.604,170.4,18248
2025,MEM,Memphis Grizzlies,West,Southwest,Modern Era,46,36,0.571,1,7,0,115.8,112.1,104.7,108.7,107.2,1.5,0.466,0.611,161.2,19798
2025,MIA,Miami Heat,East,Southeast,Modern Era,62,20,0.767,1,6,0,116.0,112.8,103.1,111.9,108.0,3.9,0.458,0.601,173.6,20000
2025,MIL,Milwaukee Bucks,East,Central,Modern Era,55,27,0.682,1,7,0,118.2,121.8,97.6,120.0,124.8,-4.8,0.466,0.58,179.4,20000
2025,MIN,Minnesota Timberwolves,West,Northwest,Modern Era,51,31,0.623,1,3,0,120.5,122.4,102.7,118.2,118.5,-0.3,0.448,0.612,177.8,20000
2025,NOP,New Orleans Pelicans,West,Southwest,Modern Era,44,38,0.546,1,15,0,123.3,119.9,102.7,123.1,116.6,6.5,0.463,0.583,172.8,20000
2025,NYK,New York Knicks,East,Atlantic,Modern Era,46,36,0.561,1,3,0,118.9,120.1,102.6,114.8,116.6,-1.8,0.437,0.594,180.8,18357
2025,OKC,Oklahoma City Thunder,West,Northwest,Modern Era,42,40,0.513,1,12,0,114.3,112.8,100.0,114.6,112.5,2.1,0.443,0.591,171.6,19379
2025,ORL,Orlando Magic,East,Southeast,Modern Era,43,39,0.532,1,12,0,106.3,107.6,96.3,108.9,110.6,-1.7,0.475,0.54,169.3,20000
2025,PHI,Philadelphia 76ers,East,Atlantic,Modern Era,40,42,0.489,0,0,0,106.2,99.8,104.2,101.2,94.4,6.8,0.449,0.576,168.4,20000
2025,PHX,Phoenix Suns,West,Pacific,Modern Era,9,73,0.12,0,0,0,109.7,107.7,97.7,115.3,109.5,5.8,0.424,0.602,151.5,15362
2025,POR,Portland Trail Blazers,West,Northwest,Modern Era,38,44,0.469,0,0,0,108.0,109.4,104.5,103.2,104.3,-1.1,0.438,0.56,174.2,19392
2025,SAC,Sacramento Kings,West,Pacific,Modern Era,30,52,0.366,0,0,0,118.3,121.0,105.4,111.4,114.1,-2.7,0.495,0.599,175.4,19186
2025,SAS,San Antonio Spurs,West,Southwest,Modern Era,52,30,0.644,1,6,0,116.1,108.1,100.5,115.1,108.8,6.3,0.49,0.593,176.8,17828
2025,TOR,Toronto Raptors,East,Atlantic,Modern Era,33,49,0.412,1,4,0,110.4,114.3,104.7,106.4,106.1,0.3,0.466,0.584,177.1,17785
2025,UTA,Utah Jazz,West,Northwest,Modern Era,42,40,0.519,1,7,0,115.5,117.1,103.9,114.0,110.2,3.8,0.493,0.583,167.9,20000
2025,WAS,Washington Wizards,East,Southeast,Modern Era,29,53,0.363,0,0,0,115.6,116.2,101.1,111.1,117.0,-5.9,0.474,0.564,177.3,18798
2026,ATL,Atlanta Hawks,East,Southeast,Modern Era,16,66,0.207,1,11,0,118.2,123.9,98.8,120.5,128.7,-8.2,0.459,0.592,167.7,17883
2026,BOS,Boston Celtics,East,Atlantic,Modern Era,36,46,0.45,0,0,0,115.0,116.0,101.0,114.1,115.0,-0.9,0.465,0.582,179.5,19061
2026,BKN,Brooklyn Nets,East,Atlantic,Modern Era,31,51,0.38,0,0,0,114.8,119.2,104.4,110.6,113.7,-3.1,0.445,0.588,165.2,20000
2026,CHA,Charlotte Hornets,East,Southeast,Modern Era,34,48,0.415,0,0,0,114.1,113.4,107.8,105.0,104.4,0.6,0.46,0.569,183.5,20000
2026,CHI,Chicago Bulls,East,Central,Modern Era,48,34,0.596,1,6,0,109.7,106.5,101.5,106.7,104.9,1.8,0.48,0.609,169.6,18706
2026,CLE,Cleveland Cavaliers,East,Central,Modern Era,39,43,0.483,0,0,0,106.6,109.3,102.3,101.2,108.9,-7.7,0.464,0.58,179.9,18260
2026,DAL,Dallas Mavericks,West,Southwest,Modern Era,35,47,0.43,0,0,0,109.5,113.1,96.9,111.4,113.9,-2.5,0.44,0.555,175.5,18229
2026,DEN,Denver Nuggets,West,Northwest,Modern Era,57,25,0.699,1,8,0,119.9,120.3,104.5,115.6,113.8,1.8,0.467,0.61,173.9,20000
2026,DET,Detroit Pistons,East,Central,Modern Era,48,34,0.594,1,10,0,122.6,121.7,101.7,120.4,118.2,2.2,0.5,0.608,177.9,20000
2026,GSW,Golden State Warriors,West,Pacific,Modern Era,48,34,0.595,1,13,0,116.7,115.4,107.6,109.6,107.0,2.6,0.462,0.603,182.1,20000
2026,HOU,Houston Rockets,West,Southwest,Modern Era,50,32,0.615,1,11,0,110.7,110.5,104.2,104.3,108.5,-4.2,0.5,0.567,179.4,20000
2026,IND,Indiana Pacers,East,Central,Modern Era,42,40,0.521,1,6,0,108.6,112.1,102.0,104.4,109.0,-4.6,0.432,0.59,167.6,19827
2026,LAC,Los Angeles Clippers,West,Pacific,Modern Era,45,37,0.554,1,9,0,124.3,120.6,101.1,124.0,119.4,4.6,0.423,0.59,170.3,20000
2026,LAL,Los Angeles Lakers,West,Pacific,Modern Era,49,33,0.608,1,6,0,110.9,110.4,107.0,103.1,104.1,-1.0,0.475,0.587,184.3,18807
2026,MEM,Memphis Grizzlies,West,Southwest,Modern Era,14,68,0.179,0,0,0,119.2,122.3,96.4,123.5,127.2,-3.7,0.5,0.581,183.6,17459
2026,MIA,Miami Heat,East,Southeast,Modern Era,52,30,0.635,1,5,0,112.9,108.6,103.8,107.2,105.7,1.5,0.5,0.618,168.5,20000
2026,MIL,Milwaukee Bucks,East,Central,Modern Era,51,31,0.631,1,6,0,109.7,99.2,103.7,105.8,95.2,10.6,0.478,0.604,168.3,20000
2026,MIN,Minnesota Timberwolves,West,Northwest,Modern Era,27,55,0.338,0,0,0,118.4,122.2,101.8,117.0,121.2,-4.2,0.481,0.572,162.7,15328
2026,NOP,New Orleans Pelicans,West,Southwest,Modern Era,28,54,0.353,0,0,0,124.7,125.7,106.5,116.8,118.7,-1.9,0.452,0.583,178.1,20000
2026,NYK,New York Knicks,East,Atlantic,Modern Era,36,46,0.45,0,0,0,124.5,127.3,99.6,125.9,127.7,-1.8,0.461,0.599,178.1,17982
2026,OKC,Oklahoma City Thunder,West,Northwest,Modern Era,30,52,0.37,0,0,0,119.2,123.9,105.0,113.6,117.4,-3.8,0.485,0.61,166.4,18504
2026,ORL,Orlando Magic,East,Southeast,Modern Era,41,41,0.507,1,15,0,114.2,118.6,100.5,113.9,116.8,-2.9,0.451,0.571,177.7,18889
2026,PHI,Philadelphia 76ers,East,Atlantic,Modern Era,48,34,0.59,1,12,0,113.0,106.3,102.4,108.3,105.4,2.9,0.415,0.589,184.8,20000
2026,PHX,Phoenix Suns,West,Pacific,Modern Era,31,51,0.379,0,0,0,123.0,122.3,100.8,119.4,120.3,-0.9,0.404,0.592,168.7,19730
2026,POR,Portland Trail Blazers,West,Northwest,Modern Era,32,50,0.398,0,0,0,120.1,122.5,100.3,120.9,122.9,-2.0,0.5,0.546,160.9,19980
2026,SAC,Sacramento Kings,West,Pacific,Modern Era,36,46,0.444,0,0,0,120.5,122.0,106.7,112.1,114.9,-2.8,0.5,0.574,170.9,17894
2026,SAS,San Antonio Spurs,West,Southwest,Modern Era,56,26,0.688,1,8,0,114.1,113.3,101.5,113.7,111.2,2.5,0.493,0.613,183.4,20000
2026,TOR,Toronto Raptors,East,Atlantic,Modern Era,34,48,0.415,0,0,0,115.5,112.4,106.4,107.7,106.9,0.8,0.44,0.584,171.7,18591
2026,UTA,Utah Jazz,West,Northwest,Modern Era,34,48,0.426,0,0,0,120.4,118.9,99.8,118.9,119.9,-1.0,0.5,0.616,159.7,18892
2026,WAS,Washington Wizards,East,Southeast,Modern Era,40,42,0.495,0,0,0,113.3,115.7,100.8,113.3,116.4,-3.1,0.452,0.597,175.2,20000
