date,year,month,quarter,symbol,name,category,consensus_mechanism,open_usd,high_usd,low_usd,close_usd,monthly_return_pct,monthly_volatility_pct,volume_usd_billion,market_cap_usd_billion,dominance_pct,active_addresses_thousands,transaction_count_thousands,social_sentiment_score,fear_greed_index,exchange_netflow_million_usd
2018-01,2018,1,Q1,BTC,Bitcoin,Store of Value,PoW,26419.4630589,30512.65391737,25138.13296124,26584.63451223,0.63,15.0,6.319,523.717,56.5,906,4475,-0.722,46,-3.8
2018-02,2018,2,Q1,BTC,Bitcoin,Store of Value,PoW,26584.63451223,26358.37559092,21736.92138586,23790.77689609,-10.51,15.6,7.321,468.678,40.0,584,6410,-0.389,27,7.8
2018-03,2018,3,Q1,BTC,Bitcoin,Store of Value,PoW,23790.77689609,34551.76059328,31167.91102824,33381.20917442,40.31,10.5,8.064,657.61,54.4,643,1187,0.236,39,-18.9
2018-04,2018,4,Q2,BTC,Bitcoin,Store of Value,PoW,33381.20917442,30062.02821081,25207.27838018,28025.0686884,-16.05,16.3,4.927,552.094,39.9,654,4631,-0.482,44,-11.4
2018-05,2018,5,Q2,BTC,Bitcoin,Store of Value,PoW,28025.0686884,31178.27679967,26122.67778541,28845.18384022,2.93,22.5,3.748,568.25,53.8,479,7943,-0.25,53,-12.0
2018-06,2018,6,Q2,BTC,Bitcoin,Store of Value,PoW,28845.18384022,30643.58488426,25326.11277868,27138.51503374,-5.92,18.2,5.614,534.629,43.2,446,10922,-0.925,38,-22.9
2018-07,2018,7,Q3,BTC,Bitcoin,Store of Value,PoW,27138.51503374,26545.59377748,23004.45732139,24140.1695561,-11.05,12.5,5.769,475.561,56.1,376,13207,-0.448,40,1.9
2018-08,2018,8,Q3,BTC,Bitcoin,Store of Value,PoW,24140.1695561,22565.48304613,19444.93699953,21486.1721967,-10.99,10.9,5.7,423.278,55.3,534,8822,-0.511,45,2.3
2018-09,2018,9,Q3,BTC,Bitcoin,Store of Value,PoW,21486.1721967,22335.76335166,15381.81752748,19902.88974581,-7.37,23.8,1.727,392.087,53.8,306,21413,0.019,28,20.9
2018-10,2018,10,Q4,BTC,Bitcoin,Store of Value,PoW,19902.88974581,28255.36169306,21318.80193112,25275.6321669,26.99,19.7,2.392,497.93,60.2,399,17120,-0.027,28,1.1
2018-11,2018,11,Q4,BTC,Bitcoin,Store of Value,PoW,25275.6321669,29458.86694719,21744.84127748,24413.34176362,-3.41,23.1,3.183,480.943,61.4,117,7621,-0.772,42,5.2
2018-12,2018,12,Q4,BTC,Bitcoin,Store of Value,PoW,24413.34176362,22952.53810008,18683.42173707,20371.98212084,-16.55,16.4,2.812,401.328,54.7,274,3969,-0.603,38,-2.4
2019-01,2019,1,Q1,BTC,Bitcoin,Store of Value,PoW,20371.98212084,25046.49821801,18630.48830195,21594.15186775,6.0,18.2,8.268,425.405,43.2,691,15493,-0.071,39,15.7
2019-02,2019,2,Q1,BTC,Bitcoin,Store of Value,PoW,21594.15186775,31862.68117736,29400.43040507,30573.70787961,41.58,9.9,6.37,602.302,55.5,473,14485,-0.418,17,5.9
2019-03,2019,3,Q1,BTC,Bitcoin,Store of Value,PoW,30573.70787961,32456.21476565,25792.86483511,29474.08006623,-3.6,24.6,4.58,580.639,45.6,387,8792,-0.33,35,5.0
2019-04,2019,4,Q2,BTC,Bitcoin,Store of Value,PoW,29474.08006623,26308.42818927,23017.61445352,24324.65447225,-17.47,8.4,8.364,479.196,40.0,339,11692,-0.427,42,11.4
2019-05,2019,5,Q2,BTC,Bitcoin,Store of Value,PoW,24324.65447225,33768.5065862,29412.55068903,31342.82074757,28.85,17.0,2.042,617.454,49.0,187,6987,-0.352,43,-2.7
2019-06,2019,6,Q2,BTC,Bitcoin,Store of Value,PoW,31342.82074757,37799.53699293,31855.94865339,34653.57954973,10.56,19.4,12.36,682.676,51.6,285,26999,-0.102,33,28.2
2019-07,2019,7,Q3,BTC,Bitcoin,Store of Value,PoW,34653.57954973,35172.04055491,31607.75390878,33413.01678332,-3.58,8.2,10.677,658.236,44.4,1551,10181,0.193,24,13.5
2019-08,2019,8,Q3,BTC,Bitcoin,Store of Value,PoW,33413.01678332,34375.93470298,25268.80661134,31976.00812087,-4.3,21.4,4.409,629.927,54.3,323,12637,-0.045,35,-25.4
2019-09,2019,9,Q3,BTC,Bitcoin,Store of Value,PoW,31976.00812087,45142.33088124,35755.70187702,39992.3006931,25.07,14.7,5.997,787.848,40.0,902,9915,-0.784,32,-33.7
2019-10,2019,10,Q4,BTC,Bitcoin,Store of Value,PoW,39992.3006931,45384.91029176,35512.93900971,40871.01161206,2.2,18.8,7.701,805.159,43.7,218,6918,0.076,49,-21.1
2019-11,2019,11,Q4,BTC,Bitcoin,Store of Value,PoW,40871.01161206,40588.72667563,32174.89768279,37264.50229796,-8.82,24.3,12.707,734.111,39.4,173,8096,-0.492,47,4.1
2019-12,2019,12,Q4,BTC,Bitcoin,Store of Value,PoW,37264.50229796,42280.02472649,31094.20201004,37713.30240452,1.2,23.7,15.496,742.952,58.3,901,10640,0.092,53,16.7
2020-01,2020,1,Q1,BTC,Bitcoin,Store of Value,PoW,37713.30240452,38145.17300685,30006.50640261,33004.70048308,-12.49,22.4,5.034,650.193,42.7,595,3705,-0.038,54,-21.7
2020-02,2020,2,Q1,BTC,Bitcoin,Store of Value,PoW,33004.70048308,48331.27362305,43550.99346242,45797.4972103,38.76,14.5,6.857,902.211,55.8,1736,20492,0.226,63,-10.6
2020-03,2020,3,Q1,BTC,Bitcoin,Store of Value,PoW,45797.4972103,60107.6013272,44826.7822102,51111.12097374,11.6,19.1,17.481,1006.889,59.4,1022,2276,0.303,39,-8.0
2020-04,2020,4,Q2,BTC,Bitcoin,Store of Value,PoW,51111.12097374,59099.54431417,53099.90139293,56421.33459341,10.39,14.0,3.653,1111.5,50.2,194,3459,0.785,47,35.8
2020-05,2020,5,Q2,BTC,Bitcoin,Store of Value,PoW,56421.33459341,64862.39048856,57667.01486226,60080.96673366,6.49,12.9,6.427,1183.595,46.8,105,6661,-0.261,60,-6.6
2020-06,2020,6,Q2,BTC,Bitcoin,Store of Value,PoW,60080.96673366,69944.92596528,56444.42961443,64757.7965945,7.78,18.0,17.579,1275.729,48.4,340,5798,-0.321,55,30.8
2020-07,2020,7,Q3,BTC,Bitcoin,Store of Value,PoW,64757.7965945,61388.60535737,47892.66698898,55063.18852441,-14.97,13.4,19.918,1084.745,50.2,694,9069,-0.182,47,7.2
2020-08,2020,8,Q3,BTC,Bitcoin,Store of Value,PoW,55063.18852441,73948.41682793,57524.15934787,65826.50755547,19.55,13.3,15.186,1296.782,55.0,728,9126,0.433,52,-32.4
2020-09,2020,9,Q3,BTC,Bitcoin,Store of Value,PoW,65826.50755547,91377.60930268,73404.77445792,78788.98781056,19.69,22.1,18.682,1552.143,50.7,1250,5306,-0.134,59,-13.5
2020-10,2020,10,Q4,BTC,Bitcoin,Store of Value,PoW,78788.98781056,64084.05769825,53852.18443869,59609.88131184,-24.34,15.1,19.431,1174.315,37.3,1923,8378,0.231,54,24.3
2020-11,2020,11,Q4,BTC,Bitcoin,Store of Value,PoW,59609.88131184,96559.47266443,72496.80874622,86353.962491,44.87,18.7,23.741,1701.173,50.2,542,14341,0.646,57,-6.9
2020-12,2020,12,Q4,BTC,Bitcoin,Store of Value,PoW,86353.962491,97211.52983731,69096.35500086,82144.49447145,-4.87,19.0,34.46,1618.247,51.1,472,5354,0.053,60,-6.7
2021-01,2021,1,Q1,BTC,Bitcoin,Store of Value,PoW,82144.49447145,96592.85587466,79332.37050249,90304.91366349,9.93,14.3,27.156,1779.007,56.9,222,16535,0.739,81,-43.7
2021-02,2021,2,Q1,BTC,Bitcoin,Store of Value,PoW,90304.91366349,100837.61233804,93903.96709866,97822.9788844,8.33,9.0,18.59,1927.113,53.7,1759,3690,0.234,71,58.9
2021-03,2021,3,Q1,BTC,Bitcoin,Store of Value,PoW,97822.9788844,115590.94590918,92941.16794985,106825.46421271,9.2,24.2,42.103,2104.462,51.7,1002,2939,0.692,97,50.6
2021-04,2021,4,Q2,BTC,Bitcoin,Store of Value,PoW,106825.46421271,131699.09558888,107934.48109422,120295.87392405,12.61,21.9,30.355,2369.829,37.4,468,15447,0.751,88,8.3
2021-05,2021,5,Q2,BTC,Bitcoin,Store of Value,PoW,120295.87392405,78288.77665055,65347.99214799,70826.73937543,-41.12,23.8,19.317,1395.287,48.4,1409,12963,0.747,46,-19.4
2021-06,2021,6,Q2,BTC,Bitcoin,Store of Value,PoW,70826.73937543,65699.28986488,55020.8296333,59954.33766925,-15.35,15.1,35.472,1181.1,55.3,692,15274,0.479,70,-2.9
2021-07,2021,7,Q3,BTC,Bitcoin,Store of Value,PoW,59954.33766925,84461.91549948,69600.91463411,75583.13133425,26.07,11.8,9.866,1488.988,45.9,1194,10783,0.439,73,18.5
2021-08,2021,8,Q3,BTC,Bitcoin,Store of Value,PoW,75583.13133425,96376.21670583,80978.4930106,89245.99759359,18.08,11.9,25.513,1758.146,38.4,647,13512,0.982,66,20.9
2021-09,2021,9,Q3,BTC,Bitcoin,Store of Value,PoW,89245.99759359,69521.91903966,56098.23833454,65001.49530052,-27.17,17.7,12.164,1280.529,45.3,1209,1473,0.304,66,-61.8
2021-10,2021,10,Q4,BTC,Bitcoin,Store of Value,PoW,65001.49530052,81349.23856583,66077.67865895,72017.67885623,10.79,15.3,18.47,1418.748,42.9,1533,10080,0.754,62,64.4
2021-11,2021,11,Q4,BTC,Bitcoin,Store of Value,PoW,72017.67885623,76185.51849677,63113.30658677,72409.62455452,0.54,14.4,10.385,1426.47,55.0,609,14967,0.369,74,-7.3
2021-12,2021,12,Q4,BTC,Bitcoin,Store of Value,PoW,72409.62455452,59956.88466957,52891.93340077,56921.23749192,-21.39,8.0,10.434,1121.348,40.5,206,6733,0.12,73,40.1
2022-01,2022,1,Q1,BTC,Bitcoin,Store of Value,PoW,56921.23749192,52234.22510679,45808.01140202,47962.04490224,-15.74,10.3,7.637,944.852,47.4,1362,8471,0.577,58,2.8
2022-02,2022,2,Q1,BTC,Bitcoin,Store of Value,PoW,47962.04490224,34974.75452781,31755.65453297,33852.00663693,-29.42,10.7,16.057,666.885,47.3,155,6388,-0.026,43,7.2
2022-03,2022,3,Q1,BTC,Bitcoin,Store of Value,PoW,33852.00663693,35032.75465113,25343.83783068,30801.97989679,-9.01,21.9,14.35,606.799,47.8,325,6508,0.505,51,-3.4
2022-04,2022,4,Q2,BTC,Bitcoin,Store of Value,PoW,30801.97989679,40330.21298138,28142.72284206,34835.41006627,13.09,23.7,3.387,686.258,47.1,406,16866,-0.743,47,-11.3
2022-05,2022,5,Q2,BTC,Bitcoin,Store of Value,PoW,34835.41006627,24512.48782655,21237.71281508,22085.56048812,-36.6,11.3,6.085,435.086,41.8,254,9724,-0.024,12,5.0
2022-06,2022,6,Q2,BTC,Bitcoin,Store of Value,PoW,22085.56048812,19113.28829058,13997.1703218,17011.76705113,-22.97,18.8,2.859,335.132,47.3,125,6694,-0.699,16,-4.1
2022-07,2022,7,Q3,BTC,Bitcoin,Store of Value,PoW,17011.76705113,17267.19752339,15332.67837797,16040.81393683,-5.71,12.1,1.701,316.004,42.4,1506,5638,-0.354,31,-1.2
2022-08,2022,8,Q3,BTC,Bitcoin,Store of Value,PoW,16040.81393683,15665.20601474,13373.75940704,14941.17468137,-6.86,12.5,1.014,294.341,59.0,401,12300,-0.998,47,0.9
2022-09,2022,9,Q3,BTC,Bitcoin,Store of Value,PoW,14941.17468137,17390.33436328,13936.4460708,15905.16269094,6.45,23.5,1.65,313.332,49.9,2463,8358,-0.605,46,-2.8
2022-10,2022,10,Q4,BTC,Bitcoin,Store of Value,PoW,15905.16269094,21406.45718854,16282.71618074,18926.70627308,19.0,20.8,5.454,372.856,59.3,382,4235,-0.187,42,-12.0
2022-11,2022,11,Q4,BTC,Bitcoin,Store of Value,PoW,18926.70627308,23387.12807448,17859.22845301,20461.72448337,8.11,19.4,9.048,403.096,41.9,1003,18641,-0.524,27,-14.2
2022-12,2022,12,Q4,BTC,Bitcoin,Store of Value,PoW,20461.72448337,19173.71026121,14230.74113193,15753.80434648,-23.01,23.2,4.041,310.35,40.9,478,9314,-0.412,40,19.6
2023-01,2023,1,Q1,BTC,Bitcoin,Store of Value,PoW,15753.80434648,36666.91295339,25635.03407866,30612.7736468,94.32,21.0,6.211,603.072,41.6,304,2380,0.081,58,-7.6
2023-02,2023,2,Q1,BTC,Bitcoin,Store of Value,PoW,30612.7736468,33229.01280029,26454.03223457,29824.50173635,-2.57,13.3,10.621,587.543,49.2,114,11629,0.158,51,2.6
2023-03,2023,3,Q1,BTC,Bitcoin,Store of Value,PoW,29824.50173635,33589.60815424,27995.42833713,31195.95367563,4.6,22.6,6.635,614.56,55.9,234,15386,0.027,56,29.6
2023-04,2023,4,Q2,BTC,Bitcoin,Store of Value,PoW,31195.95367563,46560.03099952,34645.98929298,40970.01197165,31.33,19.6,4.493,807.109,55.4,1575,18701,0.711,68,-22.8
2023-05,2023,5,Q2,BTC,Bitcoin,Store of Value,PoW,40970.01197165,52932.75910853,38509.96004507,45969.90691251,12.2,19.8,5.037,905.607,46.0,926,2438,0.297,42,-7.7
2023-06,2023,6,Q2,BTC,Bitcoin,Store of Value,PoW,45969.90691251,46821.73184782,31608.93732431,38013.40879086,-17.31,24.6,4.822,748.864,47.7,529,6491,-0.04,47,-21.7
2023-07,2023,7,Q3,BTC,Bitcoin,Store of Value,PoW,38013.40879086,51986.37423024,36204.811168,46833.79869085,23.2,22.8,3.246,922.626,39.2,813,9245,-0.239,45,21.6
2023-08,2023,8,Q3,BTC,Bitcoin,Store of Value,PoW,46833.79869085,55034.23418957,42881.88764829,50496.78819405,7.82,16.4,9.452,994.787,48.9,323,2152,-0.092,48,-4.0
2023-09,2023,9,Q3,BTC,Bitcoin,Store of Value,PoW,50496.78819405,43696.79274183,36164.73771929,41488.23268576,-17.84,15.8,10.751,817.318,53.3,484,18954,-0.297,57,-0.6
2023-10,2023,10,Q4,BTC,Bitcoin,Store of Value,PoW,41488.23268576,50413.52810023,40420.78193827,45900.2109008,10.63,16.4,9.72,904.234,39.7,703,28932,0.231,69,20.1
2023-11,2023,11,Q4,BTC,Bitcoin,Store of Value,PoW,45900.2109008,49652.54987561,40610.42214647,46069.6066555,0.37,16.2,11.176,907.571,44.0,626,7536,0.067,57,8.5
2023-12,2023,12,Q4,BTC,Bitcoin,Store of Value,PoW,46069.6066555,55940.08040331,43411.04555547,49682.91533609,7.84,15.4,13.087,978.753,50.4,669,49714,0.912,53,19.1
2024-01,2024,1,Q1,BTC,Bitcoin,Store of Value,PoW,49682.91533609,70135.20588513,61898.32816769,67047.73603292,34.95,8.8,20.815,1320.84,53.6,457,5023,0.912,92,-15.3
2024-02,2024,2,Q1,BTC,Bitcoin,Store of Value,PoW,67047.73603292,97657.62584101,78737.12124853,88693.19360783,32.28,12.8,27.295,1747.256,54.0,209,10811,0.332,63,17.9
2024-03,2024,3,Q1,BTC,Bitcoin,Store of Value,PoW,88693.19360783,94305.20036087,68010.60343955,83505.13705117,-5.85,21.1,29.876,1645.051,44.4,365,23673,0.282,77,-70.5
2024-04,2024,4,Q2,BTC,Bitcoin,Store of Value,PoW,83505.13705117,82180.25381763,67376.60935257,75282.75496026,-9.85,10.7,11.543,1483.07,47.9,489,10372,0.646,73,-9.1
2024-05,2024,5,Q2,BTC,Bitcoin,Store of Value,PoW,75282.75496026,109353.62103336,94607.64024426,102009.43120596,35.5,13.8,44.407,2009.586,50.1,396,5155,0.259,91,-3.0
2024-06,2024,6,Q2,BTC,Bitcoin,Store of Value,PoW,102009.43120596,114433.71261292,85250.9054528,103956.99837247,1.91,18.3,26.064,2047.953,40.3,451,5161,0.55,59,17.1
2024-07,2024,7,Q3,BTC,Bitcoin,Store of Value,PoW,103956.99837247,99203.77411573,83061.10140402,88571.34342778,-14.8,19.4,19.16,1744.855,47.3,278,13573,0.793,70,-55.1
2024-08,2024,8,Q3,BTC,Bitcoin,Store of Value,PoW,88571.34342778,75054.63137783,60144.84968276,66420.26702714,-25.01,16.0,16.056,1308.479,51.8,258,12976,0.619,52,35.8
2024-09,2024,9,Q3,BTC,Bitcoin,Store of Value,PoW,66420.26702714,76645.40195251,61297.22327747,69461.48164136,4.58,18.4,11.848,1368.391,42.6,575,6673,0.317,69,18.6
2024-10,2024,10,Q4,BTC,Bitcoin,Store of Value,PoW,69461.48164136,82336.38427294,61464.13450556,74714.56071704,7.56,22.9,12.888,1471.877,44.4,1216,3486,-0.061,66,-37.3
2024-11,2024,11,Q4,BTC,Bitcoin,Store of Value,PoW,74714.56071704,106395.86102203,83301.68509369,92840.76379393,24.26,18.5,5.969,1828.963,47.7,1100,12142,0.444,87,50.9
2024-12,2024,12,Q4,BTC,Bitcoin,Store of Value,PoW,92840.76379393,75438.26550674,56792.97392748,66874.9505069,-27.97,19.1,52.953,1317.437,53.5,430,18388,0.176,68,-23.3
2025-01,2025,1,Q1,BTC,Bitcoin,Store of Value,PoW,66874.9505069,96648.3121999,80743.70827642,90475.09732798,35.29,20.2,28.509,1782.359,58.4,943,7448,-0.155,72,133.2
2025-02,2025,2,Q1,BTC,Bitcoin,Store of Value,PoW,90475.09732798,118486.79616205,95238.05864034,101637.99615339,12.34,16.9,21.191,2002.269,38.7,1037,7843,0.159,67,59.8
2025-03,2025,3,Q1,BTC,Bitcoin,Store of Value,PoW,101637.99615339,110097.81757197,78685.8284268,99235.0570885,-2.36,21.0,38.51,1954.931,51.1,2826,2564,0.892,60,-28.1
2025-04,2025,4,Q2,BTC,Bitcoin,Store of Value,PoW,99235.0570885,87956.51136593,69382.40551803,82183.47158993,-17.18,21.6,42.571,1619.014,41.7,405,13777,0.727,74,9.8
2025-05,2025,5,Q2,BTC,Bitcoin,Store of Value,PoW,82183.47158993,100540.744003,91955.48558767,97169.10644886,18.23,8.2,11.917,1914.231,49.0,541,8550,0.339,77,-60.8
2025-06,2025,6,Q2,BTC,Bitcoin,Store of Value,PoW,97169.10644886,121420.83188873,89214.84136174,105733.21372325,8.81,18.9,22.148,2082.944,54.4,1034,3692,0.936,83,63.5
2025-07,2025,7,Q3,BTC,Bitcoin,Store of Value,PoW,105733.21372325,96028.88017799,78489.14145686,84180.82481218,-20.38,19.3,24.612,1658.362,45.6,1003,4948,0.173,86,10.6
2025-08,2025,8,Q3,BTC,Bitcoin,Store of Value,PoW,84180.82481218,97416.02867701,83020.02519338,90809.51421654,7.87,14.8,20.297,1788.947,46.3,2667,2077,0.963,76,14.9
2025-09,2025,9,Q3,BTC,Bitcoin,Store of Value,PoW,90809.51421654,96583.53596369,84275.63390933,90093.07264555,-0.79,13.1,38.203,1774.834,44.7,809,5343,0.7,76,-3.5
2025-10,2025,10,Q4,BTC,Bitcoin,Store of Value,PoW,90093.07264555,90547.84609335,70982.78198512,81582.78355406,-9.45,18.3,24.526,1607.181,37.6,367,4359,0.925,60,-28.8
2025-11,2025,11,Q4,BTC,Bitcoin,Store of Value,PoW,81582.78355406,110533.44776383,96801.66919495,102678.3002004,25.86,14.6,20.486,2022.763,53.3,2219,4937,0.764,78,14.7
2025-12,2025,12,Q4,BTC,Bitcoin,Store of Value,PoW,102678.3002004,80491.33802448,69833.03809274,75897.90767293,-26.08,10.2,21.603,1495.189,40.8,502,5905,1.0,53,-20.0
2026-01,2026,1,Q1,BTC,Bitcoin,Store of Value,PoW,75897.90767293,110890.45909839,72119.50989259,91615.71337412,20.71,23.7,10.128,1804.83,52.5,3198,2151,0.595,78,-15.7
2026-02,2026,2,Q1,BTC,Bitcoin,Store of Value,PoW,91615.71337412,114142.37731212,79558.69996865,94920.27104052,3.61,20.7,24.662,1869.929,38.0,155,10842,0.911,80,62.0
2026-03,2026,3,Q1,BTC,Bitcoin,Store of Value,PoW,94920.27104052,112612.41796286,76915.9436334,99903.85919656,5.25,24.5,46.953,1968.106,56.0,190,8486,0.318,61,36.3
2018-01,2018,1,Q1,ETH,Ethereum,Smart Contract,PoS,878.70810376,1106.0857285,881.44460032,1009.11385434,14.84,20.6,7.596,121.094,19.4,293,6974,0.132,11,-14.9
2018-02,2018,2,Q1,ETH,Ethereum,Smart Contract,PoS,1009.11385434,1081.41982823,947.66334077,1025.38332891,1.61,9.3,2.935,123.046,18.1,828,6075,-0.257,64,5.9
2018-03,2018,3,Q1,ETH,Ethereum,Smart Contract,PoS,1025.38332891,1201.00996204,822.06680402,1076.45348362,4.98,24.9,1.935,129.174,16.8,301,10739,0.113,37,-0.9
2018-04,2018,4,Q2,ETH,Ethereum,Smart Contract,PoS,1076.45348362,1164.93249013,959.60634137,1045.80595445,-2.85,16.1,2.365,125.497,20.9,1360,7645,-0.516,42,-24.0
2018-05,2018,5,Q2,ETH,Ethereum,Smart Contract,PoS,1045.80595445,1123.42550681,927.42370415,1057.64786976,1.13,12.7,3.066,126.918,18.8,297,4594,-0.087,43,-0.5
2018-06,2018,6,Q2,ETH,Ethereum,Smart Contract,PoS,1057.64786976,955.43911271,791.43031603,892.92865641,-15.57,18.2,4.467,107.151,20.1,5462,4446,-0.508,45,-1.5
2018-07,2018,7,Q3,ETH,Ethereum,Smart Contract,PoS,892.92865641,1072.59448162,799.3912985,965.93846964,8.18,22.8,3.008,115.913,19.9,464,8052,-0.068,71,8.6
2018-08,2018,8,Q3,ETH,Ethereum,Smart Contract,PoS,965.93846964,884.99000625,682.27168842,782.97420803,-18.94,20.4,3.125,93.957,17.9,369,7160,-0.38,33,-2.3
2018-09,2018,9,Q3,ETH,Ethereum,Smart Contract,PoS,782.97420803,833.22653982,735.50148234,771.81046609,-1.43,15.0,1.613,92.617,17.0,617,80786,-0.453,32,10.0
2018-10,2018,10,Q4,ETH,Ethereum,Smart Contract,PoS,771.81046609,736.53203071,585.44860287,651.93221343,-15.53,22.4,3.612,78.232,21.2,1388,35169,-0.915,48,3.5
2018-11,2018,11,Q4,ETH,Ethereum,Smart Contract,PoS,651.93221343,1042.85005981,762.35310239,923.70833039,41.69,21.8,0.963,110.845,17.0,536,5316,-0.256,36,20.0
2018-12,2018,12,Q4,ETH,Ethereum,Smart Contract,PoS,923.70833039,652.32207488,598.92534166,631.85248842,-31.6,9.9,1.305,75.822,20.1,558,13712,-0.091,35,-0.8
2019-01,2019,1,Q1,ETH,Ethereum,Smart Contract,PoS,631.85248842,1036.29459702,866.44565938,915.8375063,44.94,14.8,1.203,109.901,15.1,400,3435,-0.304,30,-6.4
2019-02,2019,2,Q1,ETH,Ethereum,Smart Contract,PoS,915.8375063,1104.47533457,929.24812451,995.19374037,8.66,11.0,2.542,119.423,21.5,337,10203,-0.124,32,7.3
2019-03,2019,3,Q1,ETH,Ethereum,Smart Contract,PoS,995.19374037,1118.99038807,1034.72057804,1063.09574441,6.82,8.4,3.547,127.571,18.8,574,5176,-0.206,41,1.7
2019-04,2019,4,Q2,ETH,Ethereum,Smart Contract,PoS,1063.09574441,1145.73555455,953.43813333,1047.11095314,-1.5,11.5,6.665,125.653,18.3,1431,8032,-0.253,40,-0.8
2019-05,2019,5,Q2,ETH,Ethereum,Smart Contract,PoS,1047.11095314,1293.13814733,1070.85282454,1231.55589046,17.61,13.4,4.879,147.787,21.8,621,1983,-0.328,54,-13.6
2019-06,2019,6,Q2,ETH,Ethereum,Smart Contract,PoS,1231.55589046,1535.49357794,1269.90678721,1406.43569992,14.2,11.6,2.009,168.772,18.3,104,12129,-0.288,45,-7.0
2019-07,2019,7,Q3,ETH,Ethereum,Smart Contract,PoS,1406.43569992,1557.14231529,1409.8090835,1510.14367826,7.37,8.5,4.244,181.217,19.7,253,9847,-0.468,41,8.3
2019-08,2019,8,Q3,ETH,Ethereum,Smart Contract,PoS,1510.14367826,1734.47120679,1317.48373391,1544.66497899,2.29,15.0,3.569,185.36,15.9,1000,5471,-0.237,37,1.4
2019-09,2019,9,Q3,ETH,Ethereum,Smart Contract,PoS,1544.66497899,1449.52908566,965.40596253,1189.16925233,-23.01,24.8,3.216,142.7,15.3,262,1857,0.37,48,-1.6
2019-10,2019,10,Q4,ETH,Ethereum,Smart Contract,PoS,1189.16925233,1927.13978637,1512.86702472,1733.89175602,45.81,17.3,7.595,208.067,18.9,846,2523,0.11,43,0.5
2019-11,2019,11,Q4,ETH,Ethereum,Smart Contract,PoS,1733.89175602,1473.42639056,978.43331075,1255.37292784,-27.6,23.7,1.704,150.645,16.7,483,3546,-0.272,56,-3.6
2019-12,2019,12,Q4,ETH,Ethereum,Smart Contract,PoS,1255.37292784,1537.2995248,1238.08815039,1419.75915094,13.09,16.3,3.328,170.371,19.9,434,8111,0.155,22,9.5
2020-01,2020,1,Q1,ETH,Ethereum,Smart Contract,PoS,1419.75915094,1604.15686248,1320.32358786,1432.96991824,0.93,21.0,5.022,171.956,20.8,462,12528,-0.337,55,1.5
2020-02,2020,2,Q1,ETH,Ethereum,Smart Contract,PoS,1432.96991824,1937.2819381,1741.79494668,1800.50770966,25.65,8.6,2.728,216.061,16.1,2740,8096,0.282,21,-19.7
2020-03,2020,3,Q1,ETH,Ethereum,Smart Contract,PoS,1800.50770966,1865.0139111,1301.14585668,1634.6750275,-9.21,21.1,2.313,196.161,18.7,114,3388,-0.358,61,-24.2
2020-04,2020,4,Q2,ETH,Ethereum,Smart Contract,PoS,1634.6750275,2192.74783629,1935.14933782,2055.28961647,25.73,14.3,3.173,246.635,21.7,227,9809,-0.057,34,25.6
2020-05,2020,5,Q2,ETH,Ethereum,Smart Contract,PoS,2055.28961647,2807.13277371,2395.73234298,2631.84591922,28.05,20.1,4.134,315.822,19.1,222,9922,0.44,48,5.1
2020-06,2020,6,Q2,ETH,Ethereum,Smart Contract,PoS,2631.84591922,2261.51599965,1939.26262731,2090.45417321,-20.57,11.9,4.452,250.855,18.8,1091,3711,-0.102,40,-8.5
2020-07,2020,7,Q3,ETH,Ethereum,Smart Contract,PoS,2090.45417321,3497.10477536,2489.17026744,2873.69656756,37.47,23.6,5.224,344.844,15.8,322,12102,0.137,45,39.4
2020-08,2020,8,Q3,ETH,Ethereum,Smart Contract,PoS,2873.69656756,3027.02466968,2374.67511882,2681.52411803,-6.69,19.5,5.111,321.783,20.2,525,22035,0.032,65,-21.0
2020-09,2020,9,Q3,ETH,Ethereum,Smart Contract,PoS,2681.52411803,3261.56554262,2855.01941047,3100.56759698,15.63,9.2,14.752,372.068,19.1,164,5996,0.318,67,3.3
2020-10,2020,10,Q4,ETH,Ethereum,Smart Contract,PoS,3100.56759698,2757.30105721,2481.20845642,2676.29126739,-13.68,8.6,16.443,321.155,18.0,1289,6394,0.558,68,19.3
2020-11,2020,11,Q4,ETH,Ethereum,Smart Contract,PoS,2676.29126739,3774.07444569,3214.6436808,3439.40031127,28.51,12.2,8.84,412.728,20.1,683,16492,0.301,53,-8.2
2020-12,2020,12,Q4,ETH,Ethereum,Smart Contract,PoS,3439.40031127,4605.93850474,3375.70225193,3960.31973807,15.15,18.6,7.143,475.238,15.3,401,18359,0.633,64,-18.1
2021-01,2021,1,Q1,ETH,Ethereum,Smart Contract,PoS,3960.31973807,5679.27922429,4318.44566329,5120.59626355,29.3,19.3,17.465,614.472,15.0,246,5122,0.749,77,-84.1
2021-02,2021,2,Q1,ETH,Ethereum,Smart Contract,PoS,5120.59626355,5315.76101716,4704.81663231,5088.85522851,-0.62,10.6,2.843,610.663,17.4,1204,15097,-0.073,69,6.9
2021-03,2021,3,Q1,ETH,Ethereum,Smart Contract,PoS,5088.85522851,4621.71535099,3879.78098177,4211.20187099,-17.25,14.6,13.917,505.344,19.0,375,10010,0.892,72,-19.0
2021-04,2021,4,Q2,ETH,Ethereum,Smart Contract,PoS,4211.20187099,5649.19500416,4339.08447035,4770.02705279,13.27,20.9,8.454,572.403,19.6,586,3183,0.02,87,-26.3
2021-05,2021,5,Q2,ETH,Ethereum,Smart Contract,PoS,4770.02705279,3262.8222838,2659.32888303,3060.39959803,-35.84,14.4,2.029,367.248,19.0,2750,6841,1.0,64,-31.9
2021-06,2021,6,Q2,ETH,Ethereum,Smart Contract,PoS,3060.39959803,3823.51725085,2836.14053401,3195.40691683,4.41,24.0,10.577,383.449,17.5,367,21964,0.564,62,-19.7
2021-07,2021,7,Q3,ETH,Ethereum,Smart Contract,PoS,3195.40691683,3741.11151491,3126.09181434,3418.22363215,6.97,24.3,12.579,410.187,20.5,246,11859,0.252,72,27.8
2021-08,2021,8,Q3,ETH,Ethereum,Smart Contract,PoS,3418.22363215,4064.39703117,3605.84137369,3872.59759191,13.29,8.9,5.67,464.712,20.9,631,5008,0.627,69,-28.0
2021-09,2021,9,Q3,ETH,Ethereum,Smart Contract,PoS,3872.59759191,3547.96937142,2880.85917662,3301.19555296,-14.76,12.8,3.419,396.143,18.7,159,1601,0.756,54,37.5
2021-10,2021,10,Q4,ETH,Ethereum,Smart Contract,PoS,3301.19555296,3710.72654672,3406.14390972,3516.02909445,6.51,8.3,2.702,421.923,21.5,403,13916,0.555,69,-54.3
2021-11,2021,11,Q4,ETH,Ethereum,Smart Contract,PoS,3516.02909445,3956.53571319,3194.31568356,3719.26311601,5.78,17.8,6.41,446.312,18.4,463,4199,-0.062,74,-47.8
2021-12,2021,12,Q4,ETH,Ethereum,Smart Contract,PoS,3719.26311601,3291.93939346,2870.11326905,3044.97298783,-18.13,18.9,7.313,365.397,18.6,367,4878,0.522,59,22.9
2022-01,2022,1,Q1,ETH,Ethereum,Smart Contract,PoS,3044.97298783,2213.67179234,1630.76950323,1899.24176918,-37.63,21.6,3.892,227.909,18.9,206,5845,0.205,52,14.2
2022-02,2022,2,Q1,ETH,Ethereum,Smart Contract,PoS,1899.24176918,1970.22662356,1763.10027054,1831.21855487,-3.58,11.2,4.229,219.746,17.9,713,5189,-0.362,23,0.3
2022-03,2022,3,Q1,ETH,Ethereum,Smart Contract,PoS,1831.21855487,1623.11978813,1216.694788,1413.83066301,-22.79,21.7,3.86,169.66,16.0,872,5834,-0.356,39,-5.0
2022-04,2022,4,Q2,ETH,Ethereum,Smart Contract,PoS,1413.83066301,1105.78636788,887.93358949,1027.89731951,-27.3,13.9,4.466,123.348,19.6,1594,20296,0.058,39,13.0
2022-05,2022,5,Q2,ETH,Ethereum,Smart Contract,PoS,1027.89731951,841.79268339,706.89202535,788.79235558,-23.26,14.3,3.566,94.655,20.8,680,4646,-0.019,44,1.0
2022-06,2022,6,Q2,ETH,Ethereum,Smart Contract,PoS,788.79235558,625.28143104,535.096654,583.5650396,-26.02,10.2,1.928,70.028,17.3,703,7734,-0.362,40,-3.3
2022-07,2022,7,Q3,ETH,Ethereum,Smart Contract,PoS,583.5650396,839.01200049,556.66520558,712.40947943,22.08,23.5,3.231,85.489,21.7,376,16355,-0.573,37,-12.7
2022-08,2022,8,Q3,ETH,Ethereum,Smart Contract,PoS,712.40947943,671.91512976,538.21787131,611.79628666,-14.12,24.8,1.614,73.416,15.1,340,4749,-0.56,36,-0.3
2022-09,2022,9,Q3,ETH,Ethereum,Smart Contract,PoS,611.79628666,824.35265509,693.07681283,759.56144656,24.15,12.0,3.343,91.147,19.2,357,6037,-0.671,38,13.5
2022-10,2022,10,Q4,ETH,Ethereum,Smart Contract,PoS,759.56144656,705.55734907,593.08279651,648.0454096,-14.68,14.8,1.52,77.765,18.2,1012,8741,-0.192,34,-3.1
2022-11,2022,11,Q4,ETH,Ethereum,Smart Contract,PoS,648.0454096,702.17703748,606.241601,639.19836907,-1.37,10.2,2.28,76.704,20.1,353,11861,-0.486,31,3.1
2022-12,2022,12,Q4,ETH,Ethereum,Smart Contract,PoS,639.19836907,665.18298005,529.86171961,611.97007358,-4.26,15.4,0.769,73.436,20.9,161,30380,-0.709,36,11.1
2023-01,2023,1,Q1,ETH,Ethereum,Smart Contract,PoS,611.97007358,1121.13134052,960.38231469,1013.10044879,65.55,13.8,3.924,121.572,15.7,378,37324,0.132,47,23.1
2023-02,2023,2,Q1,ETH,Ethereum,Smart Contract,PoS,1013.10044879,1619.97005168,1145.27749178,1410.7465478,39.25,23.2,1.573,169.29,20.3,1175,26168,-0.862,29,-4.2
2023-03,2023,3,Q1,ETH,Ethereum,Smart Contract,PoS,1410.7465478,1733.43202995,1188.37134365,1543.95397956,9.44,23.4,4.43,185.274,17.0,457,13363,-0.67,40,4.8
2023-04,2023,4,Q2,ETH,Ethereum,Smart Contract,PoS,1543.95397956,1307.83870482,1104.19985996,1192.9370649,-22.73,12.3,2.371,143.152,20.5,401,14965,-0.487,56,1.8
2023-05,2023,5,Q2,ETH,Ethereum,Smart Contract,PoS,1192.9370649,1416.52595603,1177.0043656,1334.39994476,11.86,12.0,8.284,160.128,20.3,276,5373,-0.173,40,24.3
2023-06,2023,6,Q2,ETH,Ethereum,Smart Contract,PoS,1334.39994476,1975.42355897,1669.87767666,1770.24055498,32.66,14.0,4.167,212.429,18.1,479,2736,-0.473,68,19.9
2023-07,2023,7,Q3,ETH,Ethereum,Smart Contract,PoS,1770.24055498,2169.57532516,1801.76873211,1946.7805563,9.97,20.8,7.233,233.614,19.3,140,5123,-0.038,59,1.5
2023-08,2023,8,Q3,ETH,Ethereum,Smart Contract,PoS,1946.7805563,1881.16479647,1479.00288254,1653.88510942,-15.05,16.1,4.84,198.466,16.2,515,16392,0.045,49,19.4
2023-09,2023,9,Q3,ETH,Ethereum,Smart Contract,PoS,1653.88510942,2925.20554969,2258.07793479,2487.58802968,50.41,19.3,1.575,298.511,19.8,137,9865,0.071,51,32.3
2023-10,2023,10,Q4,ETH,Ethereum,Smart Contract,PoS,2487.58802968,2347.96864231,2139.28138587,2237.6599182,-10.05,12.8,4.386,268.519,19.0,414,6155,-0.046,59,6.2
2023-11,2023,11,Q4,ETH,Ethereum,Smart Contract,PoS,2237.6599182,1931.11524318,1770.85971007,1879.70049056,-16.0,8.7,13.916,225.564,18.4,2693,31191,-0.102,32,36.3
2023-12,2023,12,Q4,ETH,Ethereum,Smart Contract,PoS,1879.70049056,2286.67531455,1940.75533095,2136.05496599,13.64,19.1,7.619,256.327,18.5,586,10560,-0.249,53,-1.0
2024-01,2024,1,Q1,ETH,Ethereum,Smart Contract,PoS,2136.05496599,3509.86187877,2826.88330672,3180.08016366,48.88,22.6,10.027,381.61,20.4,2250,3629,0.567,80,15.3
2024-02,2024,2,Q1,ETH,Ethereum,Smart Contract,PoS,3180.08016366,3641.88453286,3333.0149149,3474.39405787,9.25,10.6,9.055,416.927,16.0,452,1916,0.332,58,-21.2
2024-03,2024,3,Q1,ETH,Ethereum,Smart Contract,PoS,3474.39405787,3507.82354501,2521.2703698,3021.46915288,-13.04,17.5,7.275,362.576,19.7,325,5149,0.491,65,-8.8
2024-04,2024,4,Q2,ETH,Ethereum,Smart Contract,PoS,3021.46915288,5194.5111959,4172.44535083,4551.55022876,50.64,22.1,8.786,546.186,20.2,434,3580,0.898,73,59.4
2024-05,2024,5,Q2,ETH,Ethereum,Smart Contract,PoS,4551.55022876,3727.83309304,2911.2808728,3294.98288213,-27.61,21.5,5.748,395.398,15.7,298,5535,0.909,66,-27.5
2024-06,2024,6,Q2,ETH,Ethereum,Smart Contract,PoS,3294.98288213,3519.47811876,3068.68382254,3195.41316995,-3.02,12.8,5.169,383.45,16.0,1418,28763,0.79,61,46.9
2024-07,2024,7,Q3,ETH,Ethereum,Smart Contract,PoS,3195.41316995,3152.628181,2703.85069789,2941.0078497,-7.96,21.4,7.723,352.921,16.0,629,7340,0.281,66,40.2
2024-08,2024,8,Q3,ETH,Ethereum,Smart Contract,PoS,2941.0078497,3606.300053,3005.10464792,3165.9107028,7.65,16.8,5.622,379.909,20.3,1234,12368,0.315,55,22.9
2024-09,2024,9,Q3,ETH,Ethereum,Smart Contract,PoS,3165.9107028,3160.76353903,2466.04073638,2915.70274114,-7.9,23.1,3.218,349.884,19.9,321,4172,0.64,88,87.2
2024-10,2024,10,Q4,ETH,Ethereum,Smart Contract,PoS,2915.70274114,3309.55040661,2400.95707874,2807.20462487,-3.72,24.7,6.713,336.865,15.5,701,30968,0.282,51,-28.3
2024-11,2024,11,Q4,ETH,Ethereum,Smart Contract,PoS,2807.20462487,3597.27824877,3217.44892251,3485.76647584,24.17,9.3,17.892,418.292,18.3,744,8756,0.266,72,-8.4
2024-12,2024,12,Q4,ETH,Ethereum,Smart Contract,PoS,3485.76647584,3909.90550252,3398.85526412,3615.61558721,3.73,9.2,4.26,433.874,16.2,164,6158,0.38,61,-19.1
2025-01,2025,1,Q1,ETH,Ethereum,Smart Contract,PoS,3615.61558721,3702.05260007,3243.35428117,3439.62170879,-4.87,8.8,9.679,412.755,17.0,875,14362,0.52,74,26.3
2025-02,2025,2,Q1,ETH,Ethereum,Smart Contract,PoS,3439.62170879,3691.60902932,3211.93197511,3471.81140903,0.94,10.4,10.254,416.617,15.2,174,18640,0.308,70,74.2
2025-03,2025,3,Q1,ETH,Ethereum,Smart Contract,PoS,3471.81140903,4584.25251211,3957.92993483,4308.04204096,24.09,8.8,10.554,516.965,17.5,914,7206,0.358,80,4.2
2025-04,2025,4,Q2,ETH,Ethereum,Smart Contract,PoS,4308.04204096,5105.06802209,3607.28787879,4361.41409687,1.24,17.8,4.291,523.37,19.5,221,10198,0.525,65,-14.3
2025-05,2025,5,Q2,ETH,Ethereum,Smart Contract,PoS,4361.41409687,3861.06034044,3031.24943551,3359.90311426,-22.96,22.8,22.434,403.188,17.2,1103,5038,0.814,70,-30.4
2025-06,2025,6,Q2,ETH,Ethereum,Smart Contract,PoS,3359.90311426,5366.3015177,3806.83783149,4679.79091989,39.28,19.5,14.7,561.575,19.4,533,4288,0.69,56,-12.8
2025-07,2025,7,Q3,ETH,Ethereum,Smart Contract,PoS,4679.79091989,4760.04929325,3545.42045674,4168.58522205,-10.92,18.0,8.912,500.23,18.9,89,5565,0.881,57,81.5
2025-08,2025,8,Q3,ETH,Ethereum,Smart Contract,PoS,4168.58522205,4012.45945112,3727.93030163,3840.80336788,-7.86,8.5,11.103,460.896,18.4,404,6969,0.568,72,0.3
2025-09,2025,9,Q3,ETH,Ethereum,Smart Contract,PoS,3840.80336788,4076.90176437,3759.24582944,3910.79839658,1.82,10.4,6.233,469.296,21.1,441,2417,0.773,70,-9.4
2025-10,2025,10,Q4,ETH,Ethereum,Smart Contract,PoS,3910.79839658,4631.7913165,3847.98208701,4168.91140975,6.6,14.0,12.988,500.269,16.2,1638,6901,0.493,82,-18.0
2025-11,2025,11,Q4,ETH,Ethereum,Smart Contract,PoS,4168.91140975,4682.6216508,3912.82558189,4321.11065477,3.65,21.4,11.322,518.533,17.8,801,4340,0.405,70,-29.7
2025-12,2025,12,Q4,ETH,Ethereum,Smart Contract,PoS,4321.11065477,4043.24769795,3317.36173526,3691.13343368,-14.58,17.6,9.637,442.936,20.6,341,7357,0.48,84,-7.9
2026-01,2026,1,Q1,ETH,Ethereum,Smart Contract,PoS,3691.13343368,4557.49634822,2995.84170311,3765.20738454,2.01,23.3,7.891,451.825,19.8,610,6466,0.706,65,7.0
2026-02,2026,2,Q1,ETH,Ethereum,Smart Contract,PoS,3765.20738454,4173.70077534,3200.02056917,3784.39314053,0.51,19.7,12.861,454.127,19.3,157,11632,0.132,82,25.7
2026-03,2026,3,Q1,ETH,Ethereum,Smart Contract,PoS,3784.39314053,4305.72409509,3920.96825487,4120.49196817,8.88,14.7,10.437,494.459,21.2,1387,10689,0.673,79,20.2
2018-01,2018,1,Q1,BNB,BNB,Exchange Token,PoSA,106.61671066,135.32462785,120.00596017,124.53236272,16.8,9.5,0.492,18.057,,292,3369,-0.705,32,6.7
2018-02,2018,2,Q1,BNB,BNB,Exchange Token,PoSA,124.53236272,102.43877302,77.96070019,96.46346469,-22.54,20.1,0.904,13.987,,1084,12586,-0.071,46,9.3
2018-03,2018,3,Q1,BNB,BNB,Exchange Token,PoSA,96.46346469,110.95575969,76.77708286,91.22464691,-5.43,21.6,1.587,13.228,,334,5296,-0.087,51,-7.0
2018-04,2018,4,Q2,BNB,BNB,Exchange Token,PoSA,91.22464691,104.08739707,91.01245545,96.81798312,6.13,10.9,0.307,14.039,,126,10584,-0.341,38,-19.0
2018-05,2018,5,Q2,BNB,BNB,Exchange Token,PoSA,96.81798312,122.82405047,92.07211157,101.62556047,4.97,23.5,0.961,14.736,,942,4799,-0.539,48,-11.5
2018-06,2018,6,Q2,BNB,BNB,Exchange Token,PoSA,101.62556047,127.06169751,96.67993081,115.18205918,13.34,18.0,0.365,16.701,,313,15055,-0.252,35,13.9
2018-07,2018,7,Q3,BNB,BNB,Exchange Token,PoSA,115.18205918,115.38741663,102.01970688,105.39965744,-8.49,9.8,0.326,15.283,,638,22717,-0.852,22,-1.1
2018-08,2018,8,Q3,BNB,BNB,Exchange Token,PoSA,105.39965744,94.42826778,79.66196564,87.27888693,-17.19,19.8,0.365,12.655,,415,3892,-0.589,27,20.5
2018-09,2018,9,Q3,BNB,BNB,Exchange Token,PoSA,87.27888693,74.08422705,61.27044865,66.48713426,-23.82,18.7,0.328,9.641,,495,13396,-0.563,39,-2.5
2018-10,2018,10,Q4,BNB,BNB,Exchange Token,PoSA,66.48713426,76.56546715,62.11300934,66.34190503,-0.22,15.9,0.539,9.62,,715,3974,-0.328,51,10.3
2018-11,2018,11,Q4,BNB,BNB,Exchange Token,PoSA,66.34190503,67.17348268,47.72477479,57.86970326,-12.77,20.8,1.034,8.391,,906,4217,0.313,28,-2.3
2018-12,2018,12,Q4,BNB,BNB,Exchange Token,PoSA,57.86970326,83.57689206,63.6900383,69.26728125,19.7,20.8,0.378,10.044,,214,17780,0.003,36,-3.3
2019-01,2019,1,Q1,BNB,BNB,Exchange Token,PoSA,69.26728125,101.13734495,67.98112833,84.00354912,21.27,22.6,0.563,12.181,,253,15011,-0.511,43,-16.4
2019-02,2019,2,Q1,BNB,BNB,Exchange Token,PoSA,84.00354912,103.7981705,71.84803166,88.00636536,4.77,19.1,0.409,12.761,,599,5179,-0.112,31,-15.2
2019-03,2019,3,Q1,BNB,BNB,Exchange Token,PoSA,88.00636536,132.45605698,103.50814565,116.94681811,32.88,16.8,0.504,16.957,,575,35872,0.063,56,13.0
2019-04,2019,4,Q2,BNB,BNB,Exchange Token,PoSA,116.94681811,128.6141855,100.48260688,115.33775777,-1.38,19.4,0.61,16.724,,456,9642,0.078,29,15.4
2019-05,2019,5,Q2,BNB,BNB,Exchange Token,PoSA,115.33775777,144.72541964,108.64741469,128.93051883,11.79,24.9,0.861,18.695,,1079,7971,0.0,35,6.8
2019-06,2019,6,Q2,BNB,BNB,Exchange Token,PoSA,128.93051883,116.05583468,98.60674598,105.81114576,-17.93,12.3,1.048,15.343,,195,4372,-0.286,24,-24.0
2019-07,2019,7,Q3,BNB,BNB,Exchange Token,PoSA,105.81114576,132.52665629,108.38693226,122.38627129,15.66,13.5,1.452,17.746,,277,18249,0.307,46,12.6
2019-08,2019,8,Q3,BNB,BNB,Exchange Token,PoSA,122.38627129,152.60165216,108.91359331,131.06470928,7.09,24.8,0.396,19.004,,851,7702,-0.03,50,26.8
2019-09,2019,9,Q3,BNB,BNB,Exchange Token,PoSA,131.06470928,154.1766474,112.08936081,131.23583181,0.13,18.9,0.481,19.029,,548,13230,0.037,37,-0.3
2019-10,2019,10,Q4,BNB,BNB,Exchange Token,PoSA,131.23583181,166.15310363,121.57140843,140.57362128,7.12,18.4,1.701,20.383,,196,38378,-0.083,59,6.7
2019-11,2019,11,Q4,BNB,BNB,Exchange Token,PoSA,140.57362128,219.93014764,182.65489552,208.02345111,47.98,15.0,2.185,30.163,,122,2323,-0.231,55,-15.4
2019-12,2019,12,Q4,BNB,BNB,Exchange Token,PoSA,208.02345111,228.49644956,205.71261414,216.78240815,4.21,11.1,1.855,31.433,,490,4792,-0.745,59,7.1
2020-01,2020,1,Q1,BNB,BNB,Exchange Token,PoSA,216.78240815,189.64578952,164.84701105,174.9038005,-19.32,9.3,0.767,25.361,,337,38544,-0.479,49,-14.1
2020-02,2020,2,Q1,BNB,BNB,Exchange Token,PoSA,174.9038005,208.9190412,146.69711909,179.32107674,2.53,20.7,0.653,26.002,,180,13645,-0.367,51,-22.6
2020-03,2020,3,Q1,BNB,BNB,Exchange Token,PoSA,179.32107674,262.51883303,206.77508777,233.57382968,30.25,18.0,1.687,33.868,,140,2693,0.157,40,25.8
2020-04,2020,4,Q2,BNB,BNB,Exchange Token,PoSA,233.57382968,210.53302479,192.48671383,202.47078924,-13.32,9.3,0.792,29.358,,931,6098,0.023,63,-39.7
2020-05,2020,5,Q2,BNB,BNB,Exchange Token,PoSA,202.47078924,308.17214109,247.40458214,276.65744722,36.64,17.5,1.058,40.115,,677,11719,0.132,61,-7.5
2020-06,2020,6,Q2,BNB,BNB,Exchange Token,PoSA,276.65744722,380.79606581,279.020969,334.06515708,20.75,19.9,0.841,48.439,,885,4775,-0.351,44,-7.6
2020-07,2020,7,Q3,BNB,BNB,Exchange Token,PoSA,334.06515708,391.0997039,261.15624869,318.33002583,-4.71,23.5,0.968,46.158,,381,3737,-0.001,70,-27.9
2020-08,2020,8,Q3,BNB,BNB,Exchange Token,PoSA,318.33002583,455.23678855,400.75464677,432.9893255,36.02,8.4,1.522,62.783,,505,3148,0.741,50,28.9
2020-09,2020,9,Q3,BNB,BNB,Exchange Token,PoSA,432.9893255,503.14953498,410.11615724,437.80994933,1.11,20.6,2.756,63.482,,1092,8903,0.402,77,-27.9
2020-10,2020,10,Q4,BNB,BNB,Exchange Token,PoSA,437.80994933,500.73144416,447.63047934,476.28349556,8.79,8.4,1.827,69.061,,354,8521,0.433,79,9.8
2020-11,2020,11,Q4,BNB,BNB,Exchange Token,PoSA,476.28349556,640.74893069,525.25353247,561.86894295,17.97,16.8,1.988,81.471,,1162,5012,0.722,63,72.9
2020-12,2020,12,Q4,BNB,BNB,Exchange Token,PoSA,561.86894295,500.54600409,401.21254294,442.93764002,-21.17,16.8,5.665,64.226,,927,1679,0.594,68,-47.9
2021-01,2021,1,Q1,BNB,BNB,Exchange Token,PoSA,442.93764002,701.99895954,549.8242001,638.62164396,44.18,18.9,1.947,92.6,,271,7961,1.0,80,-47.5
2021-02,2021,2,Q1,BNB,BNB,Exchange Token,PoSA,638.62164396,878.34655802,729.3338046,797.07835388,24.81,24.6,2.741,115.576,,381,2015,0.745,80,9.7
2021-03,2021,3,Q1,BNB,BNB,Exchange Token,PoSA,797.07835388,878.11294653,708.66184937,813.50800838,2.06,24.3,3.96,117.959,,566,23854,0.716,90,30.5
2021-04,2021,4,Q2,BNB,BNB,Exchange Token,PoSA,813.50800838,894.51765078,778.35969231,835.09040441,2.65,13.1,2.315,121.088,,1100,2627,-0.028,78,-20.3
2021-05,2021,5,Q2,BNB,BNB,Exchange Token,PoSA,835.09040441,532.13107133,428.95813261,490.82601858,-41.22,16.3,4.57,71.17,,495,6452,-0.465,58,14.7
2021-06,2021,6,Q2,BNB,BNB,Exchange Token,PoSA,490.82601858,405.6197181,339.11937927,382.7736049,-22.01,12.9,0.766,55.502,,6569,4736,0.147,56,18.3
2021-07,2021,7,Q3,BNB,BNB,Exchange Token,PoSA,382.7736049,456.66192803,402.50552033,429.96782415,12.33,10.4,1.09,62.345,,374,4675,0.278,64,0.7
2021-08,2021,8,Q3,BNB,BNB,Exchange Token,PoSA,429.96782415,596.67329877,456.92881504,508.7892639,18.33,20.5,2.57,73.774,,292,4604,-0.121,72,1.9
2021-09,2021,9,Q3,BNB,BNB,Exchange Token,PoSA,508.7892639,560.45918223,408.18287642,477.37951499,-6.17,20.8,1.541,69.22,,2117,7151,-0.31,43,-45.2
2021-10,2021,10,Q4,BNB,BNB,Exchange Token,PoSA,477.37951499,548.17417362,463.70194424,520.66668469,9.07,17.0,5.012,75.497,,794,3550,0.153,65,-32.5
2021-11,2021,11,Q4,BNB,BNB,Exchange Token,PoSA,520.66668469,491.50105311,433.37257481,460.5295847,-11.55,14.7,2.135,66.777,,651,11372,0.167,61,-4.1
2021-12,2021,12,Q4,BNB,BNB,Exchange Token,PoSA,460.5295847,437.99040845,374.58206391,415.26246405,-9.83,12.4,3.604,60.213,,677,12836,-0.344,49,-42.0
2022-01,2022,1,Q1,BNB,BNB,Exchange Token,PoSA,415.26246405,196.4366524,164.3486477,180.20000138,-56.61,14.8,0.657,26.129,,356,7071,-0.615,47,4.7
2022-02,2022,2,Q1,BNB,BNB,Exchange Token,PoSA,180.20000138,196.32341021,163.68219359,175.3543409,-2.69,16.4,0.822,25.426,,647,10943,-0.512,32,-5.7
2022-03,2022,3,Q1,BNB,BNB,Exchange Token,PoSA,175.3543409,178.31059751,134.72512546,160.64985914,-8.39,17.2,1.52,23.294,,218,10579,0.138,40,26.2
2022-04,2022,4,Q2,BNB,BNB,Exchange Token,PoSA,160.64985914,141.40276759,123.79682397,131.66794761,-18.04,8.1,1.535,19.092,,1143,6457,-0.266,24,-3.1
2022-05,2022,5,Q2,BNB,BNB,Exchange Token,PoSA,131.66794761,91.59486657,63.85616577,79.58320898,-39.56,23.6,0.407,11.54,,633,6070,-0.047,52,-9.2
2022-06,2022,6,Q2,BNB,BNB,Exchange Token,PoSA,79.58320898,59.32059117,51.26965581,54.93119847,-30.98,10.8,0.248,7.965,,694,9202,-0.277,32,2.0
2022-07,2022,7,Q3,BNB,BNB,Exchange Token,PoSA,54.93119847,58.90199459,47.3410851,52.8546944,-3.78,12.7,0.538,7.664,,688,3375,0.068,24,1.2
2022-08,2022,8,Q3,BNB,BNB,Exchange Token,PoSA,52.8546944,56.23636914,43.9341324,50.39127924,-4.66,21.9,0.216,7.307,,665,14181,-0.611,30,6.8
2022-09,2022,9,Q3,BNB,BNB,Exchange Token,PoSA,50.39127924,60.28945696,52.93411982,56.09335922,11.32,12.5,0.376,8.134,,516,12123,-0.498,36,6.8
2022-10,2022,10,Q4,BNB,BNB,Exchange Token,PoSA,56.09335922,63.27896071,47.74589675,53.8172159,-4.06,20.4,0.49,7.803,,168,8233,-0.211,45,-8.5
2022-11,2022,11,Q4,BNB,BNB,Exchange Token,PoSA,53.8172159,76.48347497,66.89453294,70.20745652,30.46,9.9,0.372,10.18,,941,10499,-0.192,29,-19.4
2022-12,2022,12,Q4,BNB,BNB,Exchange Token,PoSA,70.20745652,71.59067648,62.74309986,68.06587897,-3.05,9.2,0.353,9.87,,487,6411,-0.485,43,16.9
2023-01,2023,1,Q1,BNB,BNB,Exchange Token,PoSA,68.06587897,126.45480186,117.84755414,121.92874372,79.13,9.4,0.543,17.68,,249,2090,-0.534,41,1.2
2023-02,2023,2,Q1,BNB,BNB,Exchange Token,PoSA,121.92874372,135.52289086,102.78621806,114.46634319,-6.12,19.9,0.475,16.598,,298,14930,-0.189,21,18.7
2023-03,2023,3,Q1,BNB,BNB,Exchange Token,PoSA,114.46634319,197.96809542,164.86483711,177.9054575,55.42,11.8,1.311,25.796,,371,15515,0.467,51,-13.3
2023-04,2023,4,Q2,BNB,BNB,Exchange Token,PoSA,177.9054575,187.08902737,162.39220071,176.05313672,-1.04,8.4,0.612,25.528,,1590,2025,-0.429,45,2.3
2023-05,2023,5,Q2,BNB,BNB,Exchange Token,PoSA,176.05313672,232.80722492,189.88147052,205.25179315,16.59,20.9,0.663,29.762,,1211,4095,-0.122,54,16.3
2023-06,2023,6,Q2,BNB,BNB,Exchange Token,PoSA,205.25179315,252.58170219,200.14640718,229.8960995,12.01,19.3,0.679,33.335,,517,2921,-0.666,39,9.9
2023-07,2023,7,Q3,BNB,BNB,Exchange Token,PoSA,229.8960995,250.62370945,190.67238274,232.48463371,1.13,24.6,2.208,33.71,,703,5795,0.128,59,5.8
2023-08,2023,8,Q3,BNB,BNB,Exchange Token,PoSA,232.48463371,304.81340985,256.69353481,277.51380407,19.37,10.7,1.043,40.24,,124,8026,0.345,54,-17.6
2023-09,2023,9,Q3,BNB,BNB,Exchange Token,PoSA,277.51380407,271.03962395,233.83934265,257.98380975,-7.04,10.7,1.203,37.408,,308,7042,0.144,58,-11.3
2023-10,2023,10,Q4,BNB,BNB,Exchange Token,PoSA,257.98380975,354.27320363,249.86280778,302.16197384,17.12,18.5,1.496,43.813,,381,2053,0.6,70,15.2
2023-11,2023,11,Q4,BNB,BNB,Exchange Token,PoSA,302.16197384,327.71917993,276.72135975,309.41842512,2.4,12.0,1.401,44.866,,828,13691,-0.146,31,8.6
2023-12,2023,12,Q4,BNB,BNB,Exchange Token,PoSA,309.41842512,402.59449641,297.8146756,347.64567594,12.35,21.6,2.945,50.409,,831,10213,0.39,60,-6.1
2024-01,2024,1,Q1,BNB,BNB,Exchange Token,PoSA,347.64567594,507.02837149,430.63206247,472.94942412,36.04,10.8,2.899,68.578,,71,19180,0.182,68,13.9
2024-02,2024,2,Q1,BNB,BNB,Exchange Token,PoSA,472.94942412,467.05948082,397.64527178,440.28316304,-6.91,18.8,3.03,63.841,,321,2452,0.331,73,-2.9
2024-03,2024,3,Q1,BNB,BNB,Exchange Token,PoSA,440.28316304,572.00593667,420.53730225,495.39824709,12.52,20.5,0.842,71.833,,1011,15192,0.611,78,59.8
2024-04,2024,4,Q2,BNB,BNB,Exchange Token,PoSA,495.39824709,746.90244871,576.19522968,654.09163965,32.03,17.0,3.358,94.843,,1137,9317,0.629,74,42.0
2024-05,2024,5,Q2,BNB,BNB,Exchange Token,PoSA,654.09163965,643.24537983,569.75048737,601.18058079,-8.09,8.4,3.833,87.171,,951,8195,0.438,78,-2.2
2024-06,2024,6,Q2,BNB,BNB,Exchange Token,PoSA,601.18058079,508.47025533,470.8769765,491.90220176,-18.18,9.4,2.188,71.326,,295,3050,1.0,76,14.6
2024-07,2024,7,Q3,BNB,BNB,Exchange Token,PoSA,491.90220176,452.74221037,306.63621455,376.38557829,-23.48,21.4,3.318,54.576,,157,12247,-0.189,76,-14.8
2024-08,2024,8,Q3,BNB,BNB,Exchange Token,PoSA,376.38557829,474.26524647,374.5656263,413.88757068,9.96,15.4,0.806,60.014,,666,11505,0.831,79,-1.4
2024-09,2024,9,Q3,BNB,BNB,Exchange Token,PoSA,413.88757068,494.30349812,377.82157876,428.63482157,3.56,22.9,1.203,62.152,,394,7800,0.665,86,-13.0
2024-10,2024,10,Q4,BNB,BNB,Exchange Token,PoSA,428.63482157,585.272574,443.81989142,512.89807109,19.66,15.1,3.312,74.37,,259,7005,0.366,52,86.5
2024-11,2024,11,Q4,BNB,BNB,Exchange Token,PoSA,512.89807109,582.55631349,521.4652234,551.3636833,7.5,16.5,3.832,79.948,,167,4307,0.64,65,27.0
2024-12,2024,12,Q4,BNB,BNB,Exchange Token,PoSA,551.3636833,646.46334655,485.50348415,581.83250934,5.53,23.2,2.607,84.366,,382,18734,0.97,51,20.9
2025-01,2025,1,Q1,BNB,BNB,Exchange Token,PoSA,581.83250934,621.71881747,519.13943611,572.3898854,-1.62,18.1,2.529,82.997,,296,9009,0.978,61,44.7
2025-02,2025,2,Q1,BNB,BNB,Exchange Token,PoSA,572.3898854,676.60775481,459.95815393,565.89215522,-1.14,21.5,1.322,82.054,,236,30813,0.663,82,-8.9
2025-03,2025,3,Q1,BNB,BNB,Exchange Token,PoSA,565.89215522,554.59920965,439.50033023,508.98072688,-10.06,13.7,1.988,73.802,,2068,10362,0.703,72,67.7
2025-04,2025,4,Q2,BNB,BNB,Exchange Token,PoSA,508.98072688,540.97627396,400.57298766,473.10218767,-7.05,21.8,1.282,68.6,,1141,5343,0.886,66,36.0
2025-05,2025,5,Q2,BNB,BNB,Exchange Token,PoSA,473.10218767,784.11959121,556.76360419,703.28490211,48.65,21.4,3.76,101.976,,1169,6599,0.065,78,-16.8
2025-06,2025,6,Q2,BNB,BNB,Exchange Token,PoSA,703.28490211,614.06476049,491.0578473,560.75938484,-20.27,13.5,1.907,81.31,,376,14463,0.508,69,20.6
2025-07,2025,7,Q3,BNB,BNB,Exchange Token,PoSA,560.75938484,749.71514565,655.31679029,714.63985104,27.44,9.3,1.315,103.623,,2345,13649,1.0,74,-7.6
2025-08,2025,8,Q3,BNB,BNB,Exchange Token,PoSA,714.63985104,903.4032211,688.64707731,766.89995962,7.31,24.1,1.175,111.2,,478,13314,0.602,69,-46.3
2025-09,2025,9,Q3,BNB,BNB,Exchange Token,PoSA,766.89995962,819.29787526,710.18272704,746.73369212,-2.63,14.6,5.372,108.276,,254,12060,0.833,70,-52.0
2025-10,2025,10,Q4,BNB,BNB,Exchange Token,PoSA,746.73369212,794.9011827,536.11319038,653.99180423,-12.42,21.6,1.353,94.829,,332,5093,0.604,88,1.2
2025-11,2025,11,Q4,BNB,BNB,Exchange Token,PoSA,653.99180423,611.71021231,487.5970047,521.88122323,-20.2,18.3,1.62,75.673,,485,8839,1.0,76,54.7
2025-12,2025,12,Q4,BNB,BNB,Exchange Token,PoSA,521.88122323,719.75302723,647.1018042,670.91330049,28.56,10.1,3.927,97.282,,642,14137,0.477,61,55.0
2026-01,2026,1,Q1,BNB,BNB,Exchange Token,PoSA,670.91330049,746.00256756,660.03834423,688.74555152,2.66,9.1,2.763,99.868,,558,27338,0.981,72,9.7
2026-02,2026,2,Q1,BNB,BNB,Exchange Token,PoSA,688.74555152,619.39937939,541.37909879,579.9406389,-15.8,11.4,4.241,84.091,,299,6607,0.722,71,31.3
2026-03,2026,3,Q1,BNB,BNB,Exchange Token,PoSA,579.9406389,772.35535576,541.76851179,644.31436923,11.1,24.8,2.105,93.426,,244,6139,0.183,73,8.5
2020-01,2020,1,Q1,SOL,Solana,Smart Contract,PoH/PoS,61.01899717,65.25057543,54.82972477,58.24766758,-4.54,12.1,1.12,26.211,,932,19903,-0.143,38,-19.1
2020-02,2020,2,Q1,SOL,Solana,Smart Contract,PoH/PoS,58.24766758,74.60512537,56.75774704,64.60322863,10.91,20.8,0.972,29.071,,179,11231,-0.108,55,-5.9
2020-03,2020,3,Q1,SOL,Solana,Smart Contract,PoH/PoS,64.60322863,70.39757632,60.51352291,66.44977382,2.86,14.5,1.911,29.902,,599,13514,-0.346,58,-8.9
2020-04,2020,4,Q2,SOL,Solana,Smart Contract,PoH/PoS,66.44977382,102.52835108,83.36430693,91.31637647,37.42,13.5,1.369,41.092,,146,5262,-0.577,50,29.4
2020-05,2020,5,Q2,SOL,Solana,Smart Contract,PoH/PoS,91.31637647,100.00010295,72.92815426,86.05782715,-5.76,18.1,2.209,38.726,,428,13150,0.7,64,29.0
2020-06,2020,6,Q2,SOL,Solana,Smart Contract,PoH/PoS,86.05782715,124.9427543,103.99302052,118.15021692,37.29,12.3,1.137,53.168,,299,7801,0.319,41,2.5
2020-07,2020,7,Q3,SOL,Solana,Smart Contract,PoH/PoS,118.15021692,124.31960356,89.25811721,109.46322219,-7.35,18.5,1.699,49.258,,1577,9716,0.188,58,-16.4
2020-08,2020,8,Q3,SOL,Solana,Smart Contract,PoH/PoS,109.46322219,143.5034598,93.71807141,117.97330302,7.77,21.9,2.022,53.088,,315,12595,0.099,55,-8.1
2020-09,2020,9,Q3,SOL,Solana,Smart Contract,PoH/PoS,117.97330302,137.75281793,113.05401099,120.7401439,2.35,18.1,3.05,54.333,,264,10577,0.439,54,30.6
2020-10,2020,10,Q4,SOL,Solana,Smart Contract,PoH/PoS,120.7401439,181.69717268,163.85911432,172.67268485,43.01,10.0,2.479,77.703,,747,10306,0.811,87,32.9
2020-11,2020,11,Q4,SOL,Solana,Smart Contract,PoH/PoS,172.67268485,201.75388695,156.62188462,183.70295243,6.39,19.1,0.96,82.666,,651,6469,0.562,87,28.1
2020-12,2020,12,Q4,SOL,Solana,Smart Contract,PoH/PoS,183.70295243,165.35551571,135.86867443,144.48575001,-21.35,15.5,5.464,65.019,,165,6427,0.284,77,-1.3
2021-01,2021,1,Q1,SOL,Solana,Smart Contract,PoH/PoS,144.48575001,215.74301295,181.38345406,197.66296168,36.8,11.6,1.89,88.948,,282,10451,0.826,89,-32.4
2021-02,2021,2,Q1,SOL,Solana,Smart Contract,PoH/PoS,197.66296168,283.14200607,196.10313022,231.99999403,17.37,23.2,3.13,104.4,,478,3127,0.558,84,-25.0
2021-03,2021,3,Q1,SOL,Solana,Smart Contract,PoH/PoS,231.99999403,282.81688516,219.99514886,248.5509012,7.13,23.4,2.315,111.848,,961,40214,1.0,89,55.3
2021-04,2021,4,Q2,SOL,Solana,Smart Contract,PoH/PoS,248.5509012,297.93970382,257.27161322,278.84714162,12.19,12.5,2.017,125.481,,461,5865,0.856,69,-41.6
2021-05,2021,5,Q2,SOL,Solana,Smart Contract,PoH/PoS,278.84714162,173.98494578,123.43445538,154.70210397,-44.52,22.6,1.618,69.616,,525,14781,0.383,53,33.0
2021-06,2021,6,Q2,SOL,Solana,Smart Contract,PoH/PoS,154.70210397,145.00382788,123.69127608,131.63238128,-14.91,16.3,3.106,59.235,,513,4673,0.09,69,-1.6
2021-07,2021,7,Q3,SOL,Solana,Smart Contract,PoH/PoS,131.63238128,157.88481558,137.81403754,148.60188201,12.89,12.2,1.364,66.871,,120,25190,0.39,76,-43.2
2021-08,2021,8,Q3,SOL,Solana,Smart Contract,PoH/PoS,148.60188201,162.21969079,127.43372051,139.60440841,-6.05,16.9,2.287,62.822,,469,7323,-0.092,77,34.8
2021-09,2021,9,Q3,SOL,Solana,Smart Contract,PoH/PoS,139.60440841,138.99357131,120.67473545,126.86761225,-9.12,10.3,4.673,57.09,,597,4959,0.26,51,-3.8
2021-10,2021,10,Q4,SOL,Solana,Smart Contract,PoH/PoS,126.86761225,166.44914573,122.69805208,151.35080438,19.3,19.3,1.816,68.108,,534,4338,0.072,80,-9.4
2021-11,2021,11,Q4,SOL,Solana,Smart Contract,PoH/PoS,151.35080438,200.28924552,164.81202171,183.30592842,21.11,10.3,5.475,82.488,,629,5873,0.602,77,19.3
2021-12,2021,12,Q4,SOL,Solana,Smart Contract,PoH/PoS,183.30592842,139.78873692,119.0867291,128.33866622,-29.99,9.9,1.459,57.752,,466,10211,0.269,64,-27.8
2022-01,2022,1,Q1,SOL,Solana,Smart Contract,PoH/PoS,128.33866622,80.7785105,71.14084721,75.92132412,-40.84,8.9,1.924,34.165,,1061,5178,0.337,44,9.6
2022-02,2022,2,Q1,SOL,Solana,Smart Contract,PoH/PoS,75.92132412,61.10987279,51.48027192,56.33719883,-25.8,9.6,1.317,25.352,,695,24192,0.215,51,14.4
2022-03,2022,3,Q1,SOL,Solana,Smart Contract,PoH/PoS,56.33719883,58.55096356,46.74828746,54.73338436,-2.85,22.7,1.636,24.63,,579,23098,-0.168,44,32.3
2022-04,2022,4,Q2,SOL,Solana,Smart Contract,PoH/PoS,54.73338436,40.02326678,31.96689152,36.11446295,-34.02,12.4,0.406,16.252,,766,3634,-0.513,35,3.8
2022-05,2022,5,Q2,SOL,Solana,Smart Contract,PoH/PoS,36.11446295,45.10134371,33.09951593,37.83705871,4.77,23.0,2.05,17.027,,382,2578,0.029,48,-4.6
2022-06,2022,6,Q2,SOL,Solana,Smart Contract,PoH/PoS,37.83705871,22.28397912,15.99886798,19.73175001,-47.85,22.4,1.612,8.879,,2031,2551,-0.059,1,-11.4
2022-07,2022,7,Q3,SOL,Solana,Smart Contract,PoH/PoS,19.73175001,20.27184241,13.42705415,17.4740904,-11.44,23.6,0.342,7.863,,225,9194,-0.364,43,-1.5
2022-08,2022,8,Q3,SOL,Solana,Smart Contract,PoH/PoS,17.4740904,16.52647457,13.77299262,15.03638722,-13.95,16.4,0.604,6.766,,437,9301,-0.292,34,5.5
2022-09,2022,9,Q3,SOL,Solana,Smart Contract,PoH/PoS,15.03638722,24.00438845,19.66738561,21.6053546,43.69,12.8,0.552,9.722,,194,7234,-0.097,53,-3.9
2022-10,2022,10,Q4,SOL,Solana,Smart Contract,PoH/PoS,21.6053546,22.14120157,19.23171679,20.37646356,-5.69,17.9,1.076,9.169,,728,11542,-0.557,22,-2.6
2022-11,2022,11,Q4,SOL,Solana,Smart Contract,PoH/PoS,20.37646356,18.57657396,15.95046911,17.37615764,-14.72,8.4,0.301,7.819,,456,13661,-0.046,23,-9.8
2022-12,2022,12,Q4,SOL,Solana,Smart Contract,PoH/PoS,17.37615764,23.91728399,17.57517462,20.33336749,17.02,21.5,0.797,9.15,,253,31422,-0.222,28,8.4
2023-01,2023,1,Q1,SOL,Solana,Smart Contract,PoH/PoS,20.33336749,54.02982758,45.43258512,47.97180878,135.93,13.9,1.189,21.587,,1049,11949,-0.478,55,-2.7
2023-02,2023,2,Q1,SOL,Solana,Smart Contract,PoH/PoS,47.97180878,40.2261008,30.4513059,36.63566992,-23.63,17.5,0.75,16.486,,737,2920,-0.248,31,-32.6
2023-03,2023,3,Q1,SOL,Solana,Smart Contract,PoH/PoS,36.63566992,58.74215432,46.35268947,53.0842794,44.9,15.8,0.462,23.888,,163,12397,-0.038,21,10.2
2023-04,2023,4,Q2,SOL,Solana,Smart Contract,PoH/PoS,53.0842794,59.3980233,47.62874786,53.67706507,1.12,20.4,1.213,24.155,,313,5012,0.361,40,16.3
2023-05,2023,5,Q2,SOL,Solana,Smart Contract,PoH/PoS,53.67706507,68.65894935,60.23475609,64.62911068,20.4,9.5,0.915,29.083,,449,9351,-0.313,61,-8.0
2023-06,2023,6,Q2,SOL,Solana,Smart Contract,PoH/PoS,64.62911068,91.18298085,65.44119838,75.712948,17.15,23.5,1.453,34.071,,127,8925,0.07,46,-16.6
2023-07,2023,7,Q3,SOL,Solana,Smart Contract,PoH/PoS,75.712948,62.50218625,46.06994468,58.32080376,-22.97,21.4,1.54,26.244,,803,9157,0.305,43,7.4
2023-08,2023,8,Q3,SOL,Solana,Smart Contract,PoH/PoS,58.32080376,88.26842159,66.08199156,75.80045606,29.97,25.0,0.86,34.11,,1070,9069,-0.553,41,0.0
2023-09,2023,9,Q3,SOL,Solana,Smart Contract,PoH/PoS,75.80045606,92.09786193,82.26348472,87.46063495,15.38,10.0,1.065,39.357,,600,12308,-0.255,55,-23.0
2023-10,2023,10,Q4,SOL,Solana,Smart Contract,PoH/PoS,87.46063495,83.53674155,66.68671572,76.57623173,-12.44,14.8,1.524,34.459,,780,9234,0.055,62,11.3
2023-11,2023,11,Q4,SOL,Solana,Smart Contract,PoH/PoS,76.57623173,106.29247027,86.70255014,97.71005556,27.6,15.0,4.158,43.97,,489,16724,0.248,44,1.4
2023-12,2023,12,Q4,SOL,Solana,Smart Contract,PoH/PoS,97.71005556,132.97312869,97.36382055,114.45251549,17.13,21.4,3.451,51.504,,450,3194,0.32,54,-4.4
2024-01,2024,1,Q1,SOL,Solana,Smart Contract,PoH/PoS,114.45251549,146.69563504,133.51407976,140.06561754,22.38,13.3,1.044,63.03,,1733,16115,0.334,55,-11.2
2024-02,2024,2,Q1,SOL,Solana,Smart Contract,PoH/PoS,140.06561754,148.16264,111.91688978,134.45572623,-4.01,21.7,1.309,60.505,,205,29259,0.253,74,-36.1
2024-03,2024,3,Q1,SOL,Solana,Smart Contract,PoH/PoS,134.45572623,228.49767587,169.68251695,200.45353737,49.09,16.4,1.418,90.204,,1105,3191,0.705,64,45.7
2024-04,2024,4,Q2,SOL,Solana,Smart Contract,PoH/PoS,200.45353737,207.81666482,165.9688053,181.07681452,-9.67,16.3,1.971,81.485,,657,14282,0.578,63,-29.1
2024-05,2024,5,Q2,SOL,Solana,Smart Contract,PoH/PoS,181.07681452,215.49378907,175.13540283,201.189837,11.11,16.2,2.998,90.535,,230,52843,0.801,68,27.1
2024-06,2024,6,Q2,SOL,Solana,Smart Contract,PoH/PoS,201.189837,207.53135908,180.88140506,194.09325461,-3.53,17.0,2.216,87.342,,385,7831,0.694,77,-1.0
2024-07,2024,7,Q3,SOL,Solana,Smart Contract,PoH/PoS,194.09325461,159.48826771,138.80695759,152.07950548,-21.65,13.0,2.176,68.436,,1373,5935,0.628,64,20.6
2024-08,2024,8,Q3,SOL,Solana,Smart Contract,PoH/PoS,152.07950548,216.10334483,151.01695531,184.06643797,21.03,21.1,2.273,82.83,,298,3517,0.438,52,34.1
2024-09,2024,9,Q3,SOL,Solana,Smart Contract,PoH/PoS,184.06643797,145.30329317,121.96138782,133.58477684,-27.43,13.6,1.581,60.113,,599,3029,0.343,63,-30.8
2024-10,2024,10,Q4,SOL,Solana,Smart Contract,PoH/PoS,133.58477684,205.92572493,175.74486644,188.04414846,40.77,12.8,5.788,84.62,,304,8397,0.245,76,-16.4
2024-11,2024,11,Q4,SOL,Solana,Smart Contract,PoH/PoS,188.04414846,172.12100097,149.79612594,158.72508331,-15.59,14.7,7.613,71.426,,725,13873,0.446,59,60.5
2024-12,2024,12,Q4,SOL,Solana,Smart Contract,PoH/PoS,158.72508331,161.60511236,108.67086213,136.63892637,-13.91,21.5,1.976,61.488,,238,6619,0.298,68,63.7
2025-01,2025,1,Q1,SOL,Solana,Smart Contract,PoH/PoS,136.63892637,197.35184272,168.00036201,190.30584319,39.28,12.0,3.699,85.638,,251,8030,0.866,76,-9.8
2025-02,2025,2,Q1,SOL,Solana,Smart Contract,PoH/PoS,190.30584319,223.26034186,199.26400456,211.12547955,10.94,10.8,3.414,95.006,,927,9760,0.391,65,9.7
2025-03,2025,3,Q1,SOL,Solana,Smart Contract,PoH/PoS,211.12547955,175.31823865,138.68082816,152.00654798,-28.0,16.7,1.774,68.403,,1396,2985,1.0,57,10.2
2025-04,2025,4,Q2,SOL,Solana,Smart Contract,PoH/PoS,152.00654798,239.54722927,179.8601175,209.04988949,37.53,18.3,1.479,94.072,,322,4885,0.705,68,16.0
2025-05,2025,5,Q2,SOL,Solana,Smart Contract,PoH/PoS,209.04988949,209.3680957,160.52273314,191.99646678,-8.16,16.7,2.798,86.398,,362,7224,0.861,65,-38.1
2025-06,2025,6,Q2,SOL,Solana,Smart Contract,PoH/PoS,191.99646678,185.69602559,136.51814555,170.60327662,-11.14,23.8,1.754,76.771,,1738,7366,0.449,85,-71.7
2025-07,2025,7,Q3,SOL,Solana,Smart Contract,PoH/PoS,170.60327662,230.43444926,186.86609095,212.57303787,24.6,22.7,4.962,95.658,,991,4226,0.866,87,-21.7
2025-08,2025,8,Q3,SOL,Solana,Smart Contract,PoH/PoS,212.57303787,194.58056206,182.08976028,189.7427579,-10.74,8.4,2.171,85.384,,195,13827,0.718,64,-31.3
2025-09,2025,9,Q3,SOL,Solana,Smart Contract,PoH/PoS,189.7427579,243.9786609,214.08887888,233.45864826,23.04,10.7,3.228,105.056,,1116,5117,0.435,89,-46.4
2025-10,2025,10,Q4,SOL,Solana,Smart Contract,PoH/PoS,233.45864826,215.63996223,186.0278398,197.1038464,-15.57,10.5,3.412,88.697,,653,1755,1.0,65,-20.1
2025-11,2025,11,Q4,SOL,Solana,Smart Contract,PoH/PoS,197.1038464,249.10195912,222.0037182,240.35922367,21.95,8.3,1.54,108.162,,414,5044,0.844,86,35.3
2025-12,2025,12,Q4,SOL,Solana,Smart Contract,PoH/PoS,240.35922367,241.48454719,213.3060775,226.01112694,-5.97,8.6,2.995,101.705,,221,23736,1.0,87,-39.8
2026-01,2026,1,Q1,SOL,Solana,Smart Contract,PoH/PoS,226.01112694,208.63369366,157.1400379,190.48763902,-15.72,22.7,4.056,85.719,,436,5901,1.0,59,-78.6
2026-02,2026,2,Q1,SOL,Solana,Smart Contract,PoH/PoS,190.48763902,249.29201254,174.99763338,219.91974348,15.45,20.5,3.313,98.964,,2170,14231,0.512,68,25.7
2026-03,2026,3,Q1,SOL,Solana,Smart Contract,PoH/PoS,219.91974348,200.18054654,176.01618721,186.06805974,-15.39,8.6,3.359,83.731,,186,23871,0.345,77,45.7
2018-01,2018,1,Q1,XRP,XRP,Payments,RPCA,0.54098369,0.52416244,0.46359689,0.47989155,-11.29,10.8,0.405,26.394,,12,568,-0.042,61,3.8
2018-02,2018,2,Q1,XRP,XRP,Payments,RPCA,0.47989155,0.70542006,0.60102174,0.66930868,39.47,11.1,0.486,36.812,,9,109,-0.051,48,4.0
2018-03,2018,3,Q1,XRP,XRP,Payments,RPCA,0.66930868,0.54686568,0.49201939,0.51200085,-23.5,8.6,0.955,28.16,,30,28,-0.198,36,-8.8
2018-04,2018,4,Q2,XRP,XRP,Payments,RPCA,0.51200085,0.5276396,0.42506831,0.46197185,-9.77,15.0,0.517,25.408,,40,66,-0.503,40,-1.6
2018-05,2018,5,Q2,XRP,XRP,Payments,RPCA,0.46197185,0.50300042,0.43201248,0.46682644,1.05,22.1,0.351,25.675,,13,178,0.02,65,8.4
2018-06,2018,6,Q2,XRP,XRP,Payments,RPCA,0.46682644,0.5489115,0.38879969,0.50130911,7.39,23.6,0.455,27.572,,34,127,-0.409,45,-3.4
2018-07,2018,7,Q3,XRP,XRP,Payments,RPCA,0.50130911,0.41653631,0.36437551,0.40037394,-20.13,9.4,0.404,22.021,,5,170,-0.295,28,-13.0
2018-08,2018,8,Q3,XRP,XRP,Payments,RPCA,0.40037394,0.48698346,0.43460948,0.46318452,15.69,8.3,0.9,25.475,,33,243,-0.533,31,-4.0
2018-09,2018,9,Q3,XRP,XRP,Payments,RPCA,0.46318452,0.45864785,0.37042601,0.43146886,-6.85,19.1,0.175,23.731,,29,633,0.058,25,-6.6
2018-10,2018,10,Q4,XRP,XRP,Payments,RPCA,0.43146886,0.42327075,0.31137241,0.38595994,-10.55,22.3,0.258,21.228,,188,223,-0.373,36,10.6
2018-11,2018,11,Q4,XRP,XRP,Payments,RPCA,0.38595994,0.34861941,0.28573096,0.31552034,-18.25,21.7,0.439,17.354,,12,63,-0.012,55,-0.0
2018-12,2018,12,Q4,XRP,XRP,Payments,RPCA,0.31552034,0.4125046,0.32054955,0.36350133,15.21,16.9,0.593,19.993,,181,234,-0.221,37,-1.9
2019-01,2019,1,Q1,XRP,XRP,Payments,RPCA,0.36350133,0.52241366,0.41881067,0.45355927,24.78,15.7,0.379,24.946,,112,60,0.099,25,6.3
2019-02,2019,2,Q1,XRP,XRP,Payments,RPCA,0.45355927,0.66384777,0.45091108,0.54477952,20.11,24.0,0.301,29.963,,12,301,0.132,34,0.9
2019-03,2019,3,Q1,XRP,XRP,Payments,RPCA,0.54477952,0.49520173,0.44565922,0.45898826,-15.75,8.8,0.189,25.244,,18,636,-0.705,43,2.7
2019-04,2019,4,Q2,XRP,XRP,Payments,RPCA,0.45898826,0.51192193,0.41189749,0.47524129,3.54,13.7,0.568,26.138,,22,661,-0.098,34,11.4
2019-05,2019,5,Q2,XRP,XRP,Payments,RPCA,0.47524129,0.64271445,0.58411548,0.61349921,29.09,14.9,0.332,33.742,,17,342,-0.237,36,-27.5
2019-06,2019,6,Q2,XRP,XRP,Payments,RPCA,0.61349921,0.70913807,0.55601856,0.61108035,-0.39,17.3,0.412,33.609,,45,329,-0.246,42,-4.5
2019-07,2019,7,Q3,XRP,XRP,Payments,RPCA,0.61108035,0.81918595,0.69772162,0.75892192,24.19,11.2,0.85,41.741,,70,66,0.405,33,4.7
2019-08,2019,8,Q3,XRP,XRP,Payments,RPCA,0.75892192,0.67879047,0.62122993,0.65662633,-13.48,8.7,0.8,36.114,,21,241,0.016,48,-3.1
2019-09,2019,9,Q3,XRP,XRP,Payments,RPCA,0.65662633,0.72234122,0.55576941,0.62271406,-5.16,17.0,0.378,34.249,,12,146,-0.264,42,13.2
2019-10,2019,10,Q4,XRP,XRP,Payments,RPCA,0.62271406,0.77544714,0.54387633,0.68755917,10.41,22.3,0.315,37.816,,30,116,-0.383,44,-4.6
2019-11,2019,11,Q4,XRP,XRP,Payments,RPCA,0.68755917,1.01067528,0.78830158,0.93524358,36.02,19.4,0.916,51.438,,71,742,0.282,39,-9.4
2019-12,2019,12,Q4,XRP,XRP,Payments,RPCA,0.93524358,1.05379998,0.89317263,0.98380058,5.19,23.3,0.348,54.109,,40,662,-0.482,35,-22.3
2020-01,2020,1,Q1,XRP,XRP,Payments,RPCA,0.98380058,1.03931646,0.71424812,0.88532846,-10.01,24.4,0.383,48.693,,59,491,-0.085,61,-6.6
2020-02,2020,2,Q1,XRP,XRP,Payments,RPCA,0.88532846,1.1029868,0.91719349,1.01921228,15.12,11.3,0.847,56.057,,12,404,0.3,51,13.6
2020-03,2020,3,Q1,XRP,XRP,Payments,RPCA,1.01921228,0.90844797,0.8177708,0.86361368,-15.27,10.1,0.328,47.499,,17,113,-0.248,24,33.3
2020-04,2020,4,Q2,XRP,XRP,Payments,RPCA,0.86361368,1.13595341,0.89662881,1.0168954,17.75,12.9,1.183,55.929,,64,144,-0.628,37,-3.1
2020-05,2020,5,Q2,XRP,XRP,Payments,RPCA,1.0168954,1.47367818,1.19524658,1.37361983,35.08,20.3,0.981,75.549,,13,264,-0.251,51,31.5
2020-06,2020,6,Q2,XRP,XRP,Payments,RPCA,1.37361983,1.74711167,1.34014896,1.57666933,14.78,21.9,0.951,86.717,,33,297,-0.32,82,44.2
2020-07,2020,7,Q3,XRP,XRP,Payments,RPCA,1.57666933,1.71765944,1.5774687,1.65666852,5.07,12.0,1.225,91.117,,31,235,-0.2,62,-8.3
2020-08,2020,8,Q3,XRP,XRP,Payments,RPCA,1.65666852,2.31378282,1.82447657,2.16701365,30.81,16.7,1.582,119.186,,54,236,0.355,56,-20.6
2020-09,2020,9,Q3,XRP,XRP,Payments,RPCA,2.16701365,2.00464671,1.72888413,1.79676242,-17.09,12.2,0.908,98.822,,59,42,0.502,43,39.1
2020-10,2020,10,Q4,XRP,XRP,Payments,RPCA,1.79676242,2.08690634,1.74512885,1.97183385,9.74,16.3,1.048,108.451,,29,211,-0.279,88,-7.8
2020-11,2020,11,Q4,XRP,XRP,Payments,RPCA,1.97183385,2.49353248,2.14619311,2.2901958,16.15,12.0,1.423,125.961,,35,277,0.312,55,33.9
2020-12,2020,12,Q4,XRP,XRP,Payments,RPCA,2.2901958,2.63339357,2.28618227,2.47147013,7.92,16.0,1.622,135.931,,12,121,0.947,66,1.9
2021-01,2021,1,Q1,XRP,XRP,Payments,RPCA,2.47147013,3.6522019,3.18928288,3.47652232,40.67,13.1,1.475,191.209,,3,179,0.27,100,38.6
2021-02,2021,2,Q1,XRP,XRP,Payments,RPCA,3.47652232,3.79212805,3.152317,3.4478363,-0.83,13.2,1.607,189.631,,46,145,0.19,93,-10.8
2021-03,2021,3,Q1,XRP,XRP,Payments,RPCA,3.4478363,4.48625386,3.6993998,4.12119038,19.53,22.2,1.248,226.665,,22,363,0.509,98,32.5
2021-04,2021,4,Q2,XRP,XRP,Payments,RPCA,4.12119038,3.62364978,2.97118994,3.22084188,-21.85,24.9,2.182,177.146,,55,142,0.455,89,-15.6
2021-05,2021,5,Q2,XRP,XRP,Payments,RPCA,3.22084188,2.67723413,2.14174926,2.35266269,-26.96,16.4,2.007,129.396,,90,117,0.463,71,-8.5
2021-06,2021,6,Q2,XRP,XRP,Payments,RPCA,2.35266269,2.78705179,2.13185678,2.46670558,4.85,15.9,2.45,135.669,,6,149,0.388,73,-1.8
2021-07,2021,7,Q3,XRP,XRP,Payments,RPCA,2.46670558,1.95849034,1.74667204,1.83196035,-25.73,8.6,0.75,100.758,,18,85,-0.049,82,11.1
2021-08,2021,8,Q3,XRP,XRP,Payments,RPCA,1.83196035,2.33800325,1.96340006,2.16462234,18.16,15.4,1.944,119.054,,79,155,0.41,61,-1.1
2021-09,2021,9,Q3,XRP,XRP,Payments,RPCA,2.16462234,2.8380804,2.18246001,2.33848692,8.03,22.0,3.66,128.617,,31,268,0.254,51,-11.2
2021-10,2021,10,Q4,XRP,XRP,Payments,RPCA,2.33848692,2.97155309,2.25949041,2.55019473,9.05,20.9,1.866,140.261,,81,664,0.481,72,40.0
2021-11,2021,11,Q4,XRP,XRP,Payments,RPCA,2.55019473,2.43613327,2.14595238,2.29917399,-9.84,17.4,0.65,126.455,,53,327,0.45,54,43.7
2021-12,2021,12,Q4,XRP,XRP,Payments,RPCA,2.29917399,1.90572481,1.56427461,1.76874525,-23.07,14.8,2.279,97.281,,55,404,0.19,52,-18.9
2022-01,2022,1,Q1,XRP,XRP,Payments,RPCA,1.76874525,1.29377932,1.13321706,1.1779889,-33.4,11.0,0.68,64.789,,18,151,0.008,48,10.1
2022-02,2022,2,Q1,XRP,XRP,Payments,RPCA,1.1779889,1.09802816,0.91914572,1.00950073,-14.3,15.1,0.706,55.523,,70,826,0.435,35,-2.5
2022-03,2022,3,Q1,XRP,XRP,Payments,RPCA,1.00950073,0.82967515,0.73440167,0.79702777,-21.05,9.6,0.322,43.837,,18,183,-0.428,35,-28.6
2022-04,2022,4,Q2,XRP,XRP,Payments,RPCA,0.79702777,0.64772368,0.49484215,0.57220935,-28.21,20.6,0.671,31.472,,17,229,-0.288,48,-5.9
2022-05,2022,5,Q2,XRP,XRP,Payments,RPCA,0.57220935,0.53131707,0.39544365,0.46893917,-18.05,18.8,0.313,25.792,,27,406,-0.817,47,4.8
2022-06,2022,6,Q2,XRP,XRP,Payments,RPCA,0.46893917,0.2826887,0.24285588,0.26437258,-43.62,10.1,0.185,14.54,,26,372,-0.514,48,-23.2
2022-07,2022,7,Q3,XRP,XRP,Payments,RPCA,0.26437258,0.34628748,0.25910374,0.2903711,9.83,24.7,0.403,15.97,,31,85,-0.472,21,-4.2
2022-08,2022,8,Q3,XRP,XRP,Payments,RPCA,0.2903711,0.29149293,0.26209081,0.27092751,-6.7,9.3,0.105,14.901,,15,114,-0.348,38,8.1
2022-09,2022,9,Q3,XRP,XRP,Payments,RPCA,0.27092751,0.36040009,0.26783921,0.31357506,15.74,20.4,0.447,17.247,,20,121,-0.817,49,-10.5
2022-10,2022,10,Q4,XRP,XRP,Payments,RPCA,0.31357506,0.27576152,0.22176549,0.24765045,-21.02,13.8,0.156,13.621,,30,248,-0.094,32,-8.6
2022-11,2022,11,Q4,XRP,XRP,Payments,RPCA,0.24765045,0.34020111,0.29860438,0.32322235,30.52,11.2,0.107,17.777,,34,315,-0.199,29,3.8
2022-12,2022,12,Q4,XRP,XRP,Payments,RPCA,0.32322235,0.35436206,0.28794531,0.32116435,-0.64,22.0,0.144,17.664,,28,360,-0.365,34,0.1
2023-01,2023,1,Q1,XRP,XRP,Payments,RPCA,0.32116435,0.55965734,0.38642187,0.48129605,49.86,21.8,0.65,26.471,,248,486,0.41,46,6.5
2023-02,2023,2,Q1,XRP,XRP,Payments,RPCA,0.48129605,0.62524923,0.54086026,0.5792518,20.35,18.2,0.921,31.859,,14,106,-0.213,37,-4.8
2023-03,2023,3,Q1,XRP,XRP,Payments,RPCA,0.5792518,0.84003609,0.72405498,0.77042474,33.0,13.2,0.532,42.373,,32,91,-0.193,52,-1.1
2023-04,2023,4,Q2,XRP,XRP,Payments,RPCA,0.77042474,0.79259169,0.59255463,0.69366316,-9.96,17.1,0.369,38.151,,52,184,0.506,45,8.2
2023-05,2023,5,Q2,XRP,XRP,Payments,RPCA,0.69366316,1.18314574,0.92032161,1.04601442,50.8,16.9,0.88,57.531,,54,171,0.118,52,-4.3
2023-06,2023,6,Q2,XRP,XRP,Payments,RPCA,1.04601442,1.17918394,0.93677131,1.09751381,4.92,21.4,0.691,60.363,,100,1076,-0.233,30,14.0
2023-07,2023,7,Q3,XRP,XRP,Payments,RPCA,1.09751381,1.0828049,0.70000481,0.89944311,-18.05,24.1,1.943,49.469,,3,299,0.352,35,-9.8
2023-08,2023,8,Q3,XRP,XRP,Payments,RPCA,0.89944311,1.31222746,0.93493292,1.10245779,22.57,21.5,0.56,60.635,,3,418,0.087,45,46.4
2023-09,2023,9,Q3,XRP,XRP,Payments,RPCA,1.10245779,1.39063939,1.2664007,1.34371665,21.88,9.9,0.555,73.904,,12,240,-0.111,44,-10.7
2023-10,2023,10,Q4,XRP,XRP,Payments,RPCA,1.34371665,1.50763466,1.35720479,1.42994437,6.42,12.6,0.51,78.647,,23,435,-0.168,51,-41.2
2023-11,2023,11,Q4,XRP,XRP,Payments,RPCA,1.42994437,1.83066772,1.36848141,1.59074502,11.25,16.5,1.167,87.491,,41,66,-0.2,52,-26.0
2023-12,2023,12,Q4,XRP,XRP,Payments,RPCA,1.59074502,1.51100158,1.37525721,1.46362457,-7.99,9.5,0.616,80.499,,99,310,0.205,42,14.5
2024-01,2024,1,Q1,XRP,XRP,Payments,RPCA,1.46362457,2.13786026,1.78235601,1.94066261,32.59,13.2,1.427,106.736,,44,1017,0.592,68,-8.7
2024-02,2024,2,Q1,XRP,XRP,Payments,RPCA,1.94066261,2.6927274,1.94881412,2.42431817,24.92,23.9,2.334,133.337,,42,372,0.145,73,22.8
2024-03,2024,3,Q1,XRP,XRP,Payments,RPCA,2.42431817,3.23925743,2.73447364,2.96264746,22.21,18.3,1.64,162.946,,336,695,0.554,81,-18.6
2024-04,2024,4,Q2,XRP,XRP,Payments,RPCA,2.96264746,2.52823096,1.95611095,2.37213629,-19.93,20.9,0.73,130.467,,37,283,0.322,68,-3.0
2024-05,2024,5,Q2,XRP,XRP,Payments,RPCA,2.37213629,2.42383339,2.20736472,2.31236675,-2.52,8.3,1.575,127.18,,37,359,0.023,86,-20.7
2024-06,2024,6,Q2,XRP,XRP,Payments,RPCA,2.31236675,2.83043045,2.39494103,2.5757923,11.39,12.7,2.055,141.669,,17,169,0.249,78,9.8
2024-07,2024,7,Q3,XRP,XRP,Payments,RPCA,2.5757923,2.69470226,2.34979065,2.53074532,-1.75,8.7,3.635,139.191,,63,202,0.199,34,26.2
2024-08,2024,8,Q3,XRP,XRP,Payments,RPCA,2.53074532,2.55131669,2.11607678,2.2745764,-10.12,13.7,2.421,125.102,,30,257,0.337,72,-41.6
2024-09,2024,9,Q3,XRP,XRP,Payments,RPCA,2.2745764,2.48055725,2.08215845,2.26545907,-0.4,9.9,1.818,124.6,,31,182,0.202,71,-20.8
2024-10,2024,10,Q4,XRP,XRP,Payments,RPCA,2.26545907,3.10715508,2.64967353,2.83782979,25.27,10.3,1.152,156.081,,49,76,-0.231,79,5.5
2024-11,2024,11,Q4,XRP,XRP,Payments,RPCA,2.83782979,2.98782304,2.03141238,2.50008115,-11.9,21.8,0.91,137.504,,72,477,0.443,50,-1.1
2024-12,2024,12,Q4,XRP,XRP,Payments,RPCA,2.50008115,2.59890951,2.26663632,2.44990448,-2.01,14.8,0.907,134.745,,33,232,0.498,86,27.1
2025-01,2025,1,Q1,XRP,XRP,Payments,RPCA,2.44990448,2.60920047,2.2014204,2.40686306,-1.76,19.4,0.881,132.377,,9,54,0.698,55,-19.7
2025-02,2025,2,Q1,XRP,XRP,Payments,RPCA,2.40686306,3.42780127,2.80519575,3.10270782,28.91,17.6,1.754,170.649,,33,441,0.715,86,-30.0
2025-03,2025,3,Q1,XRP,XRP,Payments,RPCA,3.10270782,2.67782567,2.10228591,2.43311641,-21.58,18.6,0.682,133.821,,38,176,0.715,62,-9.2
2025-04,2025,4,Q2,XRP,XRP,Payments,RPCA,2.43311641,3.13224954,2.38200869,2.85033047,17.15,19.2,1.456,156.768,,13,188,0.676,97,52.8
2025-05,2025,5,Q2,XRP,XRP,Payments,RPCA,2.85033047,3.49948466,2.87966151,3.23747973,13.58,17.1,1.903,178.061,,91,229,0.412,69,-3.2
2025-06,2025,6,Q2,XRP,XRP,Payments,RPCA,3.23747973,4.19613314,3.31464697,3.5909079,10.92,24.9,1.739,197.5,,22,110,0.75,72,40.8
2025-07,2025,7,Q3,XRP,XRP,Payments,RPCA,3.5909079,4.0380938,3.1423937,3.51350759,-2.16,21.7,5.469,193.243,,32,355,0.857,86,13.6
2025-08,2025,8,Q3,XRP,XRP,Payments,RPCA,3.51350759,2.91832055,2.37275691,2.59479975,-26.15,24.0,0.966,142.714,,46,69,0.68,95,-69.7
2025-09,2025,9,Q3,XRP,XRP,Payments,RPCA,2.59479975,3.59669891,2.83481516,3.31656645,27.82,22.1,2.426,182.411,,33,1150,0.596,82,-37.5
2025-10,2025,10,Q4,XRP,XRP,Payments,RPCA,3.31656645,2.94557218,2.2951788,2.7571697,-16.87,17.0,0.63,151.644,,28,587,0.417,76,-8.0
2025-11,2025,11,Q4,XRP,XRP,Payments,RPCA,2.7571697,3.74745715,2.99820053,3.41557277,23.88,18.1,2.068,187.857,,18,152,1.0,85,39.2
2025-12,2025,12,Q4,XRP,XRP,Payments,RPCA,3.41557277,3.56339838,2.84899294,3.2492816,-4.87,18.0,1.375,178.71,,23,107,0.479,75,28.6
2026-01,2026,1,Q1,XRP,XRP,Payments,RPCA,3.2492816,3.57330822,2.67472144,3.12275554,-3.89,21.4,1.386,171.752,,15,349,0.971,51,55.3
2026-02,2026,2,Q1,XRP,XRP,Payments,RPCA,3.12275554,2.78296912,2.19319757,2.46037216,-21.21,13.5,1.033,135.32,,31,291,0.764,81,-40.7
2026-03,2026,3,Q1,XRP,XRP,Payments,RPCA,2.46037216,3.45302496,2.8425717,3.20948192,30.45,17.9,4.224,176.522,,17,50,0.217,74,-9.4
2018-01,2018,1,Q1,ADA,Cardano,Smart Contract,PoS,0.58600227,0.54735624,0.47795641,0.51859278,-11.5,11.5,0.042,14.002,,37,223,0.289,30,5.4
2018-02,2018,2,Q1,ADA,Cardano,Smart Contract,PoS,0.51859278,0.44549921,0.38408643,0.41191015,-20.57,16.5,0.048,11.122,,84,108,-0.229,54,-3.8
2018-03,2018,3,Q1,ADA,Cardano,Smart Contract,PoS,0.41191015,0.43740179,0.34817464,0.39157193,-4.94,22.3,0.124,10.572,,25,474,-0.704,44,1.5
2018-04,2018,4,Q2,ADA,Cardano,Smart Contract,PoS,0.39157193,0.54113045,0.44806615,0.48932139,24.96,20.1,0.137,13.212,,40,503,-0.755,59,17.6
2018-05,2018,5,Q2,ADA,Cardano,Smart Contract,PoS,0.48932139,0.34527712,0.30600606,0.33113689,-32.33,8.3,0.09,8.941,,98,914,0.07,35,-6.5
2018-06,2018,6,Q2,ADA,Cardano,Smart Contract,PoS,0.33113689,0.37996851,0.29393855,0.3543051,7.0,22.0,0.155,9.566,,70,224,-0.582,44,6.0
2018-07,2018,7,Q3,ADA,Cardano,Smart Contract,PoS,0.3543051,0.30562758,0.27194972,0.29287657,-17.34,8.9,0.045,7.908,,16,163,0.048,31,-4.2
2018-08,2018,8,Q3,ADA,Cardano,Smart Contract,PoS,0.29287657,0.32943398,0.27336016,0.28853803,-1.48,14.7,0.081,7.791,,53,74,-0.098,32,-16.6
2018-09,2018,9,Q3,ADA,Cardano,Smart Contract,PoS,0.28853803,0.40426123,0.34360537,0.38125707,32.13,12.3,0.115,10.294,,8,258,-0.501,32,-17.4
2018-10,2018,10,Q4,ADA,Cardano,Smart Contract,PoS,0.38125707,0.32435471,0.29162613,0.31513367,-17.34,9.4,0.08,8.509,,35,391,-0.124,23,7.9
2018-11,2018,11,Q4,ADA,Cardano,Smart Contract,PoS,0.31513367,0.35308866,0.30090476,0.32265717,2.39,10.3,0.064,8.712,,14,275,0.537,41,-0.5
2018-12,2018,12,Q4,ADA,Cardano,Smart Contract,PoS,0.32265717,0.29915714,0.26557047,0.28484239,-11.72,13.0,0.048,7.691,,215,160,-0.516,44,-6.7
2019-01,2019,1,Q1,ADA,Cardano,Smart Contract,PoS,0.28484239,0.45974558,0.35468034,0.41120667,44.36,17.5,0.145,11.103,,12,246,-0.107,29,-4.0
2019-02,2019,2,Q1,ADA,Cardano,Smart Contract,PoS,0.41120667,0.37883331,0.2804883,0.34287237,-16.62,18.9,0.142,9.258,,40,320,-0.783,44,16.4
2019-03,2019,3,Q1,ADA,Cardano,Smart Contract,PoS,0.34287237,0.39016013,0.30537378,0.3549816,3.53,17.4,0.109,9.585,,22,71,-0.302,32,11.1
2019-04,2019,4,Q2,ADA,Cardano,Smart Contract,PoS,0.3549816,0.49527804,0.38845619,0.46262032,30.32,22.6,0.134,12.491,,22,29,0.386,53,5.6
2019-05,2019,5,Q2,ADA,Cardano,Smart Contract,PoS,0.46262032,0.56072816,0.42403659,0.4966123,7.35,20.4,0.101,13.409,,44,142,-0.189,36,6.6
2019-06,2019,6,Q2,ADA,Cardano,Smart Contract,PoS,0.4966123,0.63771206,0.56980104,0.59819382,20.45,12.9,0.24,16.151,,42,161,-0.243,35,9.8
2019-07,2019,7,Q3,ADA,Cardano,Smart Contract,PoS,0.59819382,0.70880202,0.52683838,0.62175278,3.94,19.9,0.12,16.787,,52,252,0.081,33,3.0
2019-08,2019,8,Q3,ADA,Cardano,Smart Contract,PoS,0.62175278,0.7687314,0.63915836,0.6851516,10.2,18.1,0.313,18.499,,18,216,-0.615,22,18.7
2019-09,2019,9,Q3,ADA,Cardano,Smart Contract,PoS,0.6851516,0.6058993,0.50785736,0.56044334,-18.2,13.6,0.191,15.132,,67,244,-0.37,42,-8.2
2019-10,2019,10,Q4,ADA,Cardano,Smart Contract,PoS,0.56044334,0.71804433,0.53749217,0.60423767,7.81,20.2,0.047,16.314,,7,62,0.348,59,20.9
2019-11,2019,11,Q4,ADA,Cardano,Smart Contract,PoS,0.60423767,0.86206529,0.73694252,0.78037878,29.15,10.9,0.091,21.07,,22,163,0.184,41,18.0
2019-12,2019,12,Q4,ADA,Cardano,Smart Contract,PoS,0.78037878,0.76828981,0.64766769,0.72377294,-7.25,15.6,0.719,19.542,,45,176,-0.476,45,-9.5
2020-01,2020,1,Q1,ADA,Cardano,Smart Contract,PoS,0.72377294,0.77367653,0.68414279,0.7085258,-2.11,10.1,0.227,19.13,,30,165,-0.049,34,-14.4
2020-02,2020,2,Q1,ADA,Cardano,Smart Contract,PoS,0.7085258,0.8170349,0.69399199,0.74130748,4.63,16.9,0.396,20.015,,27,184,-0.377,46,-1.5
2020-03,2020,3,Q1,ADA,Cardano,Smart Contract,PoS,0.74130748,0.84383696,0.65412753,0.74793417,0.89,24.0,0.174,20.194,,43,132,0.188,53,-3.0
2020-04,2020,4,Q2,ADA,Cardano,Smart Contract,PoS,0.74793417,1.27406182,0.95551589,1.11000095,48.41,14.8,0.307,29.97,,31,449,-0.08,41,30.9
2020-05,2020,5,Q2,ADA,Cardano,Smart Contract,PoS,1.11000095,1.02406698,0.86201907,0.91922398,-17.19,14.9,0.275,24.819,,36,87,0.338,44,-7.5
2020-06,2020,6,Q2,ADA,Cardano,Smart Contract,PoS,0.91922398,1.32645116,1.09892409,1.26641033,37.77,14.0,0.453,34.193,,22,230,0.059,56,-17.8
2020-07,2020,7,Q3,ADA,Cardano,Smart Contract,PoS,1.26641033,1.54644764,1.12656977,1.31997575,4.23,18.6,0.352,35.639,,22,522,0.683,51,1.9
2020-08,2020,8,Q3,ADA,Cardano,Smart Contract,PoS,1.31997575,1.66409638,1.40637101,1.56704549,18.72,19.3,0.549,42.31,,40,290,0.799,73,3.3
2020-09,2020,9,Q3,ADA,Cardano,Smart Contract,PoS,1.56704549,1.50771571,1.26560113,1.4216896,-9.28,15.5,0.386,38.386,,31,121,0.271,82,-51.0
2020-10,2020,10,Q4,ADA,Cardano,Smart Contract,PoS,1.4216896,1.97622612,1.50457359,1.75381915,23.36,16.4,0.271,47.353,,86,195,0.134,54,7.9
2020-11,2020,11,Q4,ADA,Cardano,Smart Contract,PoS,1.75381915,1.74485066,1.32276838,1.56234434,-10.92,19.4,0.954,42.183,,96,333,0.086,58,-22.9
2020-12,2020,12,Q4,ADA,Cardano,Smart Contract,PoS,1.56234434,2.40137888,2.1086488,2.23630245,43.14,10.6,0.266,60.38,,15,298,0.266,73,14.9
2021-01,2021,1,Q1,ADA,Cardano,Smart Contract,PoS,2.23630245,3.55743325,2.72867062,3.0740924,37.46,18.4,0.398,83.0,,83,229,0.855,81,14.3
2021-02,2021,2,Q1,ADA,Cardano,Smart Contract,PoS,3.0740924,3.38894763,2.55284226,3.18481321,3.6,20.4,0.538,85.99,,23,158,1.0,79,55.8
2021-03,2021,3,Q1,ADA,Cardano,Smart Contract,PoS,3.18481321,2.32197944,2.09231749,2.24822606,-29.41,8.7,1.338,60.702,,25,129,1.0,73,-17.1
2021-04,2021,4,Q2,ADA,Cardano,Smart Contract,PoS,2.24822606,3.2850548,2.88077597,3.10372853,38.05,9.1,0.334,83.801,,31,338,1.0,82,77.2
2021-05,2021,5,Q2,ADA,Cardano,Smart Contract,PoS,3.10372853,1.85890523,1.59700761,1.74727973,-43.7,20.4,0.433,47.177,,53,85,0.245,61,-31.4
2021-06,2021,6,Q2,ADA,Cardano,Smart Contract,PoS,1.74727973,1.89229954,1.37979726,1.63057747,-6.68,17.8,0.339,44.026,,31,77,0.305,56,-6.3
2021-07,2021,7,Q3,ADA,Cardano,Smart Contract,PoS,1.63057747,1.8427159,1.60975997,1.74500843,7.02,10.2,0.305,47.115,,27,100,0.275,58,-25.2
2021-08,2021,8,Q3,ADA,Cardano,Smart Contract,PoS,1.74500843,1.82945235,1.70089118,1.75658333,0.66,9.7,0.35,47.428,,57,70,-0.185,55,-17.3
2021-09,2021,9,Q3,ADA,Cardano,Smart Contract,PoS,1.75658333,1.85117992,1.40539601,1.63131059,-7.13,21.8,0.329,44.045,,4,409,0.552,70,19.6
2021-10,2021,10,Q4,ADA,Cardano,Smart Contract,PoS,1.63131059,1.76082466,1.30873933,1.58121188,-3.07,22.7,0.229,42.693,,38,257,0.253,81,13.2
2021-11,2021,11,Q4,ADA,Cardano,Smart Contract,PoS,1.58121188,1.9192196,1.6416308,1.78427252,12.84,11.5,0.333,48.175,,10,110,0.476,50,10.9
2021-12,2021,12,Q4,ADA,Cardano,Smart Contract,PoS,1.78427252,1.44469398,1.10640909,1.2325319,-30.92,25.0,0.406,33.278,,29,90,0.057,58,5.6
2022-01,2022,1,Q1,ADA,Cardano,Smart Contract,PoS,1.2325319,0.7781036,0.62008495,0.68827985,-44.16,17.4,0.167,18.584,,11,98,-0.386,48,-7.3
2022-02,2022,2,Q1,ADA,Cardano,Smart Contract,PoS,0.68827985,0.87184747,0.72686789,0.7860361,14.2,19.0,0.076,21.223,,31,228,0.302,28,7.7
2022-03,2022,3,Q1,ADA,Cardano,Smart Contract,PoS,0.7860361,0.70497373,0.58184998,0.6572765,-16.38,11.8,0.108,17.746,,42,244,-0.027,44,-13.1
2022-04,2022,4,Q2,ADA,Cardano,Smart Contract,PoS,0.6572765,0.55937742,0.38608955,0.46631794,-29.05,20.1,0.148,12.591,,45,272,-0.559,48,12.6
2022-05,2022,5,Q2,ADA,Cardano,Smart Contract,PoS,0.46631794,0.51358317,0.38687344,0.44966151,-3.57,21.4,0.153,12.141,,17,82,-0.301,35,1.8
2022-06,2022,6,Q2,ADA,Cardano,Smart Contract,PoS,0.44966151,0.25239644,0.18875531,0.23313256,-48.15,22.8,0.056,6.295,,40,115,-1.0,40,-2.8
2022-07,2022,7,Q3,ADA,Cardano,Smart Contract,PoS,0.23313256,0.23136177,0.2116557,0.22411513,-3.87,10.4,0.049,6.051,,30,337,-0.816,42,-3.2
2022-08,2022,8,Q3,ADA,Cardano,Smart Contract,PoS,0.22411513,0.26674617,0.23864097,0.2537708,13.23,11.1,0.122,6.852,,62,141,-0.28,40,-10.8
2022-09,2022,9,Q3,ADA,Cardano,Smart Contract,PoS,0.2537708,0.28276432,0.19629365,0.24035559,-5.29,19.1,0.074,6.49,,39,168,-0.585,36,-2.2
2022-10,2022,10,Q4,ADA,Cardano,Smart Contract,PoS,0.24035559,0.27339326,0.20415228,0.24006823,-0.12,21.2,0.078,6.482,,21,582,0.089,31,5.7
2022-11,2022,11,Q4,ADA,Cardano,Smart Contract,PoS,0.24006823,0.23386312,0.20466982,0.21531937,-10.31,9.3,0.093,5.814,,66,100,-0.713,37,9.8
2022-12,2022,12,Q4,ADA,Cardano,Smart Contract,PoS,0.21531937,0.28022674,0.24668942,0.26071439,21.08,13.7,0.105,7.039,,23,77,-0.463,27,4.7
2023-01,2023,1,Q1,ADA,Cardano,Smart Contract,PoS,0.26071439,0.55388342,0.40115153,0.47246729,81.22,22.1,0.097,12.757,,127,57,-0.703,30,-1.9
2023-02,2023,2,Q1,ADA,Cardano,Smart Contract,PoS,0.47246729,0.50062746,0.42523252,0.45515386,-3.66,21.0,0.217,12.289,,75,112,-0.072,63,19.2
2023-03,2023,3,Q1,ADA,Cardano,Smart Contract,PoS,0.45515386,0.76394758,0.65358929,0.69994771,53.78,12.8,0.066,18.899,,53,210,-0.174,39,1.9
2023-04,2023,4,Q2,ADA,Cardano,Smart Contract,PoS,0.69994771,0.72264322,0.6118824,0.65941465,-5.79,13.8,0.24,17.804,,30,471,-0.39,36,2.3
2023-05,2023,5,Q2,ADA,Cardano,Smart Contract,PoS,0.65941465,0.89531557,0.69706184,0.7698252,16.74,24.5,0.229,20.785,,82,248,-0.257,40,-25.3
2023-06,2023,6,Q2,ADA,Cardano,Smart Contract,PoS,0.7698252,0.83557267,0.67796053,0.74884684,-2.73,16.2,0.088,20.219,,75,430,-0.2,55,-1.5
2023-07,2023,7,Q3,ADA,Cardano,Smart Contract,PoS,0.74884684,0.88238042,0.65631333,0.75200129,0.42,19.6,0.314,20.304,,61,510,0.608,43,2.1
2023-08,2023,8,Q3,ADA,Cardano,Smart Contract,PoS,0.75200129,0.97452907,0.68477794,0.80694179,7.31,24.7,0.114,21.787,,10,142,0.083,51,-35.9
2023-09,2023,9,Q3,ADA,Cardano,Smart Contract,PoS,0.80694179,1.00214203,0.87149672,0.93204773,15.5,11.0,0.163,25.165,,22,376,-0.3,72,30.9
2023-10,2023,10,Q4,ADA,Cardano,Smart Contract,PoS,0.93204773,1.02387878,0.8339973,0.89331968,-4.16,15.2,0.309,24.12,,14,105,-0.187,63,-34.7
2023-11,2023,11,Q4,ADA,Cardano,Smart Contract,PoS,0.89331968,1.40370663,0.97231781,1.19880904,34.2,23.7,0.727,32.368,,12,130,0.401,38,-22.6
2023-12,2023,12,Q4,ADA,Cardano,Smart Contract,PoS,1.19880904,1.15030468,1.05183519,1.10588151,-7.75,8.0,0.374,29.859,,18,126,0.155,39,32.9
2024-01,2024,1,Q1,ADA,Cardano,Smart Contract,PoS,1.10588151,2.36002341,1.95815065,2.09425101,89.37,17.5,0.091,56.545,,85,264,-0.869,72,26.4
2024-02,2024,2,Q1,ADA,Cardano,Smart Contract,PoS,2.09425101,2.06585949,1.37261539,1.70526867,-18.57,24.7,0.186,46.042,,39,102,0.544,51,28.1
2024-03,2024,3,Q1,ADA,Cardano,Smart Contract,PoS,1.70526867,2.68561407,1.92199369,2.30021852,34.89,18.8,0.344,62.106,,28,247,0.498,66,-7.1
2024-04,2024,4,Q2,ADA,Cardano,Smart Contract,PoS,2.30021852,2.76740776,2.24102429,2.59909734,12.99,15.7,0.518,70.176,,25,294,0.497,85,-51.9
2024-05,2024,5,Q2,ADA,Cardano,Smart Contract,PoS,2.59909734,2.26897456,1.90030576,2.12060806,-18.41,20.0,0.321,57.256,,48,220,0.481,83,-31.4
2024-06,2024,6,Q2,ADA,Cardano,Smart Contract,PoS,2.12060806,2.27204573,1.89861699,2.08069374,-1.88,11.2,0.539,56.179,,12,157,1.0,81,14.5
2024-07,2024,7,Q3,ADA,Cardano,Smart Contract,PoS,2.08069374,2.00246165,1.74948639,1.8450301,-11.33,10.2,0.419,49.816,,48,71,0.742,75,-61.2
2024-08,2024,8,Q3,ADA,Cardano,Smart Contract,PoS,1.8450301,1.89810631,1.7116772,1.81789285,-1.47,11.0,0.158,49.083,,135,811,0.92,61,45.4
2024-09,2024,9,Q3,ADA,Cardano,Smart Contract,PoS,1.81789285,2.5221994,2.03425012,2.18875046,20.4,17.4,0.759,59.096,,36,99,0.69,57,3.4
2024-10,2024,10,Q4,ADA,Cardano,Smart Contract,PoS,2.18875046,1.92346922,1.59775792,1.7646577,-19.38,13.4,0.314,47.646,,10,405,0.687,67,42.6
2024-11,2024,11,Q4,ADA,Cardano,Smart Contract,PoS,1.7646577,2.08907332,1.51805275,1.73637027,-1.6,20.8,0.568,46.882,,32,230,0.88,57,-13.2
2024-12,2024,12,Q4,ADA,Cardano,Smart Contract,PoS,1.73637027,2.01924355,1.745913,1.9345902,11.42,11.9,0.322,52.234,,37,465,0.273,74,29.7
2025-01,2025,1,Q1,ADA,Cardano,Smart Contract,PoS,1.9345902,2.22054183,1.80841127,2.0573404,6.35,14.2,0.192,55.548,,12,202,0.613,90,23.7
2025-02,2025,2,Q1,ADA,Cardano,Smart Contract,PoS,2.0573404,2.93841708,1.97006424,2.43350747,18.28,21.0,0.347,65.705,,12,243,0.712,83,-16.1
2025-03,2025,3,Q1,ADA,Cardano,Smart Contract,PoS,2.43350747,2.55166085,2.15422985,2.29506029,-5.69,12.1,0.287,61.967,,29,52,0.446,62,-31.9
2025-04,2025,4,Q2,ADA,Cardano,Smart Contract,PoS,2.29506029,2.43813105,1.7094672,2.17510739,-5.23,24.1,0.281,58.728,,22,553,0.563,69,60.0
2025-05,2025,5,Q2,ADA,Cardano,Smart Contract,PoS,2.17510739,3.05531408,2.31593231,2.64979522,21.82,16.4,0.598,71.544,,27,90,0.711,78,-25.3
2025-06,2025,6,Q2,ADA,Cardano,Smart Contract,PoS,2.64979522,2.56436225,2.1762078,2.37525777,-10.36,16.5,0.433,64.132,,48,123,0.605,77,38.4
2025-07,2025,7,Q3,ADA,Cardano,Smart Contract,PoS,2.37525777,2.40863211,2.01748366,2.18696292,-7.93,14.0,0.448,59.048,,20,435,0.904,74,18.3
2025-08,2025,8,Q3,ADA,Cardano,Smart Contract,PoS,2.18696292,3.23895915,2.88613891,3.00965015,37.62,9.0,0.381,81.261,,53,114,1.0,74,34.3
2025-09,2025,9,Q3,ADA,Cardano,Smart Contract,PoS,3.00965015,2.60640483,2.20481972,2.36748353,-21.34,10.7,0.45,63.922,,9,410,0.378,82,-85.8
2025-10,2025,10,Q4,ADA,Cardano,Smart Contract,PoS,2.36748353,3.10837387,2.68768335,2.9197821,23.33,17.6,0.608,78.834,,39,223,1.0,69,-6.2
2025-11,2025,11,Q4,ADA,Cardano,Smart Contract,PoS,2.9197821,2.7851063,2.0600424,2.39478897,-17.98,20.1,0.444,64.659,,131,172,-0.264,73,-5.1
2025-12,2025,12,Q4,ADA,Cardano,Smart Contract,PoS,2.39478897,2.66878041,2.27895114,2.48881296,3.93,11.6,0.562,67.198,,17,149,1.0,86,15.8
2026-01,2026,1,Q1,ADA,Cardano,Smart Contract,PoS,2.48881296,2.61918402,2.07998901,2.43890414,-2.01,22.4,0.164,65.85,,86,63,0.421,71,-34.2
2026-02,2026,2,Q1,ADA,Cardano,Smart Contract,PoS,2.43890414,2.7893176,2.17518648,2.52771964,3.64,14.6,0.148,68.248,,45,161,0.964,76,-115.8
2026-03,2026,3,Q1,ADA,Cardano,Smart Contract,PoS,2.52771964,2.70971627,2.30719748,2.5088305,-0.75,19.7,0.475,67.738,,17,301,0.654,80,46.8
2020-01,2020,1,Q1,AVAX,Avalanche,Smart Contract,PoS,31.88767838,36.82812128,32.31757739,34.6198955,8.57,8.4,0.178,14.956,,58,89,0.116,36,-20.8
2020-02,2020,2,Q1,AVAX,Avalanche,Smart Contract,PoS,34.6198955,36.20981274,28.47562303,32.62097822,-5.77,14.0,0.306,14.092,,29,142,-0.509,42,-18.5
2020-03,2020,3,Q1,AVAX,Avalanche,Smart Contract,PoS,32.62097822,53.19207993,43.83290908,47.05289264,44.24,15.1,0.321,20.327,,20,343,-0.224,54,-22.1
2020-04,2020,4,Q2,AVAX,Avalanche,Smart Contract,PoS,47.05289264,54.99172704,42.05937988,48.47431579,3.02,23.1,0.142,20.941,,27,258,0.19,43,-8.4
2020-05,2020,5,Q2,AVAX,Avalanche,Smart Contract,PoS,48.47431579,73.36759395,47.72637143,60.62043739,25.06,23.2,0.318,26.188,,18,184,0.078,35,-0.7
2020-06,2020,6,Q2,AVAX,Avalanche,Smart Contract,PoS,60.62043739,54.31912862,43.86940659,50.66878474,-16.42,16.0,0.37,21.889,,21,288,0.213,49,-0.5
2020-07,2020,7,Q3,AVAX,Avalanche,Smart Contract,PoS,50.66878474,75.78407872,65.53313563,70.02053433,38.19,8.5,0.278,30.249,,44,294,0.229,52,44.6
2020-08,2020,8,Q3,AVAX,Avalanche,Smart Contract,PoS,70.02053433,65.963395,45.81408757,57.64713993,-17.67,21.6,0.528,24.904,,36,436,-0.412,64,-15.4
2020-09,2020,9,Q3,AVAX,Avalanche,Smart Contract,PoS,57.64713993,69.18007369,61.99969676,65.45603378,13.55,15.4,0.239,28.277,,13,162,0.283,48,-6.9
2020-10,2020,10,Q4,AVAX,Avalanche,Smart Contract,PoS,65.45603378,104.93360979,88.31503944,96.07711151,46.78,14.1,1.047,41.505,,6,198,0.455,54,4.1
2020-11,2020,11,Q4,AVAX,Avalanche,Smart Contract,PoS,96.07711151,103.68707339,88.95778178,96.48130695,0.42,8.8,0.536,41.68,,34,61,0.667,56,19.5
2020-12,2020,12,Q4,AVAX,Avalanche,Smart Contract,PoS,96.48130695,116.13296287,85.94291763,106.26498678,10.14,20.9,0.239,45.906,,40,96,0.694,68,-8.4
2021-01,2021,1,Q1,AVAX,Avalanche,Smart Contract,PoS,106.26498678,154.84651886,124.0577322,144.51919815,36.0,20.1,0.268,62.432,,16,75,1.0,67,45.5
2021-02,2021,2,Q1,AVAX,Avalanche,Smart Contract,PoS,144.51919815,170.8779599,126.17892246,148.0946701,2.47,18.6,0.208,63.977,,3,91,1.0,83,6.8
2021-03,2021,3,Q1,AVAX,Avalanche,Smart Contract,PoS,148.0946701,162.31821209,119.7277348,142.15258264,-4.01,24.3,0.268,61.41,,28,362,1.0,88,-9.4
2021-04,2021,4,Q2,AVAX,Avalanche,Smart Contract,PoS,142.15258264,169.02638241,144.32799145,154.19708703,8.47,12.0,0.404,66.613,,130,316,1.0,79,-7.6
2021-05,2021,5,Q2,AVAX,Avalanche,Smart Contract,PoS,154.19708703,82.48736642,66.87858506,70.77143997,-54.1,17.3,0.38,30.573,,25,1419,0.343,57,-43.4
2021-06,2021,6,Q2,AVAX,Avalanche,Smart Contract,PoS,70.77143997,92.0500608,67.36230997,81.42323816,15.05,19.8,0.272,35.175,,47,252,0.078,56,34.9
2021-07,2021,7,Q3,AVAX,Avalanche,Smart Contract,PoS,81.42323816,93.91929537,77.32559631,84.70775504,4.03,14.6,0.196,36.594,,5,147,0.549,67,38.0
2021-08,2021,8,Q3,AVAX,Avalanche,Smart Contract,PoS,84.70775504,83.09337025,68.00419024,76.84621342,-9.28,17.5,0.462,33.198,,8,106,0.804,67,21.3
2021-09,2021,9,Q3,AVAX,Avalanche,Smart Contract,PoS,76.84621342,109.20707552,93.06212508,101.70075596,32.34,17.5,0.424,43.935,,37,659,0.397,47,-35.4
2021-10,2021,10,Q4,AVAX,Avalanche,Smart Contract,PoS,101.70075596,83.29268095,62.51896155,74.9364558,-26.32,17.4,0.349,32.373,,36,332,0.654,55,-39.9
2021-11,2021,11,Q4,AVAX,Avalanche,Smart Contract,PoS,74.9364558,112.26568723,99.35374712,103.21457241,37.74,9.5,0.528,44.589,,94,174,0.54,76,-26.9
2021-12,2021,12,Q4,AVAX,Avalanche,Smart Contract,PoS,103.21457241,69.45274077,51.38156091,60.50621737,-41.38,20.2,0.182,26.139,,23,244,0.041,54,-27.8
2022-01,2022,1,Q1,AVAX,Avalanche,Smart Contract,PoS,60.50621737,44.11978796,33.69197298,38.48997941,-36.39,19.4,0.256,16.628,,58,87,-0.074,46,-0.8
2022-02,2022,2,Q1,AVAX,Avalanche,Smart Contract,PoS,38.48997941,41.00004506,30.31779104,33.97067513,-11.74,24.6,0.331,14.675,,33,163,-0.179,40,2.4
2022-03,2022,3,Q1,AVAX,Avalanche,Smart Contract,PoS,33.97067513,35.12998482,32.63530456,33.46669448,-1.48,8.0,0.529,14.458,,16,227,-0.012,46,6.4
2022-04,2022,4,Q2,AVAX,Avalanche,Smart Contract,PoS,33.46669448,28.97779162,19.99780109,25.12599687,-24.92,21.1,0.137,10.854,,15,153,-0.107,58,-6.9
2022-05,2022,5,Q2,AVAX,Avalanche,Smart Contract,PoS,25.12599687,23.3788855,19.4672553,20.98764768,-16.47,16.5,0.058,9.067,,11,81,-0.444,44,5.1
2022-06,2022,6,Q2,AVAX,Avalanche,Smart Contract,PoS,20.98764768,12.63426224,9.97953611,10.7962465,-48.56,19.4,0.018,4.664,,27,193,-0.371,15,-2.4
2022-07,2022,7,Q3,AVAX,Avalanche,Smart Contract,PoS,10.7962465,11.14389422,9.79881196,10.59340955,-1.88,8.8,0.042,4.576,,15,317,0.14,19,-1.0
2022-08,2022,8,Q3,AVAX,Avalanche,Smart Contract,PoS,10.59340955,11.14543681,9.65255175,10.11086077,-4.56,14.8,0.056,4.368,,23,92,0.283,31,8.0
2022-09,2022,9,Q3,AVAX,Avalanche,Smart Contract,PoS,10.11086077,10.1677551,8.46021578,9.58044132,-5.25,17.3,0.062,4.139,,18,80,-0.298,45,-1.1
2022-10,2022,10,Q4,AVAX,Avalanche,Smart Contract,PoS,9.58044132,10.54384769,9.25530216,10.13563789,5.8,9.8,0.052,4.379,,13,231,-0.142,39,6.4
2022-11,2022,11,Q4,AVAX,Avalanche,Smart Contract,PoS,10.13563789,12.01352945,7.79010888,9.803254,-3.28,23.8,0.073,4.235,,12,86,-0.303,24,-4.4
2022-12,2022,12,Q4,AVAX,Avalanche,Smart Contract,PoS,9.803254,11.05939676,9.49717383,10.20432518,4.09,11.9,0.306,4.408,,26,112,-0.008,38,-10.3
2023-01,2023,1,Q1,AVAX,Avalanche,Smart Contract,PoS,10.20432518,28.36200317,22.09962117,25.81085199,152.94,20.0,0.062,11.15,,46,542,-0.65,49,-11.3
2023-02,2023,2,Q1,AVAX,Avalanche,Smart Contract,PoS,25.81085199,23.88411677,18.24229946,21.29124315,-17.51,22.7,0.107,9.198,,24,290,-0.127,41,2.6
2023-03,2023,3,Q1,AVAX,Avalanche,Smart Contract,PoS,21.29124315,27.11180431,22.13485511,25.46557768,19.61,13.8,0.144,11.001,,47,120,-0.272,32,-2.4
2023-04,2023,4,Q2,AVAX,Avalanche,Smart Contract,PoS,25.46557768,25.45182108,23.72516683,24.68316365,-3.07,10.0,0.269,10.663,,52,188,-0.296,45,-3.2
2023-05,2023,5,Q2,AVAX,Avalanche,Smart Contract,PoS,24.68316365,35.52206089,31.971242,33.55458393,35.94,10.6,0.061,14.496,,41,78,0.278,49,-20.9
2023-06,2023,6,Q2,AVAX,Avalanche,Smart Contract,PoS,33.55458393,44.44953374,34.23292769,38.2967545,14.13,21.3,0.101,16.544,,16,100,0.009,42,11.8
2023-07,2023,7,Q3,AVAX,Avalanche,Smart Contract,PoS,38.2967545,45.86617664,38.23199475,41.45706268,8.25,14.3,0.176,17.909,,11,112,0.061,55,-4.2
2023-08,2023,8,Q3,AVAX,Avalanche,Smart Contract,PoS,41.45706268,52.09779193,40.31005339,47.48915816,14.55,22.2,0.159,20.515,,28,67,0.141,70,-20.2
2023-09,2023,9,Q3,AVAX,Avalanche,Smart Contract,PoS,47.48915816,51.29826953,32.9555439,42.30579231,-10.91,22.9,0.087,18.276,,18,59,-0.018,61,-19.6
2023-10,2023,10,Q4,AVAX,Avalanche,Smart Contract,PoS,42.30579231,60.53310297,50.76011325,54.65657437,29.19,11.5,0.221,23.612,,38,643,0.104,47,-13.1
2023-11,2023,11,Q4,AVAX,Avalanche,Smart Contract,PoS,54.65657437,49.43262123,41.28039101,45.79949374,-16.2,19.4,0.289,19.785,,16,215,0.012,68,-9.5
2023-12,2023,12,Q4,AVAX,Avalanche,Smart Contract,PoS,45.79949374,64.08770628,47.19377726,59.48930219,29.89,22.0,0.4,25.699,,75,95,1.0,51,49.4
2024-01,2024,1,Q1,AVAX,Avalanche,Smart Contract,PoS,59.48930219,91.94265182,70.67305981,77.1092281,29.62,24.3,0.351,33.311,,17,258,0.408,61,100.5
2024-02,2024,2,Q1,AVAX,Avalanche,Smart Contract,PoS,77.1092281,107.63673411,80.64968773,94.23936594,22.22,18.3,0.329,40.711,,52,194,0.261,76,-71.3
2024-03,2024,3,Q1,AVAX,Avalanche,Smart Contract,PoS,94.23936594,122.7971272,94.8432317,106.05333854,12.54,21.8,0.277,45.815,,60,137,0.162,60,-19.7
2024-04,2024,4,Q2,AVAX,Avalanche,Smart Contract,PoS,106.05333854,139.7794787,112.79247211,128.54458739,21.21,17.1,0.391,55.531,,64,175,0.126,53,-6.1
2024-05,2024,5,Q2,AVAX,Avalanche,Smart Contract,PoS,128.54458739,94.86618111,73.64488469,88.55396529,-31.11,17.4,0.535,38.255,,31,145,0.711,53,46.9
2024-06,2024,6,Q2,AVAX,Avalanche,Smart Contract,PoS,88.55396529,142.85477627,114.0875764,127.21913822,43.66,12.7,0.378,54.959,,17,121,0.728,86,-37.0
2024-07,2024,7,Q3,AVAX,Avalanche,Smart Contract,PoS,127.21913822,109.7912678,82.6873195,101.2323789,-20.43,24.2,0.416,43.732,,10,659,0.206,64,-51.2
2024-08,2024,8,Q3,AVAX,Avalanche,Smart Contract,PoS,101.2323789,115.26419339,97.24703002,102.97673714,1.72,15.0,0.121,44.486,,35,258,-0.109,78,8.4
2024-09,2024,9,Q3,AVAX,Avalanche,Smart Contract,PoS,102.97673714,78.64194977,66.8828163,71.90644011,-30.17,18.0,0.477,31.064,,24,292,0.145,48,-15.9
2024-10,2024,10,Q4,AVAX,Avalanche,Smart Contract,PoS,71.90644011,87.11021979,67.53065293,73.46211949,2.16,18.8,0.238,31.736,,48,327,0.263,79,-37.6
2024-11,2024,11,Q4,AVAX,Avalanche,Smart Contract,PoS,73.46211949,106.5504488,89.9737958,99.05133849,34.83,19.2,0.21,42.79,,34,172,0.665,51,23.1
2024-12,2024,12,Q4,AVAX,Avalanche,Smart Contract,PoS,99.05133849,107.82561332,91.43011292,101.43892045,2.41,11.5,0.256,43.822,,65,350,0.414,59,1.7
2025-01,2025,1,Q1,AVAX,Avalanche,Smart Contract,PoS,101.43892045,92.00841697,77.35027959,85.7287535,-15.49,10.1,0.453,37.035,,18,60,0.749,47,15.4
2025-02,2025,2,Q1,AVAX,Avalanche,Smart Contract,PoS,85.7287535,94.86682868,77.51522495,83.59418788,-2.49,14.1,0.137,36.113,,25,386,0.278,78,24.4
2025-03,2025,3,Q1,AVAX,Avalanche,Smart Contract,PoS,83.59418788,127.67556853,112.45443644,118.60466988,41.88,8.0,0.286,51.237,,33,145,0.552,80,4.5
2025-04,2025,4,Q2,AVAX,Avalanche,Smart Contract,PoS,118.60466988,126.80895941,110.29749886,119.02701719,0.36,9.0,0.755,51.42,,86,161,0.851,67,-7.6
2025-05,2025,5,Q2,AVAX,Avalanche,Smart Contract,PoS,119.02701719,131.7281346,111.23305298,121.47530871,2.06,8.5,0.616,52.477,,29,158,0.822,89,35.2
2025-06,2025,6,Q2,AVAX,Avalanche,Smart Contract,PoS,121.47530871,123.13242411,102.85783202,109.91226747,-9.52,15.0,0.221,47.482,,25,159,0.552,86,14.4
2025-07,2025,7,Q3,AVAX,Avalanche,Smart Contract,PoS,109.91226747,125.77512593,112.05997792,116.8009398,6.27,11.4,0.586,50.458,,26,253,1.0,76,37.4
2025-08,2025,8,Q3,AVAX,Avalanche,Smart Contract,PoS,116.8009398,114.74267858,84.63106477,99.87599449,-14.49,23.1,0.259,43.146,,27,1486,0.659,67,-9.2
2025-09,2025,9,Q3,AVAX,Avalanche,Smart Contract,PoS,99.87599449,168.89755003,124.02484304,140.31169023,40.49,22.1,0.803,60.615,,20,85,0.776,96,-26.3
2025-10,2025,10,Q4,AVAX,Avalanche,Smart Contract,PoS,140.31169023,110.13274587,95.65527922,102.76518453,-26.76,8.9,0.441,44.395,,6,327,0.675,66,45.4
2025-11,2025,11,Q4,AVAX,Avalanche,Smart Contract,PoS,102.76518453,145.53501276,113.03074663,132.56408288,29.0,20.0,0.834,57.268,,7,82,0.591,93,10.5
2025-12,2025,12,Q4,AVAX,Avalanche,Smart Contract,PoS,132.56408288,131.99929815,111.66762298,122.06101823,-7.92,17.1,0.384,52.73,,27,182,0.432,71,61.4
2026-01,2026,1,Q1,AVAX,Avalanche,Smart Contract,PoS,122.06101823,116.74048249,87.82211764,100.89541629,-17.34,20.5,0.558,43.587,,16,100,-0.228,73,-0.7
2026-02,2026,2,Q1,AVAX,Avalanche,Smart Contract,PoS,100.89541629,129.72434957,106.76276779,119.49594849,18.44,17.1,0.28,51.622,,59,377,0.682,65,39.9
2026-03,2026,3,Q1,AVAX,Avalanche,Smart Contract,PoS,119.49594849,116.7170581,95.38552716,103.7675123,-13.16,21.7,0.419,44.828,,17,34,0.27,59,-0.4
2020-01,2020,1,Q1,DOT,Polkadot,Interoperability,NPoS,12.44089691,11.78335515,10.16164047,11.31943898,-9.01,10.4,0.191,11.319,,8,329,-0.303,42,-7.6
2020-02,2020,2,Q1,DOT,Polkadot,Interoperability,NPoS,11.31943898,15.82847274,14.29079114,15.19400987,34.23,8.0,0.065,15.194,,84,58,-0.142,68,20.5
2020-03,2020,3,Q1,DOT,Polkadot,Interoperability,NPoS,15.19400987,15.67573562,13.54434796,14.52480646,-4.4,19.4,0.109,14.525,,125,132,-0.272,66,27.8
2020-04,2020,4,Q2,DOT,Polkadot,Interoperability,NPoS,14.52480646,16.99479291,14.11815241,16.09026949,10.78,14.2,0.575,16.09,,20,276,-0.098,53,-13.1
2020-05,2020,5,Q2,DOT,Polkadot,Interoperability,NPoS,16.09026949,23.51068378,21.50289792,22.47061276,39.65,8.6,0.162,22.471,,7,48,-0.153,43,-41.9
2020-06,2020,6,Q2,DOT,Polkadot,Interoperability,NPoS,22.47061276,26.78380992,20.59726876,23.00336596,2.37,19.3,0.122,23.003,,53,325,0.381,56,-1.2
2020-07,2020,7,Q3,DOT,Polkadot,Interoperability,NPoS,23.00336596,31.16041701,24.91440099,27.30697839,18.71,15.7,0.221,27.307,,28,114,0.143,63,-5.3
2020-08,2020,8,Q3,DOT,Polkadot,Interoperability,NPoS,27.30697839,33.34386857,26.99469819,31.32379247,14.71,17.6,0.361,31.324,,32,83,0.453,54,14.4
2020-09,2020,9,Q3,DOT,Polkadot,Interoperability,NPoS,31.32379247,30.00136074,24.69203233,27.1958725,-13.18,13.4,0.197,27.196,,69,124,0.312,69,1.4
2020-10,2020,10,Q4,DOT,Polkadot,Interoperability,NPoS,27.1958725,31.96070131,28.18608487,30.14170923,10.83,9.6,0.865,30.142,,60,495,0.443,45,-10.9
2020-11,2020,11,Q4,DOT,Polkadot,Interoperability,NPoS,30.14170923,39.27968651,32.15052677,34.90396848,15.8,14.4,0.421,34.904,,32,137,0.767,76,16.3
2020-12,2020,12,Q4,DOT,Polkadot,Interoperability,NPoS,34.90396848,37.86012585,32.57964713,33.98945308,-2.62,13.1,1.005,33.989,,30,266,0.522,66,-52.4
2021-01,2021,1,Q1,DOT,Polkadot,Interoperability,NPoS,33.98945308,44.97346389,31.48456285,38.5934968,13.55,24.4,0.657,38.593,,57,297,0.503,85,42.1
2021-02,2021,2,Q1,DOT,Polkadot,Interoperability,NPoS,38.5934968,56.5809438,37.4981096,48.93081895,26.79,23.5,0.302,48.931,,9,431,0.684,73,-20.0
2021-03,2021,3,Q1,DOT,Polkadot,Interoperability,NPoS,48.93081895,46.97928762,37.70408438,43.00015682,-12.12,21.7,0.614,43.0,,46,96,1.0,80,-11.2
2021-04,2021,4,Q2,DOT,Polkadot,Interoperability,NPoS,43.00015682,62.05693701,46.99383208,57.13686615,32.88,24.9,1.233,57.137,,38,191,0.368,83,-104.6
2021-05,2021,5,Q2,DOT,Polkadot,Interoperability,NPoS,57.13686615,38.65101518,30.88695316,34.31509396,-39.94,21.2,0.147,34.315,,29,426,0.259,57,10.6
2021-06,2021,6,Q2,DOT,Polkadot,Interoperability,NPoS,34.31509396,28.02600238,20.24923246,24.20625058,-29.46,19.5,0.506,24.206,,31,139,0.24,68,-3.6
2021-07,2021,7,Q3,DOT,Polkadot,Interoperability,NPoS,24.20625058,39.28475132,32.36191979,34.76607238,43.62,16.5,0.287,34.766,,20,170,0.736,65,-45.1
2021-08,2021,8,Q3,DOT,Polkadot,Interoperability,NPoS,34.76607238,35.64682963,30.15265098,31.79219803,-8.55,14.2,0.55,31.792,,15,250,0.578,52,27.8
2021-09,2021,9,Q3,DOT,Polkadot,Interoperability,NPoS,31.79219803,40.08787947,36.9566483,38.84275933,22.18,10.0,0.542,38.843,,36,190,0.869,61,-42.1
2021-10,2021,10,Q4,DOT,Polkadot,Interoperability,NPoS,38.84275933,37.56452109,33.03694131,35.78058106,-7.88,8.5,0.648,35.781,,13,283,0.579,73,3.1
2021-11,2021,11,Q4,DOT,Polkadot,Interoperability,NPoS,35.78058106,36.87911828,28.07746731,30.72282026,-14.14,23.4,0.227,30.723,,59,112,-0.187,68,2.0
2021-12,2021,12,Q4,DOT,Polkadot,Interoperability,NPoS,30.72282026,23.14440439,17.21126136,20.56472677,-33.06,17.0,0.257,20.565,,27,52,0.537,44,-18.8
2022-01,2022,1,Q1,DOT,Polkadot,Interoperability,NPoS,20.56472677,18.51858589,15.4179903,16.27642539,-20.85,17.5,0.145,16.276,,15,140,0.243,43,5.9
2022-02,2022,2,Q1,DOT,Polkadot,Interoperability,NPoS,16.27642539,16.90401721,13.47016382,14.80859454,-9.02,15.7,0.107,14.809,,11,372,0.269,39,17.6
2022-03,2022,3,Q1,DOT,Polkadot,Interoperability,NPoS,14.80859454,11.36509736,9.45793422,10.34396462,-30.15,18.8,0.196,10.344,,35,114,-0.975,41,3.7
2022-04,2022,4,Q2,DOT,Polkadot,Interoperability,NPoS,10.34396462,9.21021839,7.29619649,8.14093421,-21.3,14.8,0.17,8.141,,22,220,-0.64,50,-1.0
2022-05,2022,5,Q2,DOT,Polkadot,Interoperability,NPoS,8.14093421,7.53923282,6.51105775,7.28998476,-10.45,10.7,0.166,7.29,,35,125,0.36,40,-5.8
2022-06,2022,6,Q2,DOT,Polkadot,Interoperability,NPoS,7.28998476,3.2925626,2.61636568,2.94759422,-59.57,20.5,0.087,2.948,,10,218,-0.344,34,13.3
2022-07,2022,7,Q3,DOT,Polkadot,Interoperability,NPoS,2.94759422,3.53130014,2.53883758,3.1205236,5.87,21.2,0.061,3.121,,37,168,-0.699,26,2.4
2022-08,2022,8,Q3,DOT,Polkadot,Interoperability,NPoS,3.1205236,3.88758422,3.40912019,3.61511221,15.85,9.8,0.025,3.615,,48,154,-0.657,34,-7.0
2022-09,2022,9,Q3,DOT,Polkadot,Interoperability,NPoS,3.61511221,4.38493967,3.01552394,3.91970885,8.43,23.2,0.046,3.92,,15,111,-0.759,33,1.1
2022-10,2022,10,Q4,DOT,Polkadot,Interoperability,NPoS,3.91970885,3.94535928,3.54552729,3.78661415,-3.4,13.1,0.06,3.787,,18,79,0.051,41,-11.6
2022-11,2022,11,Q4,DOT,Polkadot,Interoperability,NPoS,3.78661415,5.37346515,3.45760818,4.37222328,15.47,23.3,0.036,4.372,,44,56,-0.874,40,-5.8
2022-12,2022,12,Q4,DOT,Polkadot,Interoperability,NPoS,4.37222328,4.25085848,3.42210329,3.70223461,-15.32,19.3,0.069,3.702,,23,184,0.158,40,8.8
2023-01,2023,1,Q1,DOT,Polkadot,Interoperability,NPoS,3.70223461,11.08574004,8.21754017,9.70687307,162.19,15.6,0.138,9.707,,29,500,-0.592,45,-3.7
2023-02,2023,2,Q1,DOT,Polkadot,Interoperability,NPoS,9.70687307,9.61062976,7.64514815,8.60508464,-11.35,21.6,0.072,8.605,,9,93,-0.52,37,16.5
2023-03,2023,3,Q1,DOT,Polkadot,Interoperability,NPoS,8.60508464,11.44373995,8.45949319,9.46138962,9.95,21.0,0.117,9.461,,13,879,0.234,42,-19.1
2023-04,2023,4,Q2,DOT,Polkadot,Interoperability,NPoS,9.46138962,10.80115919,8.08740667,9.42795652,-0.35,22.7,0.118,9.428,,21,250,0.328,38,-8.5
2023-05,2023,5,Q2,DOT,Polkadot,Interoperability,NPoS,9.42795652,13.74845432,12.83019435,13.19110633,39.91,8.2,0.203,13.191,,49,257,-0.316,42,21.0
2023-06,2023,6,Q2,DOT,Polkadot,Interoperability,NPoS,13.19110633,14.811492,12.22011116,13.03879921,-1.15,18.2,0.204,13.039,,29,154,-0.212,43,-12.8
2023-07,2023,7,Q3,DOT,Polkadot,Interoperability,NPoS,13.03879921,15.59055378,13.76624244,14.20565928,8.95,9.9,0.223,14.206,,12,177,0.113,38,9.7
2023-08,2023,8,Q3,DOT,Polkadot,Interoperability,NPoS,14.20565928,20.62069951,16.15765139,17.93829614,26.28,20.3,0.38,17.938,,29,214,0.125,51,-35.3
2023-09,2023,9,Q3,DOT,Polkadot,Interoperability,NPoS,17.93829614,21.90035039,17.94051484,19.73747694,10.03,21.9,0.15,19.737,,20,702,0.254,50,-6.1
2023-10,2023,10,Q4,DOT,Polkadot,Interoperability,NPoS,19.73747694,22.81994503,17.75585707,19.9104457,0.88,20.3,0.193,19.91,,13,203,0.185,58,-6.1
2023-11,2023,11,Q4,DOT,Polkadot,Interoperability,NPoS,19.9104457,22.28245005,18.48832245,19.96781624,0.29,14.7,0.228,19.968,,10,210,0.285,64,-41.8
2023-12,2023,12,Q4,DOT,Polkadot,Interoperability,NPoS,19.96781624,22.65270643,20.43773583,21.39678172,7.16,10.8,0.294,21.397,,22,239,0.282,69,-32.0
2024-01,2024,1,Q1,DOT,Polkadot,Interoperability,NPoS,21.39678172,32.06444715,23.52506853,28.86459828,34.9,22.6,0.31,28.865,,59,139,0.577,88,-8.1
2024-02,2024,2,Q1,DOT,Polkadot,Interoperability,NPoS,28.86459828,40.69955354,36.2706789,38.48666631,33.34,9.3,0.314,38.487,,22,436,0.046,75,13.8
2024-03,2024,3,Q1,DOT,Polkadot,Interoperability,NPoS,38.48666631,46.18544412,35.15635854,42.2711397,9.83,21.7,0.879,42.271,,7,223,0.48,69,72.9
2024-04,2024,4,Q2,DOT,Polkadot,Interoperability,NPoS,42.2711397,42.62876158,38.85570229,41.15301678,-2.65,8.3,0.334,41.153,,31,75,1.0,64,-32.7
2024-05,2024,5,Q2,DOT,Polkadot,Interoperability,NPoS,41.15301678,41.23501202,35.6374782,39.11633958,-4.95,10.5,0.739,39.116,,85,236,0.899,73,-39.0
2024-06,2024,6,Q2,DOT,Polkadot,Interoperability,NPoS,39.11633958,45.81601668,32.6105221,41.4110549,5.87,25.0,0.341,41.411,,23,442,1.0,94,-39.9
2024-07,2024,7,Q3,DOT,Polkadot,Interoperability,NPoS,41.4110549,34.77738973,25.15186054,29.04210473,-29.87,19.8,0.259,29.042,,19,107,0.365,65,-1.4
2024-08,2024,8,Q3,DOT,Polkadot,Interoperability,NPoS,29.04210473,31.11309628,22.76698858,26.92898668,-7.28,17.7,0.39,26.929,,81,340,0.808,76,-39.2
2024-09,2024,9,Q3,DOT,Polkadot,Interoperability,NPoS,26.92898668,32.71449099,30.0172834,31.62317662,17.43,10.9,0.317,31.623,,12,137,0.78,61,-6.9
2024-10,2024,10,Q4,DOT,Polkadot,Interoperability,NPoS,31.62317662,39.26441072,33.33929961,35.38481116,11.9,11.8,0.24,35.385,,31,149,0.502,70,-11.2
2024-11,2024,11,Q4,DOT,Polkadot,Interoperability,NPoS,35.38481116,40.49816053,27.36473171,34.3478193,-2.93,20.5,0.245,34.348,,41,113,0.717,65,-27.3
2024-12,2024,12,Q4,DOT,Polkadot,Interoperability,NPoS,34.3478193,46.71210879,34.57430664,41.20899076,19.98,17.4,0.825,41.209,,25,168,0.925,62,29.1
2025-01,2025,1,Q1,DOT,Polkadot,Interoperability,NPoS,41.20899076,36.27293459,28.29484285,33.49375456,-18.72,19.2,0.361,33.494,,21,118,0.285,64,9.7
2025-02,2025,2,Q1,DOT,Polkadot,Interoperability,NPoS,33.49375456,34.76354674,29.39017789,32.51566279,-2.92,11.1,0.179,32.516,,72,179,0.21,63,-27.3
2025-03,2025,3,Q1,DOT,Polkadot,Interoperability,NPoS,32.51566279,48.51480685,34.10244505,40.96501285,25.99,20.8,0.279,40.965,,26,49,0.47,64,5.4
2025-04,2025,4,Q2,DOT,Polkadot,Interoperability,NPoS,40.96501285,36.89029951,32.59960423,35.51035674,-13.32,11.0,0.159,35.51,,111,156,0.505,61,-21.3
2025-05,2025,5,Q2,DOT,Polkadot,Interoperability,NPoS,35.51035674,53.37982417,44.6839114,48.59411072,36.84,11.2,0.408,48.594,,59,183,0.685,67,-71.3
2025-06,2025,6,Q2,DOT,Polkadot,Interoperability,NPoS,48.59411072,38.39569853,32.8542344,36.07169147,-25.77,14.4,0.457,36.072,,58,230,0.557,80,54.8
2025-07,2025,7,Q3,DOT,Polkadot,Interoperability,NPoS,36.07169147,43.69811745,28.57226,36.28665441,0.6,24.4,0.515,36.287,,61,230,0.754,54,10.2
2025-08,2025,8,Q3,DOT,Polkadot,Interoperability,NPoS,36.28665441,49.00586373,39.99777095,44.97860329,23.95,11.8,0.428,44.979,,13,133,0.361,70,-27.9
2025-09,2025,9,Q3,DOT,Polkadot,Interoperability,NPoS,44.97860329,59.66670739,44.76445388,51.12935657,13.67,20.0,0.133,51.129,,11,306,1.0,75,-73.6
2025-10,2025,10,Q4,DOT,Polkadot,Interoperability,NPoS,51.12935657,53.5413158,47.36182664,51.10715975,-0.04,11.8,0.246,51.107,,54,117,0.903,75,-34.1
2025-11,2025,11,Q4,DOT,Polkadot,Interoperability,NPoS,51.10715975,54.07692078,46.06348047,49.62467091,-2.9,10.9,0.157,49.625,,34,255,0.989,68,-36.4
2025-12,2025,12,Q4,DOT,Polkadot,Interoperability,NPoS,49.62467091,57.11769138,43.94581482,47.48412967,-4.31,21.0,0.533,47.484,,59,165,0.705,78,-64.3
2026-01,2026,1,Q1,DOT,Polkadot,Interoperability,NPoS,47.48412967,50.00331842,37.12761802,44.03670937,-7.26,19.5,0.51,44.037,,54,222,0.203,63,-16.9
2026-02,2026,2,Q1,DOT,Polkadot,Interoperability,NPoS,44.03670937,54.85192759,40.13993811,48.17538401,9.4,22.4,0.501,48.175,,82,558,0.048,70,-51.7
2026-03,2026,3,Q1,DOT,Polkadot,Interoperability,NPoS,48.17538401,39.99964935,29.93439442,34.50898777,-28.37,23.4,0.752,34.509,,9,80,0.775,68,17.5
2019-01,2019,1,Q1,MATIC,Polygon,Layer 2,PoS,0.4342944,0.4241204,0.34841804,0.38164742,-12.12,11.4,0.171,2.29,,164,124,-0.45,31,-4.6
2019-02,2019,2,Q1,MATIC,Polygon,Layer 2,PoS,0.38164742,0.3383392,0.25379951,0.29698603,-22.18,20.1,0.091,1.782,,24,103,-0.326,33,-7.8
2019-03,2019,3,Q1,MATIC,Polygon,Layer 2,PoS,0.29698603,0.45294914,0.36966845,0.40936047,37.84,19.9,0.168,2.456,,31,32,-0.279,25,-9.3
2019-04,2019,4,Q2,MATIC,Polygon,Layer 2,PoS,0.40936047,0.46036794,0.41397303,0.43622163,6.56,9.4,0.105,2.617,,186,75,-1.0,38,5.5
2019-05,2019,5,Q2,MATIC,Polygon,Layer 2,PoS,0.43622163,0.54992822,0.47873102,0.50026813,14.68,10.2,0.143,3.002,,47,63,-0.555,56,3.5
2019-06,2019,6,Q2,MATIC,Polygon,Layer 2,PoS,0.50026813,0.51310144,0.41772394,0.44477084,-11.09,17.1,0.116,2.669,,58,182,-0.185,54,-14.5
2019-07,2019,7,Q3,MATIC,Polygon,Layer 2,PoS,0.44477084,0.602748,0.50863911,0.56004855,25.92,11.6,0.252,3.36,,36,283,0.036,45,15.8
2019-08,2019,8,Q3,MATIC,Polygon,Layer 2,PoS,0.56004855,0.50724398,0.42933016,0.46968955,-16.13,21.9,0.319,2.818,,50,249,-0.779,35,5.3
2019-09,2019,9,Q3,MATIC,Polygon,Layer 2,PoS,0.46968955,0.64644596,0.49262311,0.5640086,20.08,15.1,0.13,3.384,,19,214,0.017,51,4.1
2019-10,2019,10,Q4,MATIC,Polygon,Layer 2,PoS,0.5640086,0.53030439,0.46897409,0.49988791,-11.37,14.8,0.056,2.999,,61,150,-0.16,26,9.6
2019-11,2019,11,Q4,MATIC,Polygon,Layer 2,PoS,0.49988791,0.68033267,0.52750942,0.60663659,21.35,15.0,0.09,3.64,,55,224,0.333,49,11.3
2019-12,2019,12,Q4,MATIC,Polygon,Layer 2,PoS,0.60663659,0.64236193,0.52366042,0.58998407,-2.75,18.3,0.175,3.54,,77,536,-0.282,46,-11.9
2020-01,2020,1,Q1,MATIC,Polygon,Layer 2,PoS,0.58998407,0.77731681,0.60949676,0.67994258,15.25,20.0,0.17,4.08,,23,105,-0.262,34,-18.1
2020-02,2020,2,Q1,MATIC,Polygon,Layer 2,PoS,0.67994258,0.74085318,0.55247594,0.68087553,0.14,21.4,0.212,4.085,,10,212,0.5,28,15.3
2020-03,2020,3,Q1,MATIC,Polygon,Layer 2,PoS,0.68087553,0.76198825,0.6149296,0.67552392,-0.79,23.8,0.237,4.053,,23,208,0.355,51,-21.6
2020-04,2020,4,Q2,MATIC,Polygon,Layer 2,PoS,0.67552392,1.08508731,1.00844727,1.04437776,54.6,11.1,0.256,6.266,,23,99,-0.026,59,-1.8
2020-05,2020,5,Q2,MATIC,Polygon,Layer 2,PoS,1.04437776,0.98981919,0.75739026,0.86487066,-17.19,16.9,0.204,5.189,,19,164,-0.159,58,-23.7
2020-06,2020,6,Q2,MATIC,Polygon,Layer 2,PoS,0.86487066,1.09951166,0.90985731,1.0248991,18.5,17.1,0.124,6.149,,26,155,-0.01,79,27.5
2020-07,2020,7,Q3,MATIC,Polygon,Layer 2,PoS,1.0248991,1.33250196,0.87385814,1.11271331,8.57,23.4,0.143,6.676,,35,69,-0.054,69,16.8
2020-08,2020,8,Q3,MATIC,Polygon,Layer 2,PoS,1.11271331,1.60254004,1.30816945,1.46625232,31.77,22.0,0.316,8.798,,47,185,-0.051,60,-23.7
2020-09,2020,9,Q3,MATIC,Polygon,Layer 2,PoS,1.46625232,1.61459112,1.30672253,1.52448917,3.97,14.7,0.275,9.147,,12,1170,0.664,64,13.9
2020-10,2020,10,Q4,MATIC,Polygon,Layer 2,PoS,1.52448917,1.74818473,1.4817508,1.65930062,8.84,14.4,0.166,9.956,,31,519,0.436,65,0.2
2020-11,2020,11,Q4,MATIC,Polygon,Layer 2,PoS,1.65930062,1.91338771,1.68728449,1.80928047,9.04,17.5,0.314,10.856,,8,466,0.63,63,13.9
2020-12,2020,12,Q4,MATIC,Polygon,Layer 2,PoS,1.80928047,2.17221994,1.76056133,1.97502118,9.16,20.7,0.145,11.85,,16,114,0.606,75,-41.4
2021-01,2021,1,Q1,MATIC,Polygon,Layer 2,PoS,1.97502118,2.4212054,1.93289501,2.16187094,9.46,21.2,0.511,12.971,,23,133,0.968,82,0.3
2021-02,2021,2,Q1,MATIC,Polygon,Layer 2,PoS,2.16187094,2.55192879,2.19312526,2.32064218,7.34,13.5,0.296,13.924,,19,394,0.953,81,5.2
2021-03,2021,3,Q1,MATIC,Polygon,Layer 2,PoS,2.32064218,2.72338006,2.10926838,2.37606583,2.39,18.0,0.372,14.256,,17,206,1.0,74,66.4
2021-04,2021,4,Q2,MATIC,Polygon,Layer 2,PoS,2.37606583,2.91131745,2.51304857,2.73214921,14.99,9.4,0.388,16.393,,17,807,0.724,78,-8.7
2021-05,2021,5,Q2,MATIC,Polygon,Layer 2,PoS,2.73214921,1.8966255,1.41864529,1.72672687,-36.8,21.7,0.292,10.36,,107,460,0.667,65,-16.0
2021-06,2021,6,Q2,MATIC,Polygon,Layer 2,PoS,1.72672687,1.99213975,1.51559932,1.67510695,-2.99,23.6,0.152,10.051,,53,357,-0.082,77,-19.6
2021-07,2021,7,Q3,MATIC,Polygon,Layer 2,PoS,1.67510695,2.25577035,1.56147179,1.92163821,14.72,24.9,0.236,11.53,,29,281,0.501,63,27.6
2021-08,2021,8,Q3,MATIC,Polygon,Layer 2,PoS,1.92163821,2.13443671,1.65647671,1.92501612,0.18,14.5,0.275,11.55,,15,164,0.272,59,-16.1
2021-09,2021,9,Q3,MATIC,Polygon,Layer 2,PoS,1.92501612,1.71106722,1.41233488,1.58883563,-17.46,15.3,0.279,9.533,,114,122,-0.139,48,17.9
2021-10,2021,10,Q4,MATIC,Polygon,Layer 2,PoS,1.58883563,1.87961743,1.6656878,1.77295426,11.59,13.1,0.592,10.638,,33,307,0.501,79,-5.1
2021-11,2021,11,Q4,MATIC,Polygon,Layer 2,PoS,1.77295426,1.66887452,1.55712456,1.60813553,-9.3,9.6,0.356,9.649,,12,258,0.106,69,-35.6
2021-12,2021,12,Q4,MATIC,Polygon,Layer 2,PoS,1.60813553,1.45616505,1.15537966,1.27064128,-20.99,24.5,0.304,7.624,,12,299,-0.189,98,-4.2
2022-01,2022,1,Q1,MATIC,Polygon,Layer 2,PoS,1.27064128,0.67186932,0.537144,0.6231171,-50.96,17.1,0.154,3.739,,39,52,-0.068,22,15.7
2022-02,2022,2,Q1,MATIC,Polygon,Layer 2,PoS,0.6231171,0.70371341,0.58650477,0.62635698,0.52,13.8,0.078,3.758,,29,90,0.176,38,3.3
2022-03,2022,3,Q1,MATIC,Polygon,Layer 2,PoS,0.62635698,0.63235034,0.49729259,0.56385046,-9.98,18.8,0.278,3.383,,76,388,-0.069,40,14.5
2022-04,2022,4,Q2,MATIC,Polygon,Layer 2,PoS,0.56385046,0.53140466,0.42917708,0.47554058,-15.66,20.0,0.21,2.853,,74,100,-0.06,40,23.3
2022-05,2022,5,Q2,MATIC,Polygon,Layer 2,PoS,0.47554058,0.41742674,0.31479886,0.36302745,-23.66,16.6,0.14,2.178,,11,366,-0.314,35,-4.5
2022-06,2022,6,Q2,MATIC,Polygon,Layer 2,PoS,0.36302745,0.23362094,0.16397249,0.19859116,-45.3,21.3,0.079,1.192,,35,116,-0.304,34,-0.2
2022-07,2022,7,Q3,MATIC,Polygon,Layer 2,PoS,0.19859116,0.17585124,0.15293791,0.16686942,-15.97,13.3,0.061,1.001,,23,347,-0.669,18,-17.7
2022-08,2022,8,Q3,MATIC,Polygon,Layer 2,PoS,0.16686942,0.24599186,0.21132674,0.22740766,36.28,18.8,0.096,1.364,,15,428,0.069,28,-1.2
2022-09,2022,9,Q3,MATIC,Polygon,Layer 2,PoS,0.22740766,0.25685661,0.23237898,0.24587556,8.12,12.9,0.03,1.475,,14,162,-0.786,6,2.0
2022-10,2022,10,Q4,MATIC,Polygon,Layer 2,PoS,0.24587556,0.26086702,0.20832267,0.22755809,-7.45,22.6,0.062,1.365,,30,1333,-0.58,43,6.5
2022-11,2022,11,Q4,MATIC,Polygon,Layer 2,PoS,0.22755809,0.23538589,0.19469626,0.21807406,-4.17,13.8,0.138,1.308,,22,369,-0.548,34,0.6
2022-12,2022,12,Q4,MATIC,Polygon,Layer 2,PoS,0.21807406,0.24278545,0.21871881,0.23581945,8.14,8.7,0.13,1.415,,36,170,-0.511,42,-5.1
2023-01,2023,1,Q1,MATIC,Polygon,Layer 2,PoS,0.23581945,0.48366326,0.34592996,0.42555469,80.46,21.8,0.076,2.553,,22,131,0.048,32,24.0
2023-02,2023,2,Q1,MATIC,Polygon,Layer 2,PoS,0.42555469,0.44908941,0.42038828,0.43302524,1.76,9.6,0.134,2.598,,21,240,-0.079,47,-13.9
2023-03,2023,3,Q1,MATIC,Polygon,Layer 2,PoS,0.43302524,0.74824813,0.60878226,0.6669688,54.03,24.2,0.103,4.002,,16,82,-0.412,45,-25.0
2023-04,2023,4,Q2,MATIC,Polygon,Layer 2,PoS,0.6669688,0.59538419,0.4271918,0.53184573,-20.26,21.6,0.27,3.191,,30,66,-0.238,46,-26.2
2023-05,2023,5,Q2,MATIC,Polygon,Layer 2,PoS,0.53184573,0.71983666,0.56264299,0.64017863,20.37,21.0,0.307,3.841,,34,240,0.049,40,-27.6
2023-06,2023,6,Q2,MATIC,Polygon,Layer 2,PoS,0.64017863,0.9227734,0.75074244,0.80436791,25.65,17.9,0.146,4.826,,10,287,0.482,56,2.0
2023-07,2023,7,Q3,MATIC,Polygon,Layer 2,PoS,0.80436791,0.84653346,0.76846285,0.80673713,0.29,10.9,0.529,4.84,,31,100,-0.092,46,11.5
2023-08,2023,8,Q3,MATIC,Polygon,Layer 2,PoS,0.80673713,1.02979574,0.88552912,0.94703681,17.39,11.1,0.29,5.682,,72,430,-0.282,58,-34.5
2023-09,2023,9,Q3,MATIC,Polygon,Layer 2,PoS,0.94703681,1.13288109,1.00656731,1.03850813,9.66,9.8,0.25,6.231,,21,467,0.074,61,-9.6
2023-10,2023,10,Q4,MATIC,Polygon,Layer 2,PoS,1.03850813,1.31461218,1.08723236,1.18187819,13.81,12.7,0.22,7.091,,54,217,-0.011,40,4.3
2023-11,2023,11,Q4,MATIC,Polygon,Layer 2,PoS,1.18187819,1.46462098,1.10499657,1.27361232,7.76,21.8,0.402,7.642,,25,168,-0.067,61,-26.1
2023-12,2023,12,Q4,MATIC,Polygon,Layer 2,PoS,1.27361232,1.29522981,1.02487186,1.11511088,-12.45,17.6,0.278,6.691,,46,183,0.987,61,34.9
2024-01,2024,1,Q1,MATIC,Polygon,Layer 2,PoS,1.11511088,1.6196808,1.3616979,1.50094674,34.6,12.3,0.302,9.006,,12,266,0.666,69,-12.9
2024-02,2024,2,Q1,MATIC,Polygon,Layer 2,PoS,1.50094674,2.34651529,1.80241375,2.01895004,34.51,17.8,0.437,12.114,,85,235,0.226,71,15.1
2024-03,2024,3,Q1,MATIC,Polygon,Layer 2,PoS,2.01895004,2.50665755,2.12350892,2.29201991,13.53,13.4,0.541,13.752,,7,105,0.408,75,0.8
2024-04,2024,4,Q2,MATIC,Polygon,Layer 2,PoS,2.29201991,2.14790281,1.51467422,1.87957466,-17.99,22.4,1.38,11.277,,33,288,0.731,73,-5.3
2024-05,2024,5,Q2,MATIC,Polygon,Layer 2,PoS,1.87957466,1.95910431,1.64843666,1.80285573,-4.08,9.1,0.274,10.817,,22,235,0.549,79,-53.1
2024-06,2024,6,Q2,MATIC,Polygon,Layer 2,PoS,1.80285573,2.52814054,2.15075474,2.39104902,32.63,13.5,0.254,14.346,,40,97,0.317,72,-25.3
2024-07,2024,7,Q3,MATIC,Polygon,Layer 2,PoS,2.39104902,1.71168037,1.49573698,1.56130466,-34.7,12.9,0.311,9.368,,33,29,0.859,75,31.9
2024-08,2024,8,Q3,MATIC,Polygon,Layer 2,PoS,1.56130466,2.25252223,1.73023557,2.07973579,33.2,22.5,0.229,12.478,,17,265,0.464,78,-5.5
2024-09,2024,9,Q3,MATIC,Polygon,Layer 2,PoS,2.07973579,2.19224759,1.57545032,1.87652189,-9.77,21.1,0.493,11.259,,51,156,0.527,60,-61.9
2024-10,2024,10,Q4,MATIC,Polygon,Layer 2,PoS,1.87652189,2.11887256,1.62045203,1.87292702,-0.19,13.8,0.291,11.238,,31,172,0.923,69,-40.0
2024-11,2024,11,Q4,MATIC,Polygon,Layer 2,PoS,1.87292702,1.72636681,1.39324101,1.48378641,-20.78,16.9,0.524,8.903,,27,288,0.204,64,60.4
2024-12,2024,12,Q4,MATIC,Polygon,Layer 2,PoS,1.48378641,1.84128055,1.45057966,1.73877326,17.18,16.7,0.512,10.433,,66,450,0.786,75,-48.7
2025-01,2025,1,Q1,MATIC,Polygon,Layer 2,PoS,1.73877326,2.38346311,2.11154528,2.21350753,27.3,10.4,0.542,13.281,,121,126,0.52,62,-32.5
2025-02,2025,2,Q1,MATIC,Polygon,Layer 2,PoS,2.21350753,2.59859147,2.28396419,2.40841161,8.81,9.3,0.231,14.45,,20,191,0.928,93,-18.4
2025-03,2025,3,Q1,MATIC,Polygon,Layer 2,PoS,2.40841161,2.54535831,2.2311463,2.35947083,-2.03,17.2,0.43,14.157,,57,105,1.0,68,-5.6
2025-04,2025,4,Q2,MATIC,Polygon,Layer 2,PoS,2.35947083,2.79849721,1.98231425,2.44846531,3.77,19.2,0.39,14.691,,20,246,0.827,72,-22.4
2025-05,2025,5,Q2,MATIC,Polygon,Layer 2,PoS,2.44846531,2.69941928,2.2142739,2.49153711,1.76,18.4,0.752,14.949,,17,119,0.824,72,-24.3
2025-06,2025,6,Q2,MATIC,Polygon,Layer 2,PoS,2.49153711,2.92440851,2.2639413,2.65540663,6.58,15.1,0.521,15.932,,19,82,0.606,74,-6.9
2025-07,2025,7,Q3,MATIC,Polygon,Layer 2,PoS,2.65540663,2.43634767,2.00532399,2.29856786,-13.44,19.4,0.388,13.791,,13,142,0.593,84,1.9
2025-08,2025,8,Q3,MATIC,Polygon,Layer 2,PoS,2.29856786,3.12513129,2.3648677,2.58944081,12.65,24.4,0.329,15.537,,22,356,0.39,69,-31.6
2025-09,2025,9,Q3,MATIC,Polygon,Layer 2,PoS,2.58944081,2.97630452,2.2050743,2.56658889,-0.88,20.2,1.56,15.4,,88,157,0.631,57,-7.3
2025-10,2025,10,Q4,MATIC,Polygon,Layer 2,PoS,2.56658889,2.66842322,2.26580644,2.42555783,-5.49,13.3,0.537,14.553,,39,117,0.548,57,12.1
2025-11,2025,11,Q4,MATIC,Polygon,Layer 2,PoS,2.42555783,2.88334404,2.3607751,2.52233246,3.99,15.1,0.391,15.134,,241,54,0.782,89,34.9
2025-12,2025,12,Q4,MATIC,Polygon,Layer 2,PoS,2.52233246,3.36895456,2.25494808,2.75758387,9.33,24.0,0.188,16.546,,10,493,0.802,74,-2.4
2026-01,2026,1,Q1,MATIC,Polygon,Layer 2,PoS,2.75758387,2.63293349,2.37324609,2.44388293,-11.38,9.3,0.457,14.663,,27,1025,0.561,75,34.4
2026-02,2026,2,Q1,MATIC,Polygon,Layer 2,PoS,2.44388293,2.39897982,1.93670243,2.2381547,-8.42,18.2,1.129,13.429,,40,817,0.478,80,-70.0
2026-03,2026,3,Q1,MATIC,Polygon,Layer 2,PoS,2.2381547,2.47242585,2.10109306,2.25661087,0.82,10.6,0.401,13.54,,291,61,0.91,83,4.3
2018-01,2018,1,Q1,LINK,Chainlink,Oracle,N/A,5.70201641,7.34444457,6.15793771,6.47407598,13.54,13.6,0.069,3.884,,9,303,-0.037,24,-2.3
2018-02,2018,2,Q1,LINK,Chainlink,Oracle,N/A,6.47407598,8.8036277,6.47069164,7.74943691,19.7,22.7,0.079,4.65,,71,186,-0.587,32,3.3
2018-03,2018,3,Q1,LINK,Chainlink,Oracle,N/A,7.74943691,6.27069589,5.45676043,5.94750209,-23.25,9.0,0.116,3.569,,68,128,-0.225,30,1.1
2018-04,2018,4,Q2,LINK,Chainlink,Oracle,N/A,5.94750209,6.75253634,5.69754679,6.37659949,7.21,19.2,0.071,3.826,,48,145,0.033,37,-1.1
2018-05,2018,5,Q2,LINK,Chainlink,Oracle,N/A,6.37659949,7.67678304,6.43977199,7.14198742,12.0,10.9,0.244,4.285,,76,250,-0.555,49,-28.4
2018-06,2018,6,Q2,LINK,Chainlink,Oracle,N/A,7.14198742,7.5213103,5.73534852,7.02889375,-1.58,20.1,0.047,4.217,,20,136,-0.044,36,15.9
2018-07,2018,7,Q3,LINK,Chainlink,Oracle,N/A,7.02889375,5.55357847,5.13390523,5.27778582,-24.91,8.4,0.161,3.167,,62,138,-0.395,24,6.5
2018-08,2018,8,Q3,LINK,Chainlink,Oracle,N/A,5.27778582,6.60806894,5.14895052,5.67551852,7.54,21.3,0.119,3.405,,45,668,-0.606,40,0.1
2018-09,2018,9,Q3,LINK,Chainlink,Oracle,N/A,5.67551852,5.53589832,4.45032029,5.21478969,-8.12,16.9,0.139,3.129,,9,76,-0.276,34,-2.4
2018-10,2018,10,Q4,LINK,Chainlink,Oracle,N/A,5.21478969,6.41009104,5.19395468,5.97131764,14.51,23.5,0.1,3.583,,19,152,-0.113,40,-13.7
2018-11,2018,11,Q4,LINK,Chainlink,Oracle,N/A,5.97131764,5.87007302,5.17837436,5.52707655,-7.44,9.1,0.062,3.316,,33,145,-0.709,46,-2.5
2018-12,2018,12,Q4,LINK,Chainlink,Oracle,N/A,5.52707655,3.7809031,3.27103553,3.58311894,-35.17,13.1,0.122,2.15,,46,98,-0.156,29,3.4
2019-01,2019,1,Q1,LINK,Chainlink,Oracle,N/A,3.58311894,6.73671829,4.59447376,5.49836088,53.45,23.0,0.103,3.299,,34,960,-0.353,41,-1.3
2019-02,2019,2,Q1,LINK,Chainlink,Oracle,N/A,5.49836088,8.56414703,6.0659973,7.46958796,35.85,19.1,0.14,4.482,,23,84,0.077,51,5.8
2019-03,2019,3,Q1,LINK,Chainlink,Oracle,N/A,7.46958796,8.16220911,6.4624865,7.11364187,-4.77,15.2,0.076,4.268,,38,230,-0.477,44,-5.2
2019-04,2019,4,Q2,LINK,Chainlink,Oracle,N/A,7.11364187,7.29480465,5.85950103,6.29518057,-11.51,18.2,0.132,3.777,,31,64,-0.369,32,-10.7
2019-05,2019,5,Q2,LINK,Chainlink,Oracle,N/A,6.29518057,7.44250368,5.56150688,6.67871027,6.09,24.5,0.14,4.007,,24,111,-0.07,35,21.5
2019-06,2019,6,Q2,LINK,Chainlink,Oracle,N/A,6.67871027,9.20917673,7.61045159,8.175059,22.4,19.2,0.092,4.905,,7,405,-0.206,38,-9.9
2019-07,2019,7,Q3,LINK,Chainlink,Oracle,N/A,8.175059,9.91781482,8.29700271,9.31243576,13.91,11.8,0.082,5.587,,19,157,-0.562,34,-8.9
2019-08,2019,8,Q3,LINK,Chainlink,Oracle,N/A,9.31243576,9.05635248,6.92302821,7.95698028,-14.56,23.3,0.171,4.774,,4,159,-0.218,43,-0.5
2019-09,2019,9,Q3,LINK,Chainlink,Oracle,N/A,7.95698028,14.05500038,10.52308507,11.77319098,47.96,24.3,0.068,7.064,,44,93,-0.172,53,23.3
2019-10,2019,10,Q4,LINK,Chainlink,Oracle,N/A,11.77319098,11.21227304,8.99405256,10.08248564,-14.36,17.8,0.166,6.049,,9,131,-0.185,44,-7.2
2019-11,2019,11,Q4,LINK,Chainlink,Oracle,N/A,10.08248564,14.24788481,9.25182175,11.58580264,14.91,23.0,0.293,6.951,,40,228,-0.436,47,0.8
2019-12,2019,12,Q4,LINK,Chainlink,Oracle,N/A,11.58580264,12.7481696,9.31068241,10.90356969,-5.89,19.0,0.44,6.542,,113,70,-0.773,56,-2.6
2020-01,2020,1,Q1,LINK,Chainlink,Oracle,N/A,10.90356969,11.75970281,9.45394013,10.52494204,-3.47,14.8,0.155,6.315,,10,330,0.343,48,-2.0
2020-02,2020,2,Q1,LINK,Chainlink,Oracle,N/A,10.52494204,13.6136017,10.39221334,11.31392897,7.5,21.2,0.134,6.788,,50,41,0.056,52,-5.0
2020-03,2020,3,Q1,LINK,Chainlink,Oracle,N/A,11.31392897,18.71696626,15.43718651,17.07872809,50.95,13.1,0.245,10.247,,16,161,-0.238,56,13.2
2020-04,2020,4,Q2,LINK,Chainlink,Oracle,N/A,17.07872809,15.78817997,12.34621082,14.04520985,-17.76,13.5,0.154,8.427,,22,97,0.191,41,-5.7
2020-05,2020,5,Q2,LINK,Chainlink,Oracle,N/A,14.04520985,17.8008499,12.95158304,16.22531538,15.52,22.9,0.263,9.735,,20,94,0.105,33,-12.9
2020-06,2020,6,Q2,LINK,Chainlink,Oracle,N/A,16.22531538,22.90122769,17.99418592,19.95712651,23.0,21.0,0.293,11.974,,40,195,0.197,67,39.1
2020-07,2020,7,Q3,LINK,Chainlink,Oracle,N/A,19.95712651,27.17331511,22.61476413,24.86380519,24.59,14.2,0.238,14.918,,56,230,0.079,62,18.4
2020-08,2020,8,Q3,LINK,Chainlink,Oracle,N/A,24.86380519,34.89284379,22.11432456,28.21378013,13.47,24.7,0.306,16.928,,42,232,0.265,63,-30.8
2020-09,2020,9,Q3,LINK,Chainlink,Oracle,N/A,28.21378013,30.88862551,27.05324511,28.07772708,-0.48,11.3,0.272,16.847,,33,175,0.283,52,-32.0
2020-10,2020,10,Q4,LINK,Chainlink,Oracle,N/A,28.07772708,31.32483843,28.18585338,29.7641067,6.01,9.2,0.593,17.858,,20,347,0.312,54,-10.3
2020-11,2020,11,Q4,LINK,Chainlink,Oracle,N/A,29.7641067,36.14622086,32.72156185,34.67481745,16.5,12.1,0.387,20.805,,71,401,0.853,82,-40.8
2020-12,2020,12,Q4,LINK,Chainlink,Oracle,N/A,34.67481745,42.49872872,33.05644305,39.4407093,13.74,24.9,0.665,23.664,,25,57,0.695,70,3.2
2021-01,2021,1,Q1,LINK,Chainlink,Oracle,N/A,39.4407093,48.30973723,41.90244661,44.58363114,13.04,15.8,0.581,26.75,,49,108,1.0,76,-25.5
2021-02,2021,2,Q1,LINK,Chainlink,Oracle,N/A,44.58363114,47.40999983,39.09353973,43.48490517,-2.46,12.0,0.385,26.091,,104,121,0.924,92,42.2
2021-03,2021,3,Q1,LINK,Chainlink,Oracle,N/A,43.48490517,46.21826109,41.36426982,43.51714248,0.07,11.4,0.237,26.11,,42,321,1.0,74,-30.0
2021-04,2021,4,Q2,LINK,Chainlink,Oracle,N/A,43.51714248,56.28373568,48.65120096,53.27259783,22.42,16.3,0.308,31.964,,25,107,0.673,70,-11.9
2021-05,2021,5,Q2,LINK,Chainlink,Oracle,N/A,53.27259783,36.07075714,30.2990521,31.95972558,-40.01,15.6,0.274,19.176,,34,256,0.75,70,29.2
2021-06,2021,6,Q2,LINK,Chainlink,Oracle,N/A,31.95972558,35.48405964,30.21381759,32.37513364,1.3,14.2,0.213,19.425,,14,86,0.539,59,44.1
2021-07,2021,7,Q3,LINK,Chainlink,Oracle,N/A,32.37513364,32.10335507,25.08202795,28.73934174,-11.23,19.5,0.409,17.244,,44,145,0.227,56,-4.7
2021-08,2021,8,Q3,LINK,Chainlink,Oracle,N/A,28.73934174,28.7917203,24.826831,27.18690725,-5.4,9.0,0.247,16.312,,44,398,0.112,67,-10.4
2021-09,2021,9,Q3,LINK,Chainlink,Oracle,N/A,27.18690725,37.4553627,30.97943216,33.43026864,22.96,19.6,0.315,20.058,,143,171,0.829,52,23.3
2021-10,2021,10,Q4,LINK,Chainlink,Oracle,N/A,33.43026864,36.66078261,27.23982908,30.93972414,-7.45,19.1,0.426,18.564,,27,971,0.611,67,63.3
2021-11,2021,11,Q4,LINK,Chainlink,Oracle,N/A,30.93972414,48.32597118,32.09595175,39.0920844,26.35,24.3,0.168,23.455,,15,177,0.579,72,24.4
2021-12,2021,12,Q4,LINK,Chainlink,Oracle,N/A,39.0920844,20.34676269,18.62768805,19.36169401,-50.47,10.2,0.226,11.617,,41,210,0.152,71,1.9
2022-01,2022,1,Q1,LINK,Chainlink,Oracle,N/A,19.36169401,14.98498521,11.67312888,12.8393693,-33.69,23.2,0.232,7.704,,87,131,0.259,43,38.6
2022-02,2022,2,Q1,LINK,Chainlink,Oracle,N/A,12.8393693,10.30648432,8.98259579,9.88939447,-22.98,11.4,0.189,5.934,,25,275,0.091,48,-17.1
2022-03,2022,3,Q1,LINK,Chainlink,Oracle,N/A,9.88939447,12.55824618,10.70164401,11.46802251,15.96,10.7,0.096,6.881,,30,165,-0.695,25,-3.3
2022-04,2022,4,Q2,LINK,Chainlink,Oracle,N/A,11.46802251,8.36848112,6.616917,7.59964728,-33.73,16.0,0.113,4.56,,19,125,-0.202,58,8.9
2022-05,2022,5,Q2,LINK,Chainlink,Oracle,N/A,7.59964728,7.84910789,6.25238698,7.04828152,-7.26,12.1,0.044,4.229,,11,269,-0.513,50,0.5
2022-06,2022,6,Q2,LINK,Chainlink,Oracle,N/A,7.04828152,3.61613383,3.29562469,3.39619492,-51.82,9.1,0.028,2.038,,30,177,0.433,45,-3.0
2022-07,2022,7,Q3,LINK,Chainlink,Oracle,N/A,3.39619492,3.14414926,2.39371159,2.84898531,-16.11,16.9,0.134,1.709,,47,192,-0.218,50,-8.2
2022-08,2022,8,Q3,LINK,Chainlink,Oracle,N/A,2.84898531,3.61144843,3.07150463,3.29122467,15.52,9.8,0.049,1.975,,33,274,-0.836,21,-1.2
2022-09,2022,9,Q3,LINK,Chainlink,Oracle,N/A,3.29122467,4.55381351,3.99865505,4.2364219,28.72,10.6,0.05,2.542,,18,81,-0.982,33,-3.8
2022-10,2022,10,Q4,LINK,Chainlink,Oracle,N/A,4.2364219,4.40590831,3.80787044,4.01272564,-5.28,13.7,0.06,2.408,,50,193,-0.788,34,6.7
2022-11,2022,11,Q4,LINK,Chainlink,Oracle,N/A,4.01272564,3.97582317,3.05039069,3.54337692,-11.7,24.9,0.163,2.126,,26,151,-0.244,41,6.6
2022-12,2022,12,Q4,LINK,Chainlink,Oracle,N/A,3.54337692,4.95826356,3.87156914,4.51358509,27.38,16.8,0.113,2.708,,28,242,-0.767,6,-6.5
2023-01,2023,1,Q1,LINK,Chainlink,Oracle,N/A,4.51358509,7.70424883,7.02932478,7.33710688,62.56,8.3,0.128,4.402,,44,103,0.08,31,7.4
2023-02,2023,2,Q1,LINK,Chainlink,Oracle,N/A,7.33710688,10.95959647,9.88490207,10.17606226,38.69,9.3,0.25,6.106,,7,175,-0.007,46,0.8
2023-03,2023,3,Q1,LINK,Chainlink,Oracle,N/A,10.17606226,9.90604752,8.00759579,8.97458359,-11.81,11.7,0.153,5.385,,20,340,0.045,34,36.5
2023-04,2023,4,Q2,LINK,Chainlink,Oracle,N/A,8.97458359,15.48900445,11.38855641,12.8426665,43.1,21.0,0.156,7.706,,17,288,-0.031,34,-7.4
2023-05,2023,5,Q2,LINK,Chainlink,Oracle,N/A,12.8426665,15.61071832,12.59427175,13.50658074,5.17,16.9,0.5,8.104,,19,103,0.248,38,-13.7
2023-06,2023,6,Q2,LINK,Chainlink,Oracle,N/A,13.50658074,10.83913405,10.25118211,10.55943313,-21.82,8.7,0.143,6.336,,20,548,0.248,50,-3.0
2023-07,2023,7,Q3,LINK,Chainlink,Oracle,N/A,10.55943313,17.76276411,13.70534083,16.2570312,53.96,17.4,0.277,9.754,,22,304,0.024,71,10.6
2023-08,2023,8,Q3,LINK,Chainlink,Oracle,N/A,16.2570312,17.58192333,14.00387827,15.53382069,-4.45,21.1,0.138,9.32,,23,295,0.193,31,31.4
2023-09,2023,9,Q3,LINK,Chainlink,Oracle,N/A,15.53382069,16.32531307,13.34586422,15.05344906,-3.09,14.5,0.212,9.032,,26,95,0.689,46,-9.9
2023-10,2023,10,Q4,LINK,Chainlink,Oracle,N/A,15.05344906,21.02711808,18.2932626,19.78315594,31.42,10.1,0.135,11.87,,42,105,0.459,40,-3.8
2023-11,2023,11,Q4,LINK,Chainlink,Oracle,N/A,19.78315594,22.1054079,19.46979265,20.82409891,5.26,15.3,0.178,12.494,,101,172,-0.011,35,32.3
2023-12,2023,12,Q4,LINK,Chainlink,Oracle,N/A,20.82409891,27.44088631,21.28474376,24.12876333,15.87,16.0,0.361,14.477,,12,136,0.457,62,-8.5
2024-01,2024,1,Q1,LINK,Chainlink,Oracle,N/A,24.12876333,37.15906496,31.237244,34.48974929,42.94,11.4,0.209,20.694,,33,48,0.568,62,49.5
2024-02,2024,2,Q1,LINK,Chainlink,Oracle,N/A,34.48974929,30.53556042,25.59767074,28.17438008,-18.31,10.1,0.331,16.905,,21,304,0.652,52,36.3
2024-03,2024,3,Q1,LINK,Chainlink,Oracle,N/A,28.17438008,48.67941465,33.82666331,41.42980966,47.05,18.6,0.306,24.858,,59,310,0.682,79,22.2
2024-04,2024,4,Q2,LINK,Chainlink,Oracle,N/A,41.42980966,43.85454337,32.98898722,36.89304995,-10.95,19.2,0.66,22.136,,77,332,0.229,71,11.5
2024-05,2024,5,Q2,LINK,Chainlink,Oracle,N/A,36.89304995,40.38486862,33.82502825,38.15004408,3.41,17.0,0.372,22.89,,21,127,0.869,60,-30.7
2024-06,2024,6,Q2,LINK,Chainlink,Oracle,N/A,38.15004408,46.72070129,39.70926072,42.95955871,12.61,10.3,0.363,25.776,,6,36,0.469,71,6.8
2024-07,2024,7,Q3,LINK,Chainlink,Oracle,N/A,42.95955871,32.69088415,25.84465185,29.08458004,-32.3,19.0,0.258,17.451,,10,344,0.527,65,6.7
2024-08,2024,8,Q3,LINK,Chainlink,Oracle,N/A,29.08458004,32.56498154,26.85812921,29.43378269,1.2,20.3,0.184,17.66,,41,886,0.129,75,-48.9
2024-09,2024,9,Q3,LINK,Chainlink,Oracle,N/A,29.43378269,39.53754362,27.22321697,36.11029345,22.68,24.8,0.468,21.666,,34,188,0.271,48,-87.8
2024-10,2024,10,Q4,LINK,Chainlink,Oracle,N/A,36.11029345,37.90815496,33.40188487,35.72517007,-1.07,13.1,0.735,21.435,,36,409,0.578,74,-54.2
2024-11,2024,11,Q4,LINK,Chainlink,Oracle,N/A,35.72517007,30.13481371,26.61196188,28.44381519,-20.38,15.5,0.298,17.066,,15,413,0.259,71,24.2
2024-12,2024,12,Q4,LINK,Chainlink,Oracle,N/A,28.44381519,37.59772331,30.00869454,33.52899137,17.88,23.7,0.534,20.117,,34,78,0.472,66,-61.2
2025-01,2025,1,Q1,LINK,Chainlink,Oracle,N/A,33.52899137,41.86020492,35.88151419,38.89141454,15.99,22.5,0.436,23.335,,5,820,0.558,71,32.9
2025-02,2025,2,Q1,LINK,Chainlink,Oracle,N/A,38.89141454,33.52442614,23.91414614,29.0495676,-25.31,21.8,0.431,17.43,,53,79,1.0,66,-31.4
2025-03,2025,3,Q1,LINK,Chainlink,Oracle,N/A,29.0495676,45.96304991,36.39113389,41.96665453,44.47,23.1,0.606,25.18,,62,87,0.142,66,8.5
2025-04,2025,4,Q2,LINK,Chainlink,Oracle,N/A,41.96665453,41.86791806,34.73214085,37.75060417,-10.05,12.3,0.308,22.65,,54,292,0.244,87,-42.3
2025-05,2025,5,Q2,LINK,Chainlink,Oracle,N/A,37.75060417,38.87923805,29.35443676,35.30275667,-6.48,20.1,1.484,21.182,,26,525,0.908,67,12.4
2025-06,2025,6,Q2,LINK,Chainlink,Oracle,N/A,35.30275667,48.61109708,38.82421848,43.23890746,22.48,19.7,0.693,25.943,,43,160,0.692,94,-47.0
2025-07,2025,7,Q3,LINK,Chainlink,Oracle,N/A,43.23890746,46.23748398,39.39656328,42.23305759,-2.33,13.9,0.422,25.34,,113,336,0.955,72,19.7
2025-08,2025,8,Q3,LINK,Chainlink,Oracle,N/A,42.23305759,41.2360591,34.78094796,37.66164355,-10.82,19.8,0.187,22.597,,4,54,0.729,76,-54.5
2025-09,2025,9,Q3,LINK,Chainlink,Oracle,N/A,37.66164355,40.98472624,32.03113356,35.7197126,-5.16,19.6,0.384,21.432,,11,129,0.762,80,68.4
2025-10,2025,10,Q4,LINK,Chainlink,Oracle,N/A,35.7197126,53.61423106,38.52774455,44.27296493,23.95,23.5,0.266,26.564,,37,273,0.406,71,0.9
2025-11,2025,11,Q4,LINK,Chainlink,Oracle,N/A,44.27296493,54.45945954,46.18963567,50.35656636,13.74,11.0,0.672,30.214,,74,48,0.955,57,24.5
2025-12,2025,12,Q4,LINK,Chainlink,Oracle,N/A,50.35656636,42.96510161,32.68297338,38.05399918,-24.43,15.0,0.245,22.832,,44,143,0.423,100,-19.7
2026-01,2026,1,Q1,LINK,Chainlink,Oracle,N/A,38.05399918,37.51867465,33.77214355,35.26992243,-7.32,10.8,0.474,21.162,,52,330,0.701,75,11.1
2026-02,2026,2,Q1,LINK,Chainlink,Oracle,N/A,35.26992243,49.51329005,37.23173745,46.60966597,32.15,20.5,0.686,27.966,,21,93,1.0,74,-13.1
2026-03,2026,3,Q1,LINK,Chainlink,Oracle,N/A,46.60966597,38.88686274,31.37834969,34.96427001,-24.98,13.1,0.296,20.979,,21,159,0.506,64,-15.1
2018-01,2018,1,Q1,LTC,Litecoin,Payments,PoW,76.30539445,80.81476021,59.06699091,66.48672414,-12.87,21.8,0.212,3.351,,52,188,-0.254,25,3.8
2018-02,2018,2,Q1,LTC,Litecoin,Payments,PoW,66.48672414,57.60088117,48.04737814,53.43750128,-19.63,20.7,0.075,2.693,,11,78,0.291,39,-14.3
2018-03,2018,3,Q1,LTC,Litecoin,Payments,PoW,53.43750128,56.98927001,46.57666862,50.66563991,-5.19,16.1,0.197,2.554,,25,164,0.004,42,7.9
2018-04,2018,4,Q2,LTC,Litecoin,Payments,PoW,50.66563991,55.95147508,46.71826243,52.3386904,3.3,12.9,0.173,2.638,,3,473,-0.356,37,21.5
2018-05,2018,5,Q2,LTC,Litecoin,Payments,PoW,52.3386904,62.23944245,52.89789618,55.19438538,5.46,13.7,0.299,2.782,,31,385,-0.362,33,-24.9
2018-06,2018,6,Q2,LTC,Litecoin,Payments,PoW,55.19438538,48.20432614,40.91845673,44.95007127,-18.56,21.9,0.1,2.265,,17,297,-0.106,29,5.5
2018-07,2018,7,Q3,LTC,Litecoin,Payments,PoW,44.95007127,59.08920577,45.49420691,52.17427465,16.07,21.6,0.07,2.63,,8,70,-0.378,24,-5.4
2018-08,2018,8,Q3,LTC,Litecoin,Payments,PoW,52.17427465,49.85138399,46.03101808,47.47700218,-9.0,9.3,0.202,2.393,,24,244,-0.839,38,-2.4
2018-09,2018,9,Q3,LTC,Litecoin,Payments,PoW,47.47700218,46.02513263,32.25490567,40.06868628,-15.6,23.4,0.049,2.019,,9,119,-0.092,46,5.6
2018-10,2018,10,Q4,LTC,Litecoin,Payments,PoW,40.06868628,48.38118102,37.07798528,41.19427265,2.81,22.8,0.104,2.076,,4,251,-0.566,44,-10.5
2018-11,2018,11,Q4,LTC,Litecoin,Payments,PoW,41.19427265,37.25880667,31.02745177,35.12629116,-14.73,13.2,0.04,1.77,,64,180,0.48,47,7.9
2018-12,2018,12,Q4,LTC,Litecoin,Payments,PoW,35.12629116,44.08379052,35.07916245,39.2702509,11.8,18.7,0.12,1.979,,44,114,0.062,24,10.3
2019-01,2019,1,Q1,LTC,Litecoin,Payments,PoW,39.2702509,58.24388287,41.93822375,49.0418336,24.88,19.8,0.069,2.472,,12,381,-0.374,47,-8.4
2019-02,2019,2,Q1,LTC,Litecoin,Payments,PoW,49.0418336,65.84658809,52.81398115,59.28199924,20.88,11.7,0.126,2.988,,11,441,-0.132,28,-3.2
2019-03,2019,3,Q1,LTC,Litecoin,Payments,PoW,59.28199924,70.42249664,55.89904987,62.67942167,5.73,14.1,0.15,3.159,,10,332,0.145,37,-15.4
2019-04,2019,4,Q2,LTC,Litecoin,Payments,PoW,62.67942167,58.70634338,43.68379389,50.55420023,-19.34,24.2,0.13,2.548,,39,210,-0.603,35,5.2
2019-05,2019,5,Q2,LTC,Litecoin,Payments,PoW,50.55420023,57.25649568,52.68684752,54.38637066,7.58,10.1,0.139,2.741,,26,128,0.162,36,0.7
2019-06,2019,6,Q2,LTC,Litecoin,Payments,PoW,54.38637066,73.75136408,64.19258594,67.95212712,24.94,9.9,0.156,3.425,,24,154,-0.603,38,6.4
2019-07,2019,7,Q3,LTC,Litecoin,Payments,PoW,67.95212712,78.29759235,61.41839827,69.60325261,2.43,17.0,0.181,3.508,,36,136,-0.269,50,-3.7
2019-08,2019,8,Q3,LTC,Litecoin,Payments,PoW,69.60325261,71.73024218,57.01422853,67.6095633,-2.86,16.0,0.172,3.408,,41,299,0.176,44,-27.8
2019-09,2019,9,Q3,LTC,Litecoin,Payments,PoW,67.6095633,102.68754613,88.84009072,96.12583822,42.18,10.6,0.073,4.845,,18,106,-0.36,42,-4.0
2019-10,2019,10,Q4,LTC,Litecoin,Payments,PoW,96.12583822,89.54832675,78.12224177,84.53872568,-12.05,17.3,0.11,4.261,,27,116,-0.18,57,-1.6
2019-11,2019,11,Q4,LTC,Litecoin,Payments,PoW,84.53872568,97.21584432,84.56342994,92.48526932,9.4,9.2,0.096,4.661,,42,409,-0.344,45,14.5
2019-12,2019,12,Q4,LTC,Litecoin,Payments,PoW,92.48526932,97.22499974,82.15886144,89.80070609,-2.9,10.3,0.114,4.526,,33,249,0.381,41,29.3
2020-01,2020,1,Q1,LTC,Litecoin,Payments,PoW,89.80070609,95.30109637,71.20730321,79.00540689,-12.02,21.1,0.08,3.982,,20,176,-0.658,40,13.3
2020-02,2020,2,Q1,LTC,Litecoin,Payments,PoW,79.00540689,103.71795523,72.44198434,85.09435162,7.71,23.8,0.295,4.289,,14,385,0.271,38,6.5
2020-03,2020,3,Q1,LTC,Litecoin,Payments,PoW,85.09435162,111.18541021,84.99606093,99.04065167,16.39,14.7,0.09,4.992,,16,119,-0.192,57,-27.3
2020-04,2020,4,Q2,LTC,Litecoin,Payments,PoW,99.04065167,138.19680655,99.15327616,122.40013796,23.59,22.8,0.15,6.169,,25,512,0.32,58,35.3
2020-05,2020,5,Q2,LTC,Litecoin,Payments,PoW,122.40013796,194.25501755,151.35188755,173.1909886,41.5,13.2,0.254,8.729,,30,374,-0.386,59,15.3
2020-06,2020,6,Q2,LTC,Litecoin,Payments,PoW,173.1909886,205.74296742,169.19306456,188.5707409,8.88,18.1,0.405,9.504,,58,127,-0.105,60,-1.3
2020-07,2020,7,Q3,LTC,Litecoin,Payments,PoW,188.5707409,233.25034712,188.8008128,214.25412019,13.62,12.5,0.405,10.798,,21,76,-0.027,57,11.0
2020-08,2020,8,Q3,LTC,Litecoin,Payments,PoW,214.25412019,198.46609023,168.33609281,183.31779817,-14.44,12.8,0.238,9.239,,23,292,0.244,69,3.8
2020-09,2020,9,Q3,LTC,Litecoin,Payments,PoW,183.31779817,273.74254605,208.4135422,237.2913402,29.44,22.8,0.434,11.959,,9,169,0.178,69,22.2
2020-10,2020,10,Q4,LTC,Litecoin,Payments,PoW,237.2913402,274.82325849,253.10728298,262.6312529,10.68,8.6,0.192,13.237,,49,180,0.415,63,-14.5
2020-11,2020,11,Q4,LTC,Litecoin,Payments,PoW,262.6312529,300.31177536,269.75778053,282.43651479,7.54,8.5,0.37,14.235,,86,561,0.477,66,36.5
2020-12,2020,12,Q4,LTC,Litecoin,Payments,PoW,282.43651479,306.61554947,283.79994061,294.21024937,4.17,11.5,0.281,14.828,,11,177,0.582,62,40.3
2021-01,2021,1,Q1,LTC,Litecoin,Payments,PoW,294.21024937,376.6056323,274.74863403,338.28121007,14.98,22.9,0.3,17.049,,21,319,0.783,82,-11.2
2021-02,2021,2,Q1,LTC,Litecoin,Payments,PoW,338.28121007,365.1078078,286.09804247,343.34109537,1.5,18.8,0.549,17.304,,69,237,1.0,77,-14.6
2021-03,2021,3,Q1,LTC,Litecoin,Payments,PoW,343.34109537,371.22363806,281.31061564,325.66043054,-5.15,15.8,0.577,16.413,,19,134,0.522,83,-24.7
2021-04,2021,4,Q2,LTC,Litecoin,Payments,PoW,325.66043054,519.31735756,337.79978853,430.7586204,32.27,23.1,0.717,21.71,,19,237,0.698,86,-34.8
2021-05,2021,5,Q2,LTC,Litecoin,Payments,PoW,430.7586204,251.43599665,186.88521344,232.08912621,-46.12,22.2,0.505,11.697,,47,158,0.436,68,26.2
2021-06,2021,6,Q2,LTC,Litecoin,Payments,PoW,232.08912621,247.78693031,192.99438423,213.59145936,-7.97,20.8,0.498,10.765,,34,281,0.4,69,-59.0
2021-07,2021,7,Q3,LTC,Litecoin,Payments,PoW,213.59145936,213.79844156,177.82534577,193.88918322,-9.22,17.7,0.355,9.772,,22,184,0.847,68,26.3
2021-08,2021,8,Q3,LTC,Litecoin,Payments,PoW,193.88918322,273.83667625,219.46313936,236.02065463,21.73,18.0,0.303,11.895,,153,151,0.425,58,11.8
2021-09,2021,9,Q3,LTC,Litecoin,Payments,PoW,236.02065463,263.28021802,197.52100563,219.30742468,-7.08,24.9,0.917,11.053,,24,335,0.513,76,-1.0
2021-10,2021,10,Q4,LTC,Litecoin,Payments,PoW,219.30742468,334.72207312,239.48914716,293.56569064,33.86,22.0,0.458,14.796,,6,924,0.339,57,-17.2
2021-11,2021,11,Q4,LTC,Litecoin,Payments,PoW,293.56569064,274.73634279,232.96109593,254.9110814,-13.17,10.9,0.695,12.848,,36,226,0.708,90,-28.2
2021-12,2021,12,Q4,LTC,Litecoin,Payments,PoW,254.9110814,177.17627538,149.98703128,163.92724115,-35.69,12.9,0.204,8.262,,26,213,-0.301,61,16.6
2022-01,2022,1,Q1,LTC,Litecoin,Payments,PoW,163.92724115,142.52572919,107.10072071,125.91444401,-23.19,18.6,0.151,6.346,,26,479,-0.13,36,23.8
2022-02,2022,2,Q1,LTC,Litecoin,Payments,PoW,125.91444401,90.87321544,78.18471668,85.97505412,-31.72,15.5,0.16,4.333,,37,163,-0.015,38,-14.1
2022-03,2022,3,Q1,LTC,Litecoin,Payments,PoW,85.97505412,102.35257424,78.03249311,86.13850951,0.19,23.0,0.083,4.341,,24,320,-0.391,47,16.1
2022-04,2022,4,Q2,LTC,Litecoin,Payments,PoW,86.13850951,77.58406988,65.45756842,71.99919163,-16.41,18.9,0.155,3.629,,54,128,-0.482,34,8.0
2022-05,2022,5,Q2,LTC,Litecoin,Payments,PoW,71.99919163,53.15620632,42.67009554,47.68117502,-33.78,14.5,0.085,2.403,,10,416,-0.942,18,-5.3
2022-06,2022,6,Q2,LTC,Litecoin,Payments,PoW,47.68117502,27.43973543,20.95149569,22.9339901,-51.9,23.0,0.047,1.156,,19,354,-0.691,32,-0.5
2022-07,2022,7,Q3,LTC,Litecoin,Payments,PoW,22.9339901,32.33915084,26.40999892,28.19160732,22.92,21.0,0.079,1.421,,12,160,-0.383,35,7.5
2022-08,2022,8,Q3,LTC,Litecoin,Payments,PoW,28.19160732,35.17136104,23.66740472,30.0907004,6.74,21.7,0.166,1.517,,33,153,-0.214,49,-7.1
2022-09,2022,9,Q3,LTC,Litecoin,Payments,PoW,30.0907004,25.60198368,21.72005083,24.19329784,-19.6,17.5,0.053,1.219,,42,43,-0.15,38,9.7
2022-10,2022,10,Q4,LTC,Litecoin,Payments,PoW,24.19329784,29.91493058,21.57791081,25.35025663,4.78,22.4,0.143,1.278,,47,201,-0.116,20,1.4
2022-11,2022,11,Q4,LTC,Litecoin,Payments,PoW,25.35025663,43.89042427,34.77035159,38.15483696,50.51,16.5,0.045,1.923,,17,85,-0.216,36,4.7
2022-12,2022,12,Q4,LTC,Litecoin,Payments,PoW,38.15483696,42.5013433,32.34789685,36.92559468,-3.22,18.5,0.034,1.861,,58,158,-0.209,40,1.1
2023-01,2023,1,Q1,LTC,Litecoin,Payments,PoW,36.92559468,75.03605504,55.3800865,67.16975215,81.91,18.7,0.129,3.385,,38,603,-0.423,56,-8.8
2023-02,2023,2,Q1,LTC,Litecoin,Payments,PoW,67.16975215,76.45619817,64.8324433,70.6237201,5.14,17.0,0.054,3.559,,16,188,-0.332,31,15.4
2023-03,2023,3,Q1,LTC,Litecoin,Payments,PoW,70.6237201,82.15527576,55.00382819,67.73096527,-4.1,21.6,0.096,3.414,,17,601,-0.269,22,-7.9
2023-04,2023,4,Q2,LTC,Litecoin,Payments,PoW,67.73096527,91.96902541,85.07825309,88.58393145,30.79,9.3,0.087,4.465,,37,191,-0.155,47,4.1
2023-05,2023,5,Q2,LTC,Litecoin,Payments,PoW,88.58393145,95.62697093,62.31647398,79.82464302,-9.89,24.3,0.165,4.023,,33,256,0.212,41,24.2
2023-06,2023,6,Q2,LTC,Litecoin,Payments,PoW,79.82464302,95.95022525,83.25305918,88.49564985,10.86,15.5,0.09,4.46,,46,275,-0.18,53,-13.5
2023-07,2023,7,Q3,LTC,Litecoin,Payments,PoW,88.49564985,106.24918539,84.80441342,97.08957135,9.71,16.0,0.085,4.893,,54,292,0.01,37,4.8
2023-08,2023,8,Q3,LTC,Litecoin,Payments,PoW,97.08957135,146.76394856,113.86708185,129.06262271,32.93,23.0,0.297,6.505,,34,58,0.171,59,-6.6
2023-09,2023,9,Q3,LTC,Litecoin,Payments,PoW,129.06262271,163.68762002,138.75891516,150.88563888,16.91,16.8,0.281,7.605,,9,192,0.678,66,12.6
2023-10,2023,10,Q4,LTC,Litecoin,Payments,PoW,150.88563888,192.05351906,139.99603613,168.52732362,11.69,18.6,0.254,8.494,,32,221,0.137,56,27.2
2023-11,2023,11,Q4,LTC,Litecoin,Payments,PoW,168.52732362,153.18049343,130.83945162,137.63821226,-18.33,12.8,0.326,6.937,,23,350,-0.2,59,14.0
2023-12,2023,12,Q4,LTC,Litecoin,Payments,PoW,137.63821226,182.17242883,157.97950121,171.4057983,24.53,12.3,0.374,8.639,,44,197,-0.289,48,22.6
2024-01,2024,1,Q1,LTC,Litecoin,Payments,PoW,171.4057983,247.42894281,190.46435679,216.17108227,26.12,15.1,0.15,10.895,,56,829,0.545,61,45.7
2024-02,2024,2,Q1,LTC,Litecoin,Payments,PoW,216.17108227,289.16239928,222.77262086,253.17371413,17.12,23.2,0.61,12.76,,38,85,0.383,48,-41.5
2024-03,2024,3,Q1,LTC,Litecoin,Payments,PoW,253.17371413,313.30880308,249.05807734,285.01570117,12.58,16.6,0.74,14.365,,24,241,0.54,81,48.2
2024-04,2024,4,Q2,LTC,Litecoin,Payments,PoW,285.01570117,422.73995879,303.26716931,359.00085057,25.96,20.1,0.659,18.094,,40,347,0.194,59,13.3
2024-05,2024,5,Q2,LTC,Litecoin,Payments,PoW,359.00085057,292.84111169,204.0590973,258.19560761,-28.08,24.7,0.528,13.013,,27,117,0.752,71,-8.5
2024-06,2024,6,Q2,LTC,Litecoin,Payments,PoW,258.19560761,367.25639468,312.8758673,346.92659569,34.37,10.5,0.346,17.485,,12,511,1.0,72,9.3
2024-07,2024,7,Q3,LTC,Litecoin,Payments,PoW,346.92659569,261.68045228,214.91530408,241.4391326,-30.41,14.7,0.284,12.169,,30,1518,0.533,51,-32.1
2024-08,2024,8,Q3,LTC,Litecoin,Payments,PoW,241.4391326,261.13798473,213.56197505,231.04290904,-4.31,19.4,0.236,11.645,,25,188,0.655,65,11.8
2024-09,2024,9,Q3,LTC,Litecoin,Payments,PoW,231.04290904,222.07695617,203.80957243,214.70124579,-7.07,11.4,0.329,10.821,,16,281,0.406,87,-84.3
2024-10,2024,10,Q4,LTC,Litecoin,Payments,PoW,214.70124579,298.55297683,236.53702719,259.04243253,20.65,17.8,0.312,13.056,,48,291,0.544,70,22.6
2024-11,2024,11,Q4,LTC,Litecoin,Payments,PoW,259.04243253,259.90030661,230.13253231,240.64895526,-7.1,8.9,0.287,12.129,,39,215,0.335,66,-16.5
2024-12,2024,12,Q4,LTC,Litecoin,Payments,PoW,240.64895526,319.58496846,287.74940237,303.91812379,26.29,16.6,0.582,15.317,,22,208,0.176,70,15.4
2025-01,2025,1,Q1,LTC,Litecoin,Payments,PoW,303.91812379,265.40320735,225.08939903,246.90271513,-18.76,12.3,0.32,12.444,,23,162,0.704,60,9.7
2025-02,2025,2,Q1,LTC,Litecoin,Payments,PoW,246.90271513,264.02066872,209.91358221,235.81496724,-4.49,15.4,0.24,11.885,,29,247,0.443,71,72.7
2025-03,2025,3,Q1,LTC,Litecoin,Payments,PoW,235.81496724,340.50503056,287.6000218,315.13757048,33.64,12.0,0.554,15.883,,12,216,0.529,67,33.7
2025-04,2025,4,Q2,LTC,Litecoin,Payments,PoW,315.13757048,281.30432851,215.88026698,254.8345821,-19.14,20.3,0.324,12.844,,103,604,1.0,68,47.3
2025-05,2025,5,Q2,LTC,Litecoin,Payments,PoW,254.8345821,270.22916352,236.25574486,258.24479051,1.34,10.0,0.328,13.016,,32,175,0.316,75,-32.0
2025-06,2025,6,Q2,LTC,Litecoin,Payments,PoW,258.24479051,394.93517354,299.77812262,361.5874104,40.02,18.4,0.28,18.224,,29,351,0.673,86,39.4
2025-07,2025,7,Q3,LTC,Litecoin,Payments,PoW,361.5874104,370.151845,301.64387544,342.88804772,-5.17,14.9,0.24,17.282,,267,190,0.58,78,97.5
2025-08,2025,8,Q3,LTC,Litecoin,Payments,PoW,342.88804772,283.77350197,258.88898689,271.60768607,-20.79,8.1,0.271,13.689,,35,183,0.734,74,-48.8
2025-09,2025,9,Q3,LTC,Litecoin,Payments,PoW,271.60768607,337.97760678,261.2341349,318.73472331,17.35,18.2,1.159,16.064,,16,263,0.774,58,54.2
2025-10,2025,10,Q4,LTC,Litecoin,Payments,PoW,318.73472331,334.3891934,271.56778776,302.59651701,-5.06,21.7,0.53,15.251,,60,272,1.0,70,-104.4
2025-11,2025,11,Q4,LTC,Litecoin,Payments,PoW,302.59651701,373.21247472,339.18241223,354.99766906,17.32,9.1,0.562,17.892,,24,70,0.879,63,-68.8
2025-12,2025,12,Q4,LTC,Litecoin,Payments,PoW,354.99766906,380.33651979,298.88489825,353.59593696,-0.39,15.9,0.537,17.821,,19,486,0.612,73,-11.3
2026-01,2026,1,Q1,LTC,Litecoin,Payments,PoW,353.59593696,318.35432472,258.1679421,290.58298853,-17.82,16.5,0.422,14.645,,22,221,0.219,59,22.3
2026-02,2026,2,Q1,LTC,Litecoin,Payments,PoW,290.58298853,281.90605228,230.86654171,255.81206177,-11.97,11.6,0.199,12.893,,18,89,0.445,65,9.9
2026-03,2026,3,Q1,LTC,Litecoin,Payments,PoW,255.81206177,340.99887326,292.80511103,310.59826731,21.42,10.9,0.183,15.654,,19,229,0.337,66,-35.2
2019-01,2019,1,Q1,ATOM,Cosmos,Interoperability,PoS,5.7843318,6.91301164,4.76694814,5.64821808,-2.35,22.7,0.083,5.648,,10,108,-0.382,28,-1.1
2019-02,2019,2,Q1,ATOM,Cosmos,Interoperability,PoS,5.64821808,5.46644052,4.26671079,4.57644562,-18.98,19.9,0.133,4.576,,27,67,0.005,37,-12.2
2019-03,2019,3,Q1,ATOM,Cosmos,Interoperability,PoS,4.57644562,7.06883763,4.87557637,6.24718797,36.51,24.4,0.089,6.247,,12,680,-0.166,34,-0.7
2019-04,2019,4,Q2,ATOM,Cosmos,Interoperability,PoS,6.24718797,5.85590077,5.00216897,5.4113448,-13.38,14.8,0.272,5.411,,13,628,0.387,36,-17.2
2019-05,2019,5,Q2,ATOM,Cosmos,Interoperability,PoS,5.4113448,6.57479691,5.40514934,6.17176218,14.05,17.8,0.048,6.172,,44,311,-0.225,44,4.9
2019-06,2019,6,Q2,ATOM,Cosmos,Interoperability,PoS,6.17176218,6.99246987,6.15913873,6.75585971,9.46,9.3,0.113,6.756,,53,369,-0.108,60,24.9
2019-07,2019,7,Q3,ATOM,Cosmos,Interoperability,PoS,6.75585971,9.44699457,8.44336595,8.75747763,29.63,11.1,0.061,8.757,,124,53,0.859,23,-11.0
2019-08,2019,8,Q3,ATOM,Cosmos,Interoperability,PoS,8.75747763,10.44552649,8.40654083,9.32703578,6.5,13.0,0.175,9.327,,92,60,0.107,38,36.2
2019-09,2019,9,Q3,ATOM,Cosmos,Interoperability,PoS,9.32703578,9.31876629,7.01832423,8.21114983,-11.96,17.9,0.089,8.211,,28,198,0.133,41,-7.3
2019-10,2019,10,Q4,ATOM,Cosmos,Interoperability,PoS,8.21114983,10.97716283,8.4662931,9.79649741,19.31,15.3,0.127,9.796,,29,456,-0.106,30,1.8
2019-11,2019,11,Q4,ATOM,Cosmos,Interoperability,PoS,9.79649741,9.48792213,8.33460743,8.84027191,-9.76,9.8,0.218,8.84,,15,328,0.194,47,22.6
2019-12,2019,12,Q4,ATOM,Cosmos,Interoperability,PoS,8.84027191,9.68245286,7.73003036,8.71156791,-1.46,12.2,0.102,8.712,,24,1139,0.119,49,6.3
2020-01,2020,1,Q1,ATOM,Cosmos,Interoperability,PoS,8.71156791,9.57351028,7.83455161,8.95187906,2.76,13.0,0.21,8.952,,14,137,-0.148,38,5.4
2020-02,2020,2,Q1,ATOM,Cosmos,Interoperability,PoS,8.95187906,12.17167666,10.62920342,11.43446355,27.73,10.0,0.114,11.434,,50,67,0.034,50,-8.8
2020-03,2020,3,Q1,ATOM,Cosmos,Interoperability,PoS,11.43446355,14.21869669,11.72214048,12.87921951,12.64,20.8,0.087,12.879,,58,77,0.596,62,23.8
2020-04,2020,4,Q2,ATOM,Cosmos,Interoperability,PoS,12.87921951,16.43331998,14.76187208,15.25373484,18.44,9.7,0.114,15.254,,20,64,-0.013,62,-7.3
2020-05,2020,5,Q2,ATOM,Cosmos,Interoperability,PoS,15.25373484,14.27584374,12.28177224,13.31986581,-12.68,23.8,0.124,13.32,,44,437,0.078,51,-12.2
2020-06,2020,6,Q2,ATOM,Cosmos,Interoperability,PoS,13.31986581,20.55733702,15.21495605,17.8388646,33.93,19.7,0.199,17.839,,104,41,0.175,68,45.9
2020-07,2020,7,Q3,ATOM,Cosmos,Interoperability,PoS,17.8388646,18.38362885,15.22662153,16.8452694,-5.57,11.7,0.201,16.845,,42,230,0.045,58,0.7
2020-08,2020,8,Q3,ATOM,Cosmos,Interoperability,PoS,16.8452694,21.67068036,15.44263694,19.49916548,15.75,23.3,0.277,19.499,,89,128,-0.222,70,-15.9
2020-09,2020,9,Q3,ATOM,Cosmos,Interoperability,PoS,19.49916548,23.82554202,19.63210431,22.04683626,13.07,12.0,0.356,22.047,,113,156,-0.408,66,-31.0
2020-10,2020,10,Q4,ATOM,Cosmos,Interoperability,PoS,22.04683626,25.204216,20.80733308,23.35502513,5.93,12.1,0.46,23.355,,27,35,0.489,76,28.1
2020-11,2020,11,Q4,ATOM,Cosmos,Interoperability,PoS,23.35502513,29.71209326,24.4919263,26.94166007,15.36,16.8,0.123,26.942,,65,103,0.242,81,40.5
2020-12,2020,12,Q4,ATOM,Cosmos,Interoperability,PoS,26.94166007,34.73798471,30.14125309,31.85926792,18.25,16.0,0.603,31.859,,33,243,0.98,94,-75.5
2021-01,2021,1,Q1,ATOM,Cosmos,Interoperability,PoS,31.85926792,40.58474937,33.23768591,36.64300819,15.02,19.8,0.484,36.643,,26,111,0.539,88,-7.6
2021-02,2021,2,Q1,ATOM,Cosmos,Interoperability,PoS,36.64300819,38.22595679,30.37345997,34.6772935,-5.36,17.2,1.408,34.677,,19,180,0.629,69,46.4
2021-03,2021,3,Q1,ATOM,Cosmos,Interoperability,PoS,34.6772935,51.46269803,43.18582773,46.75067273,34.82,12.7,0.441,46.751,,112,202,0.907,88,60.5
2021-04,2021,4,Q2,ATOM,Cosmos,Interoperability,PoS,46.75067273,43.75571965,38.05537408,40.78320048,-12.76,8.1,0.43,40.783,,68,418,0.687,94,57.6
2021-05,2021,5,Q2,ATOM,Cosmos,Interoperability,PoS,40.78320048,24.1395372,20.97573872,22.44681828,-44.96,8.0,0.165,22.447,,34,178,0.816,81,39.4
2021-06,2021,6,Q2,ATOM,Cosmos,Interoperability,PoS,22.44681828,22.83236081,20.34027305,22.14713242,-1.34,9.8,0.331,22.147,,71,169,0.147,71,11.3
2021-07,2021,7,Q3,ATOM,Cosmos,Interoperability,PoS,22.14713242,28.35127678,24.1699335,25.82317271,16.6,14.3,0.396,25.823,,14,519,0.42,72,8.1
2021-08,2021,8,Q3,ATOM,Cosmos,Interoperability,PoS,25.82317271,22.48091124,19.67611551,20.7026772,-19.83,15.8,0.387,20.703,,5,472,0.398,77,45.9
2021-09,2021,9,Q3,ATOM,Cosmos,Interoperability,PoS,20.7026772,30.0394276,22.92386051,26.262841,26.86,21.5,0.267,26.263,,61,368,0.166,57,-23.8
2021-10,2021,10,Q4,ATOM,Cosmos,Interoperability,PoS,26.262841,35.1664521,28.21807824,32.51744984,23.82,18.9,0.507,32.517,,26,321,0.687,63,-2.4
2021-11,2021,11,Q4,ATOM,Cosmos,Interoperability,PoS,32.51744984,25.68403511,22.45690264,23.79203048,-26.83,13.2,0.669,23.792,,73,190,0.332,54,-89.2
2021-12,2021,12,Q4,ATOM,Cosmos,Interoperability,PoS,23.79203048,18.51350134,14.56567746,16.93418777,-28.82,24.9,0.366,16.934,,47,45,0.265,41,7.1
2022-01,2022,1,Q1,ATOM,Cosmos,Interoperability,PoS,16.93418777,11.14519229,9.83433608,10.74224905,-36.56,10.1,0.364,10.742,,28,891,-0.298,46,7.2
2022-02,2022,2,Q1,ATOM,Cosmos,Interoperability,PoS,10.74224905,10.40087042,7.2229932,8.482963,-21.03,23.6,0.192,8.483,,61,213,-0.439,59,8.7
2022-03,2022,3,Q1,ATOM,Cosmos,Interoperability,PoS,8.482963,8.13425311,6.45562417,7.40406125,-12.72,15.7,0.085,7.404,,15,362,-0.252,45,11.7
2022-04,2022,4,Q2,ATOM,Cosmos,Interoperability,PoS,7.40406125,9.62764182,7.07802679,8.21658477,10.97,18.5,0.08,8.217,,24,423,0.148,41,4.2
2022-05,2022,5,Q2,ATOM,Cosmos,Interoperability,PoS,8.21658477,6.23800883,4.38244697,5.17521856,-37.01,20.6,0.12,5.175,,17,89,-0.493,21,4.9
2022-06,2022,6,Q2,ATOM,Cosmos,Interoperability,PoS,5.17521856,3.21961845,2.43991247,2.80570641,-45.79,15.8,0.065,2.806,,15,521,-0.051,26,-3.5
2022-07,2022,7,Q3,ATOM,Cosmos,Interoperability,PoS,2.80570641,2.66182458,2.38531521,2.53977153,-9.48,10.3,0.035,2.54,,58,366,-0.315,30,4.7
2022-08,2022,8,Q3,ATOM,Cosmos,Interoperability,PoS,2.53977153,3.88929936,3.20334823,3.43549002,35.27,16.2,0.026,3.435,,12,327,-0.549,35,11.2
2022-09,2022,9,Q3,ATOM,Cosmos,Interoperability,PoS,3.43549002,3.93648404,3.00403476,3.29677757,-4.04,21.9,0.029,3.297,,32,340,-0.375,26,4.0
2022-10,2022,10,Q4,ATOM,Cosmos,Interoperability,PoS,3.29677757,4.06578842,3.30071599,3.58154914,8.64,17.1,0.063,3.582,,43,233,-0.59,22,-1.3
2022-11,2022,11,Q4,ATOM,Cosmos,Interoperability,PoS,3.58154914,3.94328728,3.58079353,3.82277273,6.74,9.5,0.037,3.823,,129,159,-0.598,48,3.6
2022-12,2022,12,Q4,ATOM,Cosmos,Interoperability,PoS,3.82277273,3.10135778,2.68669705,2.89873728,-24.17,16.0,0.066,2.899,,103,355,-0.718,41,13.5
2023-01,2023,1,Q1,ATOM,Cosmos,Interoperability,PoS,2.89873728,6.6961173,5.47118699,6.24383763,115.4,19.2,0.148,6.244,,35,37,0.655,47,-3.7
2023-02,2023,2,Q1,ATOM,Cosmos,Interoperability,PoS,6.24383763,11.00718096,7.90090339,9.12563995,46.15,23.3,0.102,9.126,,49,103,-0.043,34,32.9
2023-03,2023,3,Q1,ATOM,Cosmos,Interoperability,PoS,9.12563995,7.8726438,6.38239025,6.95246508,-23.81,14.0,0.093,6.952,,8,129,0.073,48,3.7
2023-04,2023,4,Q2,ATOM,Cosmos,Interoperability,PoS,6.95246508,9.15618793,7.43270377,7.9702825,14.64,21.0,0.158,7.97,,17,494,-0.434,30,17.4
2023-05,2023,5,Q2,ATOM,Cosmos,Interoperability,PoS,7.9702825,11.77304897,9.85931656,10.99501579,37.95,11.5,0.306,10.995,,13,137,-0.051,24,14.5
2023-06,2023,6,Q2,ATOM,Cosmos,Interoperability,PoS,10.99501579,12.5882678,10.59616524,11.48341381,4.44,12.6,0.085,11.483,,24,263,-0.266,52,32.3
2023-07,2023,7,Q3,ATOM,Cosmos,Interoperability,PoS,11.48341381,15.95916939,11.48993124,13.66125016,18.97,19.9,0.414,13.661,,11,88,-0.655,30,-6.7
2023-08,2023,8,Q3,ATOM,Cosmos,Interoperability,PoS,13.66125016,13.14926437,11.97544606,12.31966428,-9.82,8.3,0.2,12.32,,37,182,0.305,61,1.6
2023-09,2023,9,Q3,ATOM,Cosmos,Interoperability,PoS,12.31966428,13.09090856,11.52549332,12.14013953,-1.46,9.2,0.204,12.14,,6,217,-0.184,62,-22.2
2023-10,2023,10,Q4,ATOM,Cosmos,Interoperability,PoS,12.14013953,14.58623672,11.42421533,12.74472629,4.98,18.5,0.145,12.745,,7,261,0.31,56,33.9
2023-11,2023,11,Q4,ATOM,Cosmos,Interoperability,PoS,12.74472629,15.30352072,12.51408626,13.5199637,6.08,14.3,0.183,13.52,,41,361,0.639,62,26.4
2023-12,2023,12,Q4,ATOM,Cosmos,Interoperability,PoS,13.5199637,20.66011456,17.60484247,19.70648602,45.76,12.0,0.059,19.706,,27,179,0.061,46,6.3
2024-01,2024,1,Q1,ATOM,Cosmos,Interoperability,PoS,19.70648602,27.04058175,21.55566112,24.06791898,22.13,19.0,0.243,24.068,,65,264,0.2,63,-40.6
2024-02,2024,2,Q1,ATOM,Cosmos,Interoperability,PoS,24.06791898,35.63954459,25.13067938,30.05513257,24.88,22.0,0.845,30.055,,34,113,0.383,67,-31.3
2024-03,2024,3,Q1,ATOM,Cosmos,Interoperability,PoS,30.05513257,36.64842716,24.7311203,31.93497174,6.25,24.8,0.991,31.935,,20,441,0.508,77,-50.5
2024-04,2024,4,Q2,ATOM,Cosmos,Interoperability,PoS,31.93497174,39.32644927,28.39385261,33.97484369,6.39,18.2,0.463,33.975,,34,44,0.289,78,3.0
2024-05,2024,5,Q2,ATOM,Cosmos,Interoperability,PoS,33.97484369,37.24345083,23.83834254,30.29827975,-10.82,23.5,0.28,30.298,,39,380,0.655,81,57.7
2024-06,2024,6,Q2,ATOM,Cosmos,Interoperability,PoS,30.29827975,41.15283812,36.04466472,38.71872229,27.79,17.7,0.37,38.719,,21,81,0.826,58,0.5
2024-07,2024,7,Q3,ATOM,Cosmos,Interoperability,PoS,38.71872229,23.7737133,21.17162272,21.98460673,-43.22,12.1,0.315,21.985,,51,228,0.07,62,14.6
2024-08,2024,8,Q3,ATOM,Cosmos,Interoperability,PoS,21.98460673,28.60589075,22.65921572,25.86398794,17.65,14.0,0.204,25.864,,24,119,0.344,79,-29.8
2024-09,2024,9,Q3,ATOM,Cosmos,Interoperability,PoS,25.86398794,25.76192774,20.79555696,23.15027078,-10.49,11.9,0.479,23.15,,34,1005,0.551,58,-1.9
2024-10,2024,10,Q4,ATOM,Cosmos,Interoperability,PoS,23.15027078,27.1083308,23.0622883,24.31364071,5.03,15.4,0.724,24.314,,11,202,0.33,60,10.1
2024-11,2024,11,Q4,ATOM,Cosmos,Interoperability,PoS,24.31364071,30.85213005,23.35211991,28.19734713,15.97,18.5,0.209,28.197,,22,128,0.616,68,-13.6
2024-12,2024,12,Q4,ATOM,Cosmos,Interoperability,PoS,28.19734713,31.94103352,27.65113445,29.70414633,5.34,8.4,0.149,29.704,,6,347,0.634,79,-0.6
2025-01,2025,1,Q1,ATOM,Cosmos,Interoperability,PoS,29.70414633,35.32804941,29.97145008,31.75310003,6.9,13.6,0.335,31.753,,14,349,0.681,68,-21.5
2025-02,2025,2,Q1,ATOM,Cosmos,Interoperability,PoS,31.75310003,28.74203385,24.39562463,27.42519005,-13.63,12.7,0.433,27.425,,17,177,0.544,66,8.8
2025-03,2025,3,Q1,ATOM,Cosmos,Interoperability,PoS,27.42519005,29.97895593,22.16329648,25.85208469,-5.74,16.1,0.617,25.852,,27,126,0.457,68,16.2
2025-04,2025,4,Q2,ATOM,Cosmos,Interoperability,PoS,25.85208469,40.81422752,31.03311314,36.82533555,42.45,22.0,0.51,36.825,,60,82,0.676,71,37.5
2025-05,2025,5,Q2,ATOM,Cosmos,Interoperability,PoS,36.82533555,46.8613041,30.44863399,38.05169563,3.33,24.3,0.376,38.052,,34,353,0.414,72,-54.7
2025-06,2025,6,Q2,ATOM,Cosmos,Interoperability,PoS,38.05169563,31.97279376,29.42348717,30.60648909,-19.57,8.8,0.392,30.606,,63,93,0.242,70,-41.2
2025-07,2025,7,Q3,ATOM,Cosmos,Interoperability,PoS,30.60648909,34.71855287,28.98640488,31.1235888,1.69,15.6,0.389,31.124,,29,246,0.43,89,74.4
2025-08,2025,8,Q3,ATOM,Cosmos,Interoperability,PoS,31.1235888,37.99831769,28.92829363,33.15281806,6.52,20.5,0.2,33.153,,40,251,0.094,72,41.1
2025-09,2025,9,Q3,ATOM,Cosmos,Interoperability,PoS,33.15281806,37.94826814,29.65054671,34.76572279,4.87,16.9,0.575,34.766,,44,225,0.466,78,-88.6
2025-10,2025,10,Q4,ATOM,Cosmos,Interoperability,PoS,34.76572279,44.26277975,36.14842411,38.99283494,12.16,17.0,0.485,38.993,,7,352,0.961,82,-16.6
2025-11,2025,11,Q4,ATOM,Cosmos,Interoperability,PoS,38.99283494,32.46841675,25.65327366,28.95395849,-25.75,13.0,0.363,28.954,,28,305,0.646,70,-25.2
2025-12,2025,12,Q4,ATOM,Cosmos,Interoperability,PoS,28.95395849,31.91829101,27.04807577,30.63336836,5.8,12.4,0.667,30.633,,25,122,1.0,76,43.7
2026-01,2026,1,Q1,ATOM,Cosmos,Interoperability,PoS,30.63336836,30.85938864,28.29839132,29.33765482,-4.23,8.7,0.754,29.338,,13,203,1.0,49,31.0
2026-02,2026,2,Q1,ATOM,Cosmos,Interoperability,PoS,29.33765482,32.51644213,28.51190362,30.62928122,4.4,9.5,0.269,30.629,,135,161,0.248,63,15.9
2026-03,2026,3,Q1,ATOM,Cosmos,Interoperability,PoS,30.62928122,35.34701079,25.4911463,29.71072785,-3.0,20.0,0.177,29.711,,17,122,0.681,90,9.8
2020-01,2020,1,Q1,UNI,Uniswap,DeFi / DEX,N/A,8.79855701,8.32711782,7.29195214,7.98697217,-9.22,12.6,0.109,4.792,,79,366,-0.024,68,-24.2
2020-02,2020,2,Q1,UNI,Uniswap,DeFi / DEX,N/A,7.98697217,12.86220786,10.33191174,11.16207001,39.75,24.4,0.163,6.697,,10,168,0.141,52,24.8
2020-03,2020,3,Q1,UNI,Uniswap,DeFi / DEX,N/A,11.16207001,12.8540892,10.43787248,11.542805,3.41,12.3,0.215,6.926,,8,392,-0.682,54,5.7
2020-04,2020,4,Q2,UNI,Uniswap,DeFi / DEX,N/A,11.542805,14.37849727,10.88556259,12.05212849,4.41,23.5,0.326,7.231,,46,240,-0.428,54,-11.7
2020-05,2020,5,Q2,UNI,Uniswap,DeFi / DEX,N/A,12.05212849,14.31695175,12.39546105,13.19365514,9.47,13.5,0.187,7.916,,12,115,0.302,56,17.7
2020-06,2020,6,Q2,UNI,Uniswap,DeFi / DEX,N/A,13.19365514,19.06902293,15.53896749,16.70179735,26.59,16.3,0.23,10.021,,18,316,0.722,59,3.9
2020-07,2020,7,Q3,UNI,Uniswap,DeFi / DEX,N/A,16.70179735,22.70223691,18.88198444,20.59523321,23.31,15.7,0.528,12.357,,55,447,-0.052,57,-18.5
2020-08,2020,8,Q3,UNI,Uniswap,DeFi / DEX,N/A,20.59523321,24.07546388,19.57354215,21.75781763,5.64,20.2,0.986,13.055,,18,310,0.562,62,4.0
2020-09,2020,9,Q3,UNI,Uniswap,DeFi / DEX,N/A,21.75781763,24.90164756,19.7353898,22.24034877,2.22,14.1,0.5,13.344,,24,888,0.694,56,-33.8
2020-10,2020,10,Q4,UNI,Uniswap,DeFi / DEX,N/A,22.24034877,31.33866773,26.97561526,29.74417633,33.74,13.7,0.286,17.847,,26,134,0.479,67,13.9
2020-11,2020,11,Q4,UNI,Uniswap,DeFi / DEX,N/A,29.74417633,34.79991753,25.69561197,30.54050433,2.68,24.5,0.458,18.324,,134,467,0.419,57,14.9
2020-12,2020,12,Q4,UNI,Uniswap,DeFi / DEX,N/A,30.54050433,33.11396155,30.71793452,32.14039299,5.24,8.7,0.692,19.284,,16,102,0.278,80,-4.7
2021-01,2021,1,Q1,UNI,Uniswap,DeFi / DEX,N/A,32.14039299,40.55478193,30.68909015,34.63561159,7.76,19.7,0.607,20.781,,44,188,0.605,75,59.2
2021-02,2021,2,Q1,UNI,Uniswap,DeFi / DEX,N/A,34.63561159,36.71840104,31.05646879,32.53106837,-6.08,13.4,0.356,19.519,,24,114,0.358,67,56.0
2021-03,2021,3,Q1,UNI,Uniswap,DeFi / DEX,N/A,32.53106837,53.09500747,44.29195744,47.29004894,45.37,16.0,0.508,28.374,,22,206,0.637,72,11.6
2021-04,2021,4,Q2,UNI,Uniswap,DeFi / DEX,N/A,47.29004894,51.38494944,40.84640181,47.42163079,0.28,20.0,1.278,28.453,,37,501,0.581,69,-5.3
2021-05,2021,5,Q2,UNI,Uniswap,DeFi / DEX,N/A,47.42163079,29.60991186,26.00798369,27.45929462,-42.1,9.4,0.305,16.476,,28,45,0.375,61,20.9
2021-06,2021,6,Q2,UNI,Uniswap,DeFi / DEX,N/A,27.45929462,28.33626287,23.30763462,25.79648883,-6.06,11.3,0.654,15.478,,47,522,0.417,62,19.9
2021-07,2021,7,Q3,UNI,Uniswap,DeFi / DEX,N/A,25.79648883,28.84185243,23.79814784,26.1240367,1.27,14.5,0.196,15.674,,51,107,0.164,61,-31.5
2021-08,2021,8,Q3,UNI,Uniswap,DeFi / DEX,N/A,26.1240367,29.11826927,24.37282981,26.19195915,0.26,19.3,0.377,15.715,,19,409,0.659,85,-14.5
2021-09,2021,9,Q3,UNI,Uniswap,DeFi / DEX,N/A,26.19195915,24.77002821,21.71049068,22.7578871,-13.11,12.5,0.143,13.655,,38,153,0.509,65,-46.2
2021-10,2021,10,Q4,UNI,Uniswap,DeFi / DEX,N/A,22.7578871,26.01221523,21.04164776,22.42237198,-1.47,16.3,0.612,13.453,,60,98,0.433,63,13.7
2021-11,2021,11,Q4,UNI,Uniswap,DeFi / DEX,N/A,22.42237198,38.58965844,29.65257478,32.69327791,45.81,23.3,0.549,19.616,,9,153,0.473,64,16.8
2021-12,2021,12,Q4,UNI,Uniswap,DeFi / DEX,N/A,32.69327791,20.4363549,15.60146359,17.950884,-45.09,16.5,0.531,10.771,,38,530,0.305,55,-19.1
2022-01,2022,1,Q1,UNI,Uniswap,DeFi / DEX,N/A,17.950884,13.0812328,10.33391156,11.89710903,-33.72,16.4,0.245,7.138,,14,124,0.067,38,4.5
2022-02,2022,2,Q1,UNI,Uniswap,DeFi / DEX,N/A,11.89710903,13.38946166,9.65727271,11.92315953,0.22,22.2,0.069,7.154,,45,78,-0.723,31,-9.0
2022-03,2022,3,Q1,UNI,Uniswap,DeFi / DEX,N/A,11.92315953,10.49257453,8.64543433,9.14720676,-23.28,16.3,0.286,5.488,,56,346,0.032,41,-3.3
2022-04,2022,4,Q2,UNI,Uniswap,DeFi / DEX,N/A,9.14720676,8.48389055,7.70566897,8.01733288,-12.35,8.3,0.131,4.81,,9,180,0.017,42,2.5
2022-05,2022,5,Q2,UNI,Uniswap,DeFi / DEX,N/A,8.01733288,5.30272444,4.56366001,4.880751,-39.12,14.7,0.082,2.928,,15,218,-0.235,37,-8.2
2022-06,2022,6,Q2,UNI,Uniswap,DeFi / DEX,N/A,4.880751,3.05074064,2.37870916,2.59818228,-46.77,23.6,0.032,1.559,,34,163,-0.394,34,4.0
2022-07,2022,7,Q3,UNI,Uniswap,DeFi / DEX,N/A,2.59818228,2.83668729,2.28155631,2.57707744,-0.81,13.5,0.07,1.546,,35,253,-0.624,31,11.4
2022-08,2022,8,Q3,UNI,Uniswap,DeFi / DEX,N/A,2.57707744,2.99433999,2.56024366,2.85326603,10.72,13.0,0.161,1.712,,14,52,-0.481,35,5.4
2022-09,2022,9,Q3,UNI,Uniswap,DeFi / DEX,N/A,2.85326603,3.81368888,2.80394401,3.29087611,15.34,18.4,0.055,1.975,,41,138,-0.077,27,-9.7
2022-10,2022,10,Q4,UNI,Uniswap,DeFi / DEX,N/A,3.29087611,4.21146399,2.59085574,3.39734204,3.24,24.6,0.088,2.038,,26,289,-0.039,40,-7.3
2022-11,2022,11,Q4,UNI,Uniswap,DeFi / DEX,N/A,3.39734204,4.64645008,3.19853786,3.8211545,12.47,22.4,0.063,2.293,,22,45,-0.002,46,2.7
2022-12,2022,12,Q4,UNI,Uniswap,DeFi / DEX,N/A,3.8211545,4.42848486,3.5893675,3.84861594,0.72,17.0,0.142,2.309,,10,284,-0.163,37,8.6
2023-01,2023,1,Q1,UNI,Uniswap,DeFi / DEX,N/A,3.84861594,8.79334477,7.80011358,8.29398638,115.51,8.8,0.108,4.976,,21,1068,0.106,35,5.9
2023-02,2023,2,Q1,UNI,Uniswap,DeFi / DEX,N/A,8.29398638,7.75058401,6.75478997,7.36386068,-11.21,15.1,0.169,4.418,,18,178,-0.284,29,5.0
2023-03,2023,3,Q1,UNI,Uniswap,DeFi / DEX,N/A,7.36386068,7.63662462,6.37388092,7.06904011,-4.0,10.8,0.138,4.241,,34,225,-0.681,47,-37.3
2023-04,2023,4,Q2,UNI,Uniswap,DeFi / DEX,N/A,7.06904011,11.65008627,9.97649262,10.66361265,50.85,11.5,0.595,6.398,,16,233,-0.319,45,-2.8
2023-05,2023,5,Q2,UNI,Uniswap,DeFi / DEX,N/A,10.66361265,12.69191639,8.17569295,10.31878786,-3.23,24.8,0.19,6.191,,16,79,-0.291,43,3.3
2023-06,2023,6,Q2,UNI,Uniswap,DeFi / DEX,N/A,10.31878786,15.2765064,11.70417262,13.16857566,27.62,22.5,0.219,7.901,,32,297,-0.861,59,-40.2
2023-07,2023,7,Q3,UNI,Uniswap,DeFi / DEX,N/A,13.16857566,12.33963236,10.75404766,11.57017016,-12.14,13.9,0.197,6.942,,19,556,-0.428,54,16.8
2023-08,2023,8,Q3,UNI,Uniswap,DeFi / DEX,N/A,11.57017016,17.15784338,14.29339188,16.30190954,40.9,12.9,0.189,9.781,,22,420,-0.331,57,0.2
2023-09,2023,9,Q3,UNI,Uniswap,DeFi / DEX,N/A,16.30190954,16.9012335,12.43023202,14.58096839,-10.56,18.7,0.174,8.749,,18,202,0.026,57,-17.7
2023-10,2023,10,Q4,UNI,Uniswap,DeFi / DEX,N/A,14.58096839,20.96688997,17.92165439,19.06242969,30.74,11.5,0.256,11.437,,26,87,0.084,66,19.2
2023-11,2023,11,Q4,UNI,Uniswap,DeFi / DEX,N/A,19.06242969,20.64080883,17.38435821,18.43688847,-3.28,12.4,0.237,11.062,,40,327,-0.084,53,-54.6
2023-12,2023,12,Q4,UNI,Uniswap,DeFi / DEX,N/A,18.43688847,19.06828007,16.95174204,17.89168788,-2.96,15.2,0.158,10.735,,37,41,0.059,67,-18.7
2024-01,2024,1,Q1,UNI,Uniswap,DeFi / DEX,N/A,17.89168788,23.69256086,21.3797963,22.29008132,24.58,9.7,0.493,13.374,,86,83,0.324,60,-53.0
2024-02,2024,2,Q1,UNI,Uniswap,DeFi / DEX,N/A,22.29008132,31.25138143,22.36693216,28.31941516,27.05,23.6,0.149,16.992,,85,172,0.005,72,28.0
2024-03,2024,3,Q1,UNI,Uniswap,DeFi / DEX,N/A,28.31941516,40.21989658,33.74797877,37.04616302,30.82,9.5,0.347,22.228,,129,749,0.663,76,74.9
2024-04,2024,4,Q2,UNI,Uniswap,DeFi / DEX,N/A,37.04616302,36.35169203,32.32628517,34.1963249,-7.69,10.0,0.193,20.518,,12,174,0.55,83,4.6
2024-05,2024,5,Q2,UNI,Uniswap,DeFi / DEX,N/A,34.1963249,37.1737233,31.20112216,33.6570501,-1.58,22.4,0.623,20.194,,27,165,0.782,89,-7.7
2024-06,2024,6,Q2,UNI,Uniswap,DeFi / DEX,N/A,33.6570501,41.12690107,34.69651995,39.03476133,15.98,12.3,0.236,23.421,,40,177,0.506,67,60.0
2024-07,2024,7,Q3,UNI,Uniswap,DeFi / DEX,N/A,39.03476133,26.6990062,23.02750546,25.06690373,-35.78,11.4,0.306,15.04,,9,66,0.488,76,-0.3
2024-08,2024,8,Q3,UNI,Uniswap,DeFi / DEX,N/A,25.06690373,31.2039173,24.17644928,27.7092274,10.54,13.8,0.269,16.626,,26,79,0.605,60,-80.1
2024-09,2024,9,Q3,UNI,Uniswap,DeFi / DEX,N/A,27.7092274,28.54692279,21.05847673,24.34148892,-12.15,21.3,0.395,14.605,,23,102,0.297,55,29.9
2024-10,2024,10,Q4,UNI,Uniswap,DeFi / DEX,N/A,24.34148892,28.39992765,24.70049862,26.44610327,8.65,14.3,0.24,15.868,,26,556,0.394,66,53.9
2024-11,2024,11,Q4,UNI,Uniswap,DeFi / DEX,N/A,26.44610327,34.90117725,29.01735588,33.13572651,25.3,17.6,0.135,19.881,,22,111,0.591,64,20.3
2024-12,2024,12,Q4,UNI,Uniswap,DeFi / DEX,N/A,33.13572651,24.90374882,21.39024082,23.07808378,-30.35,12.3,0.234,13.847,,18,246,0.277,61,5.7
2025-01,2025,1,Q1,UNI,Uniswap,DeFi / DEX,N/A,23.07808378,34.87691282,24.82093075,30.04017064,30.17,18.3,0.706,18.024,,27,202,0.548,67,29.6
2025-02,2025,2,Q1,UNI,Uniswap,DeFi / DEX,N/A,30.04017064,38.4279104,33.72585977,36.90752366,22.86,13.5,0.426,22.145,,11,111,0.611,68,39.6
2025-03,2025,3,Q1,UNI,Uniswap,DeFi / DEX,N/A,36.90752366,42.71171079,33.27199612,36.44902239,-1.24,24.4,0.358,21.869,,26,114,0.828,74,-28.7
2025-04,2025,4,Q2,UNI,Uniswap,DeFi / DEX,N/A,36.44902239,35.99462607,31.65750663,34.02598028,-6.65,13.6,0.323,20.416,,46,248,0.519,67,-5.0
2025-05,2025,5,Q2,UNI,Uniswap,DeFi / DEX,N/A,34.02598028,36.55836785,29.75860287,34.41476599,1.14,18.0,0.327,20.649,,29,168,0.434,65,-21.6
2025-06,2025,6,Q2,UNI,Uniswap,DeFi / DEX,N/A,34.41476599,38.61520704,28.52644551,33.73059025,-1.99,15.5,0.191,20.238,,12,61,0.913,87,11.7
2025-07,2025,7,Q3,UNI,Uniswap,DeFi / DEX,N/A,33.73059025,40.48863114,33.07212627,36.04950141,6.87,14.7,0.338,21.63,,50,191,0.878,73,63.6
2025-08,2025,8,Q3,UNI,Uniswap,DeFi / DEX,N/A,36.04950141,36.54032639,30.52253772,34.24153991,-5.02,15.5,0.137,20.545,,46,551,0.921,66,14.3
2025-09,2025,9,Q3,UNI,Uniswap,DeFi / DEX,N/A,34.24153991,34.66599733,30.90128076,32.21581988,-5.92,9.2,0.471,19.329,,23,260,0.764,83,-11.0
2025-10,2025,10,Q4,UNI,Uniswap,DeFi / DEX,N/A,32.21581988,47.5789108,39.70735734,43.67552168,35.57,9.9,0.226,26.205,,21,85,0.497,93,-36.0
2025-11,2025,11,Q4,UNI,Uniswap,DeFi / DEX,N/A,43.67552168,36.53249391,27.98615189,31.87646205,-27.02,19.7,0.353,19.126,,5,203,0.687,69,-40.9
2025-12,2025,12,Q4,UNI,Uniswap,DeFi / DEX,N/A,31.87646205,35.28584744,28.27389974,30.17232311,-5.35,19.3,0.13,18.103,,21,178,0.61,85,-22.1
2026-01,2026,1,Q1,UNI,Uniswap,DeFi / DEX,N/A,30.17232311,38.79581122,30.20849965,36.16751892,19.87,17.4,0.237,21.701,,100,719,1.0,63,22.2
2026-02,2026,2,Q1,UNI,Uniswap,DeFi / DEX,N/A,36.16751892,32.27042128,27.54219948,30.00432417,-17.04,20.1,0.611,18.003,,33,121,0.984,91,34.5
2026-03,2026,3,Q1,UNI,Uniswap,DeFi / DEX,N/A,30.00432417,43.09467987,31.53434225,36.79900743,22.65,18.3,0.668,22.079,,23,300,0.74,46,-9.0
2020-01,2020,1,Q1,AAVE,Aave,DeFi / Lending,N/A,143.14584888,167.89417678,134.53037803,147.73241449,3.2,23.0,0.154,1.418,,45,167,-0.188,48,0.6
2020-02,2020,2,Q1,AAVE,Aave,DeFi / Lending,N/A,147.73241449,181.58442618,138.07104203,156.88032325,6.19,18.2,0.112,1.506,,41,209,0.71,51,-21.8
2020-03,2020,3,Q1,AAVE,Aave,DeFi / Lending,N/A,156.88032325,176.31106609,149.588206,161.32821997,2.84,11.7,0.339,1.549,,28,177,0.248,64,9.7
2020-04,2020,4,Q2,AAVE,Aave,DeFi / Lending,N/A,161.32821997,210.71536611,153.24436399,186.08279015,15.34,20.7,0.168,1.786,,36,188,-0.26,49,-11.3
2020-05,2020,5,Q2,AAVE,Aave,DeFi / Lending,N/A,186.08279015,214.40577982,176.60776741,195.52753306,5.08,13.3,0.336,1.877,,43,220,0.377,48,22.1
2020-06,2020,6,Q2,AAVE,Aave,DeFi / Lending,N/A,195.52753306,271.27200009,232.0426475,257.27738511,31.58,10.7,0.364,2.47,,52,214,0.327,47,33.0
2020-07,2020,7,Q3,AAVE,Aave,DeFi / Lending,N/A,257.27738511,373.62626358,307.12879069,340.97368064,32.53,17.2,0.271,3.273,,25,228,0.83,48,18.6
2020-08,2020,8,Q3,AAVE,Aave,DeFi / Lending,N/A,340.97368064,399.95331953,290.62529743,368.0492918,7.94,23.0,0.149,3.533,,18,154,0.834,68,19.4
2020-09,2020,9,Q3,AAVE,Aave,DeFi / Lending,N/A,368.0492918,458.56369233,304.13196989,392.77037946,6.72,23.4,0.255,3.771,,9,177,-0.339,63,-67.7
2020-10,2020,10,Q4,AAVE,Aave,DeFi / Lending,N/A,392.77037946,364.74010872,312.15334,328.58501268,-16.34,15.2,0.32,3.154,,25,164,-0.125,62,-23.0
2020-11,2020,11,Q4,AAVE,Aave,DeFi / Lending,N/A,328.58501268,495.3242626,344.05071178,416.3026915,26.7,22.2,0.43,3.997,,34,391,0.289,72,-26.8
2020-12,2020,12,Q4,AAVE,Aave,DeFi / Lending,N/A,416.3026915,429.61135477,370.1048958,392.80784121,-5.64,10.1,0.191,3.771,,40,193,0.452,73,64.7
2021-01,2021,1,Q1,AAVE,Aave,DeFi / Lending,N/A,392.80784121,635.59695264,540.08472304,577.80452376,47.1,17.6,0.37,5.547,,7,206,1.0,59,-22.9
2021-02,2021,2,Q1,AAVE,Aave,DeFi / Lending,N/A,577.80452376,738.19961603,537.16762301,678.16216989,17.37,23.3,0.474,6.51,,103,100,1.0,72,28.5
2021-03,2021,3,Q1,AAVE,Aave,DeFi / Lending,N/A,678.16216989,620.5757702,488.41309797,537.09001858,-20.8,20.2,0.383,5.156,,39,123,0.82,83,-5.9
2021-04,2021,4,Q2,AAVE,Aave,DeFi / Lending,N/A,537.09001858,666.50285479,570.08488521,608.4590159,13.29,17.1,1.067,5.841,,15,286,0.874,91,36.9
2021-05,2021,5,Q2,AAVE,Aave,DeFi / Lending,N/A,608.4590159,405.14706555,272.95034344,332.45212582,-45.36,24.2,0.514,3.192,,21,265,0.122,74,-47.0
2021-06,2021,6,Q2,AAVE,Aave,DeFi / Lending,N/A,332.45212582,425.33253452,303.52741989,367.86860607,10.65,22.1,0.24,3.532,,21,263,0.789,61,-39.6
2021-07,2021,7,Q3,AAVE,Aave,DeFi / Lending,N/A,367.86860607,448.42526103,397.21288418,420.46544782,14.3,13.2,0.121,4.036,,6,166,0.535,64,-3.3
2021-08,2021,8,Q3,AAVE,Aave,DeFi / Lending,N/A,420.46544782,482.23728256,419.90612631,457.66387434,8.85,9.4,0.253,4.394,,35,212,-0.089,73,34.6
2021-09,2021,9,Q3,AAVE,Aave,DeFi / Lending,N/A,457.66387434,522.80247733,370.97279343,471.79068939,3.09,21.5,0.507,4.529,,9,120,0.133,66,49.5
2021-10,2021,10,Q4,AAVE,Aave,DeFi / Lending,N/A,471.79068939,361.01318268,320.66970071,348.77399532,-26.07,10.2,0.274,3.348,,33,156,0.362,65,-15.9
2021-11,2021,11,Q4,AAVE,Aave,DeFi / Lending,N/A,348.77399532,523.34607218,377.00372358,437.19542276,25.35,22.5,0.329,4.197,,76,188,0.347,54,28.7
2021-12,2021,12,Q4,AAVE,Aave,DeFi / Lending,N/A,437.19542276,290.08735143,244.61682499,265.60370417,-39.25,16.7,0.394,2.55,,36,219,0.281,69,-21.0
2022-01,2022,1,Q1,AAVE,Aave,DeFi / Lending,N/A,265.60370417,182.76217392,144.0100034,163.19366063,-38.56,18.3,0.251,1.567,,41,287,-0.155,47,-16.5
2022-02,2022,2,Q1,AAVE,Aave,DeFi / Lending,N/A,163.19366063,167.49549939,144.39734075,155.74208128,-4.57,13.3,0.298,1.495,,27,77,0.173,58,-6.3
2022-03,2022,3,Q1,AAVE,Aave,DeFi / Lending,N/A,155.74208128,133.22929662,102.57784531,110.21949859,-29.23,21.0,0.133,1.058,,31,494,-0.035,52,-19.7
2022-04,2022,4,Q2,AAVE,Aave,DeFi / Lending,N/A,110.21949859,108.62111728,90.80015424,99.32742822,-9.88,10.6,0.071,0.954,,22,1291,-0.059,53,7.4
2022-05,2022,5,Q2,AAVE,Aave,DeFi / Lending,N/A,99.32742822,84.43345678,70.66597114,77.3451023,-22.13,9.8,0.035,0.743,,40,58,0.101,40,10.9
2022-06,2022,6,Q2,AAVE,Aave,DeFi / Lending,N/A,77.3451023,49.02308712,37.72317847,43.66475406,-43.55,19.8,0.091,0.419,,40,127,-0.236,45,3.8
2022-07,2022,7,Q3,AAVE,Aave,DeFi / Lending,N/A,43.66475406,57.03214196,43.42702104,52.63659967,20.55,20.8,0.068,0.505,,31,1280,-0.65,43,-6.3
2022-08,2022,8,Q3,AAVE,Aave,DeFi / Lending,N/A,52.63659967,59.90755418,48.52581723,53.52477899,1.69,15.6,0.071,0.514,,83,149,-0.351,24,-12.7
2022-09,2022,9,Q3,AAVE,Aave,DeFi / Lending,N/A,53.52477899,51.23469737,38.47370159,44.43267794,-16.99,18.9,0.127,0.427,,110,160,-0.709,42,-9.7
2022-10,2022,10,Q4,AAVE,Aave,DeFi / Lending,N/A,44.43267794,51.59439686,35.08555172,43.93727364,-1.11,22.2,0.047,0.422,,20,166,-0.408,36,-2.8
2022-11,2022,11,Q4,AAVE,Aave,DeFi / Lending,N/A,43.93727364,52.66279971,37.55696796,43.21021534,-1.65,24.3,0.045,0.415,,16,587,-0.6,36,0.9
2022-12,2022,12,Q4,AAVE,Aave,DeFi / Lending,N/A,43.21021534,61.91820991,53.80454104,56.27284828,30.23,10.7,0.135,0.54,,32,136,-0.306,36,-1.2
2023-01,2023,1,Q1,AAVE,Aave,DeFi / Lending,N/A,56.27284828,96.83942433,77.6112453,89.01839237,58.19,18.6,0.158,0.855,,20,200,-0.18,56,-0.1
2023-02,2023,2,Q1,AAVE,Aave,DeFi / Lending,N/A,89.01839237,150.44499992,110.01231172,127.11499921,42.8,20.2,0.109,1.22,,13,278,-0.025,46,10.3
2023-03,2023,3,Q1,AAVE,Aave,DeFi / Lending,N/A,127.11499921,150.1645562,120.43211831,137.71722583,8.34,15.1,0.098,1.322,,25,548,-0.36,19,1.3
2023-04,2023,4,Q2,AAVE,Aave,DeFi / Lending,N/A,137.71722583,193.53810601,131.74489715,162.87958596,18.27,20.5,0.141,1.564,,70,175,-0.194,64,-27.5
2023-05,2023,5,Q2,AAVE,Aave,DeFi / Lending,N/A,162.87958596,138.29562787,102.77759162,126.52218338,-22.32,24.8,0.144,1.215,,26,674,-0.073,42,-5.3
2023-06,2023,6,Q2,AAVE,Aave,DeFi / Lending,N/A,126.52218338,151.80534359,131.65046039,143.37193845,13.32,9.4,0.126,1.376,,26,189,0.131,55,20.5
2023-07,2023,7,Q3,AAVE,Aave,DeFi / Lending,N/A,143.37193845,200.60298685,160.67412909,178.70723499,24.65,19.3,0.198,1.716,,10,236,0.088,46,-11.3
2023-08,2023,8,Q3,AAVE,Aave,DeFi / Lending,N/A,178.70723499,180.21483068,156.36775052,167.30279564,-6.38,18.1,0.302,1.606,,62,166,0.564,31,32.5
2023-09,2023,9,Q3,AAVE,Aave,DeFi / Lending,N/A,167.30279564,227.59606381,201.87605717,212.19923203,26.84,12.1,0.168,2.037,,26,82,0.185,57,-15.3
2023-10,2023,10,Q4,AAVE,Aave,DeFi / Lending,N/A,212.19923203,231.39550476,193.00694613,210.55410215,-0.78,15.9,0.245,2.021,,20,174,-0.216,52,-4.4
2023-11,2023,11,Q4,AAVE,Aave,DeFi / Lending,N/A,210.55410215,314.96708027,261.38835638,292.4751866,38.91,15.4,0.681,2.808,,7,287,0.016,24,-24.5
2023-12,2023,12,Q4,AAVE,Aave,DeFi / Lending,N/A,292.4751866,330.50936461,245.68214346,280.9976071,-3.92,21.0,0.365,2.698,,99,389,0.886,61,14.9
2024-01,2024,1,Q1,AAVE,Aave,DeFi / Lending,N/A,280.9976071,395.37664396,302.29944926,356.30243055,26.8,17.3,0.305,3.421,,19,96,0.404,66,28.3
2024-02,2024,2,Q1,AAVE,Aave,DeFi / Lending,N/A,356.30243055,425.25599772,356.24590266,389.73141516,9.38,17.8,0.415,3.741,,48,201,0.423,73,18.0
2024-03,2024,3,Q1,AAVE,Aave,DeFi / Lending,N/A,389.73141516,425.90087746,358.9922961,405.17726951,3.96,14.2,0.356,3.89,,51,96,0.846,84,30.7
2024-04,2024,4,Q2,AAVE,Aave,DeFi / Lending,N/A,405.17726951,603.53228796,418.50624514,500.84213466,23.61,25.0,0.27,4.808,,19,256,0.955,66,36.4
2024-05,2024,5,Q2,AAVE,Aave,DeFi / Lending,N/A,500.84213466,509.25502677,447.56997797,473.00543922,-5.56,13.6,0.503,4.541,,43,198,0.231,79,57.8
2024-06,2024,6,Q2,AAVE,Aave,DeFi / Lending,N/A,473.00543922,519.63926598,392.54696541,443.14126413,-6.31,21.5,0.48,4.254,,40,134,0.494,57,49.6
2024-07,2024,7,Q3,AAVE,Aave,DeFi / Lending,N/A,443.14126413,357.76172962,274.55301623,324.91828245,-26.68,24.9,0.782,3.119,,22,273,0.496,67,-19.5
2024-08,2024,8,Q3,AAVE,Aave,DeFi / Lending,N/A,324.91828245,400.91300928,330.79752095,357.10195028,9.91,21.1,0.222,3.428,,44,743,0.481,70,45.1
2024-09,2024,9,Q3,AAVE,Aave,DeFi / Lending,N/A,357.10195028,506.20452784,381.07953437,436.61369672,22.27,17.3,0.195,4.191,,24,168,0.411,71,-12.6
2024-10,2024,10,Q4,AAVE,Aave,DeFi / Lending,N/A,436.61369672,371.82273084,300.4785128,331.25239105,-24.13,16.2,0.709,3.18,,19,498,0.472,72,-9.4
2024-11,2024,11,Q4,AAVE,Aave,DeFi / Lending,N/A,331.25239105,441.24362373,379.55811221,403.80740116,21.9,10.5,1.106,3.877,,17,485,0.495,56,25.0
2024-12,2024,12,Q4,AAVE,Aave,DeFi / Lending,N/A,403.80740116,423.62194641,316.68760293,376.03372244,-6.88,23.5,0.409,3.61,,22,1023,0.741,52,34.8
2025-01,2025,1,Q1,AAVE,Aave,DeFi / Lending,N/A,376.03372244,525.42013874,400.08750909,449.79065226,19.61,19.2,1.038,4.318,,79,148,0.446,56,-2.7
2025-02,2025,2,Q1,AAVE,Aave,DeFi / Lending,N/A,449.79065226,599.02812483,483.02869613,549.18816058,22.1,14.4,0.809,5.272,,39,168,0.912,64,-46.3
2025-03,2025,3,Q1,AAVE,Aave,DeFi / Lending,N/A,549.18816058,436.98900518,378.8000287,403.97934933,-26.44,17.8,0.625,3.878,,21,88,0.684,68,-1.2
2025-04,2025,4,Q2,AAVE,Aave,DeFi / Lending,N/A,403.97934933,641.85350583,518.7474892,574.29171986,42.16,17.4,0.335,5.513,,110,558,0.916,80,-69.6
2025-05,2025,5,Q2,AAVE,Aave,DeFi / Lending,N/A,574.29171986,653.00937436,513.756642,582.32263197,1.4,15.0,0.198,5.59,,17,69,-0.045,83,11.9
2025-06,2025,6,Q2,AAVE,Aave,DeFi / Lending,N/A,582.32263197,534.28354903,458.18532729,505.56769265,-13.18,16.0,0.307,4.853,,17,109,0.706,78,-12.5
2025-07,2025,7,Q3,AAVE,Aave,DeFi / Lending,N/A,505.56769265,539.34016511,387.16543223,460.86051982,-8.84,22.2,0.705,4.424,,32,809,0.804,74,18.4
2025-08,2025,8,Q3,AAVE,Aave,DeFi / Lending,N/A,460.86051982,497.71277224,414.46999158,467.54212336,1.45,17.9,0.198,4.488,,8,150,0.434,79,-16.9
2025-09,2025,9,Q3,AAVE,Aave,DeFi / Lending,N/A,467.54212336,646.33607514,497.74516296,569.95158397,21.9,22.3,0.28,5.472,,77,239,0.481,82,56.5
2025-10,2025,10,Q4,AAVE,Aave,DeFi / Lending,N/A,569.95158397,597.64592878,470.23916298,512.51727536,-10.08,18.7,0.215,4.92,,10,260,0.616,74,-58.2
2025-11,2025,11,Q4,AAVE,Aave,DeFi / Lending,N/A,512.51727536,494.19076676,444.22767037,471.59417435,-7.98,13.0,0.302,4.527,,16,110,0.963,80,-53.2
2025-12,2025,12,Q4,AAVE,Aave,DeFi / Lending,N/A,471.59417435,656.72665893,520.69029922,581.47687069,23.3,13.4,0.307,5.582,,91,386,0.352,74,-13.8
2026-01,2026,1,Q1,AAVE,Aave,DeFi / Lending,N/A,581.47687069,529.87555717,437.1830532,477.28862186,-17.92,12.4,0.778,4.582,,60,83,0.445,85,-22.6
2026-02,2026,2,Q1,AAVE,Aave,DeFi / Lending,N/A,477.28862186,587.03873801,507.98759297,542.40330484,13.64,9.6,0.309,5.207,,27,244,0.296,61,32.0
2026-03,2026,3,Q1,AAVE,Aave,DeFi / Lending,N/A,542.40330484,577.87152273,461.29520719,517.20676048,-4.65,15.0,0.582,4.965,,47,319,0.959,88,30.6
2018-01,2018,1,Q1,DOGE,Dogecoin,Meme,PoW,0.04954078,0.06484579,0.04625804,0.05235007,5.67,24.1,0.122,0.052,,14,88,-0.192,49,3.1
2018-02,2018,2,Q1,DOGE,Dogecoin,Meme,PoW,0.05235007,0.06545856,0.05651163,0.060916,16.36,21.5,0.255,0.061,,54,70,-0.311,30,3.7
2018-03,2018,3,Q1,DOGE,Dogecoin,Meme,PoW,0.060916,0.06218468,0.05374668,0.05779902,-5.12,20.7,0.112,0.058,,17,148,-0.737,20,-10.8
2018-04,2018,4,Q2,DOGE,Dogecoin,Meme,PoW,0.05779902,0.04671783,0.0357783,0.04185743,-27.58,24.6,0.071,0.042,,30,33,0.064,34,1.1
2018-05,2018,5,Q2,DOGE,Dogecoin,Meme,PoW,0.04185743,0.05476147,0.04855317,0.05116874,22.25,16.2,0.126,0.051,,23,93,-0.778,19,-5.7
2018-06,2018,6,Q2,DOGE,Dogecoin,Meme,PoW,0.05116874,0.04257166,0.03652626,0.04060646,-20.64,16.1,0.061,0.041,,59,144,-0.222,40,8.9
2018-07,2018,7,Q3,DOGE,Dogecoin,Meme,PoW,0.04060646,0.04342497,0.03915956,0.04145963,2.1,8.5,0.14,0.041,,23,147,-0.179,35,0.3
2018-08,2018,8,Q3,DOGE,Dogecoin,Meme,PoW,0.04145963,0.03914894,0.03151865,0.03513446,-15.26,12.1,0.056,0.035,,106,332,-0.135,22,4.6
2018-09,2018,9,Q3,DOGE,Dogecoin,Meme,PoW,0.03513446,0.03682146,0.0249897,0.03083222,-12.25,21.6,0.088,0.031,,8,139,-0.378,62,0.3
2018-10,2018,10,Q4,DOGE,Dogecoin,Meme,PoW,0.03083222,0.03565198,0.03118896,0.0325155,5.46,11.2,0.029,0.033,,43,46,-0.245,27,-4.1
2018-11,2018,11,Q4,DOGE,Dogecoin,Meme,PoW,0.0325155,0.0234612,0.0198362,0.02161615,-33.52,10.0,0.046,0.022,,44,206,-0.926,39,-1.8
2018-12,2018,12,Q4,DOGE,Dogecoin,Meme,PoW,0.02161615,0.02791129,0.02135948,0.02532972,17.18,16.9,0.088,0.025,,47,457,-0.715,31,20.6
2019-01,2019,1,Q1,DOGE,Dogecoin,Meme,PoW,0.02532972,0.04148653,0.03700971,0.0385789,52.31,11.8,0.086,0.039,,50,368,-0.32,41,8.8
2019-02,2019,2,Q1,DOGE,Dogecoin,Meme,PoW,0.0385789,0.04242726,0.03807341,0.04044238,4.83,10.3,0.093,0.04,,29,115,-0.463,22,13.6
2019-03,2019,3,Q1,DOGE,Dogecoin,Meme,PoW,0.04044238,0.05566414,0.03937886,0.04938962,22.12,21.7,0.093,0.049,,11,254,-0.454,36,-1.3
2019-04,2019,4,Q2,DOGE,Dogecoin,Meme,PoW,0.04938962,0.0684636,0.05024242,0.05981214,21.1,20.7,0.062,0.06,,25,197,-0.09,41,-7.8
2019-05,2019,5,Q2,DOGE,Dogecoin,Meme,PoW,0.05981214,0.06530232,0.04925129,0.05778762,-3.38,17.7,0.108,0.058,,19,444,-0.545,55,21.7
2019-06,2019,6,Q2,DOGE,Dogecoin,Meme,PoW,0.05778762,0.08448042,0.06119578,0.07294808,26.23,16.2,0.111,0.073,,54,133,-0.414,28,1.0
2019-07,2019,7,Q3,DOGE,Dogecoin,Meme,PoW,0.07294808,0.07875854,0.06021399,0.07264494,-0.42,22.1,0.151,0.073,,74,76,0.215,35,-23.7
2019-08,2019,8,Q3,DOGE,Dogecoin,Meme,PoW,0.07264494,0.06724142,0.05565574,0.06270138,-13.69,17.0,0.115,0.063,,25,195,-0.167,41,1.5
2019-09,2019,9,Q3,DOGE,Dogecoin,Meme,PoW,0.06270138,0.08682062,0.06863037,0.07838496,25.01,22.1,0.059,0.078,,142,247,-0.407,43,-6.1
2019-10,2019,10,Q4,DOGE,Dogecoin,Meme,PoW,0.07838496,0.09306266,0.08118306,0.08661142,10.49,13.0,0.111,0.087,,9,276,-0.033,53,-3.6
2019-11,2019,11,Q4,DOGE,Dogecoin,Meme,PoW,0.08661142,0.10851484,0.09352552,0.10131063,16.97,11.7,0.182,0.101,,60,397,0.382,54,2.9
2019-12,2019,12,Q4,DOGE,Dogecoin,Meme,PoW,0.10131063,0.11232864,0.08312643,0.09561078,-5.63,18.9,0.171,0.096,,196,265,-0.244,60,-7.2
2020-01,2020,1,Q1,DOGE,Dogecoin,Meme,PoW,0.09561078,0.0974313,0.08155854,0.08811594,-7.84,12.3,0.219,0.088,,46,61,0.046,32,7.0
2020-02,2020,2,Q1,DOGE,Dogecoin,Meme,PoW,0.08811594,0.13445827,0.09880852,0.11816459,34.1,17.8,0.258,0.118,,85,28,0.153,32,-3.3
2020-03,2020,3,Q1,DOGE,Dogecoin,Meme,PoW,0.11816459,0.14178797,0.10563181,0.12555389,6.25,22.7,0.147,0.126,,33,169,-0.137,49,-21.7
2020-04,2020,4,Q2,DOGE,Dogecoin,Meme,PoW,0.12555389,0.13481819,0.12167847,0.12968837,3.29,11.7,0.129,0.13,,93,303,-0.042,54,49.1
2020-05,2020,5,Q2,DOGE,Dogecoin,Meme,PoW,0.12968837,0.15569494,0.13536057,0.14357739,10.71,12.9,0.125,0.144,,11,177,0.117,59,-3.6
2020-06,2020,6,Q2,DOGE,Dogecoin,Meme,PoW,0.14357739,0.23790551,0.20788631,0.22187396,54.53,18.3,0.205,0.222,,21,225,0.622,59,-32.5
2020-07,2020,7,Q3,DOGE,Dogecoin,Meme,PoW,0.22187396,0.24925017,0.17359512,0.20818699,-6.17,20.5,0.191,0.208,,65,96,0.732,49,-10.5
2020-08,2020,8,Q3,DOGE,Dogecoin,Meme,PoW,0.20818699,0.24209676,0.19883004,0.23056907,10.75,16.1,0.504,0.231,,38,561,0.337,53,-9.9
2020-09,2020,9,Q3,DOGE,Dogecoin,Meme,PoW,0.23056907,0.32241397,0.24836774,0.27366424,18.69,21.3,0.672,0.274,,10,543,0.353,68,-24.1
2020-10,2020,10,Q4,DOGE,Dogecoin,Meme,PoW,0.27366424,0.38279436,0.29225292,0.33543976,22.57,18.0,1.265,0.335,,58,216,-0.018,69,-35.0
2020-11,2020,11,Q4,DOGE,Dogecoin,Meme,PoW,0.33543976,0.52831582,0.37681448,0.43097673,28.48,23.3,0.403,0.431,,15,256,0.976,65,2.3
2020-12,2020,12,Q4,DOGE,Dogecoin,Meme,PoW,0.43097673,0.52235958,0.3951368,0.46491211,7.87,22.1,0.555,0.465,,9,205,0.484,62,25.8
2021-01,2021,1,Q1,DOGE,Dogecoin,Meme,PoW,0.46491211,0.7592365,0.60102034,0.6790185,46.05,16.8,0.51,0.679,,73,770,0.53,73,-32.4
2021-02,2021,2,Q1,DOGE,Dogecoin,Meme,PoW,0.6790185,0.66029845,0.55747806,0.59815669,-11.91,11.8,0.394,0.598,,62,207,0.462,75,55.2
2021-03,2021,3,Q1,DOGE,Dogecoin,Meme,PoW,0.59815669,0.57727606,0.51819578,0.54230215,-9.34,11.1,0.524,0.542,,83,76,0.511,93,-28.4
2021-04,2021,4,Q2,DOGE,Dogecoin,Meme,PoW,0.54230215,0.64372988,0.49657738,0.59603295,9.91,21.4,0.462,0.596,,13,528,1.0,89,52.9
2021-05,2021,5,Q2,DOGE,Dogecoin,Meme,PoW,0.59603295,0.2914424,0.23858689,0.26363689,-55.77,12.9,0.385,0.264,,50,188,0.461,40,36.1
2021-06,2021,6,Q2,DOGE,Dogecoin,Meme,PoW,0.26363689,0.28922816,0.22743023,0.26371347,0.03,15.6,0.221,0.264,,25,110,0.007,48,11.2
2021-07,2021,7,Q3,DOGE,Dogecoin,Meme,PoW,0.26371347,0.36045274,0.27241758,0.31326362,18.79,18.1,0.503,0.313,,17,389,0.445,51,36.5
2021-08,2021,8,Q3,DOGE,Dogecoin,Meme,PoW,0.31326362,0.35039023,0.27498681,0.30487117,-2.68,24.1,0.174,0.305,,50,370,0.526,67,-42.3
2021-09,2021,9,Q3,DOGE,Dogecoin,Meme,PoW,0.30487117,0.41471309,0.25246802,0.33421419,9.62,24.5,0.182,0.334,,21,657,0.703,68,6.0
2021-10,2021,10,Q4,DOGE,Dogecoin,Meme,PoW,0.33421419,0.44131684,0.35884818,0.40388734,20.85,13.0,0.5,0.404,,44,55,0.872,70,22.0
2021-11,2021,11,Q4,DOGE,Dogecoin,Meme,PoW,0.40388734,0.53452044,0.44464361,0.46851184,16.0,14.5,0.711,0.469,,15,327,0.555,70,10.3
2021-12,2021,12,Q4,DOGE,Dogecoin,Meme,PoW,0.46851184,0.31315933,0.24796059,0.27153751,-42.04,16.9,0.377,0.272,,18,286,0.127,58,18.5
2022-01,2022,1,Q1,DOGE,Dogecoin,Meme,PoW,0.27153751,0.14988955,0.11988272,0.12877011,-52.58,22.9,0.189,0.129,,26,503,-0.162,39,-6.6
2022-02,2022,2,Q1,DOGE,Dogecoin,Meme,PoW,0.12877011,0.10395121,0.08844711,0.09931765,-22.87,13.2,0.077,0.099,,41,232,-0.693,47,-4.6
2022-03,2022,3,Q1,DOGE,Dogecoin,Meme,PoW,0.09931765,0.07524925,0.05356171,0.06338701,-36.18,22.9,0.157,0.063,,17,584,0.199,49,-9.5
2022-04,2022,4,Q2,DOGE,Dogecoin,Meme,PoW,0.06338701,0.06118163,0.04762359,0.05624045,-11.27,22.0,0.079,0.056,,68,111,-0.094,45,5.4
2022-05,2022,5,Q2,DOGE,Dogecoin,Meme,PoW,0.05624045,0.03603368,0.0337534,0.0350778,-37.63,9.1,0.117,0.035,,4,262,-0.183,55,-21.3
2022-06,2022,6,Q2,DOGE,Dogecoin,Meme,PoW,0.0350778,0.01795673,0.01495854,0.01665942,-52.51,16.2,0.064,0.017,,44,126,-0.246,23,3.0
2022-07,2022,7,Q3,DOGE,Dogecoin,Meme,PoW,0.01665942,0.02369094,0.01891982,0.02039056,22.4,20.5,0.098,0.02,,35,220,-0.607,38,-8.5
2022-08,2022,8,Q3,DOGE,Dogecoin,Meme,PoW,0.02039056,0.0204955,0.01553039,0.01795372,-11.95,24.9,0.052,0.018,,48,108,0.349,44,9.1
2022-09,2022,9,Q3,DOGE,Dogecoin,Meme,PoW,0.01795372,0.02483458,0.02016337,0.02147371,19.61,19.3,0.085,0.021,,24,150,0.182,47,15.6
2022-10,2022,10,Q4,DOGE,Dogecoin,Meme,PoW,0.02147371,0.02510952,0.02026763,0.02374589,10.58,16.9,0.032,0.024,,23,171,-0.377,38,-1.3
2022-11,2022,11,Q4,DOGE,Dogecoin,Meme,PoW,0.02374589,0.01979089,0.01830178,0.01895139,-20.19,11.3,0.043,0.019,,66,452,-0.652,48,-1.7
2022-12,2022,12,Q4,DOGE,Dogecoin,Meme,PoW,0.01895139,0.02147834,0.0182396,0.01961582,3.51,10.0,0.087,0.02,,56,741,-0.221,16,10.1
2023-01,2023,1,Q1,DOGE,Dogecoin,Meme,PoW,0.01961582,0.05389372,0.03822224,0.04741574,141.72,22.2,0.185,0.047,,48,321,0.034,56,-12.6
2023-02,2023,2,Q1,DOGE,Dogecoin,Meme,PoW,0.04741574,0.07868879,0.06782558,0.07194589,51.73,12.0,0.069,0.072,,53,235,0.598,35,-7.0
2023-03,2023,3,Q1,DOGE,Dogecoin,Meme,PoW,0.07194589,0.07590408,0.05304521,0.06523229,-9.33,22.7,0.061,0.065,,70,664,-0.05,28,-11.5
2023-04,2023,4,Q2,DOGE,Dogecoin,Meme,PoW,0.06523229,0.07778451,0.07173647,0.07425597,13.83,8.7,0.112,0.074,,25,251,-0.043,37,20.4
2023-05,2023,5,Q2,DOGE,Dogecoin,Meme,PoW,0.07425597,0.12377819,0.09256616,0.1127508,51.84,19.8,0.133,0.113,,30,142,0.015,37,-14.9
2023-06,2023,6,Q2,DOGE,Dogecoin,Meme,PoW,0.1127508,0.11163699,0.08420366,0.09597954,-14.87,21.5,0.18,0.096,,18,127,0.015,56,7.6
2023-07,2023,7,Q3,DOGE,Dogecoin,Meme,PoW,0.09597954,0.16980477,0.12079074,0.14757302,53.75,22.4,0.3,0.148,,77,187,0.185,47,15.0
2023-08,2023,8,Q3,DOGE,Dogecoin,Meme,PoW,0.14757302,0.12299928,0.09446505,0.11432985,-22.53,20.4,0.196,0.114,,85,92,0.32,52,-45.3
2023-09,2023,9,Q3,DOGE,Dogecoin,Meme,PoW,0.11432985,0.19832909,0.16230718,0.17419126,52.36,15.1,0.259,0.174,,132,127,-0.71,46,-22.3
2023-10,2023,10,Q4,DOGE,Dogecoin,Meme,PoW,0.17419126,0.15340729,0.11866795,0.14194774,-18.51,21.8,0.102,0.142,,40,99,0.215,54,-22.0
2023-11,2023,11,Q4,DOGE,Dogecoin,Meme,PoW,0.14194774,0.2273156,0.17045806,0.20149103,41.95,22.6,0.158,0.201,,24,557,0.319,56,-4.9
2023-12,2023,12,Q4,DOGE,Dogecoin,Meme,PoW,0.20149103,0.27336972,0.20356029,0.23512673,16.69,23.0,0.33,0.235,,23,363,0.095,56,-23.7
2024-01,2024,1,Q1,DOGE,Dogecoin,Meme,PoW,0.23512673,0.43961632,0.34314379,0.38802079,65.03,15.1,0.49,0.388,,6,239,0.191,70,34.0
2024-02,2024,2,Q1,DOGE,Dogecoin,Meme,PoW,0.38802079,0.44504411,0.38006232,0.40395716,4.11,15.3,0.373,0.404,,25,122,0.859,71,7.3
2024-03,2024,3,Q1,DOGE,Dogecoin,Meme,PoW,0.40395716,0.3826126,0.34201028,0.36991863,-8.43,9.0,0.197,0.37,,54,246,0.628,66,34.8
2024-04,2024,4,Q2,DOGE,Dogecoin,Meme,PoW,0.36991863,0.63123632,0.5504009,0.58582477,58.37,10.9,0.334,0.586,,103,683,0.593,63,-52.4
2024-05,2024,5,Q2,DOGE,Dogecoin,Meme,PoW,0.58582477,0.66174662,0.51077329,0.57066291,-2.59,21.6,0.161,0.571,,110,408,0.495,82,-47.0
2024-06,2024,6,Q2,DOGE,Dogecoin,Meme,PoW,0.57066291,0.5566126,0.50417032,0.52555422,-7.9,9.7,0.448,0.526,,22,153,0.154,60,22.0
2024-07,2024,7,Q3,DOGE,Dogecoin,Meme,PoW,0.52555422,0.31526857,0.28987615,0.30429597,-42.1,11.7,0.372,0.304,,46,494,0.004,61,-13.0
2024-08,2024,8,Q3,DOGE,Dogecoin,Meme,PoW,0.30429597,0.42735756,0.3727697,0.4026536,32.32,10.0,0.252,0.403,,28,211,0.517,70,-20.0
2024-09,2024,9,Q3,DOGE,Dogecoin,Meme,PoW,0.4026536,0.48735691,0.37051109,0.42003163,4.32,24.3,0.298,0.42,,48,211,0.395,55,6.9
2024-10,2024,10,Q4,DOGE,Dogecoin,Meme,PoW,0.42003163,0.33878805,0.29458391,0.31594119,-24.78,11.7,0.349,0.316,,48,699,0.724,69,43.5
2024-11,2024,11,Q4,DOGE,Dogecoin,Meme,PoW,0.31594119,0.37644397,0.30847515,0.35753582,13.17,14.7,0.354,0.358,,45,147,0.518,69,-44.8
2024-12,2024,12,Q4,DOGE,Dogecoin,Meme,PoW,0.35753582,0.49349127,0.4179779,0.45558522,27.42,15.7,0.654,0.456,,34,335,0.188,85,40.5
2025-01,2025,1,Q1,DOGE,Dogecoin,Meme,PoW,0.45558522,0.41995922,0.32634416,0.36593092,-19.68,21.8,0.266,0.366,,11,78,1.0,78,-65.9
2025-02,2025,2,Q1,DOGE,Dogecoin,Meme,PoW,0.36593092,0.62726639,0.44461879,0.52386793,43.16,20.0,0.684,0.524,,9,83,0.582,73,-81.7
2025-03,2025,3,Q1,DOGE,Dogecoin,Meme,PoW,0.52386793,0.61015805,0.4932638,0.55797997,6.51,17.3,0.713,0.558,,8,330,1.0,68,3.5
2025-04,2025,4,Q2,DOGE,Dogecoin,Meme,PoW,0.55797997,0.53186671,0.4521609,0.47618913,-14.66,16.1,0.266,0.476,,29,82,0.777,67,-95.1
2025-05,2025,5,Q2,DOGE,Dogecoin,Meme,PoW,0.47618913,0.49034926,0.38711302,0.42800068,-10.12,16.4,0.295,0.428,,11,123,0.463,62,54.2
2025-06,2025,6,Q2,DOGE,Dogecoin,Meme,PoW,0.42800068,0.63517728,0.47885259,0.5502846,28.57,24.1,0.851,0.55,,14,261,0.071,83,-27.7
2025-07,2025,7,Q3,DOGE,Dogecoin,Meme,PoW,0.5502846,0.68656881,0.51943691,0.62939629,14.38,24.0,0.496,0.629,,57,232,0.487,62,12.0
2025-08,2025,8,Q3,DOGE,Dogecoin,Meme,PoW,0.62939629,0.52036502,0.41384053,0.48793551,-22.48,16.2,0.525,0.488,,33,79,0.985,84,11.3
2025-09,2025,9,Q3,DOGE,Dogecoin,Meme,PoW,0.48793551,0.62242432,0.53491081,0.58829363,20.57,14.4,0.607,0.588,,12,105,0.006,76,-10.2
2025-10,2025,10,Q4,DOGE,Dogecoin,Meme,PoW,0.58829363,0.65525568,0.45238859,0.55298643,-6.0,20.3,0.466,0.553,,27,60,0.569,70,-13.6
2025-11,2025,11,Q4,DOGE,Dogecoin,Meme,PoW,0.55298643,0.69465059,0.53657606,0.65069799,17.67,19.6,0.385,0.651,,12,134,0.653,74,-11.0
2025-12,2025,12,Q4,DOGE,Dogecoin,Meme,PoW,0.65069799,0.4844691,0.41838725,0.46063198,-29.21,10.4,0.283,0.461,,114,179,1.0,72,-84.7
2026-01,2026,1,Q1,DOGE,Dogecoin,Meme,PoW,0.46063198,0.4329297,0.40014139,0.42096594,-8.61,9.0,0.36,0.421,,31,97,0.647,94,12.8
2026-02,2026,2,Q1,DOGE,Dogecoin,Meme,PoW,0.42096594,0.57139538,0.48366816,0.52505675,24.73,8.9,0.397,0.525,,35,183,0.945,53,-37.7
2026-03,2026,3,Q1,DOGE,Dogecoin,Meme,PoW,0.52505675,0.51136271,0.39937144,0.44971707,-14.35,15.6,0.462,0.45,,10,365,0.811,69,3.8
2020-01,2020,1,Q1,SHIB,Shiba Inu,Meme,N/A,4.06e-06,5.02e-06,3.69e-06,4.42e-06,8.87,17.6,0.279,2651.973,,28,449,0.212,61,-13.5
2020-02,2020,2,Q1,SHIB,Shiba Inu,Meme,N/A,4.42e-06,7.12e-06,4.95e-06,6.21e-06,40.5,23.3,0.165,3725.963,,54,98,0.144,49,-9.9
2020-03,2020,3,Q1,SHIB,Shiba Inu,Meme,N/A,6.21e-06,7.6e-06,5.79e-06,6.47e-06,4.19,23.2,0.168,3881.961,,38,156,0.543,71,-10.5
2020-04,2020,4,Q2,SHIB,Shiba Inu,Meme,N/A,6.47e-06,1.128e-05,8.23e-06,1.017e-05,57.19,23.5,0.219,6101.939,,16,490,0.378,59,-0.9
2020-05,2020,5,Q2,SHIB,Shiba Inu,Meme,N/A,1.017e-05,1.372e-05,1.17e-05,1.272e-05,25.07,10.8,0.209,7631.924,,106,159,0.504,45,2.2
2020-06,2020,6,Q2,SHIB,Shiba Inu,Meme,N/A,1.272e-05,1.444e-05,1.176e-05,1.351e-05,6.21,20.1,0.161,8105.919,,32,80,0.53,52,14.9
2020-07,2020,7,Q3,SHIB,Shiba Inu,Meme,N/A,1.351e-05,1.679e-05,1.438e-05,1.557e-05,15.25,16.0,0.653,9341.907,,37,568,-0.217,75,39.2
2020-08,2020,8,Q3,SHIB,Shiba Inu,Meme,N/A,1.557e-05,2.859e-05,1.973e-05,2.349e-05,50.87,23.4,0.369,14093.859,,22,201,0.088,77,-30.0
2020-09,2020,9,Q3,SHIB,Shiba Inu,Meme,N/A,2.349e-05,2.716e-05,2.378e-05,2.521e-05,7.32,17.3,0.361,15125.849,,30,244,-0.08,55,46.3
2020-10,2020,10,Q4,SHIB,Shiba Inu,Meme,N/A,2.521e-05,4.232e-05,3.164e-05,3.5e-05,38.83,23.5,0.246,20999.79,,42,320,0.541,60,-37.4
2020-11,2020,11,Q4,SHIB,Shiba Inu,Meme,N/A,3.5e-05,4.02e-05,3.583e-05,3.83e-05,9.43,12.0,0.096,22979.77,,62,488,0.347,68,8.9
2020-12,2020,12,Q4,SHIB,Shiba Inu,Meme,N/A,3.83e-05,4.321e-05,3.523e-05,3.921e-05,2.38,16.0,0.281,23525.765,,69,118,0.623,65,-13.6
2021-01,2021,1,Q1,SHIB,Shiba Inu,Meme,N/A,3.921e-05,6.301e-05,4.978e-05,5.586e-05,42.46,14.8,0.543,33515.665,,171,173,0.951,77,-68.9
2021-02,2021,2,Q1,SHIB,Shiba Inu,Meme,N/A,5.586e-05,7.858e-05,5.217e-05,6.554e-05,17.33,24.4,0.53,39323.607,,57,372,1.0,67,8.3
2021-03,2021,3,Q1,SHIB,Shiba Inu,Meme,N/A,6.554e-05,8.821e-05,7.401e-05,8.101e-05,23.6,13.2,0.567,48605.514,,40,340,0.853,60,-26.4
2021-04,2021,4,Q2,SHIB,Shiba Inu,Meme,N/A,8.101e-05,8.518e-05,6.492e-05,8.013e-05,-1.09,20.4,0.195,48077.519,,94,368,1.0,81,114.0
2021-05,2021,5,Q2,SHIB,Shiba Inu,Meme,N/A,8.013e-05,2.644e-05,2.358e-05,2.499e-05,-68.81,8.4,0.259,14993.85,,66,145,0.257,47,4.9
2021-06,2021,6,Q2,SHIB,Shiba Inu,Meme,N/A,2.499e-05,3.688e-05,2.945e-05,3.317e-05,32.73,18.0,0.586,19901.801,,16,75,0.34,53,-29.4
2021-07,2021,7,Q3,SHIB,Shiba Inu,Meme,N/A,3.317e-05,3.046e-05,2.537e-05,2.826e-05,-14.8,11.9,0.415,16955.83,,7,23,-0.052,56,62.0
2021-08,2021,8,Q3,SHIB,Shiba Inu,Meme,N/A,2.826e-05,3.551e-05,3.112e-05,3.28e-05,16.07,8.7,0.31,19679.803,,49,73,0.392,81,22.6
2021-09,2021,9,Q3,SHIB,Shiba Inu,Meme,N/A,3.28e-05,3.3e-05,2.794e-05,3.125e-05,-4.73,11.0,0.559,18749.812,,35,86,0.577,68,-16.5
2021-10,2021,10,Q4,SHIB,Shiba Inu,Meme,N/A,3.125e-05,3.998e-05,3.502e-05,3.715e-05,18.88,18.1,0.187,22289.777,,97,110,0.146,63,4.0
2021-11,2021,11,Q4,SHIB,Shiba Inu,Meme,N/A,3.715e-05,3.565e-05,2.798e-05,3.177e-05,-14.48,21.2,0.261,19061.809,,20,118,0.328,75,48.0
2021-12,2021,12,Q4,SHIB,Shiba Inu,Meme,N/A,3.177e-05,2.443e-05,2.003e-05,2.195e-05,-30.91,14.0,0.15,13169.868,,10,776,-0.095,71,23.7
2022-01,2022,1,Q1,SHIB,Shiba Inu,Meme,N/A,2.195e-05,7.2e-06,6e-06,6.69e-06,-69.52,17.1,0.076,4013.96,,15,189,-0.304,53,9.6
2022-02,2022,2,Q1,SHIB,Shiba Inu,Meme,N/A,6.69e-06,6.15e-06,5.43e-06,5.71e-06,-14.65,11.3,0.158,3425.966,,54,372,-0.057,39,12.3
2022-03,2022,3,Q1,SHIB,Shiba Inu,Meme,N/A,5.71e-06,3.78e-06,3.3e-06,3.51e-06,-38.53,8.3,0.126,2105.979,,22,270,-0.276,46,14.3
2022-04,2022,4,Q2,SHIB,Shiba Inu,Meme,N/A,3.51e-06,2.64e-06,2.02e-06,2.39e-06,-31.91,21.3,0.104,1433.986,,24,159,-0.347,46,-24.2
2022-05,2022,5,Q2,SHIB,Shiba Inu,Meme,N/A,2.39e-06,1.85e-06,1.45e-06,1.63e-06,-31.8,19.5,0.074,977.99,,20,341,-0.164,54,1.1
2022-06,2022,6,Q2,SHIB,Shiba Inu,Meme,N/A,1.63e-06,5.6e-07,4.3e-07,4.8e-07,-70.55,21.3,0.074,287.997,,20,80,-0.3,42,2.4
2022-07,2022,7,Q3,SHIB,Shiba Inu,Meme,N/A,4.8e-07,4.8e-07,3.8e-07,4.1e-07,-14.58,19.7,0.06,245.998,,53,131,-0.243,16,0.5
2022-08,2022,8,Q3,SHIB,Shiba Inu,Meme,N/A,4.1e-07,5e-07,4.2e-07,4.8e-07,17.07,15.4,0.065,287.997,,7,250,-1.0,38,-6.1
2022-09,2022,9,Q3,SHIB,Shiba Inu,Meme,N/A,4.8e-07,5.7e-07,4.3e-07,5.2e-07,8.33,20.5,0.104,311.997,,52,124,0.011,42,3.6
2022-10,2022,10,Q4,SHIB,Shiba Inu,Meme,N/A,5.2e-07,6.1e-07,5.2e-07,5.9e-07,13.46,12.9,0.125,353.996,,25,404,0.004,29,5.9
2022-11,2022,11,Q4,SHIB,Shiba Inu,Meme,N/A,5.9e-07,6.6e-07,6e-07,6.3e-07,6.78,11.5,0.172,377.996,,21,196,-0.664,34,-0.6
2022-12,2022,12,Q4,SHIB,Shiba Inu,Meme,N/A,6.3e-07,7.5e-07,6.4e-07,7e-07,11.11,23.5,0.03,419.996,,37,31,-0.328,34,2.5
2023-01,2023,1,Q1,SHIB,Shiba Inu,Meme,N/A,7e-07,2.35e-06,2.07e-06,2.16e-06,208.57,9.5,0.114,1295.987,,106,240,-0.176,49,8.1
2023-02,2023,2,Q1,SHIB,Shiba Inu,Meme,N/A,2.16e-06,3.74e-06,3.11e-06,3.42e-06,58.33,14.6,0.094,2051.979,,31,328,-0.062,26,-29.5
2023-03,2023,3,Q1,SHIB,Shiba Inu,Meme,N/A,3.42e-06,4.08e-06,3.55e-06,3.84e-06,12.28,19.2,0.202,2303.977,,12,269,-0.021,27,-0.4
2023-04,2023,4,Q2,SHIB,Shiba Inu,Meme,N/A,3.84e-06,5.37e-06,4.28e-06,4.65e-06,21.09,15.4,0.083,2789.972,,38,355,-0.03,38,-26.1
2023-05,2023,5,Q2,SHIB,Shiba Inu,Meme,N/A,4.65e-06,5.85e-06,4.53e-06,5.1e-06,9.68,17.9,0.108,3059.969,,34,200,0.152,33,26.7
2023-06,2023,6,Q2,SHIB,Shiba Inu,Meme,N/A,5.1e-06,6.28e-06,5.54e-06,5.82e-06,14.12,10.6,0.153,3491.965,,35,334,0.307,54,22.2
2023-07,2023,7,Q3,SHIB,Shiba Inu,Meme,N/A,5.82e-06,8.9e-06,7.17e-06,8.04e-06,38.14,11.8,0.431,4823.952,,15,93,-0.263,52,12.4
2023-08,2023,8,Q3,SHIB,Shiba Inu,Meme,N/A,8.04e-06,1.16e-05,9.87e-06,1.046e-05,30.1,11.6,0.166,6275.937,,64,254,0.046,46,17.3
2023-09,2023,9,Q3,SHIB,Shiba Inu,Meme,N/A,1.046e-05,1.054e-05,7.99e-06,9.8e-06,-6.31,23.2,0.398,5879.941,,59,438,0.207,51,-51.5
2023-10,2023,10,Q4,SHIB,Shiba Inu,Meme,N/A,9.8e-06,1.107e-05,1.03e-05,1.06e-05,8.16,9.3,0.303,6359.936,,20,543,0.155,73,7.4
2023-11,2023,11,Q4,SHIB,Shiba Inu,Meme,N/A,1.06e-05,1.676e-05,1.238e-05,1.427e-05,34.62,22.3,0.145,8561.914,,30,141,0.126,64,35.8
2023-12,2023,12,Q4,SHIB,Shiba Inu,Meme,N/A,1.427e-05,1.647e-05,1.42e-05,1.572e-05,10.16,12.8,0.273,9431.906,,55,157,0.349,48,34.9
2024-01,2024,1,Q1,SHIB,Shiba Inu,Meme,N/A,1.572e-05,2.697e-05,2.158e-05,2.401e-05,52.74,23.6,0.218,14405.856,,21,325,0.801,60,25.4
2024-02,2024,2,Q1,SHIB,Shiba Inu,Meme,N/A,2.401e-05,3.772e-05,3.347e-05,3.616e-05,50.6,14.0,0.414,21695.783,,132,205,0.506,59,46.8
2024-03,2024,3,Q1,SHIB,Shiba Inu,Meme,N/A,3.616e-05,4.877e-05,4.134e-05,4.354e-05,20.41,13.8,0.679,26123.739,,10,86,1.0,54,-46.8
2024-04,2024,4,Q2,SHIB,Shiba Inu,Meme,N/A,4.354e-05,6.171e-05,4.493e-05,5.457e-05,25.33,21.0,0.41,32741.673,,25,173,0.796,65,-11.4
2024-05,2024,5,Q2,SHIB,Shiba Inu,Meme,N/A,5.457e-05,6.569e-05,5.226e-05,5.98e-05,9.58,25.0,0.195,35879.641,,10,170,0.66,59,-6.2
2024-06,2024,6,Q2,SHIB,Shiba Inu,Meme,N/A,5.98e-05,6.298e-05,5.046e-05,5.642e-05,-5.65,18.0,0.392,33851.661,,25,93,0.36,77,-70.2
2024-07,2024,7,Q3,SHIB,Shiba Inu,Meme,N/A,5.642e-05,3.291e-05,2.276e-05,2.805e-05,-50.28,20.0,0.77,16829.832,,48,276,0.204,61,-20.5
2024-08,2024,8,Q3,SHIB,Shiba Inu,Meme,N/A,2.805e-05,3.688e-05,2.895e-05,3.414e-05,21.71,24.3,0.281,20483.795,,53,97,0.755,55,-3.2
2024-09,2024,9,Q3,SHIB,Shiba Inu,Meme,N/A,3.414e-05,3.335e-05,2.628e-05,3.126e-05,-8.44,20.4,0.431,18755.812,,44,283,1.0,76,36.1
2024-10,2024,10,Q4,SHIB,Shiba Inu,Meme,N/A,3.126e-05,4.488e-05,3.44e-05,3.952e-05,26.42,23.5,0.439,23711.763,,7,239,0.289,47,-85.1
2024-11,2024,11,Q4,SHIB,Shiba Inu,Meme,N/A,3.952e-05,3.404e-05,2.645e-05,2.9e-05,-26.62,18.0,0.534,17399.826,,18,148,0.461,69,22.3
2024-12,2024,12,Q4,SHIB,Shiba Inu,Meme,N/A,2.9e-05,4.64e-05,3.103e-05,3.834e-05,32.21,21.3,0.439,23003.77,,16,163,0.591,75,7.4
2025-01,2025,1,Q1,SHIB,Shiba Inu,Meme,N/A,3.834e-05,4.151e-05,3.438e-05,3.869e-05,0.91,12.8,0.444,23213.768,,34,88,0.377,68,60.0
2025-02,2025,2,Q1,SHIB,Shiba Inu,Meme,N/A,3.869e-05,4.693e-05,4.207e-05,4.512e-05,16.62,8.1,0.295,27071.729,,41,174,1.0,61,10.9
2025-03,2025,3,Q1,SHIB,Shiba Inu,Meme,N/A,4.512e-05,5.214e-05,4.176e-05,4.755e-05,5.39,16.8,0.333,28529.715,,35,232,1.0,67,89.2
2025-04,2025,4,Q2,SHIB,Shiba Inu,Meme,N/A,4.755e-05,5.868e-05,4.631e-05,5.506e-05,15.79,19.2,0.287,33035.67,,89,313,0.635,54,57.4
2025-05,2025,5,Q2,SHIB,Shiba Inu,Meme,N/A,5.506e-05,5.49e-05,4.737e-05,5.195e-05,-5.65,12.9,0.54,31169.688,,30,1604,0.113,90,-59.2
2025-06,2025,6,Q2,SHIB,Shiba Inu,Meme,N/A,5.195e-05,6.691e-05,6.102e-05,6.321e-05,21.67,8.9,0.248,37925.621,,36,239,0.49,87,32.2
2025-07,2025,7,Q3,SHIB,Shiba Inu,Meme,N/A,6.321e-05,8.041e-05,6.412e-05,6.945e-05,9.87,15.8,0.224,41669.583,,30,93,0.74,81,5.2
2025-08,2025,8,Q3,SHIB,Shiba Inu,Meme,N/A,6.945e-05,5.972e-05,4.908e-05,5.468e-05,-21.27,11.8,0.346,32807.672,,9,527,1.0,81,36.2
2025-09,2025,9,Q3,SHIB,Shiba Inu,Meme,N/A,5.468e-05,6.439e-05,5.322e-05,5.601e-05,2.43,15.1,0.955,33605.664,,48,70,0.76,63,-34.3
2025-10,2025,10,Q4,SHIB,Shiba Inu,Meme,N/A,5.601e-05,6.791e-05,4.92e-05,5.706e-05,1.87,22.8,0.358,34235.658,,114,198,0.692,67,-25.6
2025-11,2025,11,Q4,SHIB,Shiba Inu,Meme,N/A,5.706e-05,7.657e-05,5.708e-05,6.651e-05,16.56,21.7,0.325,39905.601,,26,154,0.934,81,-27.9
2025-12,2025,12,Q4,SHIB,Shiba Inu,Meme,N/A,6.651e-05,7.859e-05,6.118e-05,6.642e-05,-0.14,22.9,0.248,39851.601,,56,1187,1.0,69,3.6
2026-01,2026,1,Q1,SHIB,Shiba Inu,Meme,N/A,6.642e-05,5.219e-05,4.241e-05,4.621e-05,-30.43,16.8,0.368,27725.723,,45,289,0.619,60,12.0
2026-02,2026,2,Q1,SHIB,Shiba Inu,Meme,N/A,4.621e-05,5.388e-05,4.174e-05,4.826e-05,4.44,17.0,0.711,28955.71,,40,38,0.863,70,12.6
2026-03,2026,3,Q1,SHIB,Shiba Inu,Meme,N/A,4.826e-05,6.236e-05,4.959e-05,5.488e-05,13.72,21.6,0.32,32927.671,,10,564,0.513,68,17.7
2019-01,2019,1,Q1,FTT,FTX Token,Exchange Token,N/A,9.67640208,10.50563507,8.65445201,9.5748456,-1.05,13.7,0.076,2.022,,59,37,-0.594,55,-1.5
2019-02,2019,2,Q1,FTT,FTX Token,Exchange Token,N/A,9.5748456,12.03465447,7.98807571,9.96831626,4.11,23.3,0.085,2.105,,77,384,-0.085,35,-7.4
2019-03,2019,3,Q1,FTT,FTX Token,Exchange Token,N/A,9.96831626,14.92151442,11.19337972,13.32117662,33.64,22.4,0.127,2.813,,101,208,-0.194,36,-6.9
2019-04,2019,4,Q2,FTT,FTX Token,Exchange Token,N/A,13.32117662,13.27349413,12.08220803,12.84101831,-3.6,11.1,0.043,2.712,,27,1043,0.096,50,8.3
2019-05,2019,5,Q2,FTT,FTX Token,Exchange Token,N/A,12.84101831,12.20075753,10.65290485,11.28899345,-12.09,9.2,0.114,2.384,,23,152,-0.173,48,-20.5
2019-06,2019,6,Q2,FTT,FTX Token,Exchange Token,N/A,11.28899345,16.39553106,12.57219799,14.61382869,29.45,21.4,0.064,3.086,,9,178,-0.065,57,8.4
2019-07,2019,7,Q3,FTT,FTX Token,Exchange Token,N/A,14.61382869,16.33292019,15.17002562,15.70466036,7.46,9.9,0.193,3.317,,41,370,0.084,38,-3.1
2019-08,2019,8,Q3,FTT,FTX Token,Exchange Token,N/A,15.70466036,15.31444983,12.4924191,14.12592107,-10.05,20.3,0.149,2.983,,17,584,0.055,42,15.4
2019-09,2019,9,Q3,FTT,FTX Token,Exchange Token,N/A,14.12592107,21.60539978,18.14593621,19.76538794,39.92,22.1,0.164,4.174,,39,114,-0.372,57,21.6
2019-10,2019,10,Q4,FTT,FTX Token,Exchange Token,N/A,19.76538794,19.68262102,17.14910224,18.89794747,-4.39,13.4,0.151,3.991,,20,182,0.168,57,7.5
2019-11,2019,11,Q4,FTT,FTX Token,Exchange Token,N/A,18.89794747,17.53183946,15.49431062,16.60460218,-12.14,8.7,0.207,3.507,,65,121,-0.313,32,3.7
2019-12,2019,12,Q4,FTT,FTX Token,Exchange Token,N/A,16.60460218,16.87043375,14.16135779,15.74153308,-5.2,11.1,0.359,3.325,,45,182,-0.368,49,15.5
2020-01,2020,1,Q1,FTT,FTX Token,Exchange Token,N/A,15.74153308,20.13456652,17.60003254,18.92665193,20.23,17.6,0.265,3.997,,45,176,-0.384,46,4.4
2020-02,2020,2,Q1,FTT,FTX Token,Exchange Token,N/A,18.92665193,18.02576966,15.20415408,16.11211912,-14.87,15.4,0.326,3.403,,28,115,-0.238,56,0.5
2020-03,2020,3,Q1,FTT,FTX Token,Exchange Token,N/A,16.11211912,22.74403005,16.46751457,19.38917753,20.34,21.4,0.123,4.095,,22,58,-0.123,48,-10.7
2020-04,2020,4,Q2,FTT,FTX Token,Exchange Token,N/A,19.38917753,26.59021265,17.36076089,21.96679369,13.29,22.5,0.106,4.639,,9,96,-0.25,60,-0.9
2020-05,2020,5,Q2,FTT,FTX Token,Exchange Token,N/A,21.96679369,31.25899569,21.49582766,26.45988059,20.45,22.0,0.09,5.588,,7,405,0.249,53,-17.4
2020-06,2020,6,Q2,FTT,FTX Token,Exchange Token,N/A,26.45988059,33.6035875,30.08007712,31.74738903,19.98,9.9,0.301,6.705,,45,205,0.046,67,34.4
2020-07,2020,7,Q3,FTT,FTX Token,Exchange Token,N/A,31.74738903,47.61712999,36.34596496,43.13740343,35.88,21.4,0.277,9.111,,9,96,0.296,75,14.9
2020-08,2020,8,Q3,FTT,FTX Token,Exchange Token,N/A,43.13740343,45.20130462,40.24602453,41.83890204,-3.01,8.7,0.204,8.836,,22,226,0.132,55,25.5
2020-09,2020,9,Q3,FTT,FTX Token,Exchange Token,N/A,41.83890204,43.83625065,31.43551259,38.10401404,-8.93,21.2,0.189,8.048,,36,332,0.088,68,-12.6
2020-10,2020,10,Q4,FTT,FTX Token,Exchange Token,N/A,38.10401404,59.23772275,51.45465014,54.4112253,42.8,15.7,0.48,11.492,,47,126,0.526,77,-54.7
2020-11,2020,11,Q4,FTT,FTX Token,Exchange Token,N/A,54.4112253,58.42600626,50.77630889,55.47802208,1.96,14.8,0.159,11.717,,25,337,0.675,59,25.7
2020-12,2020,12,Q4,FTT,FTX Token,Exchange Token,N/A,55.47802208,65.11374725,52.39020998,61.63721415,11.1,16.5,0.232,13.018,,36,86,0.168,75,3.4
2021-01,2021,1,Q1,FTT,FTX Token,Exchange Token,N/A,61.63721415,78.80424088,55.48380744,66.70745042,8.23,18.9,0.277,14.089,,60,73,0.887,94,33.8
2021-02,2021,2,Q1,FTT,FTX Token,Exchange Token,N/A,66.70745042,79.40603324,67.59616556,74.23089768,11.28,13.6,0.607,15.678,,82,368,0.729,79,-77.1
2021-03,2021,3,Q1,FTT,FTX Token,Exchange Token,N/A,74.23089768,71.40525317,56.8872734,63.04269872,-15.07,14.2,0.485,13.315,,18,212,0.472,81,-6.8
2021-04,2021,4,Q2,FTT,FTX Token,Exchange Token,N/A,63.04269872,99.61026019,75.94421652,85.98154654,36.39,17.0,0.4,18.159,,19,348,0.154,76,-5.9
2021-05,2021,5,Q2,FTT,FTX Token,Exchange Token,N/A,85.98154654,54.3723926,46.24446914,49.43252147,-42.51,15.1,0.188,10.44,,34,262,0.455,70,50.0
2021-06,2021,6,Q2,FTT,FTX Token,Exchange Token,N/A,49.43252147,44.75375688,34.76365887,41.15597381,-16.74,17.1,1.027,8.692,,45,1675,0.272,57,11.6
2021-07,2021,7,Q3,FTT,FTX Token,Exchange Token,N/A,41.15597381,46.44301248,37.81837238,43.49610013,5.69,17.2,0.994,9.186,,47,201,0.009,64,27.7
2021-08,2021,8,Q3,FTT,FTX Token,Exchange Token,N/A,43.49610013,49.74211401,38.99145804,46.74099799,7.46,17.9,0.275,9.872,,38,154,0.193,57,4.3
2021-09,2021,9,Q3,FTT,FTX Token,Exchange Token,N/A,46.74099799,45.02189132,38.04971145,41.57171082,-11.06,23.7,0.194,8.78,,26,320,0.476,56,12.7
2021-10,2021,10,Q4,FTT,FTX Token,Exchange Token,N/A,41.57171082,50.96098726,42.86097961,46.25609961,11.27,11.7,0.291,9.769,,24,349,0.928,51,32.4
2021-11,2021,11,Q4,FTT,FTX Token,Exchange Token,N/A,46.25609961,59.33180148,43.29882228,49.51265609,7.04,23.5,0.756,10.457,,20,36,-0.031,70,21.8
2021-12,2021,12,Q4,FTT,FTX Token,Exchange Token,N/A,49.51265609,37.48114211,30.82125828,33.60176574,-32.13,22.2,0.202,7.097,,33,197,0.011,48,40.3
2022-01,2022,1,Q1,FTT,FTX Token,Exchange Token,N/A,33.60176574,19.66225328,17.88431804,18.54722081,-44.8,10.4,0.379,3.917,,13,321,0.177,45,-0.7
2022-02,2022,2,Q1,FTT,FTX Token,Exchange Token,N/A,18.54722081,17.71161017,12.10378252,15.61356687,-15.82,24.6,0.186,3.298,,26,227,-0.789,24,20.5
2022-03,2022,3,Q1,FTT,FTX Token,Exchange Token,N/A,15.61356687,17.94068022,14.34416973,16.36333194,4.8,23.5,0.097,3.456,,33,293,0.045,54,19.2
2022-04,2022,4,Q2,FTT,FTX Token,Exchange Token,N/A,16.36333194,15.09763877,12.4991315,13.69496907,-16.31,21.0,0.131,2.892,,13,590,-0.228,47,10.0
2022-05,2022,5,Q2,FTT,FTX Token,Exchange Token,N/A,13.69496907,9.36882574,8.43308137,8.94912066,-34.65,10.9,0.085,1.89,,12,100,-0.501,45,-3.0
2022-06,2022,6,Q2,FTT,FTX Token,Exchange Token,N/A,8.94912066,5.62048582,3.96784284,5.09608987,-43.05,24.5,0.079,1.076,,22,21,-0.121,24,8.2
2022-07,2022,7,Q3,FTT,FTX Token,Exchange Token,N/A,5.09608987,6.1257629,4.55151719,5.26606038,3.34,17.4,0.11,1.112,,22,90,-0.479,47,-9.6
2022-08,2022,8,Q3,FTT,FTX Token,Exchange Token,N/A,5.26606038,6.81126532,6.17086226,6.49689276,23.37,8.3,0.07,1.372,,58,75,-0.467,39,-4.1
2022-09,2022,9,Q3,FTT,FTX Token,Exchange Token,N/A,6.49689276,6.9359916,5.47122187,6.40163753,-1.47,20.8,0.034,1.352,,98,449,-0.218,21,-3.8
2022-10,2022,10,Q4,FTT,FTX Token,Exchange Token,N/A,6.40163753,7.05861119,5.5235029,6.07634242,-5.08,16.4,0.078,1.283,,136,176,-0.478,33,-4.4
2022-11,2022,11,Q4,FTT,FTX Token,Exchange Token,N/A,6.07634242,1.13617937,0.91291255,1.00176349,-83.51,16.7,0.063,0.212,,81,348,-0.869,22,-10.6
2022-12,2022,12,Q4,FTT,FTX Token,Exchange Token,N/A,1.00176349,0.93617225,0.74913143,0.84669141,-15.48,20.3,0.076,0.179,,57,31,-0.425,24,12.6
2023-01,2023,1,Q1,FTT,FTX Token,Exchange Token,N/A,0.84669141,0.97138603,0.91567976,0.94168059,11.22,8.5,0.167,0.199,,55,339,-0.329,22,-4.5
2023-02,2023,2,Q1,FTT,FTX Token,Exchange Token,N/A,0.94168059,1.07542754,0.96600006,1.00774392,7.02,12.6,0.352,0.213,,32,423,-0.407,44,17.3
2023-03,2023,3,Q1,FTT,FTX Token,Exchange Token,N/A,1.00774392,1.01247609,0.80047139,0.93148761,-7.57,22.4,0.106,0.197,,15,300,-0.33,35,18.1
2023-04,2023,4,Q2,FTT,FTX Token,Exchange Token,N/A,0.93148761,1.04414933,0.93285732,0.99884415,7.23,11.5,0.069,0.211,,42,236,-0.191,52,-1.1
2023-05,2023,5,Q2,FTT,FTX Token,Exchange Token,N/A,0.99884415,0.98157813,0.90713072,0.9465473,-5.24,8.3,0.107,0.2,,15,119,-0.263,36,2.5
2023-06,2023,6,Q2,FTT,FTX Token,Exchange Token,N/A,0.9465473,1.10024822,0.84747994,0.9227791,-2.51,20.1,0.151,0.195,,58,303,-0.582,45,25.2
2023-07,2023,7,Q3,FTT,FTX Token,Exchange Token,N/A,0.9227791,1.14895161,0.86623342,0.99906956,8.27,22.2,0.191,0.211,,72,70,0.07,50,-5.0
2023-08,2023,8,Q3,FTT,FTX Token,Exchange Token,N/A,0.99906956,0.80503577,0.65858618,0.74357154,-25.57,12.5,0.157,0.157,,30,106,-0.235,53,-19.5
2023-09,2023,9,Q3,FTT,FTX Token,Exchange Token,N/A,0.74357154,0.95651161,0.81104217,0.91136115,22.57,11.2,0.284,0.192,,14,358,-0.37,51,-22.7
2023-10,2023,10,Q4,FTT,FTX Token,Exchange Token,N/A,0.91136115,0.82927002,0.63596951,0.74005499,-18.8,14.9,0.196,0.156,,38,376,0.275,51,-29.9
2023-11,2023,11,Q4,FTT,FTX Token,Exchange Token,N/A,0.74005499,0.78304238,0.69566657,0.72924648,-1.46,8.6,0.358,0.154,,21,119,-0.353,61,21.5
2023-12,2023,12,Q4,FTT,FTX Token,Exchange Token,N/A,0.72924648,1.03743899,0.75135677,0.88207511,20.96,20.2,0.119,0.186,,14,127,-0.195,62,-30.6
2024-01,2024,1,Q1,FTT,FTX Token,Exchange Token,N/A,0.88207511,0.97832043,0.85243973,0.91278091,3.48,21.2,0.566,0.193,,44,103,-0.158,60,-40.9
2024-02,2024,2,Q1,FTT,FTX Token,Exchange Token,N/A,0.91278091,0.89107729,0.71954768,0.78984653,-13.47,14.2,0.413,0.167,,47,41,0.184,71,-1.9
2024-03,2024,3,Q1,FTT,FTX Token,Exchange Token,N/A,0.78984653,0.87284188,0.6106008,0.768886,-2.65,23.9,0.295,0.162,,36,294,0.538,88,40.5
2024-04,2024,4,Q2,FTT,FTX Token,Exchange Token,N/A,0.768886,0.84509305,0.69832407,0.77934396,1.36,14.3,0.391,0.165,,60,108,0.394,73,-22.8
2024-05,2024,5,Q2,FTT,FTX Token,Exchange Token,N/A,0.77934396,0.97882812,0.62771487,0.8073009,3.59,25.0,0.25,0.171,,8,277,0.345,62,-58.2
2024-06,2024,6,Q2,FTT,FTX Token,Exchange Token,N/A,0.8073009,1.10873498,0.89606991,1.0019998,24.12,22.5,0.878,0.212,,17,99,1.0,67,17.0
2024-07,2024,7,Q3,FTT,FTX Token,Exchange Token,N/A,1.0019998,0.98889407,0.7990747,0.86882904,-13.29,16.2,0.301,0.183,,15,355,0.338,64,0.5
2024-08,2024,8,Q3,FTT,FTX Token,Exchange Token,N/A,0.86882904,0.92636795,0.78546565,0.86644666,-0.27,13.3,0.377,0.183,,19,381,0.158,58,0.3
2024-09,2024,9,Q3,FTT,FTX Token,Exchange Token,N/A,0.86644666,0.78316787,0.64228093,0.71983561,-16.92,16.7,0.309,0.152,,32,176,0.528,47,-42.7
2024-10,2024,10,Q4,FTT,FTX Token,Exchange Token,N/A,0.71983561,1.14094838,0.83186373,0.97722694,35.76,24.6,0.336,0.206,,17,174,0.469,84,45.9
2024-11,2024,11,Q4,FTT,FTX Token,Exchange Token,N/A,0.97722694,1.00279844,0.72236895,0.84418368,-13.61,19.4,0.521,0.178,,9,189,0.449,83,-64.2
2024-12,2024,12,Q4,FTT,FTX Token,Exchange Token,N/A,0.84418368,1.13592622,0.86309573,0.96692073,14.54,17.7,0.679,0.204,,11,1131,0.047,59,29.8
2025-01,2025,1,Q1,FTT,FTX Token,Exchange Token,N/A,0.96692073,0.97637822,0.81843336,0.92816876,-4.01,11.9,0.246,0.196,,51,243,0.853,81,-62.1
2025-02,2025,2,Q1,FTT,FTX Token,Exchange Token,N/A,0.92816876,0.99053831,0.87647754,0.95167989,2.53,8.9,0.308,0.201,,43,89,1.0,55,19.6
2025-03,2025,3,Q1,FTT,FTX Token,Exchange Token,N/A,0.95167989,1.01528289,0.70264304,0.88385704,-7.13,21.5,0.372,0.187,,14,316,0.429,81,16.0
2025-04,2025,4,Q2,FTT,FTX Token,Exchange Token,N/A,0.88385704,0.88153484,0.625272,0.75327521,-14.77,18.1,0.254,0.159,,25,146,0.111,63,1.6
2025-05,2025,5,Q2,FTT,FTX Token,Exchange Token,N/A,0.75327521,0.97820637,0.82440167,0.88358441,17.3,14.6,0.386,0.187,,30,162,0.577,73,-48.9
2025-06,2025,6,Q2,FTT,FTX Token,Exchange Token,N/A,0.88358441,0.85223137,0.7026314,0.75235212,-14.85,16.3,1.122,0.159,,24,118,0.515,82,38.5
2025-07,2025,7,Q3,FTT,FTX Token,Exchange Token,N/A,0.75235212,0.97000043,0.74861547,0.90475411,20.26,17.7,0.472,0.191,,11,119,0.282,62,-1.5
2025-08,2025,8,Q3,FTT,FTX Token,Exchange Token,N/A,0.90475411,0.93758685,0.75188502,0.86548902,-4.34,13.2,0.549,0.183,,16,180,0.763,83,4.6
2025-09,2025,9,Q3,FTT,FTX Token,Exchange Token,N/A,0.86548902,0.83932629,0.75783385,0.79429897,-8.23,10.0,0.317,0.168,,150,186,0.582,75,-33.2
2025-10,2025,10,Q4,FTT,FTX Token,Exchange Token,N/A,0.79429897,0.98409111,0.91759908,0.94404638,18.85,8.1,0.309,0.199,,16,207,0.393,66,25.6
2025-11,2025,11,Q4,FTT,FTX Token,Exchange Token,N/A,0.94404638,1.01887441,0.79683463,0.92805905,-1.69,14.3,0.36,0.196,,42,519,0.718,82,30.1
2025-12,2025,12,Q4,FTT,FTX Token,Exchange Token,N/A,0.92805905,1.09707123,0.86233564,0.95582483,2.99,17.5,0.706,0.202,,21,150,0.613,83,45.0
2026-01,2026,1,Q1,FTT,FTX Token,Exchange Token,N/A,0.95582483,0.87916358,0.77327442,0.81109809,-15.14,14.5,0.392,0.171,,21,150,1.0,100,57.8
2026-02,2026,2,Q1,FTT,FTX Token,Exchange Token,N/A,0.81109809,0.71639307,0.64376939,0.68371237,-15.71,11.7,0.115,0.144,,28,512,0.646,60,61.4
2026-03,2026,3,Q1,FTT,FTX Token,Exchange Token,N/A,0.68371237,0.86348028,0.64090308,0.70875096,3.66,22.0,0.486,0.15,,49,216,0.515,58,-90.1
2019-01,2019,1,Q1,LUNA,Terra Luna,Stablecoin Algo,PoS,4.08398791,4.40453716,3.72828531,3.96718011,-2.86,11.6,0.076,3.967,,26,204,-0.201,34,-3.9
2019-02,2019,2,Q1,LUNA,Terra Luna,Stablecoin Algo,PoS,3.96718011,4.62268146,3.97139815,4.38965135,10.65,12.5,0.134,4.39,,81,283,-0.099,54,-9.4
2019-03,2019,3,Q1,LUNA,Terra Luna,Stablecoin Algo,PoS,4.38965135,6.712935,5.80782087,6.43369385,46.57,10.8,0.171,6.434,,12,159,-0.291,54,-18.0
2019-04,2019,4,Q2,LUNA,Terra Luna,Stablecoin Algo,PoS,6.43369385,5.43383744,4.54596521,5.12057237,-20.41,17.0,0.105,5.121,,67,178,-0.584,43,-11.5
2019-05,2019,5,Q2,LUNA,Terra Luna,Stablecoin Algo,PoS,5.12057237,8.43852151,6.53750998,7.60495779,48.52,22.5,0.151,7.605,,59,871,0.314,36,8.1
2019-06,2019,6,Q2,LUNA,Terra Luna,Stablecoin Algo,PoS,7.60495779,8.10946415,6.90998279,7.37642359,-3.01,20.2,0.304,7.376,,12,186,-0.168,48,21.9
2019-07,2019,7,Q3,LUNA,Terra Luna,Stablecoin Algo,PoS,7.37642359,10.2071423,9.15503351,9.60575727,30.22,13.4,0.145,9.606,,25,55,-0.088,37,6.4
2019-08,2019,8,Q3,LUNA,Terra Luna,Stablecoin Algo,PoS,9.60575727,10.70027616,9.42822688,9.96144941,3.7,9.9,0.165,9.961,,14,112,0.491,70,-10.3
2019-09,2019,9,Q3,LUNA,Terra Luna,Stablecoin Algo,PoS,9.96144941,12.10887316,10.68841734,11.31928335,13.63,8.5,0.133,11.319,,24,629,0.249,37,-26.1
2019-10,2019,10,Q4,LUNA,Terra Luna,Stablecoin Algo,PoS,11.31928335,10.35669166,7.91670774,9.73365768,-14.01,20.5,0.201,9.734,,39,84,-0.425,43,4.0
2019-11,2019,11,Q4,LUNA,Terra Luna,Stablecoin Algo,PoS,9.73365768,15.10004233,11.75007798,13.76277742,41.39,18.6,0.198,13.763,,30,210,-0.076,47,2.2
2019-12,2019,12,Q4,LUNA,Terra Luna,Stablecoin Algo,PoS,13.76277742,14.30024851,12.58785955,13.5617194,-1.46,8.4,0.197,13.562,,64,236,-0.38,53,-1.0
2020-01,2020,1,Q1,LUNA,Terra Luna,Stablecoin Algo,PoS,13.5617194,11.99394083,9.38613033,11.05301347,-18.5,15.9,0.151,11.053,,11,91,-0.725,50,-29.7
2020-02,2020,2,Q1,LUNA,Terra Luna,Stablecoin Algo,PoS,11.05301347,12.37396665,10.73740592,11.18874272,1.23,12.1,0.208,11.189,,31,244,0.208,69,-39.6
2020-03,2020,3,Q1,LUNA,Terra Luna,Stablecoin Algo,PoS,11.18874272,16.03417116,14.59418935,15.35031429,37.19,11.1,0.193,15.35,,11,64,-0.469,46,-0.5
2020-04,2020,4,Q2,LUNA,Terra Luna,Stablecoin Algo,PoS,15.35031429,25.93035007,19.6298145,22.78001451,48.4,18.3,0.159,22.78,,37,225,0.034,44,31.7
2020-05,2020,5,Q2,LUNA,Terra Luna,Stablecoin Algo,PoS,22.78001451,22.9912815,20.37819902,21.59365042,-5.21,8.8,0.096,21.594,,76,571,-0.28,34,-7.0
2020-06,2020,6,Q2,LUNA,Terra Luna,Stablecoin Algo,PoS,21.59365042,26.73349999,19.84464958,23.14966444,7.21,18.5,0.249,23.15,,35,461,0.129,43,30.1
2020-07,2020,7,Q3,LUNA,Terra Luna,Stablecoin Algo,PoS,23.14966444,38.74717203,29.05684741,35.39588524,52.9,22.7,0.287,35.396,,111,369,-0.138,53,10.3
2020-08,2020,8,Q3,LUNA,Terra Luna,Stablecoin Algo,PoS,35.39588524,44.85645076,37.50879312,41.27392219,16.61,23.2,0.388,41.274,,47,323,0.404,76,-12.2
2020-09,2020,9,Q3,LUNA,Terra Luna,Stablecoin Algo,PoS,41.27392219,58.7392955,47.55072468,52.85279249,28.05,23.4,0.173,52.853,,7,161,0.333,75,-11.9
2020-10,2020,10,Q4,LUNA,Terra Luna,Stablecoin Algo,PoS,52.85279249,45.0472937,38.84427477,40.78634521,-22.83,11.2,0.276,40.786,,48,184,0.344,58,4.1
2020-11,2020,11,Q4,LUNA,Terra Luna,Stablecoin Algo,PoS,40.78634521,79.98958685,54.24289457,67.30674179,65.02,24.8,0.665,67.307,,27,286,0.632,76,14.3
2020-12,2020,12,Q4,LUNA,Terra Luna,Stablecoin Algo,PoS,67.30674179,70.27461344,52.37155975,60.81852539,-9.64,19.2,0.255,60.819,,38,548,0.33,68,58.6
2021-01,2021,1,Q1,LUNA,Terra Luna,Stablecoin Algo,PoS,60.81852539,89.07681513,75.94611838,85.35183586,40.34,12.3,0.25,85.352,,38,289,0.659,74,-61.5
2021-02,2021,2,Q1,LUNA,Terra Luna,Stablecoin Algo,PoS,85.35183586,90.78330179,77.88478749,82.90318923,-2.87,10.3,0.466,82.903,,38,325,0.943,80,43.6
2021-03,2021,3,Q1,LUNA,Terra Luna,Stablecoin Algo,PoS,82.90318923,103.97176202,71.29450323,87.40758803,5.43,20.3,0.332,87.408,,51,259,0.914,81,-56.9
2021-04,2021,4,Q2,LUNA,Terra Luna,Stablecoin Algo,PoS,87.40758803,108.5934777,94.94483502,103.48528259,18.39,9.0,0.504,103.485,,14,109,0.793,80,-53.8
2021-05,2021,5,Q2,LUNA,Terra Luna,Stablecoin Algo,PoS,103.48528259,52.65045915,38.56713864,44.35843154,-57.14,19.6,0.257,44.358,,40,76,0.419,55,-23.9
2021-06,2021,6,Q2,LUNA,Terra Luna,Stablecoin Algo,PoS,44.35843154,55.00275337,45.42967596,48.8476981,10.12,19.4,0.344,48.848,,227,329,0.406,70,-17.5
2021-07,2021,7,Q3,LUNA,Terra Luna,Stablecoin Algo,PoS,48.8476981,54.47904775,39.76737997,44.96109302,-7.96,21.7,0.402,44.961,,8,89,0.458,63,-36.6
2021-08,2021,8,Q3,LUNA,Terra Luna,Stablecoin Algo,PoS,44.96109302,49.30429601,38.28999913,44.04848335,-2.03,13.2,0.524,44.048,,21,262,0.517,57,75.9
2021-09,2021,9,Q3,LUNA,Terra Luna,Stablecoin Algo,PoS,44.04848335,54.41980324,47.97421905,50.04646242,13.62,12.5,0.218,50.046,,64,33,0.115,61,1.8
2021-10,2021,10,Q4,LUNA,Terra Luna,Stablecoin Algo,PoS,50.04646242,75.63583889,56.335253,67.04291979,33.96,17.6,0.915,67.043,,18,174,0.357,70,11.1
2021-11,2021,11,Q4,LUNA,Terra Luna,Stablecoin Algo,PoS,67.04291979,73.13244207,67.66636073,70.81170053,5.62,9.4,0.301,70.812,,122,367,0.682,80,24.0
2021-12,2021,12,Q4,LUNA,Terra Luna,Stablecoin Algo,PoS,70.81170053,39.78340688,31.59420967,34.2005157,-51.7,23.0,0.489,34.201,,15,91,0.176,57,2.1
2022-01,2022,1,Q1,LUNA,Terra Luna,Stablecoin Algo,PoS,34.2005157,19.93715932,16.64830697,18.42768076,-46.12,11.8,0.199,18.428,,34,83,-0.025,60,14.7
2022-02,2022,2,Q1,LUNA,Terra Luna,Stablecoin Algo,PoS,18.42768076,10.4220313,9.46164884,9.91737188,-46.18,8.3,0.108,9.917,,35,120,-0.127,49,-19.1
2022-03,2022,3,Q1,LUNA,Terra Luna,Stablecoin Algo,PoS,9.91737188,11.72275179,8.78244292,10.47921855,5.67,16.7,0.091,10.479,,7,57,0.257,45,-5.6
2022-04,2022,4,Q2,LUNA,Terra Luna,Stablecoin Algo,PoS,10.47921855,6.64971788,4.70511364,6.1325771,-41.48,23.5,0.127,6.133,,35,73,-0.473,47,17.9
2022-05,2022,5,Q2,LUNA,Terra Luna,Stablecoin Algo,PoS,6.1325771,0.00013809,0.00012573,0.00013327,-100.0,9.6,0.123,0.0,,76,54,-0.005,23,-3.0
2022-06,2022,6,Q2,LUNA,Terra Luna,Stablecoin Algo,PoS,0.00013327,0.00015367,0.00011958,0.0001413,6.03,16.4,0.031,0.0,,66,142,-0.318,39,6.4
2022-07,2022,7,Q3,LUNA,Terra Luna,Stablecoin Algo,PoS,0.0001413,0.00011138,9.836e-05,0.00010511,-25.61,12.6,0.049,0.0,,39,553,-0.443,24,5.6
2022-08,2022,8,Q3,LUNA,Terra Luna,Stablecoin Algo,PoS,0.00010511,0.0001518,0.0001285,0.0001413,34.43,12.2,0.112,0.0,,49,186,-0.477,28,-7.1
2022-09,2022,9,Q3,LUNA,Terra Luna,Stablecoin Algo,PoS,0.0001413,0.00010976,0.00010227,0.00010572,-25.18,9.6,0.078,0.0,,36,249,0.113,26,-3.5
2022-10,2022,10,Q4,LUNA,Terra Luna,Stablecoin Algo,PoS,0.00010572,9.993e-05,9.14e-05,9.593e-05,-9.26,8.4,0.136,0.0,,16,154,-0.202,26,2.5
2022-11,2022,11,Q4,LUNA,Terra Luna,Stablecoin Algo,PoS,9.593e-05,0.00011828,8.406e-05,0.00010783,12.4,22.1,0.054,0.0,,84,235,-0.278,30,1.9
2022-12,2022,12,Q4,LUNA,Terra Luna,Stablecoin Algo,PoS,0.00010783,0.00010836,9.491e-05,0.0001004,-6.89,8.4,0.203,0.0,,27,335,-1.0,37,-6.1
2023-01,2023,1,Q1,LUNA,Terra Luna,Stablecoin Algo,PoS,0.0001004,0.00014991,0.00010687,0.00013607,35.53,21.6,0.072,0.0,,27,1181,-0.086,61,11.4
2023-02,2023,2,Q1,LUNA,Terra Luna,Stablecoin Algo,PoS,0.00013607,0.00011144,8.253e-05,9.898e-05,-27.26,18.3,0.082,0.0,,29,81,-0.162,34,12.9
2023-03,2023,3,Q1,LUNA,Terra Luna,Stablecoin Algo,PoS,9.898e-05,0.0001188,0.00010612,0.00011347,14.64,13.1,0.198,0.0,,26,52,-0.026,43,6.9
2023-04,2023,4,Q2,LUNA,Terra Luna,Stablecoin Algo,PoS,0.00011347,0.00011722,9.719e-05,0.00010497,-7.49,18.9,0.169,0.0,,28,543,-0.354,51,1.2
2023-05,2023,5,Q2,LUNA,Terra Luna,Stablecoin Algo,PoS,0.00010497,0.00012959,0.00011347,0.00012119,15.45,10.0,0.138,0.0,,24,139,0.163,42,17.3
2023-06,2023,6,Q2,LUNA,Terra Luna,Stablecoin Algo,PoS,0.00012119,0.00011791,0.00010129,0.00011004,-9.2,18.4,0.225,0.0,,72,245,-0.095,35,11.9
2023-07,2023,7,Q3,LUNA,Terra Luna,Stablecoin Algo,PoS,0.00011004,0.00013708,0.0001023,0.00012089,9.86,16.2,0.227,0.0,,14,89,-0.626,55,19.9
2023-08,2023,8,Q3,LUNA,Terra Luna,Stablecoin Algo,PoS,0.00012089,0.00015686,0.00011906,0.00013895,14.94,15.8,0.335,0.0,,66,173,0.194,31,2.0
2023-09,2023,9,Q3,LUNA,Terra Luna,Stablecoin Algo,PoS,0.00013895,0.00013649,0.0001197,0.0001258,-9.46,11.3,0.162,0.0,,59,1068,-0.287,49,7.0
2023-10,2023,10,Q4,LUNA,Terra Luna,Stablecoin Algo,PoS,0.0001258,0.0001406,0.00010802,0.00012919,2.69,20.8,0.172,0.0,,49,130,-0.012,54,-14.0
2023-11,2023,11,Q4,LUNA,Terra Luna,Stablecoin Algo,PoS,0.00012919,0.00011269,9.84e-05,0.00010481,-18.87,12.3,0.188,0.0,,65,98,-0.178,61,11.2
2023-12,2023,12,Q4,LUNA,Terra Luna,Stablecoin Algo,PoS,0.00010481,0.00011855,0.0001076,0.00011368,8.46,9.9,0.614,0.0,,13,401,0.058,67,9.0
2024-01,2024,1,Q1,LUNA,Terra Luna,Stablecoin Algo,PoS,0.00011368,0.00012717,9.281e-05,0.00011688,2.81,21.1,0.313,0.0,,18,78,0.238,64,18.7
2024-02,2024,2,Q1,LUNA,Terra Luna,Stablecoin Algo,PoS,0.00011688,0.00015299,0.0001028,0.00012671,8.41,24.5,0.263,0.0,,55,140,0.229,54,-27.9
2024-03,2024,3,Q1,LUNA,Terra Luna,Stablecoin Algo,PoS,0.00012671,0.0001532,0.00011349,0.00014088,11.18,21.9,0.565,0.0,,52,143,1.0,54,-9.0
2024-04,2024,4,Q2,LUNA,Terra Luna,Stablecoin Algo,PoS,0.00014088,0.00014812,0.0001191,0.00013551,-3.81,16.1,0.25,0.0,,12,150,0.274,93,-12.6
2024-05,2024,5,Q2,LUNA,Terra Luna,Stablecoin Algo,PoS,0.00013551,0.00014887,0.00012108,0.00014061,3.76,14.9,0.365,0.0,,8,109,0.254,63,-11.3
2024-06,2024,6,Q2,LUNA,Terra Luna,Stablecoin Algo,PoS,0.00014061,0.00010557,9.001e-05,9.947e-05,-29.26,9.8,0.256,0.0,,15,198,0.525,60,9.0
2024-07,2024,7,Q3,LUNA,Terra Luna,Stablecoin Algo,PoS,9.947e-05,0.00013321,0.00010225,0.00011159,12.18,21.7,0.29,0.0,,19,167,0.767,53,-4.1
2024-08,2024,8,Q3,LUNA,Terra Luna,Stablecoin Algo,PoS,0.00011159,0.00014086,9.68e-05,0.0001166,4.49,20.9,0.41,0.0,,21,155,0.604,67,32.8
2024-09,2024,9,Q3,LUNA,Terra Luna,Stablecoin Algo,PoS,0.0001166,0.00013114,0.00011406,0.00012404,6.38,12.9,0.285,0.0,,21,83,0.025,45,56.3
2024-10,2024,10,Q4,LUNA,Terra Luna,Stablecoin Algo,PoS,0.00012404,0.00013499,0.00010302,0.00012507,0.83,20.3,0.586,0.0,,18,280,0.459,78,-5.0
2024-11,2024,11,Q4,LUNA,Terra Luna,Stablecoin Algo,PoS,0.00012507,0.00010294,9.167e-05,9.777e-05,-21.83,9.7,0.615,0.0,,39,306,0.622,71,0.3
2024-12,2024,12,Q4,LUNA,Terra Luna,Stablecoin Algo,PoS,9.777e-05,0.00016084,0.0001095,0.00013489,37.97,20.9,0.234,0.0,,33,142,0.277,63,-29.9
2025-01,2025,1,Q1,LUNA,Terra Luna,Stablecoin Algo,PoS,0.00013489,0.00016831,0.00012798,0.00014191,5.2,24.3,0.578,0.0,,84,119,0.484,76,17.4
2025-02,2025,2,Q1,LUNA,Terra Luna,Stablecoin Algo,PoS,0.00014191,0.00014043,0.00011805,0.00013072,-7.89,11.7,0.176,0.0,,14,385,0.7,60,-18.3
2025-03,2025,3,Q1,LUNA,Terra Luna,Stablecoin Algo,PoS,0.00013072,0.0001373,0.00011269,0.0001314,0.52,14.6,0.655,0.0,,12,188,0.937,80,-5.2
2025-04,2025,4,Q2,LUNA,Terra Luna,Stablecoin Algo,PoS,0.0001314,0.00015257,0.0001279,0.00013864,5.51,10.2,0.148,0.0,,32,790,0.539,74,58.2
2025-05,2025,5,Q2,LUNA,Terra Luna,Stablecoin Algo,PoS,0.00013864,0.00012466,9.626e-05,0.00010352,-25.33,21.1,0.561,0.0,,16,203,0.539,60,-16.8
2025-06,2025,6,Q2,LUNA,Terra Luna,Stablecoin Algo,PoS,0.00010352,0.00013007,0.00011791,0.00012292,18.74,13.0,0.419,0.0,,63,94,0.49,92,-72.0
2025-07,2025,7,Q3,LUNA,Terra Luna,Stablecoin Algo,PoS,0.00012292,0.00011237,9.741e-05,0.00010144,-17.47,11.9,0.594,0.0,,52,435,0.461,87,28.8
2025-08,2025,8,Q3,LUNA,Terra Luna,Stablecoin Algo,PoS,0.00010144,0.00016145,0.00011875,0.00014152,39.51,17.1,0.428,0.0,,12,87,0.856,79,-32.5
2025-09,2025,9,Q3,LUNA,Terra Luna,Stablecoin Algo,PoS,0.00014152,0.00014661,0.0001132,0.0001336,-5.6,19.8,0.587,0.0,,29,306,0.736,80,-27.0
2025-10,2025,10,Q4,LUNA,Terra Luna,Stablecoin Algo,PoS,0.0001336,0.00011192,9.997e-05,0.00010342,-22.59,10.5,0.348,0.0,,16,274,0.431,77,28.9
2025-11,2025,11,Q4,LUNA,Terra Luna,Stablecoin Algo,PoS,0.00010342,0.00013421,0.00010982,0.00011952,15.57,24.4,0.415,0.0,,19,96,0.422,69,-47.1
2025-12,2025,12,Q4,LUNA,Terra Luna,Stablecoin Algo,PoS,0.00011952,0.00014613,0.0001291,0.00013478,12.77,8.7,0.25,0.0,,25,269,0.744,78,44.7
2026-01,2026,1,Q1,LUNA,Terra Luna,Stablecoin Algo,PoS,0.00013478,0.00014142,0.00011812,0.00013448,-0.22,15.2,0.242,0.0,,25,138,0.313,64,49.5
2026-02,2026,2,Q1,LUNA,Terra Luna,Stablecoin Algo,PoS,0.00013448,0.00011585,9.672e-05,0.00010819,-19.55,18.4,0.236,0.0,,4,482,0.31,86,94.1
2026-03,2026,3,Q1,LUNA,Terra Luna,Stablecoin Algo,PoS,0.00010819,0.00014202,0.00012562,0.00013635,26.03,11.4,0.34,0.0,,11,128,0.533,65,-64.4
2018-01,2018,1,Q1,XLM,Stellar,Payments,SCP,0.12213875,0.14606987,0.12864918,0.13822879,13.17,17.6,0.117,4.147,,23,204,-0.71,42,-10.4
2018-02,2018,2,Q1,XLM,Stellar,Payments,SCP,0.13822879,0.17375717,0.1418481,0.16230801,17.42,22.3,0.069,4.869,,33,595,-0.281,34,3.3
2018-03,2018,3,Q1,XLM,Stellar,Payments,SCP,0.16230801,0.13335752,0.10986262,0.12603902,-22.35,14.2,0.146,3.781,,73,104,0.188,23,19.4
2018-04,2018,4,Q2,XLM,Stellar,Payments,SCP,0.12603902,0.13044764,0.09065031,0.11078139,-12.11,20.7,0.117,3.323,,40,115,-0.471,32,6.9
2018-05,2018,5,Q2,XLM,Stellar,Payments,SCP,0.11078139,0.10412454,0.09143837,0.10020576,-9.55,11.0,0.1,3.006,,17,330,-0.189,39,-4.0
2018-06,2018,6,Q2,XLM,Stellar,Payments,SCP,0.10020576,0.11981072,0.09776965,0.11017064,9.94,15.5,0.12,3.305,,13,205,-0.645,45,-15.8
2018-07,2018,7,Q3,XLM,Stellar,Payments,SCP,0.11017064,0.12722629,0.1037471,0.11774904,6.88,22.9,0.061,3.532,,25,231,-0.452,57,-2.8
2018-08,2018,8,Q3,XLM,Stellar,Payments,SCP,0.11774904,0.09895875,0.08849691,0.09447759,-19.76,9.5,0.106,2.834,,30,443,-0.506,48,-10.0
2018-09,2018,9,Q3,XLM,Stellar,Payments,SCP,0.09447759,0.11743225,0.10449157,0.11177272,18.31,11.9,0.072,3.353,,60,701,0.169,48,7.4
2018-10,2018,10,Q4,XLM,Stellar,Payments,SCP,0.11177272,0.10493157,0.08719609,0.09230011,-17.42,15.8,0.066,2.769,,33,108,0.161,65,2.7
2018-11,2018,11,Q4,XLM,Stellar,Payments,SCP,0.09230011,0.09576505,0.07009224,0.08761351,-5.08,22.4,0.171,2.628,,41,212,-0.711,55,-6.6
2018-12,2018,12,Q4,XLM,Stellar,Payments,SCP,0.08761351,0.08622404,0.06937099,0.07758856,-11.44,21.6,0.081,2.328,,45,127,-0.06,38,1.9
2019-01,2019,1,Q1,XLM,Stellar,Payments,SCP,0.07758856,0.09905509,0.08185239,0.08952859,15.39,11.8,0.12,2.686,,61,440,-0.063,33,-16.8
2019-02,2019,2,Q1,XLM,Stellar,Payments,SCP,0.08952859,0.12093441,0.10752409,0.11477237,28.2,17.5,0.106,3.443,,20,139,-0.333,37,-8.4
2019-03,2019,3,Q1,XLM,Stellar,Payments,SCP,0.11477237,0.12835838,0.11510378,0.12291412,7.09,12.7,0.168,3.687,,37,568,-0.213,37,12.8
2019-04,2019,4,Q2,XLM,Stellar,Payments,SCP,0.12291412,0.13801399,0.11613834,0.12825476,4.35,12.5,0.2,3.848,,14,440,-0.107,39,-2.5
2019-05,2019,5,Q2,XLM,Stellar,Payments,SCP,0.12825476,0.1945838,0.15304416,0.17007418,32.61,14.6,0.054,5.102,,88,118,0.047,35,-2.6
2019-06,2019,6,Q2,XLM,Stellar,Payments,SCP,0.17007418,0.20512524,0.16102596,0.17981917,5.73,23.6,0.061,5.395,,35,239,0.106,34,-16.1
2019-07,2019,7,Q3,XLM,Stellar,Payments,SCP,0.17981917,0.17998149,0.13063999,0.15962046,-11.23,23.3,0.067,4.789,,36,211,-0.427,48,15.3
2019-08,2019,8,Q3,XLM,Stellar,Payments,SCP,0.15962046,0.21826603,0.15993904,0.18887131,18.33,19.4,0.076,5.666,,26,409,-0.437,57,18.2
2019-09,2019,9,Q3,XLM,Stellar,Payments,SCP,0.18887131,0.22743083,0.17851773,0.20236136,7.14,13.3,0.258,6.071,,111,234,-0.006,41,2.1
2019-10,2019,10,Q4,XLM,Stellar,Payments,SCP,0.20236136,0.25023185,0.1745949,0.21454374,6.02,20.6,0.157,6.436,,33,180,0.173,61,-11.2
2019-11,2019,11,Q4,XLM,Stellar,Payments,SCP,0.21454374,0.25628719,0.20703762,0.23332492,8.75,21.2,0.27,7.0,,93,316,-0.562,61,16.5
2019-12,2019,12,Q4,XLM,Stellar,Payments,SCP,0.23332492,0.26375869,0.21721527,0.24551296,5.22,13.7,0.065,7.365,,50,213,-0.242,32,1.6
2020-01,2020,1,Q1,XLM,Stellar,Payments,SCP,0.24551296,0.16689526,0.13796225,0.15664202,-36.2,12.3,0.076,4.699,,24,316,0.32,60,-13.1
2020-02,2020,2,Q1,XLM,Stellar,Payments,SCP,0.15664202,0.21781397,0.19353138,0.20679449,32.02,9.7,0.158,6.204,,60,214,-0.475,32,-16.6
2020-03,2020,3,Q1,XLM,Stellar,Payments,SCP,0.20679449,0.32323161,0.2586951,0.28988997,40.18,21.6,0.148,8.697,,31,88,-0.221,71,26.3
2020-04,2020,4,Q2,XLM,Stellar,Payments,SCP,0.28988997,0.32654236,0.25531445,0.28204071,-2.71,21.2,0.167,8.461,,16,92,-0.015,51,-18.9
2020-05,2020,5,Q2,XLM,Stellar,Payments,SCP,0.28204071,0.39312027,0.33102422,0.36838886,30.62,18.7,0.33,11.052,,17,126,-0.169,56,5.3
2020-06,2020,6,Q2,XLM,Stellar,Payments,SCP,0.36838886,0.41974147,0.35973621,0.39123263,6.2,16.5,0.444,11.737,,27,414,0.58,54,13.3
2020-07,2020,7,Q3,XLM,Stellar,Payments,SCP,0.39123263,0.4424102,0.30615018,0.3930673,0.47,23.0,0.275,11.792,,24,84,-0.313,49,-18.1
2020-08,2020,8,Q3,XLM,Stellar,Payments,SCP,0.3930673,0.5391261,0.4255687,0.48134406,22.46,17.9,0.322,14.44,,23,74,-0.004,64,-1.9
2020-09,2020,9,Q3,XLM,Stellar,Payments,SCP,0.48134406,0.54591249,0.48189896,0.49925483,3.72,10.1,0.433,14.978,,26,184,-0.227,75,-0.1
2020-10,2020,10,Q4,XLM,Stellar,Payments,SCP,0.49925483,0.60666351,0.51625696,0.56121774,12.41,16.5,0.162,16.837,,45,371,0.429,77,8.9
2020-11,2020,11,Q4,XLM,Stellar,Payments,SCP,0.56121774,0.6716959,0.45374085,0.57730669,2.87,23.6,0.278,17.319,,4,166,0.247,73,18.9
2020-12,2020,12,Q4,XLM,Stellar,Payments,SCP,0.57730669,0.86319686,0.68916365,0.73310245,26.99,18.4,0.229,21.993,,26,257,0.54,67,-79.3
2021-01,2021,1,Q1,XLM,Stellar,Payments,SCP,0.73310245,0.900112,0.73383462,0.81515354,11.19,11.0,0.341,24.455,,33,153,1.0,78,55.6
2021-02,2021,2,Q1,XLM,Stellar,Payments,SCP,0.81515354,0.85340215,0.70405159,0.74200812,-8.97,15.7,0.136,22.26,,46,131,0.939,85,-38.7
2021-03,2021,3,Q1,XLM,Stellar,Payments,SCP,0.74200812,0.83465519,0.63904406,0.72033243,-2.92,18.0,0.526,21.61,,33,78,0.722,73,32.7
2021-04,2021,4,Q2,XLM,Stellar,Payments,SCP,0.72033243,1.01479166,0.73848,0.92035562,27.77,20.6,0.266,27.611,,32,637,1.0,100,-47.5
2021-05,2021,5,Q2,XLM,Stellar,Payments,SCP,0.92035562,0.65664829,0.50868641,0.56939022,-38.13,20.6,0.973,17.082,,44,24,0.128,71,-1.2
2021-06,2021,6,Q2,XLM,Stellar,Payments,SCP,0.56939022,0.67830396,0.50703044,0.60892615,6.94,18.1,0.318,18.268,,77,93,0.633,76,18.2
2021-07,2021,7,Q3,XLM,Stellar,Payments,SCP,0.60892615,0.65149279,0.51576051,0.58833881,-3.38,12.6,0.294,17.65,,15,92,0.121,67,46.3
2021-08,2021,8,Q3,XLM,Stellar,Payments,SCP,0.58833881,0.47783864,0.39063478,0.44529903,-24.31,19.7,0.334,13.359,,37,63,0.108,53,-12.0
2021-09,2021,9,Q3,XLM,Stellar,Payments,SCP,0.44529903,0.6758361,0.53692784,0.57178501,28.4,18.4,0.319,17.154,,42,240,-0.187,56,-11.7
2021-10,2021,10,Q4,XLM,Stellar,Payments,SCP,0.57178501,0.6767916,0.52839115,0.6022479,5.33,22.8,0.184,18.067,,22,83,0.646,43,74.9
2021-11,2021,11,Q4,XLM,Stellar,Payments,SCP,0.6022479,0.74913738,0.64820358,0.69573584,15.52,18.2,0.232,20.872,,30,172,-0.01,56,-58.3
2021-12,2021,12,Q4,XLM,Stellar,Payments,SCP,0.69573584,0.41829109,0.33667154,0.37862657,-45.58,16.4,0.267,11.359,,49,164,0.46,55,12.1
2022-01,2022,1,Q1,XLM,Stellar,Payments,SCP,0.37862657,0.33762572,0.22854822,0.28039168,-25.95,20.8,0.188,8.412,,25,202,-0.209,54,12.0
2022-02,2022,2,Q1,XLM,Stellar,Payments,SCP,0.28039168,0.25870617,0.20991791,0.22487778,-19.8,22.0,0.175,6.746,,18,331,0.14,39,13.2
2022-03,2022,3,Q1,XLM,Stellar,Payments,SCP,0.22487778,0.16538535,0.13478375,0.15650682,-30.4,18.6,0.153,4.695,,17,195,0.487,39,5.0
2022-04,2022,4,Q2,XLM,Stellar,Payments,SCP,0.15650682,0.21409347,0.14092847,0.17624513,12.61,24.3,0.074,5.287,,55,147,0.36,32,-6.0
2022-05,2022,5,Q2,XLM,Stellar,Payments,SCP,0.17624513,0.10724955,0.09153792,0.09866887,-44.02,13.2,0.218,2.96,,67,224,-0.505,34,-19.0
2022-06,2022,6,Q2,XLM,Stellar,Payments,SCP,0.09866887,0.06194292,0.04960144,0.05464806,-44.61,23.3,0.06,1.639,,59,86,-0.823,61,4.1
2022-07,2022,7,Q3,XLM,Stellar,Payments,SCP,0.05464806,0.07229451,0.05156281,0.06183405,13.15,21.9,0.086,1.855,,32,134,-0.455,30,-4.5
2022-08,2022,8,Q3,XLM,Stellar,Payments,SCP,0.06183405,0.05981455,0.04290286,0.0535193,-13.45,20.1,0.201,1.606,,14,214,-0.498,37,4.3
2022-09,2022,9,Q3,XLM,Stellar,Payments,SCP,0.0535193,0.06095224,0.05335872,0.0575775,7.58,9.9,0.122,1.727,,14,335,-0.634,51,-0.9
2022-10,2022,10,Q4,XLM,Stellar,Payments,SCP,0.0575775,0.06107214,0.05284873,0.05649969,-1.87,18.2,0.063,1.695,,8,174,-0.119,34,7.8
2022-11,2022,11,Q4,XLM,Stellar,Payments,SCP,0.05649969,0.07165257,0.0569814,0.06131655,8.53,22.8,0.045,1.839,,10,173,-0.075,31,-9.2
2022-12,2022,12,Q4,XLM,Stellar,Payments,SCP,0.06131655,0.10018261,0.07721401,0.08723188,42.26,16.7,0.13,2.617,,19,193,-0.031,45,1.4
2023-01,2023,1,Q1,XLM,Stellar,Payments,SCP,0.08723188,0.17374633,0.14548526,0.15772589,80.81,12.6,0.293,4.732,,33,88,0.026,34,4.0
2023-02,2023,2,Q1,XLM,Stellar,Payments,SCP,0.15772589,0.18588106,0.14872552,0.16364316,3.75,14.6,0.418,4.909,,51,147,-0.207,42,-9.4
2023-03,2023,3,Q1,XLM,Stellar,Payments,SCP,0.16364316,0.17159968,0.11576224,0.14634718,-10.57,23.3,0.088,4.39,,52,234,-0.086,48,21.3
2023-04,2023,4,Q2,XLM,Stellar,Payments,SCP,0.14634718,0.19946804,0.17108972,0.18629875,27.3,20.0,0.133,5.589,,18,616,0.068,33,-3.3
2023-05,2023,5,Q2,XLM,Stellar,Payments,SCP,0.18629875,0.26715616,0.19483593,0.22443965,20.47,22.4,0.239,6.733,,7,138,0.45,17,6.8
2023-06,2023,6,Q2,XLM,Stellar,Payments,SCP,0.22443965,0.23259035,0.16769328,0.21303681,-5.08,22.0,0.03,6.391,,48,108,0.22,52,-1.3
2023-07,2023,7,Q3,XLM,Stellar,Payments,SCP,0.21303681,0.26316133,0.20177547,0.23410272,9.89,17.2,0.233,7.023,,5,189,-0.395,48,-5.4
2023-08,2023,8,Q3,XLM,Stellar,Payments,SCP,0.23410272,0.37794457,0.28646764,0.33198858,41.81,18.9,0.28,9.96,,21,169,-0.337,49,-0.5
2023-09,2023,9,Q3,XLM,Stellar,Payments,SCP,0.33198858,0.3985162,0.28707484,0.34159288,2.89,19.0,0.192,10.248,,23,106,-0.455,66,-10.7
2023-10,2023,10,Q4,XLM,Stellar,Payments,SCP,0.34159288,0.40541406,0.32981845,0.37062149,8.5,20.1,0.316,11.119,,19,374,-0.487,53,-36.6
2023-11,2023,11,Q4,XLM,Stellar,Payments,SCP,0.37062149,0.47270207,0.34094482,0.41628294,12.32,23.8,0.379,12.488,,68,629,0.347,34,45.2
2023-12,2023,12,Q4,XLM,Stellar,Payments,SCP,0.41628294,0.49888664,0.38098615,0.43333366,4.1,24.7,0.511,13.0,,50,264,0.029,44,18.5
2024-01,2024,1,Q1,XLM,Stellar,Payments,SCP,0.43333366,0.49575368,0.39288868,0.44104099,1.78,20.3,0.217,13.231,,21,74,-0.242,68,11.8
2024-02,2024,2,Q1,XLM,Stellar,Payments,SCP,0.44104099,0.70654519,0.6082678,0.65247651,47.94,10.0,0.342,19.574,,97,303,0.047,63,-39.3
2024-03,2024,3,Q1,XLM,Stellar,Payments,SCP,0.65247651,0.82439482,0.72495438,0.75748715,16.09,9.1,0.096,22.725,,26,310,0.155,77,31.8
2024-04,2024,4,Q2,XLM,Stellar,Payments,SCP,0.75748715,0.89013639,0.7434062,0.80939849,6.85,18.9,0.794,24.282,,51,381,0.683,68,-36.5
2024-05,2024,5,Q2,XLM,Stellar,Payments,SCP,0.80939849,0.91729547,0.68669195,0.80896958,-0.05,23.4,0.183,24.269,,10,197,0.181,78,-3.1
2024-06,2024,6,Q2,XLM,Stellar,Payments,SCP,0.80896958,0.69090234,0.59261366,0.63950285,-20.95,9.7,0.249,19.185,,36,187,1.0,73,3.3
2024-07,2024,7,Q3,XLM,Stellar,Payments,SCP,0.63950285,0.7519842,0.53356751,0.62594189,-2.12,20.3,0.464,18.778,,11,79,0.206,78,26.9
2024-08,2024,8,Q3,XLM,Stellar,Payments,SCP,0.62594189,0.66455037,0.58565924,0.62509874,-0.13,11.4,0.391,18.753,,16,574,0.636,75,-11.3
2024-09,2024,9,Q3,XLM,Stellar,Payments,SCP,0.62509874,0.72883716,0.63856714,0.67282372,7.63,14.7,0.26,20.185,,45,166,0.611,56,-4.0
2024-10,2024,10,Q4,XLM,Stellar,Payments,SCP,0.67282372,0.52490428,0.42903199,0.47711061,-29.09,17.0,0.481,14.313,,62,180,0.395,70,36.1
2024-11,2024,11,Q4,XLM,Stellar,Payments,SCP,0.47711061,0.6864594,0.60577809,0.6475373,35.72,11.7,0.225,19.426,,68,445,0.063,81,7.2
2024-12,2024,12,Q4,XLM,Stellar,Payments,SCP,0.6475373,0.74984603,0.66866298,0.7225631,11.59,9.2,0.815,21.677,,22,124,0.552,54,-24.8
2025-01,2025,1,Q1,XLM,Stellar,Payments,SCP,0.7225631,0.80883579,0.64780768,0.74329757,2.87,14.7,0.242,22.299,,92,83,0.622,66,15.3
2025-02,2025,2,Q1,XLM,Stellar,Payments,SCP,0.74329757,0.79355358,0.66003881,0.70859941,-4.67,14.3,0.115,21.258,,61,218,0.249,75,9.7
2025-03,2025,3,Q1,XLM,Stellar,Payments,SCP,0.70859941,0.65770692,0.56226941,0.61411748,-13.33,15.4,0.413,18.424,,23,104,1.0,88,33.8
2025-04,2025,4,Q2,XLM,Stellar,Payments,SCP,0.61411748,0.76434473,0.64516578,0.72190247,17.55,16.7,0.449,21.657,,37,52,1.0,77,-56.0
2025-05,2025,5,Q2,XLM,Stellar,Payments,SCP,0.72190247,0.68583203,0.56575362,0.60261011,-16.52,14.8,0.417,18.078,,19,566,0.77,88,31.8
2025-06,2025,6,Q2,XLM,Stellar,Payments,SCP,0.60261011,0.76007478,0.67143511,0.72093365,19.64,15.1,0.539,21.628,,14,216,0.841,80,36.1
2025-07,2025,7,Q3,XLM,Stellar,Payments,SCP,0.72093365,0.83922382,0.58912376,0.73716452,2.25,24.6,1.037,22.115,,41,121,0.519,79,-32.8
2025-08,2025,8,Q3,XLM,Stellar,Payments,SCP,0.73716452,1.01192098,0.79566368,0.86929004,17.92,18.2,0.757,26.079,,51,238,0.312,46,45.9
2025-09,2025,9,Q3,XLM,Stellar,Payments,SCP,0.86929004,0.78229526,0.66310155,0.71406868,-17.86,12.3,0.406,21.422,,22,97,0.452,93,0.8
2025-10,2025,10,Q4,XLM,Stellar,Payments,SCP,0.71406868,0.78683773,0.69855632,0.74726332,4.65,8.1,0.317,22.418,,15,144,0.391,66,45.2
2025-11,2025,11,Q4,XLM,Stellar,Payments,SCP,0.74726332,0.86315215,0.72696374,0.77846233,4.18,15.1,0.511,23.354,,68,273,0.703,68,-19.3
2025-12,2025,12,Q4,XLM,Stellar,Payments,SCP,0.77846233,0.84454608,0.63478996,0.73789701,-5.21,15.6,0.203,22.137,,19,346,0.815,84,-79.8
2026-01,2026,1,Q1,XLM,Stellar,Payments,SCP,0.73789701,0.61700064,0.55552055,0.59243096,-19.71,10.5,0.495,17.773,,51,142,0.553,83,-56.6
2026-02,2026,2,Q1,XLM,Stellar,Payments,SCP,0.59243096,0.82491927,0.69792633,0.76007419,28.3,9.8,0.698,22.802,,79,173,0.789,76,-35.1
2026-03,2026,3,Q1,XLM,Stellar,Payments,SCP,0.76007419,0.64942242,0.52550106,0.57818888,-23.93,13.9,0.358,17.346,,48,123,0.199,65,-27.9
2020-01,2020,1,Q1,NEAR,NEAR Protocol,Smart Contract,PoS,4.13266272,5.04200683,4.30148391,4.75631397,15.09,13.7,0.507,4.756,,48,123,0.226,37,-21.4
2020-02,2020,2,Q1,NEAR,NEAR Protocol,Smart Contract,PoS,4.75631397,4.59868849,3.18076055,3.83297651,-19.41,21.0,0.125,3.833,,16,253,-0.961,49,18.0
2020-03,2020,3,Q1,NEAR,NEAR Protocol,Smart Contract,PoS,3.83297651,6.64362701,4.33015613,5.62889725,46.85,24.4,0.15,5.629,,24,694,0.051,60,22.5
2020-04,2020,4,Q2,NEAR,NEAR Protocol,Smart Contract,PoS,5.62889725,7.8574935,6.35222118,7.15228164,27.06,13.6,0.233,7.152,,112,422,-0.308,56,12.0
2020-05,2020,5,Q2,NEAR,NEAR Protocol,Smart Contract,PoS,7.15228164,8.91615351,6.76137796,8.00624442,11.94,18.7,0.46,8.006,,28,58,0.211,50,4.1
2020-06,2020,6,Q2,NEAR,NEAR Protocol,Smart Contract,PoS,8.00624442,9.9026401,7.93484502,8.55299012,6.83,16.3,0.16,8.553,,69,248,0.413,69,-45.8
2020-07,2020,7,Q3,NEAR,NEAR Protocol,Smart Contract,PoS,8.55299012,11.75252647,8.8283763,9.88915451,15.62,22.6,0.28,9.889,,97,195,0.18,67,-54.4
2020-08,2020,8,Q3,NEAR,NEAR Protocol,Smart Contract,PoS,9.88915451,13.18496298,9.21653016,11.30988006,14.37,23.8,0.289,11.31,,77,363,-0.092,73,17.4
2020-09,2020,9,Q3,NEAR,NEAR Protocol,Smart Contract,PoS,11.30988006,12.61156376,9.87619336,11.71238182,3.56,17.9,0.692,11.712,,28,765,0.548,63,-32.1
2020-10,2020,10,Q4,NEAR,NEAR Protocol,Smart Contract,PoS,11.71238182,14.45810156,11.32716752,12.09751427,3.29,20.4,0.309,12.098,,98,783,0.41,67,-49.8
2020-11,2020,11,Q4,NEAR,NEAR Protocol,Smart Contract,PoS,12.09751427,11.76795427,9.86069947,10.76156168,-11.04,15.6,0.302,10.762,,29,251,0.395,64,21.9
2020-12,2020,12,Q4,NEAR,NEAR Protocol,Smart Contract,PoS,10.76156168,17.27988917,13.09865505,14.77559578,37.3,17.8,0.295,14.776,,11,417,0.741,83,-22.9
2021-01,2021,1,Q1,NEAR,NEAR Protocol,Smart Contract,PoS,14.77559578,22.76225791,17.70201294,19.39443469,31.26,18.9,0.541,19.394,,8,141,0.763,73,62.0
2021-02,2021,2,Q1,NEAR,NEAR Protocol,Smart Contract,PoS,19.39443469,20.54711391,14.79882495,18.16960095,-6.32,23.0,0.433,18.17,,42,117,0.49,73,97.9
2021-03,2021,3,Q1,NEAR,NEAR Protocol,Smart Contract,PoS,18.16960095,23.75577122,19.74161461,21.68613732,19.35,10.6,1.07,21.686,,44,669,0.818,92,46.1
2021-04,2021,4,Q2,NEAR,NEAR Protocol,Smart Contract,PoS,21.68613732,22.5309512,14.00152087,18.16234795,-16.25,24.2,0.431,18.162,,9,140,0.713,80,18.5
2021-05,2021,5,Q2,NEAR,NEAR Protocol,Smart Contract,PoS,18.16234795,12.58997875,11.57451403,12.10630343,-33.34,9.9,0.173,12.106,,38,359,0.594,53,37.7
2021-06,2021,6,Q2,NEAR,NEAR Protocol,Smart Contract,PoS,12.10630343,9.63382457,8.97591289,9.2770307,-23.37,10.4,0.129,9.277,,8,48,0.628,66,25.9
2021-07,2021,7,Q3,NEAR,NEAR Protocol,Smart Contract,PoS,9.2770307,12.98044444,11.67463628,12.43912038,34.09,8.4,0.251,12.439,,9,113,0.171,74,24.3
2021-08,2021,8,Q3,NEAR,NEAR Protocol,Smart Contract,PoS,12.43912038,11.8428062,9.98991733,11.12772739,-10.54,14.0,0.328,11.128,,23,218,0.202,81,13.1
2021-09,2021,9,Q3,NEAR,NEAR Protocol,Smart Contract,PoS,11.12772739,15.28600767,12.87009277,14.26752987,28.22,23.3,0.514,14.268,,26,96,0.817,70,-35.5
2021-10,2021,10,Q4,NEAR,NEAR Protocol,Smart Contract,PoS,14.26752987,13.91274978,11.59726251,12.66020472,-11.27,11.0,0.451,12.66,,22,132,0.903,76,-18.6
2021-11,2021,11,Q4,NEAR,NEAR Protocol,Smart Contract,PoS,12.66020472,13.68374892,9.91776523,12.0502479,-4.82,24.0,0.173,12.05,,32,164,0.408,58,-37.0
2021-12,2021,12,Q4,NEAR,NEAR Protocol,Smart Contract,PoS,12.0502479,9.0287909,6.73388446,7.98031904,-33.77,16.9,0.093,7.98,,19,428,0.655,74,12.5
2022-01,2022,1,Q1,NEAR,NEAR Protocol,Smart Contract,PoS,7.98031904,5.62796552,4.79833849,5.11495454,-35.91,13.5,0.2,5.115,,34,135,-0.104,59,-10.9
2022-02,2022,2,Q1,NEAR,NEAR Protocol,Smart Contract,PoS,5.11495454,4.41907551,3.80398569,4.2002838,-17.88,11.3,0.141,4.2,,46,150,0.06,54,0.2
2022-03,2022,3,Q1,NEAR,NEAR Protocol,Smart Contract,PoS,4.2002838,5.26510007,3.64879149,4.47051633,6.43,22.9,0.145,4.471,,30,474,-0.451,32,14.4
2022-04,2022,4,Q2,NEAR,NEAR Protocol,Smart Contract,PoS,4.47051633,3.61916943,3.07055504,3.34072555,-25.27,11.2,0.077,3.341,,46,97,-0.073,46,-9.8
2022-05,2022,5,Q2,NEAR,NEAR Protocol,Smart Contract,PoS,3.34072555,2.56079416,2.24332596,2.37812701,-28.81,8.2,0.029,2.378,,27,134,0.238,26,-15.0
2022-06,2022,6,Q2,NEAR,NEAR Protocol,Smart Contract,PoS,2.37812701,1.3124636,1.13413883,1.22782208,-48.37,22.4,0.051,1.228,,15,217,-0.161,42,10.4
2022-07,2022,7,Q3,NEAR,NEAR Protocol,Smart Contract,PoS,1.22782208,1.59857306,1.29353138,1.39477422,13.6,17.6,0.048,1.395,,21,92,-1.0,47,0.8
2022-08,2022,8,Q3,NEAR,NEAR Protocol,Smart Contract,PoS,1.39477422,1.5295539,1.2066235,1.36440939,-2.18,24.9,0.045,1.364,,35,328,-0.547,16,-9.2
2022-09,2022,9,Q3,NEAR,NEAR Protocol,Smart Contract,PoS,1.36440939,1.45081579,1.26236775,1.32523816,-2.87,10.1,0.031,1.325,,29,65,-0.425,37,-1.6
2022-10,2022,10,Q4,NEAR,NEAR Protocol,Smart Contract,PoS,1.32523816,2.05313433,1.41974466,1.69757805,28.1,21.8,0.093,1.698,,20,677,-0.352,31,-3.8
2022-11,2022,11,Q4,NEAR,NEAR Protocol,Smart Contract,PoS,1.69757805,1.51097391,1.20791514,1.37762641,-18.85,14.3,0.094,1.378,,37,239,-0.433,24,3.9
2022-12,2022,12,Q4,NEAR,NEAR Protocol,Smart Contract,PoS,1.37762641,1.64827844,1.39484878,1.5809923,14.76,13.7,0.11,1.581,,18,76,-1.0,41,-2.1
2023-01,2023,1,Q1,NEAR,NEAR Protocol,Smart Contract,PoS,1.5809923,3.66855346,3.37525188,3.5104258,122.04,10.4,0.161,3.51,,24,395,0.06,36,-22.7
2023-02,2023,2,Q1,NEAR,NEAR Protocol,Smart Contract,PoS,3.5104258,3.55254619,2.9195048,3.2912122,-6.24,12.5,0.255,3.291,,15,384,0.18,39,16.6
2023-03,2023,3,Q1,NEAR,NEAR Protocol,Smart Contract,PoS,3.2912122,3.9664767,3.41668988,3.73061331,13.35,16.4,0.267,3.731,,17,327,-0.168,43,10.5
2023-04,2023,4,Q2,NEAR,NEAR Protocol,Smart Contract,PoS,3.73061331,3.95929528,3.30071811,3.68096895,-1.33,11.2,0.186,3.681,,32,130,-0.414,47,0.0
2023-05,2023,5,Q2,NEAR,NEAR Protocol,Smart Contract,PoS,3.68096895,4.03309121,3.37704847,3.71125253,0.82,9.4,0.244,3.711,,49,275,0.122,45,-1.9
2023-06,2023,6,Q2,NEAR,NEAR Protocol,Smart Contract,PoS,3.71125253,5.89877817,4.70142373,5.10315845,37.51,22.7,0.244,5.103,,30,229,-0.016,41,-7.9
2023-07,2023,7,Q3,NEAR,NEAR Protocol,Smart Contract,PoS,5.10315845,6.15852054,4.94401173,5.60305805,9.8,20.5,0.307,5.603,,12,85,-0.481,53,-28.4
2023-08,2023,8,Q3,NEAR,NEAR Protocol,Smart Contract,PoS,5.60305805,5.21011179,4.81969043,5.02679596,-10.28,9.5,1.006,5.027,,22,271,0.067,63,-4.3
2023-09,2023,9,Q3,NEAR,NEAR Protocol,Smart Contract,PoS,5.02679596,5.93616447,5.27632963,5.57562124,10.92,13.4,0.111,5.576,,10,297,-0.062,57,-11.3
2023-10,2023,10,Q4,NEAR,NEAR Protocol,Smart Contract,PoS,5.57562124,6.7305055,4.85829726,5.93581525,6.46,20.9,0.345,5.936,,18,302,0.422,50,10.7
2023-11,2023,11,Q4,NEAR,NEAR Protocol,Smart Contract,PoS,5.93581525,7.21588687,5.44687837,6.78550738,14.31,20.1,0.09,6.786,,50,182,0.199,43,-7.5
2023-12,2023,12,Q4,NEAR,NEAR Protocol,Smart Contract,PoS,6.78550738,8.2994426,6.2649116,7.3776347,8.73,16.1,0.277,7.378,,60,179,0.015,61,25.5
2024-01,2024,1,Q1,NEAR,NEAR Protocol,Smart Contract,PoS,7.3776347,11.42697891,9.52743034,10.12238792,37.2,18.5,0.116,10.122,,19,104,0.375,67,16.7
2024-02,2024,2,Q1,NEAR,NEAR Protocol,Smart Contract,PoS,10.12238792,15.06701466,13.25171999,13.94065073,37.72,10.2,0.436,13.941,,23,745,0.464,80,23.1
2024-03,2024,3,Q1,NEAR,NEAR Protocol,Smart Contract,PoS,13.94065073,15.67805382,13.20702594,14.72208166,5.61,12.8,0.462,14.722,,48,479,0.682,68,-63.9
2024-04,2024,4,Q2,NEAR,NEAR Protocol,Smart Contract,PoS,14.72208166,16.24444955,14.05413504,15.39947465,4.6,11.1,0.324,15.399,,22,289,0.754,86,30.9
2024-05,2024,5,Q2,NEAR,NEAR Protocol,Smart Contract,PoS,15.39947465,16.39974321,14.03433623,15.51402346,0.74,13.8,0.252,15.514,,17,210,0.404,73,-1.2
2024-06,2024,6,Q2,NEAR,NEAR Protocol,Smart Contract,PoS,15.51402346,15.3727996,12.03786493,13.60489219,-12.31,18.4,0.588,13.605,,14,466,0.942,57,-12.9
2024-07,2024,7,Q3,NEAR,NEAR Protocol,Smart Contract,PoS,13.60489219,15.24959075,11.98992409,13.82525909,1.62,13.9,0.21,13.825,,87,116,0.204,77,29.5
2024-08,2024,8,Q3,NEAR,NEAR Protocol,Smart Contract,PoS,13.82525909,13.29103296,11.77480416,12.45746241,-9.89,8.1,0.294,12.457,,17,202,0.888,59,-9.1
2024-09,2024,9,Q3,NEAR,NEAR Protocol,Smart Contract,PoS,12.45746241,14.99040142,12.98206219,13.80178277,10.79,19.4,0.414,13.802,,7,114,0.911,61,-12.6
2024-10,2024,10,Q4,NEAR,NEAR Protocol,Smart Contract,PoS,13.80178277,14.53850846,11.03968175,13.58947088,-1.54,19.5,0.342,13.589,,21,67,-0.179,70,34.2
2024-11,2024,11,Q4,NEAR,NEAR Protocol,Smart Contract,PoS,13.58947088,13.56921988,11.84629506,12.51480499,-7.91,15.7,0.45,12.515,,124,1245,0.558,78,-22.4
2024-12,2024,12,Q4,NEAR,NEAR Protocol,Smart Contract,PoS,12.51480499,11.97519789,10.17111474,11.16392768,-10.79,9.7,0.528,11.164,,15,234,-0.116,53,29.8
2025-01,2025,1,Q1,NEAR,NEAR Protocol,Smart Contract,PoS,11.16392768,15.37178614,11.53466105,12.857184,15.17,20.0,0.254,12.857,,50,339,0.643,65,-26.6
2025-02,2025,2,Q1,NEAR,NEAR Protocol,Smart Contract,PoS,12.857184,15.80378978,10.12778871,13.19824032,2.65,24.5,0.331,13.198,,27,648,0.198,67,-61.1
2025-03,2025,3,Q1,NEAR,NEAR Protocol,Smart Contract,PoS,13.19824032,14.26855873,10.29028826,13.22431821,0.2,24.9,0.437,13.224,,18,253,0.583,51,-2.0
2025-04,2025,4,Q2,NEAR,NEAR Protocol,Smart Contract,PoS,13.22431821,20.18532676,15.84638269,17.71874108,33.99,21.0,0.27,17.719,,31,174,0.842,73,-39.5
2025-05,2025,5,Q2,NEAR,NEAR Protocol,Smart Contract,PoS,17.71874108,19.49772076,16.9947568,17.90942789,1.08,15.6,0.609,17.909,,26,207,0.741,76,-92.5
2025-06,2025,6,Q2,NEAR,NEAR Protocol,Smart Contract,PoS,17.90942789,18.2438897,11.38278977,14.89321372,-16.84,23.7,0.244,14.893,,18,193,0.946,66,44.6
2025-07,2025,7,Q3,NEAR,NEAR Protocol,Smart Contract,PoS,14.89321372,19.90699364,17.29991297,18.57581058,24.73,9.4,0.416,18.576,,33,78,0.337,78,-25.5
2025-08,2025,8,Q3,NEAR,NEAR Protocol,Smart Contract,PoS,18.57581058,20.06645827,13.11391572,16.29469284,-12.28,23.9,0.561,16.295,,23,182,1.0,94,-61.0
2025-09,2025,9,Q3,NEAR,NEAR Protocol,Smart Contract,PoS,16.29469284,20.34345956,16.49665309,19.20846319,17.88,14.2,0.482,19.208,,64,125,0.013,64,75.3
2025-10,2025,10,Q4,NEAR,NEAR Protocol,Smart Contract,PoS,19.20846319,15.73576679,11.66765395,13.92340734,-27.51,20.9,0.462,13.923,,7,123,0.836,79,21.2
2025-11,2025,11,Q4,NEAR,NEAR Protocol,Smart Contract,PoS,13.92340734,20.0731232,18.15922537,18.92035325,35.89,8.7,0.474,18.92,,28,230,0.618,78,5.1
2025-12,2025,12,Q4,NEAR,NEAR Protocol,Smart Contract,PoS,18.92035325,16.14030203,13.55501856,14.82096874,-21.67,13.9,0.934,14.821,,28,114,0.671,65,-81.3
2026-01,2026,1,Q1,NEAR,NEAR Protocol,Smart Contract,PoS,14.82096874,16.12236967,14.52733355,15.19018478,2.49,9.6,0.658,15.19,,57,107,0.422,62,-23.8
2026-02,2026,2,Q1,NEAR,NEAR Protocol,Smart Contract,PoS,15.19018478,15.76354097,13.78361457,15.00994627,-1.19,16.3,0.387,15.01,,78,139,0.622,96,14.1
2026-03,2026,3,Q1,NEAR,NEAR Protocol,Smart Contract,PoS,15.00994627,18.8837388,16.26013209,17.52618404,16.76,17.6,0.294,17.526,,17,125,0.666,81,-9.5
2022-01,2022,1,Q1,APT,Aptos,Smart Contract,PoS,6.15535902,5.68072234,5.0298102,5.46752047,-11.17,9.6,0.113,5.468,,11,198,0.062,54,-25.6
2022-02,2022,2,Q1,APT,Aptos,Smart Contract,PoS,5.46752047,5.84152336,4.27448479,4.77984488,-12.58,23.5,0.115,4.78,,57,389,-0.064,39,-2.5
2022-03,2022,3,Q1,APT,Aptos,Smart Contract,PoS,4.77984488,5.20149028,3.49227203,4.30249899,-9.99,21.3,0.122,4.302,,40,336,-0.048,45,7.5
2022-04,2022,4,Q2,APT,Aptos,Smart Contract,PoS,4.30249899,2.99356079,2.66204953,2.84414714,-33.9,14.5,0.157,2.844,,27,440,0.137,53,-4.4
2022-05,2022,5,Q2,APT,Aptos,Smart Contract,PoS,2.84414714,2.88397943,2.54120816,2.75630662,-3.09,9.2,0.064,2.756,,17,144,-0.426,34,-5.2
2022-06,2022,6,Q2,APT,Aptos,Smart Contract,PoS,2.75630662,1.60762039,1.21042176,1.44067868,-47.73,16.5,0.065,1.441,,8,214,-0.15,49,5.8
2022-07,2022,7,Q3,APT,Aptos,Smart Contract,PoS,1.44067868,1.30348606,1.1633601,1.24117576,-13.85,9.8,0.058,1.241,,29,140,0.239,30,-7.2
2022-08,2022,8,Q3,APT,Aptos,Smart Contract,PoS,1.24117576,1.53573917,1.20991279,1.33386659,7.47,19.9,0.049,1.334,,62,427,-0.072,34,-11.7
2022-09,2022,9,Q3,APT,Aptos,Smart Contract,PoS,1.33386659,1.8868497,1.54303228,1.71097583,28.27,18.1,0.05,1.711,,37,349,-0.194,56,-3.3
2022-10,2022,10,Q4,APT,Aptos,Smart Contract,PoS,1.71097583,1.71085793,1.22201703,1.43269424,-16.26,23.3,0.048,1.433,,25,217,-0.693,38,-3.5
2022-11,2022,11,Q4,APT,Aptos,Smart Contract,PoS,1.43269424,1.44346436,1.25583835,1.34978777,-5.79,14.9,0.055,1.35,,39,451,-0.219,30,1.4
2022-12,2022,12,Q4,APT,Aptos,Smart Contract,PoS,1.34978777,1.57839007,1.23204289,1.32471873,-1.86,20.2,0.106,1.325,,95,246,-0.219,28,-4.0
2023-01,2023,1,Q1,APT,Aptos,Smart Contract,PoS,1.32471873,2.89079877,2.18041814,2.54668176,92.24,20.2,0.195,2.547,,11,271,-0.565,39,-25.1
2023-02,2023,2,Q1,APT,Aptos,Smart Contract,PoS,2.54668176,3.57654638,3.13863206,3.36996969,32.33,14.0,0.137,3.37,,81,266,-0.352,46,8.2
2023-03,2023,3,Q1,APT,Aptos,Smart Contract,PoS,3.36996969,4.11427681,2.95909816,3.56094375,5.67,18.2,0.143,3.561,,35,190,0.134,54,-20.7
2023-04,2023,4,Q2,APT,Aptos,Smart Contract,PoS,3.56094375,4.98906583,3.99684694,4.37076112,22.74,16.1,0.186,4.371,,39,256,-0.004,57,3.2
2023-05,2023,5,Q2,APT,Aptos,Smart Contract,PoS,4.37076112,4.39375006,3.41248407,3.93484654,-9.97,18.2,0.325,3.935,,47,193,-0.553,37,14.8
2023-06,2023,6,Q2,APT,Aptos,Smart Contract,PoS,3.93484654,5.50979974,4.4861216,4.85017762,23.26,19.9,0.375,4.85,,15,301,0.517,51,16.3
2023-07,2023,7,Q3,APT,Aptos,Smart Contract,PoS,4.85017762,7.97207009,6.1784921,6.65330882,37.18,20.6,0.229,6.653,,15,407,-0.549,49,-3.9
2023-08,2023,8,Q3,APT,Aptos,Smart Contract,PoS,6.65330882,5.02113328,4.51541974,4.86381837,-26.9,9.1,0.319,4.864,,21,430,-0.108,45,9.8
2023-09,2023,9,Q3,APT,Aptos,Smart Contract,PoS,4.86381837,8.71341396,6.68011421,7.38259134,51.79,21.9,0.109,7.383,,37,235,-0.435,43,-14.8
2023-10,2023,10,Q4,APT,Aptos,Smart Contract,PoS,7.38259134,8.85247603,6.69375413,7.87256942,6.64,16.0,0.18,7.873,,48,99,0.358,53,-0.5
2023-11,2023,11,Q4,APT,Aptos,Smart Contract,PoS,7.87256942,8.22103885,6.08978205,7.26404855,-7.73,16.5,0.273,7.264,,39,87,0.178,56,-2.7
2023-12,2023,12,Q4,APT,Aptos,Smart Contract,PoS,7.26404855,10.53112159,8.04275474,9.4124023,29.58,18.6,0.081,9.412,,23,391,0.139,65,10.7
2024-01,2024,1,Q1,APT,Aptos,Smart Contract,PoS,9.4124023,13.0851015,11.61142502,12.58206814,33.68,8.7,0.254,12.582,,29,99,0.382,56,-77.5
2024-02,2024,2,Q1,APT,Aptos,Smart Contract,PoS,12.58206814,14.41996292,11.37552437,12.58049534,-0.01,15.0,0.321,12.58,,94,223,0.456,74,36.1
2024-03,2024,3,Q1,APT,Aptos,Smart Contract,PoS,12.58049534,14.32425661,10.28875857,12.45967156,-0.96,21.1,0.268,12.46,,17,50,0.498,74,6.9
2024-04,2024,4,Q2,APT,Aptos,Smart Contract,PoS,12.45967156,14.91427115,11.50063163,12.98624751,4.23,20.4,0.463,12.986,,24,228,0.727,73,-14.6
2024-05,2024,5,Q2,APT,Aptos,Smart Contract,PoS,12.98624751,14.64735718,12.21661431,12.94600234,-0.31,15.2,0.727,12.946,,25,70,0.425,76,44.8
2024-06,2024,6,Q2,APT,Aptos,Smart Contract,PoS,12.94600234,16.97464599,13.7509932,15.14026722,16.95,21.1,0.491,15.14,,12,137,0.84,83,5.2
2024-07,2024,7,Q3,APT,Aptos,Smart Contract,PoS,15.14026722,15.63333767,12.87887144,13.71695812,-9.4,14.9,0.421,13.717,,28,637,-0.108,72,-17.0
2024-08,2024,8,Q3,APT,Aptos,Smart Contract,PoS,13.71695812,12.30334827,11.25701289,11.78903733,-14.06,12.4,0.198,11.789,,24,112,0.736,63,2.1
2024-09,2024,9,Q3,APT,Aptos,Smart Contract,PoS,11.78903733,13.7612451,9.94895971,11.95403049,1.4,18.0,0.436,11.954,,53,367,-0.095,57,16.4
2024-10,2024,10,Q4,APT,Aptos,Smart Contract,PoS,11.95403049,13.36817121,9.50740274,11.75490467,-1.67,20.4,0.445,11.755,,22,81,0.362,71,-36.2
2024-11,2024,11,Q4,APT,Aptos,Smart Contract,PoS,11.75490467,11.62138712,8.91534333,10.6723984,-9.21,23.5,0.365,10.672,,34,104,0.742,61,-3.2
2024-12,2024,12,Q4,APT,Aptos,Smart Contract,PoS,10.6723984,16.08334663,14.03381347,15.03522359,40.88,15.8,0.796,15.035,,75,275,1.0,49,-8.2
2025-01,2025,1,Q1,APT,Aptos,Smart Contract,PoS,15.03522359,15.60581112,12.38132358,14.42471216,-4.06,17.3,0.668,14.425,,27,119,0.161,76,-22.1
2025-02,2025,2,Q1,APT,Aptos,Smart Contract,PoS,14.42471216,16.13295658,14.70601654,15.20026565,5.38,9.4,0.353,15.2,,47,90,0.954,77,-35.0
2025-03,2025,3,Q1,APT,Aptos,Smart Contract,PoS,15.20026565,13.74053479,11.58447371,12.9244976,-14.97,12.6,0.314,12.924,,80,307,0.674,72,-29.1
2025-04,2025,4,Q2,APT,Aptos,Smart Contract,PoS,12.9244976,16.57410114,11.84311398,14.06934328,8.86,21.1,0.565,14.069,,36,219,0.674,81,26.8
2025-05,2025,5,Q2,APT,Aptos,Smart Contract,PoS,14.06934328,19.84959581,14.39406406,17.82230274,26.67,24.2,0.394,17.822,,130,247,0.441,61,6.1
2025-06,2025,6,Q2,APT,Aptos,Smart Contract,PoS,17.82230274,14.61062095,11.97001309,13.65684096,-23.37,13.7,0.225,13.657,,26,193,0.697,86,1.9
2025-07,2025,7,Q3,APT,Aptos,Smart Contract,PoS,13.65684096,14.50390108,13.04137551,13.95655806,2.19,12.6,0.769,13.957,,17,102,0.823,87,31.1
2025-08,2025,8,Q3,APT,Aptos,Smart Contract,PoS,13.95655806,19.31196325,16.58726669,18.17988162,30.26,15.1,0.599,18.18,,78,298,1.0,76,36.1
2025-09,2025,9,Q3,APT,Aptos,Smart Contract,PoS,18.17988162,16.25193872,14.52631515,15.37006665,-15.46,8.6,0.46,15.37,,39,191,0.396,99,-10.1
2025-10,2025,10,Q4,APT,Aptos,Smart Contract,PoS,15.37006665,16.26907236,13.96836216,15.23224262,-0.9,14.9,0.845,15.232,,32,997,0.599,94,-21.0
2025-11,2025,11,Q4,APT,Aptos,Smart Contract,PoS,15.23224262,13.9195382,12.72794074,13.32493333,-12.52,8.7,0.42,13.325,,41,208,1.0,72,60.4
2025-12,2025,12,Q4,APT,Aptos,Smart Contract,PoS,13.32493333,17.41039512,15.0953674,16.16766724,21.33,9.5,0.54,16.168,,36,211,0.622,100,-3.8
2026-01,2026,1,Q1,APT,Aptos,Smart Contract,PoS,16.16766724,12.84310498,11.62642282,12.32234407,-23.78,13.9,0.331,12.322,,29,422,0.548,61,36.1
2026-02,2026,2,Q1,APT,Aptos,Smart Contract,PoS,12.32234407,13.7390743,11.10532232,12.17215335,-1.22,14.5,0.846,12.172,,26,164,0.31,94,-7.5
2026-03,2026,3,Q1,APT,Aptos,Smart Contract,PoS,12.17215335,17.73037965,15.24016794,15.85221652,30.23,12.7,0.473,15.852,,35,217,0.343,78,42.0
2021-01,2021,1,Q1,ARB,Arbitrum,Layer 2,N/A,2.05999323,1.96094534,1.49773114,1.82553563,-11.38,21.5,0.372,10.953,,9,101,0.92,62,-18.5
2021-02,2021,2,Q1,ARB,Arbitrum,Layer 2,N/A,1.82553563,1.89636971,1.56718736,1.77320802,-2.87,11.7,0.81,10.639,,25,162,0.997,81,51.5
2021-03,2021,3,Q1,ARB,Arbitrum,Layer 2,N/A,1.77320802,2.42840927,1.97859419,2.17280654,22.54,16.8,0.36,13.037,,27,50,1.0,83,22.0
2021-04,2021,4,Q2,ARB,Arbitrum,Layer 2,N/A,2.17280654,1.9295887,1.79592839,1.87222945,-13.83,8.2,0.938,11.233,,4,693,1.0,93,116.3
2021-05,2021,5,Q2,ARB,Arbitrum,Layer 2,N/A,1.87222945,1.71328916,1.37708348,1.51538429,-19.06,13.6,0.552,9.092,,57,171,0.206,60,2.7
2021-06,2021,6,Q2,ARB,Arbitrum,Layer 2,N/A,1.51538429,1.39146119,1.11492163,1.23441445,-18.54,18.3,0.249,7.406,,28,358,-0.145,74,-71.5
2021-07,2021,7,Q3,ARB,Arbitrum,Layer 2,N/A,1.23441445,1.2375529,0.94322202,1.14408702,-7.32,21.2,0.165,6.865,,59,148,0.475,69,7.0
2021-08,2021,8,Q3,ARB,Arbitrum,Layer 2,N/A,1.14408702,1.68034593,1.41823775,1.56408358,36.71,11.1,0.659,9.385,,46,40,0.417,76,5.8
2021-09,2021,9,Q3,ARB,Arbitrum,Layer 2,N/A,1.56408358,1.64131099,1.35791941,1.52386856,-2.57,12.3,0.215,9.143,,33,131,-0.049,64,-31.1
2021-10,2021,10,Q4,ARB,Arbitrum,Layer 2,N/A,1.52386856,1.54870321,1.28145471,1.44608395,-5.1,13.7,0.479,8.677,,23,514,0.9,74,52.8
2021-11,2021,11,Q4,ARB,Arbitrum,Layer 2,N/A,1.44608395,2.10877767,1.36776462,1.74650239,20.77,24.4,0.52,10.479,,37,238,0.595,73,-40.2
2021-12,2021,12,Q4,ARB,Arbitrum,Layer 2,N/A,1.74650239,1.13940125,0.79563999,0.96265005,-44.88,23.4,0.528,5.776,,44,505,0.293,75,12.7
2022-01,2022,1,Q1,ARB,Arbitrum,Layer 2,N/A,0.96265005,0.81970893,0.58210712,0.69613257,-27.69,20.6,0.117,4.177,,124,105,-0.168,55,-12.1
2022-02,2022,2,Q1,ARB,Arbitrum,Layer 2,N/A,0.69613257,0.4747385,0.37730253,0.44382544,-36.24,16.6,0.123,2.663,,16,708,-0.272,53,16.5
2022-03,2022,3,Q1,ARB,Arbitrum,Layer 2,N/A,0.44382544,0.62661526,0.47774505,0.53559311,20.68,19.6,0.274,3.214,,23,114,0.066,49,3.2
2022-04,2022,4,Q2,ARB,Arbitrum,Layer 2,N/A,0.53559311,0.41294989,0.35521152,0.37696764,-29.62,13.1,0.181,2.262,,20,405,-0.137,36,4.4
2022-05,2022,5,Q2,ARB,Arbitrum,Layer 2,N/A,0.37696764,0.291655,0.22777813,0.26649384,-29.31,21.4,0.053,1.599,,13,196,-0.285,38,-13.4
2022-06,2022,6,Q2,ARB,Arbitrum,Layer 2,N/A,0.26649384,0.20648197,0.13990738,0.16818323,-36.89,23.4,0.032,1.009,,13,215,0.135,26,3.5
2022-07,2022,7,Q3,ARB,Arbitrum,Layer 2,N/A,0.16818323,0.21572116,0.16588825,0.18226303,8.37,25.0,0.089,1.094,,110,560,-0.532,35,-5.6
2022-08,2022,8,Q3,ARB,Arbitrum,Layer 2,N/A,0.18226303,0.16897212,0.15680438,0.16302536,-10.55,8.9,0.065,0.978,,29,221,-0.208,32,-11.3
2022-09,2022,9,Q3,ARB,Arbitrum,Layer 2,N/A,0.16302536,0.17599476,0.14381776,0.15731988,-3.5,18.1,0.091,0.944,,34,235,-0.291,41,-3.2
2022-10,2022,10,Q4,ARB,Arbitrum,Layer 2,N/A,0.15731988,0.15520058,0.13420177,0.14886323,-5.38,12.1,0.08,0.893,,68,123,-0.011,39,-3.0
2022-11,2022,11,Q4,ARB,Arbitrum,Layer 2,N/A,0.14886323,0.20684709,0.18281583,0.19659909,32.07,11.9,0.089,1.18,,25,67,-0.641,37,0.1
2022-12,2022,12,Q4,ARB,Arbitrum,Layer 2,N/A,0.19659909,0.19933544,0.16216475,0.18315947,-6.84,15.4,0.027,1.099,,29,149,-0.263,36,-2.8
2023-01,2023,1,Q1,ARB,Arbitrum,Layer 2,N/A,0.18315947,0.34051457,0.30709601,0.32064676,75.06,9.8,0.16,1.924,,22,637,-0.209,37,2.1
2023-02,2023,2,Q1,ARB,Arbitrum,Layer 2,N/A,0.32064676,0.51950816,0.45842595,0.48224659,50.4,14.7,0.062,2.893,,13,118,-0.168,51,10.3
2023-03,2023,3,Q1,ARB,Arbitrum,Layer 2,N/A,0.48224659,0.51832282,0.43920114,0.47099211,-2.33,11.4,0.266,2.826,,10,139,-0.585,38,-6.5
2023-04,2023,4,Q2,ARB,Arbitrum,Layer 2,N/A,0.47099211,0.57657622,0.49226133,0.5287651,12.27,16.2,0.232,3.173,,96,192,0.149,40,-11.9
2023-05,2023,5,Q2,ARB,Arbitrum,Layer 2,N/A,0.5287651,0.53162936,0.3932858,0.44460273,-15.92,20.7,0.066,2.668,,15,256,-0.508,36,8.8
2023-06,2023,6,Q2,ARB,Arbitrum,Layer 2,N/A,0.44460273,0.63981723,0.53057567,0.59232906,33.23,18.5,0.112,3.554,,6,150,0.426,53,-8.6
2023-07,2023,7,Q3,ARB,Arbitrum,Layer 2,N/A,0.59232906,0.89154958,0.73556722,0.79484765,34.19,21.5,0.19,4.769,,21,107,-0.818,29,26.9
2023-08,2023,8,Q3,ARB,Arbitrum,Layer 2,N/A,0.79484765,0.73454933,0.65699213,0.70271336,-11.59,14.3,0.134,4.216,,6,462,0.12,52,21.2
2023-09,2023,9,Q3,ARB,Arbitrum,Layer 2,N/A,0.70271336,0.706121,0.60886445,0.66465989,-5.42,17.5,0.18,3.988,,44,82,-0.156,61,-48.6
2023-10,2023,10,Q4,ARB,Arbitrum,Layer 2,N/A,0.66465989,1.00970622,0.85331067,0.90648088,36.38,12.9,0.52,5.439,,21,155,0.233,42,-4.7
2023-11,2023,11,Q4,ARB,Arbitrum,Layer 2,N/A,0.90648088,1.09367917,0.88585128,0.95336924,5.17,17.9,0.296,5.72,,54,139,0.258,50,18.9
2023-12,2023,12,Q4,ARB,Arbitrum,Layer 2,N/A,0.95336924,1.24019831,1.07764073,1.16725078,22.43,8.3,0.227,7.004,,5,85,-0.16,71,-11.0
2024-01,2024,1,Q1,ARB,Arbitrum,Layer 2,N/A,1.16725078,1.4691865,1.33531244,1.40805837,20.63,8.8,0.186,8.448,,19,187,0.128,58,35.9
2024-02,2024,2,Q1,ARB,Arbitrum,Layer 2,N/A,1.40805837,1.76124881,1.55122557,1.64886872,17.1,8.6,0.182,9.893,,36,141,0.412,86,-34.3
2024-03,2024,3,Q1,ARB,Arbitrum,Layer 2,N/A,1.64886872,1.87642532,1.69545765,1.77964131,7.93,15.3,0.231,10.678,,41,247,0.254,76,36.3
2024-04,2024,4,Q2,ARB,Arbitrum,Layer 2,N/A,1.77964131,2.04098757,1.83690162,1.98468302,11.52,9.3,0.556,11.908,,33,269,-0.195,58,35.5
2024-05,2024,5,Q2,ARB,Arbitrum,Layer 2,N/A,1.98468302,1.89331787,1.66842687,1.72566064,-13.05,11.0,0.415,10.354,,68,246,0.253,78,-24.5
2024-06,2024,6,Q2,ARB,Arbitrum,Layer 2,N/A,1.72566064,1.87723951,1.53753691,1.72411415,-0.09,12.6,0.812,10.345,,30,138,1.0,62,-32.0
2024-07,2024,7,Q3,ARB,Arbitrum,Layer 2,N/A,1.72411415,1.71538025,1.42522415,1.53388244,-11.03,16.6,0.205,9.203,,105,203,0.363,43,20.3
2024-08,2024,8,Q3,ARB,Arbitrum,Layer 2,N/A,1.53388244,1.5395417,1.2987677,1.43511064,-6.44,11.8,0.757,8.611,,128,225,0.236,76,21.7
2024-09,2024,9,Q3,ARB,Arbitrum,Layer 2,N/A,1.43511064,1.64833376,1.13244837,1.32295855,-7.81,24.9,0.592,7.938,,21,343,0.268,59,58.6
2024-10,2024,10,Q4,ARB,Arbitrum,Layer 2,N/A,1.32295855,1.37221701,1.26403634,1.3301915,0.55,8.6,0.688,7.981,,99,107,0.252,69,-59.6
2024-11,2024,11,Q4,ARB,Arbitrum,Layer 2,N/A,1.3301915,1.60807173,1.21345487,1.39109204,4.58,20.7,0.384,8.347,,16,345,0.298,69,58.1
2024-12,2024,12,Q4,ARB,Arbitrum,Layer 2,N/A,1.39109204,1.75560394,1.43124149,1.53005632,9.99,17.7,0.318,9.18,,76,231,0.465,61,-28.1
2025-01,2025,1,Q1,ARB,Arbitrum,Layer 2,N/A,1.53005632,1.59865312,1.35274165,1.50084948,-1.91,13.2,0.367,9.005,,81,100,0.456,81,23.5
2025-02,2025,2,Q1,ARB,Arbitrum,Layer 2,N/A,1.50084948,1.70172357,1.45686479,1.58507457,5.61,23.6,0.21,9.51,,55,82,0.615,63,13.5
2025-03,2025,3,Q1,ARB,Arbitrum,Layer 2,N/A,1.58507457,2.01185374,1.68055977,1.81621667,14.58,12.8,0.459,10.897,,13,174,0.795,75,-37.7
2025-04,2025,4,Q2,ARB,Arbitrum,Layer 2,N/A,1.81621667,1.6604359,1.26204571,1.46181723,-19.51,21.5,0.422,8.771,,9,462,0.327,56,33.9
2025-05,2025,5,Q2,ARB,Arbitrum,Layer 2,N/A,1.46181723,2.39286533,1.90540086,2.06887004,41.53,18.2,0.351,12.413,,26,211,0.346,73,-25.4
2025-06,2025,6,Q2,ARB,Arbitrum,Layer 2,N/A,2.06887004,2.0597445,1.82972365,1.93971673,-6.24,10.1,0.731,11.638,,7,271,0.012,60,16.7
2025-07,2025,7,Q3,ARB,Arbitrum,Layer 2,N/A,1.93971673,1.67382914,1.38392424,1.57407215,-18.85,20.5,0.576,9.444,,9,107,0.712,72,-25.2
2025-08,2025,8,Q3,ARB,Arbitrum,Layer 2,N/A,1.57407215,2.03795455,1.85168259,1.93398483,22.87,11.0,0.64,11.604,,19,150,0.778,80,-10.5
2025-09,2025,9,Q3,ARB,Arbitrum,Layer 2,N/A,1.93398483,2.52436946,1.88526516,2.13355503,10.32,20.7,0.46,12.801,,15,257,0.541,88,-24.8
2025-10,2025,10,Q4,ARB,Arbitrum,Layer 2,N/A,2.13355503,2.07191042,1.78495426,1.90136136,-10.88,15.3,0.286,11.408,,12,281,0.59,88,31.4
2025-11,2025,11,Q4,ARB,Arbitrum,Layer 2,N/A,1.90136136,2.25051123,1.76500419,2.02195203,6.34,13.5,0.435,12.132,,11,94,0.524,89,29.5
2025-12,2025,12,Q4,ARB,Arbitrum,Layer 2,N/A,2.02195203,2.24766625,1.46705508,1.81495768,-10.24,25.0,0.178,10.89,,66,257,0.584,88,5.8
2026-01,2026,1,Q1,ARB,Arbitrum,Layer 2,N/A,1.81495768,1.85747198,1.34627943,1.71449906,-5.54,21.7,0.592,10.287,,13,443,1.0,69,69.9
2026-02,2026,2,Q1,ARB,Arbitrum,Layer 2,N/A,1.71449906,1.5410447,1.35218455,1.44222784,-15.88,17.6,0.283,8.653,,65,492,0.503,85,-31.8
2026-03,2026,3,Q1,ARB,Arbitrum,Layer 2,N/A,1.44222784,2.18601919,1.96858144,2.09830408,45.49,11.2,0.256,12.59,,6,73,1.0,74,-34.7
2021-01,2021,1,Q1,OP,Optimism,Layer 2,N/A,4.03806536,5.11829114,4.01984243,4.47401729,10.8,23.3,0.423,11.527,,82,107,0.369,88,-72.3
2021-02,2021,2,Q1,OP,Optimism,Layer 2,N/A,4.47401729,5.33358738,4.61302387,4.98419084,11.4,8.7,0.813,12.841,,15,110,1.0,78,-0.9
2021-03,2021,3,Q1,OP,Optimism,Layer 2,N/A,4.98419084,5.12201067,4.12439793,4.49531209,-9.81,18.3,0.516,11.582,,10,191,0.744,77,8.2
2021-04,2021,4,Q2,OP,Optimism,Layer 2,N/A,4.49531209,4.01096881,3.32911729,3.7372402,-16.86,14.2,0.861,9.629,,19,227,0.599,91,50.4
2021-05,2021,5,Q2,OP,Optimism,Layer 2,N/A,3.7372402,2.36266587,1.91945771,2.05170721,-45.1,16.1,0.241,5.286,,22,51,0.498,57,-10.0
2021-06,2021,6,Q2,OP,Optimism,Layer 2,N/A,2.05170721,2.99244002,2.40073314,2.74399099,33.74,17.9,0.198,7.07,,16,116,0.24,65,-7.4
2021-07,2021,7,Q3,OP,Optimism,Layer 2,N/A,2.74399099,3.22376649,2.90801463,3.01873646,10.01,8.1,0.473,7.777,,29,227,0.498,63,-24.9
2021-08,2021,8,Q3,OP,Optimism,Layer 2,N/A,3.01873646,3.22026039,2.45349078,2.75391348,-8.77,17.3,0.674,7.095,,15,527,0.47,67,-12.6
2021-09,2021,9,Q3,OP,Optimism,Layer 2,N/A,2.75391348,2.58110812,2.30650062,2.44194568,-11.33,13.3,0.343,6.291,,23,76,0.152,62,-18.7
2021-10,2021,10,Q4,OP,Optimism,Layer 2,N/A,2.44194568,2.63016198,2.17243843,2.44176575,-0.01,12.1,0.183,6.291,,44,260,0.715,81,-38.8
2021-11,2021,11,Q4,OP,Optimism,Layer 2,N/A,2.44176575,3.12475555,2.33386323,2.58851137,6.01,22.6,0.629,6.669,,16,147,0.22,72,8.6
2021-12,2021,12,Q4,OP,Optimism,Layer 2,N/A,2.58851137,2.18030435,2.01159011,2.11281389,-18.38,9.7,0.374,5.443,,15,214,-0.202,52,32.9
2022-01,2022,1,Q1,OP,Optimism,Layer 2,N/A,2.11281389,1.58357661,1.44094781,1.49822715,-29.09,8.2,0.198,3.86,,29,102,0.075,33,7.4
2022-02,2022,2,Q1,OP,Optimism,Layer 2,N/A,1.49822715,1.27725841,1.10482799,1.1849089,-20.91,20.9,0.113,3.053,,11,165,0.285,51,28.4
2022-03,2022,3,Q1,OP,Optimism,Layer 2,N/A,1.1849089,1.1514643,0.89341508,1.05933326,-10.6,21.1,0.399,2.729,,24,144,-0.116,34,21.2
2022-04,2022,4,Q2,OP,Optimism,Layer 2,N/A,1.05933326,0.74540934,0.60481171,0.65197163,-38.45,17.8,0.201,1.68,,80,338,-0.115,54,-19.8
2022-05,2022,5,Q2,OP,Optimism,Layer 2,N/A,0.65197163,0.57109019,0.51803694,0.55337603,-15.12,9.9,0.085,1.426,,9,167,-0.413,29,3.6
2022-06,2022,6,Q2,OP,Optimism,Layer 2,N/A,0.55337603,0.40052776,0.29086259,0.3385799,-38.82,23.4,0.099,0.872,,25,483,-0.474,20,-6.3
2022-07,2022,7,Q3,OP,Optimism,Layer 2,N/A,0.3385799,0.38409243,0.31987995,0.36249597,7.06,17.3,0.029,0.934,,55,159,0.003,39,9.2
2022-08,2022,8,Q3,OP,Optimism,Layer 2,N/A,0.36249597,0.33158924,0.27967254,0.31378513,-13.44,17.4,0.105,0.808,,26,225,-0.748,19,-6.3
2022-09,2022,9,Q3,OP,Optimism,Layer 2,N/A,0.31378513,0.38241216,0.33009384,0.36245124,15.51,9.6,0.068,0.934,,38,214,-0.358,28,-6.2
2022-10,2022,10,Q4,OP,Optimism,Layer 2,N/A,0.36245124,0.38416551,0.34667809,0.36131671,-0.31,8.7,0.072,0.931,,13,134,-0.365,27,2.7
2022-11,2022,11,Q4,OP,Optimism,Layer 2,N/A,0.36131671,0.3477708,0.29198051,0.33354476,-7.69,14.1,0.061,0.859,,53,232,-0.015,48,5.7
2022-12,2022,12,Q4,OP,Optimism,Layer 2,N/A,0.33354476,0.4000604,0.36852873,0.3815115,14.38,9.4,0.141,0.983,,15,94,-0.888,43,-5.7
2023-01,2023,1,Q1,OP,Optimism,Layer 2,N/A,0.3815115,0.84573978,0.67103225,0.75394922,97.62,13.3,0.12,1.942,,12,241,-0.55,52,3.6
2023-02,2023,2,Q1,OP,Optimism,Layer 2,N/A,0.75394922,0.97600344,0.87005252,0.9340589,23.89,11.6,0.073,2.407,,11,77,-0.516,34,15.3
2023-03,2023,3,Q1,OP,Optimism,Layer 2,N/A,0.9340589,0.97078162,0.71020651,0.84509273,-9.52,17.0,0.114,2.177,,31,107,0.065,57,23.3
2023-04,2023,4,Q2,OP,Optimism,Layer 2,N/A,0.84509273,1.03162843,0.83395741,0.94425231,11.73,14.7,0.127,2.433,,88,75,0.057,38,0.4
2023-05,2023,5,Q2,OP,Optimism,Layer 2,N/A,0.94425231,1.1843459,0.9013859,1.04574,10.75,15.7,0.087,2.694,,15,486,-0.037,46,-4.5
2023-06,2023,6,Q2,OP,Optimism,Layer 2,N/A,1.04574,1.13740388,0.97563105,1.01963386,-2.5,11.9,0.074,2.627,,44,225,0.221,53,-11.0
2023-07,2023,7,Q3,OP,Optimism,Layer 2,N/A,1.01963386,1.33868417,1.24158385,1.27759335,25.3,8.8,0.308,3.292,,47,242,-0.115,36,1.3
2023-08,2023,8,Q3,OP,Optimism,Layer 2,N/A,1.27759335,1.88100782,1.66742696,1.74902276,36.9,10.6,0.178,4.506,,42,327,0.552,59,15.1
2023-09,2023,9,Q3,OP,Optimism,Layer 2,N/A,1.74902276,1.84036396,1.63908059,1.77666149,1.58,9.2,0.311,4.577,,11,1130,-0.175,56,24.5
2023-10,2023,10,Q4,OP,Optimism,Layer 2,N/A,1.77666149,1.53174518,1.38772115,1.48279085,-16.54,10.3,0.171,3.82,,12,171,0.06,51,-10.5
2023-11,2023,11,Q4,OP,Optimism,Layer 2,N/A,1.48279085,2.09390644,1.71073511,1.92434861,29.78,11.8,0.353,4.958,,47,122,-0.245,48,16.7
2023-12,2023,12,Q4,OP,Optimism,Layer 2,N/A,1.92434861,1.93255839,1.68344526,1.7866443,-7.16,13.3,0.207,4.603,,47,384,0.457,58,-34.5
2024-01,2024,1,Q1,OP,Optimism,Layer 2,N/A,1.7866443,2.63911004,2.40917492,2.54739794,42.58,9.0,0.091,6.563,,12,510,0.894,44,-8.3
2024-02,2024,2,Q1,OP,Optimism,Layer 2,N/A,2.54739794,3.84871714,2.86555636,3.32053085,30.35,17.2,0.41,8.555,,47,159,0.696,55,4.8
2024-03,2024,3,Q1,OP,Optimism,Layer 2,N/A,3.32053085,3.03315796,2.70758364,2.88066807,-13.25,11.2,0.208,7.422,,34,188,0.317,91,25.7
2024-04,2024,4,Q2,OP,Optimism,Layer 2,N/A,2.88066807,3.70057469,2.74430574,3.21946029,11.76,19.6,0.227,8.295,,17,150,0.871,80,-21.8
2024-05,2024,5,Q2,OP,Optimism,Layer 2,N/A,3.21946029,4.01202268,3.36470464,3.66805495,13.93,9.6,0.632,9.45,,21,1028,0.344,71,54.7
2024-06,2024,6,Q2,OP,Optimism,Layer 2,N/A,3.66805495,3.4839409,2.44039717,2.95376949,-19.47,19.5,0.237,7.61,,37,517,0.819,93,95.9
2024-07,2024,7,Q3,OP,Optimism,Layer 2,N/A,2.95376949,2.76093849,1.92232812,2.32511809,-21.28,18.8,0.485,5.99,,71,215,0.628,59,-41.0
2024-08,2024,8,Q3,OP,Optimism,Layer 2,N/A,2.32511809,2.94700702,2.30076534,2.61817753,12.6,13.8,0.724,6.745,,57,159,0.488,56,-56.0
2024-09,2024,9,Q3,OP,Optimism,Layer 2,N/A,2.61817753,3.72235397,2.85202133,3.24655868,24.0,23.5,0.177,8.364,,14,245,0.313,75,45.7
2024-10,2024,10,Q4,OP,Optimism,Layer 2,N/A,3.24655868,3.09764102,2.35826185,2.69902441,-16.87,24.3,0.258,6.954,,53,227,0.612,80,16.8
2024-11,2024,11,Q4,OP,Optimism,Layer 2,N/A,2.69902441,3.69960927,2.45941583,3.033493,12.39,24.9,0.141,7.815,,54,37,0.375,66,8.7
2024-12,2024,12,Q4,OP,Optimism,Layer 2,N/A,3.033493,2.77147663,2.3078445,2.51135444,-17.21,12.0,0.232,6.47,,22,149,0.553,90,-4.4
2025-01,2025,1,Q1,OP,Optimism,Layer 2,N/A,2.51135444,3.1371657,2.56138288,2.86574101,14.11,21.4,0.353,7.383,,18,256,0.5,84,4.0
2025-02,2025,2,Q1,OP,Optimism,Layer 2,N/A,2.86574101,3.38650441,2.98524736,3.1705215,10.64,18.2,0.344,8.169,,11,66,0.507,58,-25.2
2025-03,2025,3,Q1,OP,Optimism,Layer 2,N/A,3.1705215,3.88632619,3.17447532,3.47714581,9.67,13.5,0.274,8.959,,64,925,0.861,78,29.0
2025-04,2025,4,Q2,OP,Optimism,Layer 2,N/A,3.47714581,3.74160952,2.93855803,3.28721236,-5.46,15.7,0.308,8.469,,41,233,0.612,85,27.0
2025-05,2025,5,Q2,OP,Optimism,Layer 2,N/A,3.28721236,4.08199927,3.59457452,3.77563427,14.86,14.7,0.448,9.728,,40,396,0.663,93,-10.8
2025-06,2025,6,Q2,OP,Optimism,Layer 2,N/A,3.77563427,4.28904078,3.42190502,3.77102361,-0.12,24.1,0.364,9.716,,18,147,0.277,79,70.6
2025-07,2025,7,Q3,OP,Optimism,Layer 2,N/A,3.77102361,4.47847078,3.63204982,4.25689021,12.88,15.0,0.459,10.967,,15,275,0.895,64,-20.0
2025-08,2025,8,Q3,OP,Optimism,Layer 2,N/A,4.25689021,4.1471403,2.92351778,3.457649,-18.78,22.0,0.279,8.908,,83,240,0.646,84,82.5
2025-09,2025,9,Q3,OP,Optimism,Layer 2,N/A,3.457649,4.34498259,3.30366491,3.75846116,8.7,24.7,0.842,9.683,,8,100,1.0,81,-10.4
2025-10,2025,10,Q4,OP,Optimism,Layer 2,N/A,3.75846116,3.47839693,3.08088114,3.19984196,-14.86,9.2,0.337,8.244,,11,154,0.343,73,-20.8
2025-11,2025,11,Q4,OP,Optimism,Layer 2,N/A,3.19984196,4.36274254,3.58807377,4.04629995,26.45,20.5,0.576,10.425,,34,112,0.86,67,-21.1
2025-12,2025,12,Q4,OP,Optimism,Layer 2,N/A,4.04629995,4.60077423,3.74705313,4.22713272,4.47,14.4,0.26,10.891,,53,90,0.508,63,59.4
2026-01,2026,1,Q1,OP,Optimism,Layer 2,N/A,4.22713272,3.63026897,3.01073773,3.31738453,-21.52,9.5,0.371,8.547,,16,77,0.731,74,5.9
2026-02,2026,2,Q1,OP,Optimism,Layer 2,N/A,3.31738453,4.63592321,3.55114108,4.03229604,21.55,22.8,0.216,10.389,,26,120,0.53,68,-4.5
2026-03,2026,3,Q1,OP,Optimism,Layer 2,N/A,4.03229604,4.02126675,2.99413037,3.54027871,-12.2,21.0,0.169,9.121,,11,313,0.448,76,25.3
2023-01,2023,1,Q1,SUI,Sui,Smart Contract,PoS,0.84991499,0.80454606,0.71086614,0.74874818,-11.9,10.8,0.072,4.492,,78,404,-0.196,40,13.8
2023-02,2023,2,Q1,SUI,Sui,Smart Contract,PoS,0.74874818,0.87641334,0.72432871,0.81223174,8.48,11.3,0.107,4.873,,21,139,0.632,33,0.7
2023-03,2023,3,Q1,SUI,Sui,Smart Contract,PoS,0.81223174,0.93194934,0.80745474,0.88299532,8.71,12.1,0.394,5.298,,47,85,0.192,32,1.6
2023-04,2023,4,Q2,SUI,Sui,Smart Contract,PoS,0.88299532,0.94977133,0.83737113,0.89951488,1.87,11.1,0.16,5.397,,6,180,-0.193,59,34.0
2023-05,2023,5,Q2,SUI,Sui,Smart Contract,PoS,0.89951488,1.21482424,0.91008858,1.12478058,25.04,21.3,0.267,6.749,,31,179,-0.655,34,6.8
2023-06,2023,6,Q2,SUI,Sui,Smart Contract,PoS,1.12478058,1.50699716,1.23000742,1.37218061,22.0,18.5,0.129,8.233,,13,153,0.108,44,17.9
2023-07,2023,7,Q3,SUI,Sui,Smart Contract,PoS,1.37218061,1.66119048,1.31680123,1.50282758,9.52,16.3,0.114,9.017,,107,265,0.086,59,4.7
2023-08,2023,8,Q3,SUI,Sui,Smart Contract,PoS,1.50282758,1.77589743,1.42338309,1.55761019,3.65,24.7,0.392,9.346,,51,229,0.236,49,-5.6
2023-09,2023,9,Q3,SUI,Sui,Smart Contract,PoS,1.55761019,1.64635921,1.31078092,1.49815115,-3.82,16.8,0.104,8.989,,23,187,-0.232,54,-14.4
2023-10,2023,10,Q4,SUI,Sui,Smart Contract,PoS,1.49815115,2.52688008,1.86528126,2.13829512,42.73,18.3,0.18,12.83,,46,34,-0.441,38,-0.3
2023-11,2023,11,Q4,SUI,Sui,Smart Contract,PoS,2.13829512,2.33382209,1.83862105,2.02757053,-5.18,23.7,0.167,12.165,,52,158,0.094,53,0.6
2023-12,2023,12,Q4,SUI,Sui,Smart Contract,PoS,2.02757053,2.30170349,1.69739178,1.98931019,-1.89,19.3,0.312,11.936,,63,499,-0.241,29,-20.9
2024-01,2024,1,Q1,SUI,Sui,Smart Contract,PoS,1.98931019,3.4147174,2.47248634,2.89421106,45.49,21.0,0.687,17.365,,105,264,0.011,77,-3.6
2024-02,2024,2,Q1,SUI,Sui,Smart Contract,PoS,2.89421106,3.82476266,3.15600066,3.48120824,20.28,12.4,0.426,20.887,,26,166,0.544,64,-42.9
2024-03,2024,3,Q1,SUI,Sui,Smart Contract,PoS,3.48120824,3.61351233,3.03685257,3.4127076,-1.97,13.4,0.329,20.476,,55,163,0.329,70,27.8
2024-04,2024,4,Q2,SUI,Sui,Smart Contract,PoS,3.4127076,4.38986098,3.89421406,4.26020051,24.83,9.7,0.236,25.561,,14,181,1.0,70,-32.9
2024-05,2024,5,Q2,SUI,Sui,Smart Contract,PoS,4.26020051,5.800788,4.2704632,4.66528287,9.51,24.5,0.405,27.992,,23,240,0.632,87,-25.0
2024-06,2024,6,Q2,SUI,Sui,Smart Contract,PoS,4.66528287,3.81988591,2.63050028,3.35092096,-28.17,23.0,0.394,20.106,,31,140,0.044,76,-49.1
2024-07,2024,7,Q3,SUI,Sui,Smart Contract,PoS,3.35092096,3.85525433,2.80351256,3.27825524,-2.17,20.2,0.413,19.67,,71,378,0.636,70,11.3
2024-08,2024,8,Q3,SUI,Sui,Smart Contract,PoS,3.27825524,3.2952266,2.72887536,3.04049483,-7.25,14.6,0.266,18.243,,22,147,-0.07,63,-14.5
2024-09,2024,9,Q3,SUI,Sui,Smart Contract,PoS,3.04049483,3.19200769,2.58894449,2.87319162,-5.5,24.6,0.721,17.239,,65,264,0.729,77,5.9
2024-10,2024,10,Q4,SUI,Sui,Smart Contract,PoS,2.87319162,3.80720144,2.88835554,3.32927796,15.87,16.9,0.347,19.976,,79,161,0.385,57,16.5
2024-11,2024,11,Q4,SUI,Sui,Smart Contract,PoS,3.32927796,3.71653188,2.84690898,3.48029814,4.54,21.9,0.594,20.882,,15,115,0.659,68,18.5
2024-12,2024,12,Q4,SUI,Sui,Smart Contract,PoS,3.48029814,3.88724951,2.76270383,3.26532986,-6.18,20.8,0.201,19.592,,63,345,0.372,61,-25.0
2025-01,2025,1,Q1,SUI,Sui,Smart Contract,PoS,3.26532986,4.24793729,3.46230697,3.72515054,14.08,16.3,0.53,22.351,,25,326,0.875,70,-33.7
2025-02,2025,2,Q1,SUI,Sui,Smart Contract,PoS,3.72515054,3.54598499,2.96487788,3.34181436,-10.29,12.5,0.424,20.051,,30,269,0.392,83,11.2
2025-03,2025,3,Q1,SUI,Sui,Smart Contract,PoS,3.34181436,4.52784373,3.4933692,3.83887411,14.87,22.3,0.826,23.033,,21,141,0.555,71,-26.7
2025-04,2025,4,Q2,SUI,Sui,Smart Contract,PoS,3.83887411,3.77255033,2.78841371,3.41995902,-10.91,19.6,0.526,20.52,,16,368,0.851,75,16.8
2025-05,2025,5,Q2,SUI,Sui,Smart Contract,PoS,3.41995902,4.34815181,3.87511516,4.02933928,17.82,11.0,1.075,24.176,,26,170,0.573,85,20.6
2025-06,2025,6,Q2,SUI,Sui,Smart Contract,PoS,4.02933928,4.91543922,4.62904843,4.76182803,18.18,8.7,0.652,28.571,,35,295,0.723,71,-97.8
2025-07,2025,7,Q3,SUI,Sui,Smart Contract,PoS,4.76182803,5.97045511,4.48452716,5.11683829,7.46,21.7,0.307,30.701,,8,162,0.757,80,-57.8
2025-08,2025,8,Q3,SUI,Sui,Smart Contract,PoS,5.11683829,5.4979707,4.4326447,4.80342182,-6.13,20.1,0.194,28.821,,11,867,0.211,63,43.3
2025-09,2025,9,Q3,SUI,Sui,Smart Contract,PoS,4.80342182,5.75811548,4.20447395,4.99888001,4.07,18.1,0.552,29.993,,83,333,0.911,93,-3.2
2025-10,2025,10,Q4,SUI,Sui,Smart Contract,PoS,4.99888001,5.25725458,4.05928428,4.8172733,-3.63,16.0,0.698,28.904,,10,141,0.376,88,19.6
2025-11,2025,11,Q4,SUI,Sui,Smart Contract,PoS,4.8172733,4.53353052,4.16529286,4.33943582,-9.92,11.7,0.453,26.037,,54,339,0.699,98,-54.6
2025-12,2025,12,Q4,SUI,Sui,Smart Contract,PoS,4.33943582,4.11293086,3.52135219,3.81159227,-12.16,8.8,0.581,22.87,,21,93,1.0,76,44.7
2026-01,2026,1,Q1,SUI,Sui,Smart Contract,PoS,3.81159227,4.98715226,4.15627027,4.45464099,16.87,16.3,0.247,26.728,,82,128,0.819,71,30.0
2026-02,2026,2,Q1,SUI,Sui,Smart Contract,PoS,4.45464099,4.80935572,3.58412233,4.19469243,-5.84,21.3,0.843,25.168,,13,130,0.168,57,-37.3
2026-03,2026,3,Q1,SUI,Sui,Smart Contract,PoS,4.19469243,4.32713566,3.79150382,4.0306485,-3.91,11.1,0.498,24.184,,19,127,0.693,84,-19.8
2023-01,2023,1,Q1,WIF,Dogwifhat,Meme,N/A,0.03233346,0.04115944,0.03282379,0.03637896,12.51,24.7,0.241,21803.942,,32,383,-0.382,41,-0.8
2023-02,2023,2,Q1,WIF,Dogwifhat,Meme,N/A,0.03637896,0.03884341,0.03304664,0.03659553,0.6,11.1,0.097,21933.744,,21,84,-0.649,42,2.1
2023-03,2023,3,Q1,WIF,Dogwifhat,Meme,N/A,0.03659553,0.0648308,0.05387924,0.0581097,58.79,17.3,0.177,34828.388,,60,616,0.052,62,14.7
2023-04,2023,4,Q2,WIF,Dogwifhat,Meme,N/A,0.0581097,0.08591255,0.07155984,0.07683749,32.23,18.4,0.108,46052.998,,114,113,-0.286,29,4.6
2023-05,2023,5,Q2,WIF,Dogwifhat,Meme,N/A,0.07683749,0.102339,0.07655349,0.09059391,17.9,19.5,0.151,54297.989,,63,251,-0.143,58,-7.7
2023-06,2023,6,Q2,WIF,Dogwifhat,Meme,N/A,0.09059391,0.13636102,0.10912341,0.12439209,37.31,20.3,0.111,74555.125,,69,451,0.777,48,-6.1
2023-07,2023,7,Q3,WIF,Dogwifhat,Meme,N/A,0.12439209,0.17179828,0.1220858,0.14179394,13.99,21.3,0.326,84985.025,,53,278,-0.383,53,2.3
2023-08,2023,8,Q3,WIF,Dogwifhat,Meme,N/A,0.14179394,0.18669803,0.14672967,0.16743424,18.08,20.0,0.333,100352.689,,18,222,-0.138,55,-24.9
2023-09,2023,9,Q3,WIF,Dogwifhat,Meme,N/A,0.16743424,0.2822481,0.23069477,0.26209706,56.54,12.1,0.123,157089.402,,60,220,0.309,37,12.4
2023-10,2023,10,Q4,WIF,Dogwifhat,Meme,N/A,0.26209706,0.35639048,0.25163141,0.30161429,15.08,21.4,0.143,180774.285,,54,142,0.241,43,31.8
2023-11,2023,11,Q4,WIF,Dogwifhat,Meme,N/A,0.30161429,0.37589598,0.33651264,0.35192626,16.68,9.4,0.088,210929.057,,31,182,0.172,51,33.5
2023-12,2023,12,Q4,WIF,Dogwifhat,Meme,N/A,0.35192626,0.43805258,0.30635078,0.37264188,5.89,18.8,0.64,223345.085,,83,359,0.095,71,-16.2
2024-01,2024,1,Q1,WIF,Dogwifhat,Meme,N/A,0.37264188,1.17638892,0.99165834,1.06867379,186.78,14.6,0.284,640515.872,,22,318,0.458,68,-49.7
2024-02,2024,2,Q1,WIF,Dogwifhat,Meme,N/A,1.06867379,1.78897572,1.46341925,1.62072838,51.66,11.4,0.765,971393.012,,45,66,0.742,50,-11.4
2024-03,2024,3,Q1,WIF,Dogwifhat,Meme,N/A,1.62072838,2.24674348,1.77767722,2.01964835,24.61,18.0,0.413,1210488.024,,52,347,0.577,67,-14.4
2024-04,2024,4,Q2,WIF,Dogwifhat,Meme,N/A,2.01964835,2.14336142,1.62415372,1.8523853,-8.28,19.1,0.79,1110237.939,,111,131,-0.043,47,94.0
2024-05,2024,5,Q2,WIF,Dogwifhat,Meme,N/A,1.8523853,3.25563004,2.38514255,2.64705906,42.9,23.1,0.52,1586530.294,,54,722,0.118,89,71.3
2024-06,2024,6,Q2,WIF,Dogwifhat,Meme,N/A,2.64705906,2.53861127,2.25922919,2.37592084,-10.24,12.1,0.303,1424022.019,,44,225,0.794,66,14.8
2024-07,2024,7,Q3,WIF,Dogwifhat,Meme,N/A,2.37592084,1.43987683,1.07395651,1.21727116,-48.77,19.4,0.319,729578.573,,111,292,0.927,51,-22.9
2024-08,2024,8,Q3,WIF,Dogwifhat,Meme,N/A,1.21727116,1.25410213,1.11082311,1.19427698,-1.89,9.7,0.303,715796.877,,27,475,0.438,62,-42.0
2024-09,2024,9,Q3,WIF,Dogwifhat,Meme,N/A,1.19427698,1.44587452,1.30873586,1.34844847,12.91,9.7,0.269,808200.459,,30,143,0.492,75,19.5
2024-10,2024,10,Q4,WIF,Dogwifhat,Meme,N/A,1.34844847,1.6859691,1.44071713,1.56861317,16.33,14.5,0.36,940157.457,,107,596,0.893,83,16.7
2024-11,2024,11,Q4,WIF,Dogwifhat,Meme,N/A,1.56861317,1.5158471,1.3319269,1.42887322,-8.91,10.9,0.332,856403.502,,28,106,1.0,57,-20.3
2024-12,2024,12,Q4,WIF,Dogwifhat,Meme,N/A,1.42887322,1.69220714,1.25813229,1.50751232,5.5,16.6,0.539,903536.306,,111,105,0.384,68,0.5
2025-01,2025,1,Q1,WIF,Dogwifhat,Meme,N/A,1.50751232,1.9721478,1.61961875,1.72271551,14.28,16.3,0.37,1032519.593,,30,342,0.586,61,-11.3
2025-02,2025,2,Q1,WIF,Dogwifhat,Meme,N/A,1.72271551,2.08092005,1.75096375,1.90649176,10.67,12.3,0.619,1142666.961,,12,135,0.645,84,31.2
2025-03,2025,3,Q1,WIF,Dogwifhat,Meme,N/A,1.90649176,2.07231507,1.7852863,1.97570636,3.63,15.8,0.214,1184151.136,,8,532,0.607,70,58.9
2025-04,2025,4,Q2,WIF,Dogwifhat,Meme,N/A,1.97570636,2.47716649,2.13924238,2.29927834,16.38,16.2,0.284,1378085.89,,48,232,0.351,74,32.4
2025-05,2025,5,Q2,WIF,Dogwifhat,Meme,N/A,2.29927834,2.50251911,2.11453418,2.27898034,-0.88,10.4,0.583,1365920.165,,63,382,0.589,65,-0.8
2025-06,2025,6,Q2,WIF,Dogwifhat,Meme,N/A,2.27898034,2.41765519,2.00128409,2.18035767,-4.33,13.8,0.41,1306810.092,,24,146,0.594,100,-29.1
2025-07,2025,7,Q3,WIF,Dogwifhat,Meme,N/A,2.18035767,2.94869762,2.26322687,2.56568352,17.67,24.0,0.648,1537757.389,,22,98,0.511,100,63.6
2025-08,2025,8,Q3,WIF,Dogwifhat,Meme,N/A,2.56568352,3.30750988,2.25480625,2.86040615,11.49,24.7,0.752,1714401.117,,16,252,0.621,51,51.6
2025-09,2025,9,Q3,WIF,Dogwifhat,Meme,N/A,2.86040615,3.55616454,2.61762572,3.04335639,6.4,18.1,0.548,1824053.411,,59,285,0.615,84,59.9
2025-10,2025,10,Q4,WIF,Dogwifhat,Meme,N/A,3.04335639,3.13362512,2.56224261,2.78416799,-8.52,13.2,0.478,1668707.331,,21,189,1.0,87,-19.1
2025-11,2025,11,Q4,WIF,Dogwifhat,Meme,N/A,2.78416799,3.27056221,2.27902955,2.92134171,4.93,24.8,0.383,1750923.201,,48,118,0.344,67,6.1
2025-12,2025,12,Q4,WIF,Dogwifhat,Meme,N/A,2.92134171,2.38116419,1.7701907,2.20872644,-24.39,20.8,0.782,1323813.08,,20,232,0.493,94,-33.4
2026-01,2026,1,Q1,WIF,Dogwifhat,Meme,N/A,2.20872644,2.59633945,2.16026818,2.39872209,8.6,11.1,1.108,1437688.082,,64,331,0.288,83,-44.1
2026-02,2026,2,Q1,WIF,Dogwifhat,Meme,N/A,2.39872209,2.29726894,1.93186038,2.07824339,-13.36,10.5,0.321,1245607.303,,10,730,0.271,94,44.1
2026-03,2026,3,Q1,WIF,Dogwifhat,Meme,N/A,2.07824339,2.53184141,2.17504422,2.3389484,12.54,15.4,0.397,1401862.372,,11,495,0.463,83,5.5
2023-01,2023,1,Q1,PEPE,Pepe,Meme,N/A,3.6e-07,4e-07,3.4e-07,3.7e-07,2.78,12.7,0.151,93393.18,,52,354,-0.078,49,-0.3
2023-02,2023,2,Q1,PEPE,Pepe,Meme,N/A,3.7e-07,4.9e-07,3.8e-07,4.3e-07,16.22,16.2,0.079,108538.02,,49,255,0.064,43,4.8
2023-03,2023,3,Q1,PEPE,Pepe,Meme,N/A,4.3e-07,5.6e-07,4.8e-07,5.1e-07,18.6,12.5,0.089,128731.14,,17,1106,-0.197,24,13.2
2023-04,2023,4,Q2,PEPE,Pepe,Meme,N/A,5.1e-07,9.6e-07,7e-07,8.8e-07,72.55,24.1,0.102,222124.32,,10,256,-0.404,36,-3.5
2023-05,2023,5,Q2,PEPE,Pepe,Meme,N/A,8.8e-07,1.14e-06,1.01e-06,1.06e-06,20.45,8.4,0.116,267558.84,,129,110,0.703,47,7.1
2023-06,2023,6,Q2,PEPE,Pepe,Meme,N/A,1.06e-06,1.06e-06,8.7e-07,9.5e-07,-10.38,14.6,0.103,239793.3,,33,511,-0.384,49,1.2
2023-07,2023,7,Q3,PEPE,Pepe,Meme,N/A,9.5e-07,1.93e-06,1.4e-06,1.65e-06,73.68,21.4,0.178,416483.1,,55,373,0.244,32,-17.5
2023-08,2023,8,Q3,PEPE,Pepe,Meme,N/A,1.65e-06,1.95e-06,1.56e-06,1.65e-06,0.0,18.6,0.224,416483.1,,8,86,0.204,57,25.3
2023-09,2023,9,Q3,PEPE,Pepe,Meme,N/A,1.65e-06,2.59e-06,2.19e-06,2.42e-06,46.67,17.8,0.136,610841.88,,11,79,0.619,45,-14.4
2023-10,2023,10,Q4,PEPE,Pepe,Meme,N/A,2.42e-06,2.83e-06,2.38e-06,2.58e-06,6.61,11.1,0.309,651228.12,,19,195,0.154,44,-26.6
2023-11,2023,11,Q4,PEPE,Pepe,Meme,N/A,2.58e-06,2.63e-06,2.2e-06,2.38e-06,-7.75,17.5,0.229,600745.32,,18,127,0.254,54,27.9
2023-12,2023,12,Q4,PEPE,Pepe,Meme,N/A,2.38e-06,3.05e-06,2.54e-06,2.8e-06,17.65,13.7,0.217,706759.2,,102,233,-0.052,66,-1.7
2024-01,2024,1,Q1,PEPE,Pepe,Meme,N/A,2.8e-06,8.21e-06,6.36e-06,7.4e-06,164.29,19.0,0.149,1867863.6,,10,218,0.449,66,-45.5
2024-02,2024,2,Q1,PEPE,Pepe,Meme,N/A,7.4e-06,1.002e-05,7.81e-06,8.66e-06,17.03,16.0,0.348,2185905.24,,32,197,0.727,72,-4.2
2024-03,2024,3,Q1,PEPE,Pepe,Meme,N/A,8.66e-06,1.32e-05,1.101e-05,1.174e-05,35.57,13.0,0.55,2963340.36,,83,271,0.301,69,9.3
2024-04,2024,4,Q2,PEPE,Pepe,Meme,N/A,1.174e-05,1.452e-05,1.145e-05,1.272e-05,8.35,14.8,0.383,3210706.08,,24,120,0.353,93,-12.2
2024-05,2024,5,Q2,PEPE,Pepe,Meme,N/A,1.272e-05,1.191e-05,1.049e-05,1.128e-05,-11.32,13.4,0.189,2847229.92,,26,111,0.413,72,-40.3
2024-06,2024,6,Q2,PEPE,Pepe,Meme,N/A,1.128e-05,1.562e-05,1.381e-05,1.455e-05,28.99,8.1,0.547,3672623.7,,46,255,-0.017,71,-8.3
2024-07,2024,7,Q3,PEPE,Pepe,Meme,N/A,1.455e-05,9.24e-06,7.22e-06,8.42e-06,-42.13,17.4,0.181,2125325.88,,48,285,0.257,61,11.0
2024-08,2024,8,Q3,PEPE,Pepe,Meme,N/A,8.42e-06,9.83e-06,8.27e-06,8.99e-06,6.77,10.9,0.307,2269201.86,,58,51,0.422,56,-7.3
2024-09,2024,9,Q3,PEPE,Pepe,Meme,N/A,8.99e-06,1.039e-05,8.79e-06,9.49e-06,5.56,12.5,0.269,2395408.86,,9,122,0.68,45,11.1
2024-10,2024,10,Q4,PEPE,Pepe,Meme,N/A,9.49e-06,8.61e-06,6.56e-06,7.61e-06,-19.81,14.6,0.328,1920870.54,,28,419,0.57,81,54.8
2024-11,2024,11,Q4,PEPE,Pepe,Meme,N/A,7.61e-06,8.84e-06,7.9e-06,8.29e-06,8.94,9.4,0.248,2092512.06,,34,138,1.0,57,17.3
2024-12,2024,12,Q4,PEPE,Pepe,Meme,N/A,8.29e-06,8.71e-06,7.72e-06,8.03e-06,-3.14,9.6,0.241,2026884.42,,48,254,0.367,58,83.2
2025-01,2025,1,Q1,PEPE,Pepe,Meme,N/A,8.03e-06,1.032e-05,8.35e-06,9.6e-06,19.55,14.7,0.727,2423174.4,,26,206,1.0,54,4.8
2025-02,2025,2,Q1,PEPE,Pepe,Meme,N/A,9.6e-06,1.145e-05,8.92e-06,1.039e-05,8.23,16.2,0.63,2622581.46,,24,262,0.895,88,49.4
2025-03,2025,3,Q1,PEPE,Pepe,Meme,N/A,1.039e-05,1.421e-05,1.076e-05,1.28e-05,23.2,21.4,0.811,3230899.2,,21,195,0.54,75,-52.5
2025-04,2025,4,Q2,PEPE,Pepe,Meme,N/A,1.28e-05,1.773e-05,1.556e-05,1.632e-05,27.5,9.7,0.27,4119396.48,,12,104,0.224,72,-53.2
2025-05,2025,5,Q2,PEPE,Pepe,Meme,N/A,1.632e-05,1.391e-05,1.048e-05,1.197e-05,-26.65,18.4,0.337,3021395.58,,24,737,0.558,55,97.6
2025-06,2025,6,Q2,PEPE,Pepe,Meme,N/A,1.197e-05,1.645e-05,1.323e-05,1.485e-05,24.06,19.9,0.297,3748347.9,,25,374,0.328,74,6.1
2025-07,2025,7,Q3,PEPE,Pepe,Meme,N/A,1.485e-05,2.125e-05,1.501e-05,1.784e-05,20.13,24.8,0.315,4503065.76,,32,120,0.228,68,9.8
2025-08,2025,8,Q3,PEPE,Pepe,Meme,N/A,1.784e-05,2.256e-05,1.717e-05,1.976e-05,10.76,16.5,0.624,4987700.64,,25,454,0.587,83,28.2
2025-09,2025,9,Q3,PEPE,Pepe,Meme,N/A,1.976e-05,1.907e-05,1.409e-05,1.691e-05,-14.42,22.9,0.581,4268320.74,,19,338,0.558,82,55.5
2025-10,2025,10,Q4,PEPE,Pepe,Meme,N/A,1.691e-05,1.848e-05,1.654e-05,1.726e-05,2.07,8.1,0.652,4356665.64,,29,153,0.696,83,47.8
2025-11,2025,11,Q4,PEPE,Pepe,Meme,N/A,1.726e-05,2.088e-05,1.323e-05,1.679e-05,-2.72,24.7,0.362,4238031.06,,10,239,0.417,64,9.4
2025-12,2025,12,Q4,PEPE,Pepe,Meme,N/A,1.679e-05,1.582e-05,1.438e-05,1.513e-05,-9.89,8.2,0.818,3819023.82,,74,497,0.887,58,-47.6
2026-01,2026,1,Q1,PEPE,Pepe,Meme,N/A,1.513e-05,1.84e-05,1.512e-05,1.589e-05,5.02,15.9,0.275,4010858.46,,23,101,0.624,87,-70.0
2026-02,2026,2,Q1,PEPE,Pepe,Meme,N/A,1.589e-05,1.394e-05,1.151e-05,1.274e-05,-19.82,22.0,0.523,3215754.36,,13,111,0.831,67,-24.1
2026-03,2026,3,Q1,PEPE,Pepe,Meme,N/A,1.274e-05,1.458e-05,1.179e-05,1.355e-05,6.36,24.1,0.341,3420209.7,,18,411,0.427,81,73.2
2022-01,2022,1,Q1,BONK,Bonk,Meme,N/A,1.49e-06,1.95e-06,1.5e-06,1.71e-06,14.77,14.4,0.515,96197.027,,46,567,-0.16,44,18.0
2022-02,2022,2,Q1,BONK,Bonk,Meme,N/A,1.71e-06,1.36e-06,1.13e-06,1.22e-06,-28.65,13.7,0.103,68631.797,,68,159,-0.398,46,-8.5
2022-03,2022,3,Q1,BONK,Bonk,Meme,N/A,1.22e-06,8.1e-07,7.2e-07,7.4e-07,-39.34,10.4,0.226,41629.123,,18,112,0.111,44,16.0
2022-04,2022,4,Q2,BONK,Bonk,Meme,N/A,7.4e-07,3.9e-07,3.3e-07,3.6e-07,-51.35,17.5,0.121,20252.006,,28,51,-0.472,35,-0.9
2022-05,2022,5,Q2,BONK,Bonk,Meme,N/A,3.6e-07,2.7e-07,2e-07,2.5e-07,-30.56,21.2,0.068,14063.893,,22,113,-0.084,29,4.1
2022-06,2022,6,Q2,BONK,Bonk,Meme,N/A,2.5e-07,4e-08,3e-08,4e-08,-84.0,20.4,0.061,2250.223,,18,108,-0.716,32,-3.7
2022-07,2022,7,Q3,BONK,Bonk,Meme,N/A,4e-08,4e-08,4e-08,4e-08,0.0,15.6,0.101,2250.223,,10,416,-0.324,20,1.8
2022-08,2022,8,Q3,BONK,Bonk,Meme,N/A,4e-08,6e-08,4e-08,5e-08,25.0,19.5,0.035,2812.779,,15,231,-0.237,42,-5.6
2022-09,2022,9,Q3,BONK,Bonk,Meme,N/A,5e-08,4e-08,4e-08,4e-08,-20.0,9.3,0.085,2250.223,,51,59,-0.538,29,6.6
2022-10,2022,10,Q4,BONK,Bonk,Meme,N/A,4e-08,6e-08,5e-08,6e-08,50.0,23.9,0.04,3375.334,,81,172,-0.687,48,-4.0
2022-11,2022,11,Q4,BONK,Bonk,Meme,N/A,6e-08,7e-08,5e-08,6e-08,0.0,19.2,0.034,3375.334,,22,292,-0.564,17,-4.6
2022-12,2022,12,Q4,BONK,Bonk,Meme,N/A,6e-08,6e-08,5e-08,6e-08,0.0,17.6,0.075,3375.334,,26,84,0.281,34,-11.9
2023-01,2023,1,Q1,BONK,Bonk,Meme,N/A,6e-08,4.6e-07,3.9e-07,4.2e-07,600.0,19.1,0.069,23627.34,,20,63,-0.118,29,19.3
2023-02,2023,2,Q1,BONK,Bonk,Meme,N/A,4.2e-07,6.4e-07,4.9e-07,5.3e-07,26.19,23.6,0.13,29815.453,,25,302,-0.724,43,-11.1
2023-03,2023,3,Q1,BONK,Bonk,Meme,N/A,5.3e-07,5.9e-07,4.6e-07,5.5e-07,3.77,19.8,0.161,30940.564,,15,280,-0.068,53,-3.2
2023-04,2023,4,Q2,BONK,Bonk,Meme,N/A,5.5e-07,1.05e-06,8.2e-07,9.6e-07,74.55,15.4,0.129,54005.349,,43,713,-0.806,27,-16.2
2023-05,2023,5,Q2,BONK,Bonk,Meme,N/A,9.6e-07,1e-06,8.8e-07,9.3e-07,-3.12,8.3,0.228,52317.681,,31,451,-0.248,67,-23.3
2023-06,2023,6,Q2,BONK,Bonk,Meme,N/A,9.3e-07,1.67e-06,1.31e-06,1.46e-06,56.99,20.9,0.239,82133.134,,26,259,-0.195,49,12.9
2023-07,2023,7,Q3,BONK,Bonk,Meme,N/A,1.46e-06,2.01e-06,1.77e-06,1.87e-06,28.08,14.0,0.09,105197.919,,40,132,0.067,33,-5.0
2023-08,2023,8,Q3,BONK,Bonk,Meme,N/A,1.87e-06,2.51e-06,1.95e-06,2.09e-06,11.76,21.3,0.199,117574.144,,48,297,-0.023,42,-6.0
2023-09,2023,9,Q3,BONK,Bonk,Meme,N/A,2.09e-06,3.4e-06,2.91e-06,3.24e-06,55.02,10.7,0.095,182268.052,,46,284,0.029,52,-65.1
2023-10,2023,10,Q4,BONK,Bonk,Meme,N/A,3.24e-06,3.51e-06,2.8e-06,3.03e-06,-6.48,21.4,0.361,170454.382,,17,217,-0.244,47,62.9
2023-11,2023,11,Q4,BONK,Bonk,Meme,N/A,3.03e-06,4.91e-06,3.4e-06,4.06e-06,33.99,21.4,0.117,228397.62,,8,83,0.102,53,7.1
2023-12,2023,12,Q4,BONK,Bonk,Meme,N/A,4.06e-06,5.95e-06,4.86e-06,5.36e-06,32.02,19.0,0.35,301529.863,,34,142,0.204,54,-22.6
2024-01,2024,1,Q1,BONK,Bonk,Meme,N/A,5.36e-06,1.392e-05,1.045e-05,1.204e-05,124.63,18.4,0.375,677317.08,,26,286,1.0,70,-29.5
2024-02,2024,2,Q1,BONK,Bonk,Meme,N/A,1.204e-05,1.596e-05,1.411e-05,1.506e-05,25.08,8.2,0.363,847208.906,,10,132,0.693,77,-72.8
2024-03,2024,3,Q1,BONK,Bonk,Meme,N/A,1.506e-05,2.115e-05,1.795e-05,1.923e-05,27.69,11.3,0.315,1081794.639,,8,150,0.234,57,57.8
2024-04,2024,4,Q2,BONK,Bonk,Meme,N/A,1.923e-05,2.84e-05,2.365e-05,2.576e-05,33.96,19.3,0.359,1449143.521,,50,126,0.403,61,-40.3
2024-05,2024,5,Q2,BONK,Bonk,Meme,N/A,2.576e-05,2.694e-05,2.041e-05,2.393e-05,-7.1,15.8,1.361,1346195.825,,13,380,0.557,57,-3.2
2024-06,2024,6,Q2,BONK,Bonk,Meme,N/A,2.393e-05,3.689e-05,2.765e-05,3.191e-05,33.35,24.8,0.261,1795115.285,,39,187,1.0,83,45.0
2024-07,2024,7,Q3,BONK,Bonk,Meme,N/A,3.191e-05,1.669e-05,1.354e-05,1.581e-05,-50.45,15.2,0.136,889400.585,,24,267,-0.239,58,-2.1
2024-08,2024,8,Q3,BONK,Bonk,Meme,N/A,1.581e-05,1.246e-05,1.072e-05,1.196e-05,-24.35,11.3,0.499,672816.635,,85,203,0.296,65,-6.3
2024-09,2024,9,Q3,BONK,Bonk,Meme,N/A,1.196e-05,1.996e-05,1.559e-05,1.726e-05,44.31,15.8,0.23,970971.163,,85,133,0.656,68,-67.6
2024-10,2024,10,Q4,BONK,Bonk,Meme,N/A,1.726e-05,1.927e-05,1.712e-05,1.779e-05,3.07,9.4,0.227,1000786.616,,190,195,0.962,81,8.1
2024-11,2024,11,Q4,BONK,Bonk,Meme,N/A,1.779e-05,1.746e-05,1.574e-05,1.688e-05,-5.12,9.4,0.171,949594.046,,30,251,0.406,64,62.9
2024-12,2024,12,Q4,BONK,Bonk,Meme,N/A,1.688e-05,1.882e-05,1.385e-05,1.56e-05,-7.58,23.2,0.639,877586.915,,86,99,0.406,88,-10.0
2025-01,2025,1,Q1,BONK,Bonk,Meme,N/A,1.56e-05,1.81e-05,1.655e-05,1.736e-05,11.28,8.0,0.487,976596.72,,11,131,0.469,61,27.9
2025-02,2025,2,Q1,BONK,Bonk,Meme,N/A,1.736e-05,2.564e-05,2.054e-05,2.209e-05,27.25,19.9,0.666,1242685.573,,33,123,0.728,90,37.6
2025-03,2025,3,Q1,BONK,Bonk,Meme,N/A,2.209e-05,2.336e-05,1.815e-05,2.001e-05,-9.42,21.5,0.172,1125673.985,,26,99,0.971,68,-8.4
2025-04,2025,4,Q2,BONK,Bonk,Meme,N/A,2.001e-05,2.478e-05,2.119e-05,2.297e-05,14.79,12.1,0.275,1292190.476,,28,159,0.467,88,-0.9
2025-05,2025,5,Q2,BONK,Bonk,Meme,N/A,2.297e-05,3.151e-05,2.619e-05,2.773e-05,20.72,17.6,0.367,1559966.996,,9,376,0.781,80,39.8
2025-06,2025,6,Q2,BONK,Bonk,Meme,N/A,2.773e-05,3.62e-05,3.175e-05,3.322e-05,19.8,9.4,0.506,1868810.084,,9,130,0.375,85,27.1
2025-07,2025,7,Q3,BONK,Bonk,Meme,N/A,3.322e-05,4.478e-05,3.18e-05,3.736e-05,12.46,24.9,0.356,2101708.15,,31,240,0.354,73,-10.5
2025-08,2025,8,Q3,BONK,Bonk,Meme,N/A,3.736e-05,4.093e-05,3.34e-05,3.813e-05,2.06,14.0,0.791,2145024.94,,36,835,0.773,60,-45.1
2025-09,2025,9,Q3,BONK,Bonk,Meme,N/A,3.813e-05,3.486e-05,2.709e-05,2.984e-05,-21.74,23.2,0.536,1678666.252,,25,126,0.498,72,-61.2
2025-10,2025,10,Q4,BONK,Bonk,Meme,N/A,2.984e-05,3.125e-05,2.573e-05,2.847e-05,-4.59,20.5,0.298,1601596.119,,17,147,0.587,89,-13.3
2025-11,2025,11,Q4,BONK,Bonk,Meme,N/A,2.847e-05,4.143e-05,3.05e-05,3.519e-05,23.6,17.8,0.417,1979633.56,,57,306,0.572,80,22.0
2025-12,2025,12,Q4,BONK,Bonk,Meme,N/A,3.519e-05,3.107e-05,2.442e-05,2.789e-05,-20.74,18.4,0.21,1568967.888,,21,64,0.67,89,-23.0
2026-01,2026,1,Q1,BONK,Bonk,Meme,N/A,2.789e-05,3.501e-05,2.627e-05,2.93e-05,5.06,20.2,0.257,1648288.244,,67,93,0.869,72,14.4
2026-02,2026,2,Q1,BONK,Bonk,Meme,N/A,2.93e-05,2.62e-05,2.357e-05,2.448e-05,-16.45,8.5,0.488,1377136.389,,12,189,-0.023,74,-38.5
2026-03,2026,3,Q1,BONK,Bonk,Meme,N/A,2.448e-05,3.037e-05,2.72e-05,2.849e-05,16.38,8.2,0.321,1602721.231,,6,701,0.947,80,14.2
2024-01,2024,1,Q1,JUP,Jupiter,DeFi / DEX,N/A,0.83552553,1.02882301,0.83734747,0.90335429,8.12,19.6,0.27,5.42,,20,272,0.474,67,-31.3
2024-02,2024,2,Q1,JUP,Jupiter,DeFi / DEX,N/A,0.90335429,1.31446974,0.91198449,1.12666393,24.72,19.6,0.255,6.76,,35,155,0.686,67,0.4
2024-03,2024,3,Q1,JUP,Jupiter,DeFi / DEX,N/A,1.12666393,1.68282737,1.34654117,1.48988824,32.24,23.7,0.704,8.939,,65,100,0.051,74,32.7
2024-04,2024,4,Q2,JUP,Jupiter,DeFi / DEX,N/A,1.48988824,1.38680302,1.1152781,1.26394125,-15.17,18.6,0.371,7.584,,36,172,0.943,76,-4.9
2024-05,2024,5,Q2,JUP,Jupiter,DeFi / DEX,N/A,1.26394125,1.8306934,1.51478625,1.66580301,31.79,16.1,0.31,9.995,,27,217,0.514,73,-13.6
2024-06,2024,6,Q2,JUP,Jupiter,DeFi / DEX,N/A,1.66580301,1.63093853,1.28860735,1.45857201,-12.44,24.8,1.121,8.751,,55,844,0.395,74,-1.3
2024-07,2024,7,Q3,JUP,Jupiter,DeFi / DEX,N/A,1.45857201,1.06502973,0.98787396,1.02028434,-30.05,9.6,0.354,6.122,,42,62,0.451,56,-2.1
2024-08,2024,8,Q3,JUP,Jupiter,DeFi / DEX,N/A,1.02028434,1.16731638,0.96505049,1.0431463,2.24,14.0,0.371,6.259,,20,127,0.15,59,22.3
2024-09,2024,9,Q3,JUP,Jupiter,DeFi / DEX,N/A,1.0431463,1.19672337,0.82228663,1.02142543,-2.08,21.7,0.657,6.129,,23,468,0.241,72,55.9
2024-10,2024,10,Q4,JUP,Jupiter,DeFi / DEX,N/A,1.02142543,1.32549054,1.21924502,1.29099355,26.39,8.5,0.273,7.746,,68,130,0.345,69,-7.5
2024-11,2024,11,Q4,JUP,Jupiter,DeFi / DEX,N/A,1.29099355,1.44398739,1.15639936,1.26335877,-2.14,20.8,0.512,7.58,,8,249,0.735,51,-7.9
2024-12,2024,12,Q4,JUP,Jupiter,DeFi / DEX,N/A,1.26335877,1.10575006,0.94142361,1.01860221,-19.37,11.5,0.594,6.112,,24,383,0.571,56,13.8
2025-01,2025,1,Q1,JUP,Jupiter,DeFi / DEX,N/A,1.01860221,1.32232196,0.99300855,1.15306024,13.2,23.8,0.71,6.918,,10,166,0.572,79,18.9
2025-02,2025,2,Q1,JUP,Jupiter,DeFi / DEX,N/A,1.15306024,1.22610219,1.04960361,1.1312925,-1.89,14.8,0.173,6.788,,10,597,0.764,49,63.8
2025-03,2025,3,Q1,JUP,Jupiter,DeFi / DEX,N/A,1.1312925,1.49922772,0.95232654,1.22040982,7.88,23.5,0.329,7.322,,45,205,0.268,83,-107.9
2025-04,2025,4,Q2,JUP,Jupiter,DeFi / DEX,N/A,1.22040982,1.35895808,1.21377721,1.29759537,6.32,10.6,0.295,7.786,,103,345,0.669,65,0.6
2025-05,2025,5,Q2,JUP,Jupiter,DeFi / DEX,N/A,1.29759537,1.32463823,1.09107266,1.21705718,-6.21,17.7,0.257,7.302,,19,124,0.004,77,49.3
2025-06,2025,6,Q2,JUP,Jupiter,DeFi / DEX,N/A,1.21705718,1.55489876,1.2132496,1.45822733,19.82,17.7,0.403,8.749,,47,136,0.545,99,-31.2
2025-07,2025,7,Q3,JUP,Jupiter,DeFi / DEX,N/A,1.45822733,1.39092282,1.2531118,1.30776663,-10.32,8.3,0.192,7.847,,36,59,0.698,76,11.0
2025-08,2025,8,Q3,JUP,Jupiter,DeFi / DEX,N/A,1.30776663,1.60020225,1.37480004,1.43775466,9.94,13.1,0.495,8.627,,46,125,0.534,87,-39.1
2025-09,2025,9,Q3,JUP,Jupiter,DeFi / DEX,N/A,1.43775466,1.72857773,1.30165409,1.55625861,8.24,18.8,0.162,9.338,,22,157,1.0,80,23.0
2025-10,2025,10,Q4,JUP,Jupiter,DeFi / DEX,N/A,1.55625861,1.86171911,1.47426525,1.60559746,3.17,22.9,0.592,9.634,,60,405,0.488,62,-35.9
2025-11,2025,11,Q4,JUP,Jupiter,DeFi / DEX,N/A,1.60559746,1.71599043,1.53383341,1.62196602,1.02,13.5,0.532,9.732,,55,398,0.706,57,-22.3
2025-12,2025,12,Q4,JUP,Jupiter,DeFi / DEX,N/A,1.62196602,1.95542524,1.54793779,1.70700135,5.24,20.0,1.643,10.242,,28,166,1.0,80,-34.5
2026-01,2026,1,Q1,JUP,Jupiter,DeFi / DEX,N/A,1.70700135,1.51530341,1.1351426,1.39182788,-18.46,24.1,0.32,8.351,,8,93,0.481,83,-62.5
2026-02,2026,2,Q1,JUP,Jupiter,DeFi / DEX,N/A,1.39182788,1.63592835,1.09879089,1.34423243,-3.42,23.5,0.268,8.065,,37,122,0.409,54,-41.8
2026-03,2026,3,Q1,JUP,Jupiter,DeFi / DEX,N/A,1.34423243,1.33743476,1.18920602,1.23796731,-7.91,10.1,0.155,7.428,,10,276,0.381,96,-11.0
2020-01,2020,1,Q1,RENDER,Render,AI / Compute,N/A,2.4998704,2.84790014,2.18603144,2.59749424,3.91,22.0,0.077,836711.461,,14,112,0.215,44,-8.2
2020-02,2020,2,Q1,RENDER,Render,AI / Compute,N/A,2.59749424,3.99335981,3.24990974,3.58359007,37.96,19.9,0.104,1154355.161,,54,398,0.329,59,23.0
2020-03,2020,3,Q1,RENDER,Render,AI / Compute,N/A,3.58359007,3.63911162,3.2002685,3.33034528,-7.07,9.6,0.108,1072779.305,,30,348,-0.038,48,1.7
2020-04,2020,4,Q2,RENDER,Render,AI / Compute,N/A,3.33034528,4.79813158,3.6230594,4.45599578,33.8,21.5,0.132,1435376.711,,30,437,0.285,57,4.1
2020-05,2020,5,Q2,RENDER,Render,AI / Compute,N/A,4.45599578,4.30270342,3.32876037,3.88043136,-12.92,19.3,0.184,1249974.434,,27,106,0.03,49,28.4
2020-06,2020,6,Q2,RENDER,Render,AI / Compute,N/A,3.88043136,6.52651792,5.50315733,6.15342148,58.58,12.0,0.139,1982155.801,,9,78,-0.205,59,-5.2
2020-07,2020,7,Q3,RENDER,Render,AI / Compute,N/A,6.15342148,6.33113763,5.28667744,5.89142423,-4.26,12.9,0.111,1897760.58,,74,281,0.86,58,48.2
2020-08,2020,8,Q3,RENDER,Render,AI / Compute,N/A,5.89142423,8.14478353,6.7668762,7.41303342,25.83,12.6,0.165,2387905.208,,27,526,0.192,65,-0.1
2020-09,2020,9,Q3,RENDER,Render,AI / Compute,N/A,7.41303342,7.68232365,5.52786362,6.98896334,-5.72,24.1,0.173,2251302.673,,66,195,-0.037,77,-28.5
2020-10,2020,10,Q4,RENDER,Render,AI / Compute,N/A,6.98896334,8.97710877,6.48307638,7.90615857,13.12,23.3,0.537,2546751.937,,112,176,0.584,90,-6.5
2020-11,2020,11,Q4,RENDER,Render,AI / Compute,N/A,7.90615857,10.70799523,9.30466009,9.76387428,23.5,10.3,0.332,3145164.054,,42,348,0.774,46,9.0
2020-12,2020,12,Q4,RENDER,Render,AI / Compute,N/A,9.76387428,8.74797151,6.80635447,7.74132105,-20.71,20.8,0.584,2493654.055,,71,200,0.694,72,-33.4
2021-01,2021,1,Q1,RENDER,Render,AI / Compute,N/A,7.74132105,12.71688916,10.3711641,11.80364585,52.48,19.4,0.461,3802220.467,,20,369,0.668,70,48.5
2021-02,2021,2,Q1,RENDER,Render,AI / Compute,N/A,11.80364585,16.34075364,12.38081189,13.48871392,14.28,23.1,0.223,4345018.886,,31,433,0.871,92,18.4
2021-03,2021,3,Q1,RENDER,Render,AI / Compute,N/A,13.48871392,13.66838712,11.47387876,12.68734244,-5.94,24.1,1.221,4086879.064,,11,251,0.446,99,36.8
2021-04,2021,4,Q2,RENDER,Render,AI / Compute,N/A,12.68734244,15.96147706,13.87647487,14.66072522,15.55,11.1,0.498,4722550.152,,20,168,0.922,100,25.5
2021-05,2021,5,Q2,RENDER,Render,AI / Compute,N/A,14.66072522,8.78341904,7.76498042,8.17523705,-44.24,10.5,0.359,2633428.183,,10,110,0.287,66,16.1
2021-06,2021,6,Q2,RENDER,Render,AI / Compute,N/A,8.17523705,9.59168139,7.39721862,8.28047535,1.29,24.4,0.252,2667327.812,,12,205,0.225,60,-39.7
2021-07,2021,7,Q3,RENDER,Render,AI / Compute,N/A,8.28047535,8.86384375,7.53089128,8.31085898,0.37,11.0,0.126,2677115.064,,23,136,0.158,59,20.4
2021-08,2021,8,Q3,RENDER,Render,AI / Compute,N/A,8.31085898,7.90490939,6.72972825,7.38362317,-11.16,9.1,0.412,2378431.503,,30,101,0.497,70,-5.3
2021-09,2021,9,Q3,RENDER,Render,AI / Compute,N/A,7.38362317,7.94593615,5.74502369,6.88894359,-6.7,18.5,0.184,2219084.057,,14,235,0.826,62,19.8
2021-10,2021,10,Q4,RENDER,Render,AI / Compute,N/A,6.88894359,8.93796171,6.52866564,7.65965592,11.19,17.2,0.178,2467347.876,,79,72,1.0,80,-27.3
2021-11,2021,11,Q4,RENDER,Render,AI / Compute,N/A,7.65965592,8.52571844,7.63134883,7.94246301,3.69,10.7,0.495,2558446.416,,23,606,0.314,66,-80.4
2021-12,2021,12,Q4,RENDER,Render,AI / Compute,N/A,7.94246301,7.45394157,6.78098219,7.07968128,-10.86,12.3,0.322,2280524.967,,9,327,-0.045,47,8.1
2022-01,2022,1,Q1,RENDER,Render,AI / Compute,N/A,7.07968128,3.47899593,2.65275311,3.1320198,-55.76,17.0,0.294,1008894.196,,4,215,0.196,26,26.4
2022-02,2022,2,Q1,RENDER,Render,AI / Compute,N/A,3.1320198,3.35491417,2.784554,3.04693281,-2.72,13.3,0.168,981485.758,,51,308,-0.067,36,6.9
2022-03,2022,3,Q1,RENDER,Render,AI / Compute,N/A,3.04693281,2.56891213,2.09743328,2.38047623,-21.87,18.8,0.127,766805.067,,11,417,-0.211,30,-2.8
2022-04,2022,4,Q2,RENDER,Render,AI / Compute,N/A,2.38047623,2.47016043,1.83663815,2.22869609,-6.38,21.8,0.146,717913.261,,5,72,-0.622,37,-12.9
2022-05,2022,5,Q2,RENDER,Render,AI / Compute,N/A,2.22869609,1.84834313,1.46191642,1.60827808,-27.84,24.6,0.099,518062.632,,76,84,-0.432,47,6.9
2022-06,2022,6,Q2,RENDER,Render,AI / Compute,N/A,1.60827808,0.99624699,0.91745427,0.96745569,-39.85,8.8,0.091,311639.291,,54,90,-0.067,20,15.1
2022-07,2022,7,Q3,RENDER,Render,AI / Compute,N/A,0.96745569,0.80558007,0.67108955,0.76797763,-20.62,13.6,0.057,247382.91,,84,289,-0.043,30,-2.2
2022-08,2022,8,Q3,RENDER,Render,AI / Compute,N/A,0.76797763,1.06411714,0.88940022,0.96014737,25.02,20.1,0.047,309285.117,,65,360,-0.96,28,4.4
2022-09,2022,9,Q3,RENDER,Render,AI / Compute,N/A,0.96014737,0.96724308,0.80475887,0.86840773,-9.55,12.0,0.034,279733.71,,21,94,-0.324,26,2.9
2022-10,2022,10,Q4,RENDER,Render,AI / Compute,N/A,0.86840773,1.00241823,0.79898316,0.86911092,0.08,16.6,0.148,279960.223,,44,158,-0.353,24,5.3
2022-11,2022,11,Q4,RENDER,Render,AI / Compute,N/A,0.86911092,1.03491143,0.82734028,0.9464517,8.9,21.6,0.134,304873.432,,22,229,0.072,53,-9.2
2022-12,2022,12,Q4,RENDER,Render,AI / Compute,N/A,0.9464517,1.02102716,0.87832523,0.94671621,0.03,9.1,0.127,304958.637,,15,70,-0.482,63,5.0
2023-01,2023,1,Q1,RENDER,Render,AI / Compute,N/A,0.94671621,2.66194406,2.18781388,2.44051778,157.79,15.5,0.207,786145.804,,105,980,-0.208,37,1.0
2023-02,2023,2,Q1,RENDER,Render,AI / Compute,N/A,2.44051778,3.14988201,2.42028233,2.69028236,10.23,17.6,0.187,866600.606,,60,1107,-0.301,30,-31.4
2023-03,2023,3,Q1,RENDER,Render,AI / Compute,N/A,2.69028236,2.73173212,2.14623794,2.42629367,-9.81,14.2,0.224,781563.897,,30,66,-0.246,51,-6.4
2023-04,2023,4,Q2,RENDER,Render,AI / Compute,N/A,2.42629367,3.7778159,2.86811876,3.29760294,35.91,24.6,0.293,1062232.259,,61,107,-0.651,46,-13.6
2023-05,2023,5,Q2,RENDER,Render,AI / Compute,N/A,3.29760294,3.58552229,2.75369485,3.06522124,-7.05,18.4,0.327,987376.874,,11,94,0.219,48,9.4
2023-06,2023,6,Q2,RENDER,Render,AI / Compute,N/A,3.06522124,4.04593447,3.62351716,3.84937399,25.58,12.1,0.095,1239970.155,,47,190,-0.613,37,-20.3
2023-07,2023,7,Q3,RENDER,Render,AI / Compute,N/A,3.84937399,3.94142817,3.37557931,3.66085462,-4.9,13.2,0.165,1179243.815,,17,156,0.172,40,-11.8
2023-08,2023,8,Q3,RENDER,Render,AI / Compute,N/A,3.66085462,4.82264888,3.69628633,4.0663445,11.08,20.5,0.277,1309861.248,,14,44,-0.633,47,10.5
2023-09,2023,9,Q3,RENDER,Render,AI / Compute,N/A,4.0663445,5.62052907,4.53422209,5.05046421,24.2,20.9,0.16,1626868.396,,52,519,0.204,56,0.4
2023-10,2023,10,Q4,RENDER,Render,AI / Compute,N/A,5.05046421,6.57938667,5.06682251,5.72687019,13.39,16.8,0.562,1844754.013,,16,176,0.164,61,-5.7
2023-11,2023,11,Q4,RENDER,Render,AI / Compute,N/A,5.72687019,6.02129056,5.05074736,5.48866726,-4.16,22.7,0.141,1768023.479,,46,147,-0.225,63,-22.2
2023-12,2023,12,Q4,RENDER,Render,AI / Compute,N/A,5.48866726,6.99849591,6.00012212,6.58761894,20.02,12.3,0.772,2122020.593,,7,190,0.139,68,-9.3
2024-01,2024,1,Q1,RENDER,Render,AI / Compute,N/A,6.58761894,7.10447189,6.52840411,6.72638304,2.11,9.6,0.589,2166719.638,,12,115,0.564,65,6.9
2024-02,2024,2,Q1,RENDER,Render,AI / Compute,N/A,6.72638304,8.0678908,6.87246109,7.41016983,10.17,10.5,0.434,2386982.781,,17,229,0.343,79,-67.3
2024-03,2024,3,Q1,RENDER,Render,AI / Compute,N/A,7.41016983,10.69736959,8.95042077,9.92887083,33.99,10.3,0.313,3198313.163,,77,248,0.556,67,32.0
2024-04,2024,4,Q2,RENDER,Render,AI / Compute,N/A,9.92887083,8.86654389,7.05978501,8.1424897,-17.99,19.6,0.807,2622879.523,,15,90,0.25,86,38.0
2024-05,2024,5,Q2,RENDER,Render,AI / Compute,N/A,8.1424897,11.97610191,9.1851863,10.73086974,31.79,17.0,0.528,3456655.094,,16,712,0.648,87,-22.1
2024-06,2024,6,Q2,RENDER,Render,AI / Compute,N/A,10.73086974,11.02636394,8.03282709,9.44944235,-11.94,19.1,0.243,3043878.439,,11,89,0.565,79,79.4
2024-07,2024,7,Q3,RENDER,Render,AI / Compute,N/A,9.44944235,8.61068395,7.98166433,8.26283974,-12.56,9.4,0.373,2661646.984,,16,99,0.493,69,-21.8
2024-08,2024,8,Q3,RENDER,Render,AI / Compute,N/A,8.26283974,8.65338749,6.74239507,7.81989258,-5.36,15.9,0.878,2518963.717,,37,51,0.443,59,-24.2
2024-09,2024,9,Q3,RENDER,Render,AI / Compute,N/A,7.81989258,8.3416049,6.23555884,7.22766801,-7.57,16.6,0.414,2328194.83,,16,119,-0.267,41,-45.1
2024-10,2024,10,Q4,RENDER,Render,AI / Compute,N/A,7.22766801,10.29850895,9.49836118,9.85052689,36.29,8.8,0.162,3173076.813,,44,506,0.818,84,-12.1
2024-11,2024,11,Q4,RENDER,Render,AI / Compute,N/A,9.85052689,9.18615067,7.41046844,8.45120671,-14.21,18.0,0.181,2722324.232,,92,141,0.424,72,-14.3
2024-12,2024,12,Q4,RENDER,Render,AI / Compute,N/A,8.45120671,9.21839781,6.79748166,8.13221373,-3.77,20.5,0.153,2619569.401,,28,274,0.604,73,46.1
2025-01,2025,1,Q1,RENDER,Render,AI / Compute,N/A,8.13221373,11.59970468,9.70982006,10.65446192,31.02,18.9,0.239,3432042.413,,19,351,1.0,93,-56.4
2025-02,2025,2,Q1,RENDER,Render,AI / Compute,N/A,10.65446192,8.3729454,7.20240648,7.88347432,-26.01,11.0,0.149,2539444.829,,11,17,0.262,74,28.1
2025-03,2025,3,Q1,RENDER,Render,AI / Compute,N/A,7.88347432,11.19553695,8.47937935,9.77871297,24.04,23.5,1.242,3149943.93,,39,146,0.678,81,7.9
2025-04,2025,4,Q2,RENDER,Render,AI / Compute,N/A,9.77871297,12.33604742,9.90986301,11.18002857,14.33,20.7,0.394,3601339.281,,34,187,0.097,64,-26.0
2025-05,2025,5,Q2,RENDER,Render,AI / Compute,N/A,11.18002857,12.23645798,10.75680908,11.58071888,3.58,8.9,0.556,3730410.664,,38,243,0.498,65,12.7
2025-06,2025,6,Q2,RENDER,Render,AI / Compute,N/A,11.58071888,13.49100768,11.47916157,12.45560761,7.55,9.4,0.397,4012232.05,,24,45,0.534,68,-11.4
2025-07,2025,7,Q3,RENDER,Render,AI / Compute,N/A,12.45560761,12.69532615,11.67148785,12.08787577,-2.95,8.5,0.307,3893777.333,,36,114,0.479,56,-21.8
2025-08,2025,8,Q3,RENDER,Render,AI / Compute,N/A,12.08787577,10.88073434,7.64719393,9.16679319,-24.17,20.8,0.141,2952830.772,,60,103,0.722,86,28.6
2025-09,2025,9,Q3,RENDER,Render,AI / Compute,N/A,9.16679319,12.79387095,10.85649467,11.41200176,24.49,15.3,0.945,3676063.076,,55,62,0.088,68,3.4
2025-10,2025,10,Q4,RENDER,Render,AI / Compute,N/A,11.41200176,13.99971153,11.94208005,12.77707395,11.96,17.2,0.364,4115783.607,,81,254,0.473,62,-57.2
2025-11,2025,11,Q4,RENDER,Render,AI / Compute,N/A,12.77707395,10.18892588,8.67339515,9.57993515,-25.02,19.3,0.385,3085913.113,,17,736,0.739,93,-25.8
2025-12,2025,12,Q4,RENDER,Render,AI / Compute,N/A,9.57993515,15.29893834,10.49848872,13.10528874,36.8,23.1,0.713,4221508.991,,13,202,0.959,78,7.5
2026-01,2026,1,Q1,RENDER,Render,AI / Compute,N/A,13.10528874,12.76562581,10.90883527,11.90818863,-9.13,21.7,0.36,3835896.054,,23,139,0.542,74,-27.8
2026-02,2026,2,Q1,RENDER,Render,AI / Compute,N/A,11.90818863,12.76590404,11.23862274,11.75894793,-1.25,8.8,0.345,3787822.26,,66,369,0.332,62,-59.9
2026-03,2026,3,Q1,RENDER,Render,AI / Compute,N/A,11.75894793,9.99933168,6.30291674,8.31482407,-29.29,25.0,0.226,2678392.309,,7,306,0.547,79,34.0
2019-01,2019,1,Q1,FET,Fetch.ai,AI / Compute,PoS,0.475739,0.4675362,0.41172863,0.44479752,-6.5,9.6,0.071,0.307,,12,110,-0.358,38,6.8
2019-02,2019,2,Q1,FET,Fetch.ai,AI / Compute,PoS,0.44479752,0.47404822,0.38084113,0.42558799,-4.32,19.1,0.122,0.294,,44,178,-0.372,33,-3.1
2019-03,2019,3,Q1,FET,Fetch.ai,AI / Compute,PoS,0.42558799,0.48211746,0.41493833,0.45134424,6.05,12.2,0.101,0.312,,6,117,0.037,42,-13.2
2019-04,2019,4,Q2,FET,Fetch.ai,AI / Compute,PoS,0.45134424,0.50096576,0.35836471,0.42557799,-5.71,19.2,0.177,0.294,,68,149,-0.564,33,10.3
2019-05,2019,5,Q2,FET,Fetch.ai,AI / Compute,PoS,0.42557799,0.77527126,0.57944513,0.64159771,50.76,24.9,0.087,0.443,,32,123,-0.34,23,-1.5
2019-06,2019,6,Q2,FET,Fetch.ai,AI / Compute,PoS,0.64159771,0.56975352,0.41028222,0.47103949,-26.58,24.8,0.174,0.326,,34,223,0.155,20,-9.2
2019-07,2019,7,Q3,FET,Fetch.ai,AI / Compute,PoS,0.47103949,0.60609803,0.47163894,0.53571924,13.73,24.8,0.049,0.37,,40,392,-0.126,31,15.7
2019-08,2019,8,Q3,FET,Fetch.ai,AI / Compute,PoS,0.53571924,0.81412971,0.69705696,0.76942364,43.62,19.2,0.13,0.532,,27,141,0.089,33,-11.0
2019-09,2019,9,Q3,FET,Fetch.ai,AI / Compute,PoS,0.76942364,0.79302638,0.71705257,0.75690769,-1.63,14.5,0.178,0.523,,62,118,0.003,38,3.2
2019-10,2019,10,Q4,FET,Fetch.ai,AI / Compute,PoS,0.75690769,0.78492509,0.67655441,0.72887407,-3.7,10.2,0.288,0.504,,58,163,0.201,43,16.7
2019-11,2019,11,Q4,FET,Fetch.ai,AI / Compute,PoS,0.72887407,0.76768282,0.56040028,0.66144757,-9.25,18.5,0.124,0.457,,24,143,-0.187,37,-11.4
2019-12,2019,12,Q4,FET,Fetch.ai,AI / Compute,PoS,0.66144757,0.96244603,0.80164128,0.9061872,37.0,15.3,0.089,0.626,,21,142,-0.075,52,-18.5
2020-01,2020,1,Q1,FET,Fetch.ai,AI / Compute,PoS,0.9061872,0.94163355,0.70341496,0.81905343,-9.62,23.0,0.187,0.566,,30,93,0.133,49,-25.8
2020-02,2020,2,Q1,FET,Fetch.ai,AI / Compute,PoS,0.81905343,0.72882697,0.58877004,0.67935333,-17.06,15.6,0.199,0.47,,22,103,0.29,56,8.1
2020-03,2020,3,Q1,FET,Fetch.ai,AI / Compute,PoS,0.67935333,1.20202234,1.04365773,1.11390409,63.97,8.0,0.088,0.77,,63,234,0.405,53,16.0
2020-04,2020,4,Q2,FET,Fetch.ai,AI / Compute,PoS,1.11390409,1.4640901,1.0869399,1.22938688,10.37,22.9,0.153,0.85,,32,299,-0.139,49,3.7
2020-05,2020,5,Q2,FET,Fetch.ai,AI / Compute,PoS,1.22938688,1.40319864,1.07744131,1.27141803,3.42,20.2,0.284,0.879,,28,27,-0.587,60,35.8
2020-06,2020,6,Q2,FET,Fetch.ai,AI / Compute,PoS,1.27141803,1.43970887,1.00722585,1.20011207,-5.61,20.9,0.528,0.83,,29,110,-0.032,79,-1.0
2020-07,2020,7,Q3,FET,Fetch.ai,AI / Compute,PoS,1.20011207,1.79309119,1.39264139,1.62579739,35.47,14.7,0.178,1.124,,23,97,0.573,78,-14.6
2020-08,2020,8,Q3,FET,Fetch.ai,AI / Compute,PoS,1.62579739,1.53622119,1.24277195,1.45850381,-10.29,15.0,0.185,1.008,,27,269,0.658,45,-38.4
2020-09,2020,9,Q3,FET,Fetch.ai,AI / Compute,PoS,1.45850381,1.70021543,1.5149876,1.58509785,8.68,11.4,0.264,1.096,,32,314,0.246,62,-13.5
2020-10,2020,10,Q4,FET,Fetch.ai,AI / Compute,PoS,1.58509785,2.4291097,1.88577392,2.18475106,37.83,14.8,0.16,1.51,,68,283,0.347,63,18.5
2020-11,2020,11,Q4,FET,Fetch.ai,AI / Compute,PoS,2.18475106,2.77150496,2.35296658,2.5058226,14.7,14.1,0.231,1.732,,29,294,0.531,78,-0.1
2020-12,2020,12,Q4,FET,Fetch.ai,AI / Compute,PoS,2.5058226,2.15112545,1.58232987,1.86922231,-25.4,20.6,0.212,1.292,,136,174,0.651,74,-16.4
2021-01,2021,1,Q1,FET,Fetch.ai,AI / Compute,PoS,1.86922231,3.1346597,2.49198144,2.89362263,54.8,18.1,0.724,2.0,,21,86,0.06,96,-52.0
2021-02,2021,2,Q1,FET,Fetch.ai,AI / Compute,PoS,2.89362263,3.92295993,3.13501744,3.61319101,24.87,14.7,0.354,2.497,,247,206,0.696,78,-46.8
2021-03,2021,3,Q1,FET,Fetch.ai,AI / Compute,PoS,3.61319101,3.51240923,2.69833026,2.91326899,-19.37,20.7,0.369,2.014,,58,107,0.498,71,66.0
2021-04,2021,4,Q2,FET,Fetch.ai,AI / Compute,PoS,2.91326899,2.98534215,2.64457915,2.81985239,-3.21,10.0,0.244,1.949,,20,76,0.787,88,17.9
2021-05,2021,5,Q2,FET,Fetch.ai,AI / Compute,PoS,2.81985239,2.07737323,1.83194606,1.98109709,-29.74,10.2,0.371,1.369,,27,324,0.398,66,18.0
2021-06,2021,6,Q2,FET,Fetch.ai,AI / Compute,PoS,1.98109709,1.94779802,1.67738379,1.82930898,-7.66,20.9,0.235,1.264,,15,164,-0.101,61,40.3
2021-07,2021,7,Q3,FET,Fetch.ai,AI / Compute,PoS,1.82930898,2.17224515,2.00130862,2.07958583,13.68,8.3,0.173,1.437,,22,262,0.841,83,-22.8
2021-08,2021,8,Q3,FET,Fetch.ai,AI / Compute,PoS,2.07958583,2.52146401,2.07144142,2.18919668,5.27,17.1,0.591,1.513,,24,361,0.445,71,22.6
2021-09,2021,9,Q3,FET,Fetch.ai,AI / Compute,PoS,2.18919668,1.87657546,1.70281816,1.80150218,-17.71,8.0,0.331,1.245,,11,110,0.281,56,-14.2
2021-10,2021,10,Q4,FET,Fetch.ai,AI / Compute,PoS,1.80150218,2.22934158,1.87935307,2.04485304,13.51,11.4,0.245,1.413,,58,325,0.195,68,73.4
2021-11,2021,11,Q4,FET,Fetch.ai,AI / Compute,PoS,2.04485304,2.39627521,1.73305388,2.05613966,0.55,20.1,0.207,1.421,,42,557,0.882,65,-9.0
2021-12,2021,12,Q4,FET,Fetch.ai,AI / Compute,PoS,2.05613966,2.05199881,1.465853,1.73979345,-15.39,21.0,0.229,1.203,,20,63,-0.261,63,23.8
2022-01,2022,1,Q1,FET,Fetch.ai,AI / Compute,PoS,1.73979345,1.04745792,0.87687263,0.99019625,-43.09,13.7,0.096,0.684,,84,261,0.094,44,-17.7
2022-02,2022,2,Q1,FET,Fetch.ai,AI / Compute,PoS,0.99019625,0.88079573,0.64624416,0.75167349,-24.09,17.8,0.101,0.52,,106,225,-0.354,29,-24.8
2022-03,2022,3,Q1,FET,Fetch.ai,AI / Compute,PoS,0.75167349,0.79598068,0.64086028,0.72973731,-2.92,16.7,0.14,0.504,,20,341,-0.709,57,-24.4
2022-04,2022,4,Q2,FET,Fetch.ai,AI / Compute,PoS,0.72973731,0.524549,0.43958264,0.46543542,-36.22,15.6,0.071,0.322,,10,41,-0.43,29,-3.3
2022-05,2022,5,Q2,FET,Fetch.ai,AI / Compute,PoS,0.46543542,0.35838222,0.32673917,0.34546568,-25.78,10.5,0.07,0.239,,22,336,-0.389,35,7.9
2022-06,2022,6,Q2,FET,Fetch.ai,AI / Compute,PoS,0.34546568,0.28294453,0.23903722,0.25246622,-26.92,16.1,0.08,0.175,,6,1071,-0.256,17,-14.0
2022-07,2022,7,Q3,FET,Fetch.ai,AI / Compute,PoS,0.25246622,0.29334576,0.23781522,0.26336687,4.32,23.4,0.107,0.182,,24,275,-0.392,55,7.2
2022-08,2022,8,Q3,FET,Fetch.ai,AI / Compute,PoS,0.26336687,0.28025924,0.23076565,0.25388331,-3.6,15.0,0.03,0.175,,8,309,-0.978,29,-3.2
2022-09,2022,9,Q3,FET,Fetch.ai,AI / Compute,PoS,0.25388331,0.27892994,0.18799258,0.23840188,-6.1,22.1,0.07,0.165,,34,302,-0.591,30,-7.8
2022-10,2022,10,Q4,FET,Fetch.ai,AI / Compute,PoS,0.23840188,0.25088895,0.20569134,0.23129817,-2.98,17.8,0.159,0.16,,46,373,-0.298,29,-6.7
2022-11,2022,11,Q4,FET,Fetch.ai,AI / Compute,PoS,0.23129817,0.26560037,0.22602857,0.24605923,6.38,13.1,0.067,0.17,,44,151,-0.291,38,5.0
2022-12,2022,12,Q4,FET,Fetch.ai,AI / Compute,PoS,0.24605923,0.34632738,0.27679572,0.31494313,27.99,12.2,0.044,0.218,,33,190,-0.663,24,10.4
2023-01,2023,1,Q1,FET,Fetch.ai,AI / Compute,PoS,0.31494313,0.52706338,0.36706244,0.44563456,41.5,22.0,0.174,0.308,,45,584,-0.298,41,1.9
2023-02,2023,2,Q1,FET,Fetch.ai,AI / Compute,PoS,0.44563456,0.61914947,0.5703094,0.58850199,32.06,9.7,0.115,0.407,,43,334,-0.713,40,-1.4
2023-03,2023,3,Q1,FET,Fetch.ai,AI / Compute,PoS,0.58850199,0.62718214,0.5326179,0.58503891,-0.59,14.6,0.129,0.404,,20,59,-0.269,43,-10.1
2023-04,2023,4,Q2,FET,Fetch.ai,AI / Compute,PoS,0.58503891,0.73239688,0.64429955,0.69520114,18.83,10.2,0.109,0.481,,7,644,-0.077,66,14.8
2023-05,2023,5,Q2,FET,Fetch.ai,AI / Compute,PoS,0.69520114,0.88134286,0.61930857,0.75414888,8.48,24.7,0.283,0.521,,78,221,-0.817,47,4.2
2023-06,2023,6,Q2,FET,Fetch.ai,AI / Compute,PoS,0.75414888,0.86137459,0.74210747,0.80339366,6.53,11.7,0.42,0.555,,26,484,0.053,44,14.5
2023-07,2023,7,Q3,FET,Fetch.ai,AI / Compute,PoS,0.80339366,1.17959777,1.06291755,1.10332447,37.33,9.2,0.168,0.763,,187,408,-0.436,58,-13.8
2023-08,2023,8,Q3,FET,Fetch.ai,AI / Compute,PoS,1.10332447,1.33255377,1.03514069,1.20589779,9.3,17.0,0.416,0.834,,23,150,0.285,54,18.6
2023-09,2023,9,Q3,FET,Fetch.ai,AI / Compute,PoS,1.20589779,1.08669561,0.8578851,0.97038012,-19.53,16.3,0.143,0.671,,65,353,-0.426,49,-26.5
2023-10,2023,10,Q4,FET,Fetch.ai,AI / Compute,PoS,0.97038012,1.58549128,1.30731934,1.41690976,46.02,16.7,0.154,0.979,,44,124,0.3,58,-3.2
2023-11,2023,11,Q4,FET,Fetch.ai,AI / Compute,PoS,1.41690976,1.44997309,1.23021367,1.37259248,-3.13,10.6,0.412,0.949,,22,144,0.119,46,10.0
2023-12,2023,12,Q4,FET,Fetch.ai,AI / Compute,PoS,1.37259248,1.35248891,1.10047299,1.27145676,-7.37,15.1,0.383,0.879,,24,70,-0.442,60,15.9
2024-01,2024,1,Q1,FET,Fetch.ai,AI / Compute,PoS,1.27145676,2.38281749,1.73042027,2.09449223,64.73,18.0,0.295,1.448,,35,128,0.535,78,-74.6
2024-02,2024,2,Q1,FET,Fetch.ai,AI / Compute,PoS,2.09449223,2.23399643,1.71797989,1.98952984,-5.01,17.0,0.302,1.375,,38,961,0.483,62,48.8
2024-03,2024,3,Q1,FET,Fetch.ai,AI / Compute,PoS,1.98952984,2.59891742,2.16378642,2.46084514,23.69,15.2,0.326,1.701,,11,87,0.161,82,-42.0
2024-04,2024,4,Q2,FET,Fetch.ai,AI / Compute,PoS,2.46084514,2.61713799,2.29373548,2.5021459,1.68,9.8,0.619,1.729,,17,189,0.068,76,33.7
2024-05,2024,5,Q2,FET,Fetch.ai,AI / Compute,PoS,2.5021459,3.1517493,2.71771484,2.9307991,17.13,18.3,0.419,2.026,,39,142,0.231,76,-7.5
2024-06,2024,6,Q2,FET,Fetch.ai,AI / Compute,PoS,2.9307991,2.5165403,2.18647758,2.31667472,-20.95,9.6,0.477,1.601,,37,386,0.654,86,-70.4
2024-07,2024,7,Q3,FET,Fetch.ai,AI / Compute,PoS,2.31667472,2.77868525,1.94479774,2.27156573,-1.95,23.5,0.286,1.57,,59,234,0.363,63,43.4
2024-08,2024,8,Q3,FET,Fetch.ai,AI / Compute,PoS,2.27156573,2.08167848,1.57462299,1.90979425,-15.93,19.3,0.335,1.32,,259,303,0.204,62,-15.2
2024-09,2024,9,Q3,FET,Fetch.ai,AI / Compute,PoS,1.90979425,2.23028506,1.97097548,2.07639688,8.72,8.6,0.326,1.435,,21,262,0.438,66,26.3
2024-10,2024,10,Q4,FET,Fetch.ai,AI / Compute,PoS,2.07639688,2.9504378,2.14268799,2.5198547,21.36,23.0,0.276,1.742,,74,480,0.182,59,17.8
2024-11,2024,11,Q4,FET,Fetch.ai,AI / Compute,PoS,2.5198547,2.58999759,1.89508611,2.18806197,-13.17,21.7,0.288,1.512,,25,89,0.273,72,-19.9
2024-12,2024,12,Q4,FET,Fetch.ai,AI / Compute,PoS,2.18806197,2.67429117,2.15147281,2.48940087,13.77,19.0,0.289,1.721,,34,96,0.173,71,-25.7
2025-01,2025,1,Q1,FET,Fetch.ai,AI / Compute,PoS,2.48940087,2.44873057,1.80456798,2.16872316,-12.88,24.4,0.229,1.499,,5,579,0.915,61,15.0
2025-02,2025,2,Q1,FET,Fetch.ai,AI / Compute,PoS,2.16872316,2.48556281,1.72502741,2.09287729,-3.5,21.5,0.2,1.447,,27,200,0.847,60,8.3
2025-03,2025,3,Q1,FET,Fetch.ai,AI / Compute,PoS,2.09287729,2.83684228,2.2934564,2.57499737,23.04,16.3,0.213,1.78,,64,120,0.285,100,44.1
2025-04,2025,4,Q2,FET,Fetch.ai,AI / Compute,PoS,2.57499737,3.25901569,2.35002143,2.86090109,11.1,18.0,0.352,1.977,,154,165,0.851,78,-27.9
2025-05,2025,5,Q2,FET,Fetch.ai,AI / Compute,PoS,2.86090109,2.8185506,2.00117551,2.40520562,-15.93,17.3,0.623,1.662,,17,269,0.783,53,-52.6
2025-06,2025,6,Q2,FET,Fetch.ai,AI / Compute,PoS,2.40520562,3.73287933,2.38647589,3.0573978,27.12,23.7,0.344,2.113,,76,240,0.789,65,-47.1
2025-07,2025,7,Q3,FET,Fetch.ai,AI / Compute,PoS,3.0573978,3.57036556,3.0949561,3.24016834,5.98,13.2,0.502,2.24,,21,332,0.804,86,66.3
2025-08,2025,8,Q3,FET,Fetch.ai,AI / Compute,PoS,3.24016834,3.08378115,2.64660496,2.85489464,-11.89,9.6,0.4,1.973,,45,310,-0.003,63,26.1
2025-09,2025,9,Q3,FET,Fetch.ai,AI / Compute,PoS,2.85489464,3.70643245,2.86569702,3.26022898,14.2,14.3,0.299,2.253,,51,157,0.884,68,-4.4
2025-10,2025,10,Q4,FET,Fetch.ai,AI / Compute,PoS,3.26022898,2.73144662,2.18884788,2.53449108,-22.26,20.7,0.54,1.752,,14,54,0.646,76,-72.6
2025-11,2025,11,Q4,FET,Fetch.ai,AI / Compute,PoS,2.53449108,3.86697122,2.69297248,3.30775996,30.51,20.8,0.177,2.286,,18,159,0.467,86,13.2
2025-12,2025,12,Q4,FET,Fetch.ai,AI / Compute,PoS,3.30775996,2.58799131,2.17774844,2.36818252,-28.41,11.2,0.586,1.637,,7,351,0.866,87,-15.6
2026-01,2026,1,Q1,FET,Fetch.ai,AI / Compute,PoS,2.36818252,3.07068552,2.44663072,2.85346593,20.49,20.0,0.274,1.972,,52,482,0.648,77,24.1
2026-02,2026,2,Q1,FET,Fetch.ai,AI / Compute,PoS,2.85346593,2.91441806,2.3793141,2.65726234,-6.88,19.2,0.475,1.837,,95,249,0.544,84,7.6
2026-03,2026,3,Q1,FET,Fetch.ai,AI / Compute,PoS,2.65726234,2.8770737,2.14234151,2.48388172,-6.52,21.5,0.395,1.717,,22,312,0.588,80,-28.1
2023-01,2023,1,Q1,WLD,Worldcoin,AI / Identity,PoS,1.68540096,2.13469048,1.74461521,1.96680435,16.7,15.9,0.119,11.801,,48,386,0.064,48,9.9
2023-02,2023,2,Q1,WLD,Worldcoin,AI / Identity,PoS,1.96680435,2.47906718,1.85210866,2.10459695,7.01,22.3,0.054,12.628,,98,204,-0.01,47,-5.1
2023-03,2023,3,Q1,WLD,Worldcoin,AI / Identity,PoS,2.10459695,2.85991692,2.64084311,2.73024164,29.73,8.7,0.295,16.381,,37,449,-0.726,71,10.8
2023-04,2023,4,Q2,WLD,Worldcoin,AI / Identity,PoS,2.73024164,2.34113995,1.67870436,2.10030036,-23.07,23.5,0.102,12.602,,18,53,0.192,47,14.9
2023-05,2023,5,Q2,WLD,Worldcoin,AI / Identity,PoS,2.10030036,3.26313096,2.38488153,2.92152964,39.1,21.0,0.182,17.529,,17,485,0.07,48,27.0
2023-06,2023,6,Q2,WLD,Worldcoin,AI / Identity,PoS,2.92152964,2.62420906,2.32080257,2.43710206,-16.58,11.1,0.169,14.623,,24,522,-0.151,50,0.6
2023-07,2023,7,Q3,WLD,Worldcoin,AI / Identity,PoS,2.43710206,2.79426635,2.6336589,2.7200199,11.61,9.0,0.102,16.32,,19,66,-0.107,36,-2.5
2023-08,2023,8,Q3,WLD,Worldcoin,AI / Identity,PoS,2.7200199,4.42935968,3.36930763,3.91575922,43.96,18.8,0.325,23.495,,74,341,-0.203,63,1.8
2023-09,2023,9,Q3,WLD,Worldcoin,AI / Identity,PoS,3.91575922,4.50906983,4.05987775,4.38905049,12.09,8.4,0.394,26.334,,25,195,0.306,27,-20.1
2023-10,2023,10,Q4,WLD,Worldcoin,AI / Identity,PoS,4.38905049,5.63552558,4.64474677,5.04236188,14.89,21.2,0.128,30.254,,47,447,0.118,46,22.5
2023-11,2023,11,Q4,WLD,Worldcoin,AI / Identity,PoS,5.04236188,4.96949467,4.19277135,4.50482503,-10.66,13.0,0.28,27.029,,12,174,0.043,48,20.8
2023-12,2023,12,Q4,WLD,Worldcoin,AI / Identity,PoS,4.50482503,5.95042374,5.06303024,5.61526041,24.65,11.1,0.168,33.692,,28,409,0.106,53,-3.8
2024-01,2024,1,Q1,WLD,Worldcoin,AI / Identity,PoS,5.61526041,5.9860266,5.04251907,5.67610424,1.08,16.4,0.16,34.057,,9,136,0.952,61,-68.9
2024-02,2024,2,Q1,WLD,Worldcoin,AI / Identity,PoS,5.67610424,7.48537517,5.44422933,6.49142561,14.36,18.5,0.483,38.949,,13,1457,0.504,53,-41.9
2024-03,2024,3,Q1,WLD,Worldcoin,AI / Identity,PoS,6.49142561,10.12212526,7.4502616,8.38185138,29.12,22.9,0.295,50.291,,31,282,0.557,57,69.7
2024-04,2024,4,Q2,WLD,Worldcoin,AI / Identity,PoS,8.38185138,10.5847738,8.57571376,9.78468022,16.74,17.6,0.471,58.708,,19,279,0.898,80,-13.1
2024-05,2024,5,Q2,WLD,Worldcoin,AI / Identity,PoS,9.78468022,9.12962352,7.16048779,8.17019316,-16.5,18.8,0.267,49.021,,21,119,0.426,73,2.0
2024-06,2024,6,Q2,WLD,Worldcoin,AI / Identity,PoS,8.17019316,8.71619148,7.45710825,8.06484134,-1.29,12.4,0.248,48.389,,18,229,0.199,89,-5.2
2024-07,2024,7,Q3,WLD,Worldcoin,AI / Identity,PoS,8.06484134,6.56438266,4.79868258,5.79097425,-28.19,21.8,0.469,34.746,,41,601,0.835,59,-41.4
2024-08,2024,8,Q3,WLD,Worldcoin,AI / Identity,PoS,5.79097425,7.94604193,6.4385011,7.27121727,25.56,12.8,0.449,43.627,,132,111,0.507,67,25.9
2024-09,2024,9,Q3,WLD,Worldcoin,AI / Identity,PoS,7.27121727,7.21145499,6.17042381,6.74595251,-7.22,10.2,0.265,40.476,,29,45,0.293,61,-71.2
2024-10,2024,10,Q4,WLD,Worldcoin,AI / Identity,PoS,6.74595251,8.98183617,7.68288312,8.38942405,24.36,20.8,0.38,50.337,,14,57,0.216,76,51.3
2024-11,2024,11,Q4,WLD,Worldcoin,AI / Identity,PoS,8.38942405,7.59384688,5.17933277,6.49057352,-22.63,22.8,0.222,38.943,,50,151,-0.273,58,13.1
2024-12,2024,12,Q4,WLD,Worldcoin,AI / Identity,PoS,6.49057352,9.95412981,8.27787157,9.12469312,40.58,9.9,0.262,54.748,,33,131,0.674,70,37.7
2025-01,2025,1,Q1,WLD,Worldcoin,AI / Identity,PoS,9.12469312,6.89123541,5.9325327,6.51697631,-28.58,13.5,0.33,39.102,,59,100,0.08,68,67.3
2025-02,2025,2,Q1,WLD,Worldcoin,AI / Identity,PoS,6.51697631,10.88177687,8.73527647,9.689699,48.68,12.6,0.189,58.138,,8,692,0.792,67,-18.0
2025-03,2025,3,Q1,WLD,Worldcoin,AI / Identity,PoS,9.689699,8.24959495,6.46930605,7.33388541,-24.31,23.8,0.289,44.003,,17,170,0.586,79,49.4
2025-04,2025,4,Q2,WLD,Worldcoin,AI / Identity,PoS,7.33388541,8.39830447,7.62730008,8.01687005,9.31,10.8,0.472,48.101,,33,227,0.406,90,40.7
2025-05,2025,5,Q2,WLD,Worldcoin,AI / Identity,PoS,8.01687005,11.66311978,10.18813657,10.91644886,36.17,12.4,0.312,65.499,,46,291,1.0,62,-37.6
2025-06,2025,6,Q2,WLD,Worldcoin,AI / Identity,PoS,10.91644886,11.17795712,8.88675861,10.03521964,-8.07,12.1,0.215,60.211,,105,297,0.75,82,-64.0
2025-07,2025,7,Q3,WLD,Worldcoin,AI / Identity,PoS,10.03521964,12.00915734,9.63476657,10.65016824,6.13,18.3,0.685,63.901,,71,155,0.524,65,14.7
2025-08,2025,8,Q3,WLD,Worldcoin,AI / Identity,PoS,10.65016824,10.19154903,8.26926243,9.36042833,-12.11,12.9,0.262,56.163,,10,78,0.222,82,23.9
2025-09,2025,9,Q3,WLD,Worldcoin,AI / Identity,PoS,9.36042833,11.52201173,8.52589609,9.5515697,2.04,22.3,0.557,57.309,,34,105,0.871,51,-70.9
2025-10,2025,10,Q4,WLD,Worldcoin,AI / Identity,PoS,9.5515697,12.79101003,9.8330102,10.68720153,11.89,23.5,0.56,64.123,,27,159,0.38,72,39.1
2025-11,2025,11,Q4,WLD,Worldcoin,AI / Identity,PoS,10.68720153,9.83215108,8.12244865,8.58301703,-19.69,15.6,0.577,51.498,,32,129,0.464,68,4.7
2025-12,2025,12,Q4,WLD,Worldcoin,AI / Identity,PoS,8.58301703,10.31051445,9.02927898,9.9718156,16.18,9.8,0.741,59.831,,18,44,1.0,88,-16.2
2026-01,2026,1,Q1,WLD,Worldcoin,AI / Identity,PoS,9.9718156,8.83803392,7.81381755,8.25313939,-17.24,10.4,0.678,49.519,,14,98,0.126,66,-4.8
2026-02,2026,2,Q1,WLD,Worldcoin,AI / Identity,PoS,8.25313939,8.81912345,7.24415849,8.33646391,1.01,19.3,0.271,50.019,,14,127,1.0,68,-8.5
2026-03,2026,3,Q1,WLD,Worldcoin,AI / Identity,PoS,8.33646391,9.69225768,8.91396091,9.36531299,12.34,8.1,0.276,56.192,,15,192,0.605,80,42.9
2019-01,2019,1,Q1,ALGO,Algorand,Smart Contract,PPoS,0.50215949,0.49220383,0.42172653,0.45523335,-9.34,16.2,0.063,2.731,,14,114,-0.395,35,-6.6
2019-02,2019,2,Q1,ALGO,Algorand,Smart Contract,PPoS,0.45523335,0.44563804,0.3266898,0.39206911,-13.88,17.9,0.035,2.352,,12,18,-0.236,48,9.6
2019-03,2019,3,Q1,ALGO,Algorand,Smart Contract,PPoS,0.39206911,0.63117076,0.41599334,0.5153863,31.45,22.7,0.09,3.092,,22,122,-0.163,54,3.2
2019-04,2019,4,Q2,ALGO,Algorand,Smart Contract,PPoS,0.5153863,0.65628881,0.48853827,0.5642756,9.49,18.0,0.106,3.386,,47,157,-0.452,37,-12.4
2019-05,2019,5,Q2,ALGO,Algorand,Smart Contract,PPoS,0.5642756,0.65510412,0.57944552,0.62617376,10.97,9.4,0.082,3.757,,31,448,-0.495,40,-10.0
2019-06,2019,6,Q2,ALGO,Algorand,Smart Contract,PPoS,0.62617376,0.69873003,0.57179288,0.65481427,4.57,15.8,0.155,3.929,,8,352,0.147,50,9.6
2019-07,2019,7,Q3,ALGO,Algorand,Smart Contract,PPoS,0.65481427,0.58659836,0.46809042,0.54590105,-16.63,15.7,0.219,3.275,,36,104,0.235,29,-15.9
2019-08,2019,8,Q3,ALGO,Algorand,Smart Contract,PPoS,0.54590105,0.58658867,0.51973054,0.54928875,0.62,10.1,0.108,3.296,,78,93,-0.245,43,2.6
2019-09,2019,9,Q3,ALGO,Algorand,Smart Contract,PPoS,0.54928875,0.73293351,0.53983699,0.63467823,15.55,23.2,0.07,3.808,,20,101,-0.243,40,4.4
2019-10,2019,10,Q4,ALGO,Algorand,Smart Contract,PPoS,0.63467823,0.90390174,0.82082775,0.85607045,34.88,10.6,0.182,5.136,,34,211,0.236,47,1.7
2019-11,2019,11,Q4,ALGO,Algorand,Smart Contract,PPoS,0.85607045,0.845397,0.67876495,0.75888588,-11.35,16.4,0.157,4.553,,51,206,0.12,51,-14.3
2019-12,2019,12,Q4,ALGO,Algorand,Smart Contract,PPoS,0.75888588,1.01219429,0.71188375,0.85498874,12.66,20.8,0.086,5.13,,41,70,0.093,38,-1.3
2020-01,2020,1,Q1,ALGO,Algorand,Smart Contract,PPoS,0.85498874,0.71467549,0.57747865,0.65642655,-23.22,20.0,0.316,3.939,,10,43,0.23,32,11.8
2020-02,2020,2,Q1,ALGO,Algorand,Smart Contract,PPoS,0.65642655,1.10632291,0.89278043,1.00558338,53.19,18.5,0.139,6.034,,96,122,-0.124,59,0.4
2020-03,2020,3,Q1,ALGO,Algorand,Smart Contract,PPoS,1.00558338,1.1897795,0.98679643,1.06047522,5.46,20.5,0.18,6.363,,18,262,0.265,43,23.5
2020-04,2020,4,Q2,ALGO,Algorand,Smart Contract,PPoS,1.06047522,1.41854244,1.22117199,1.33076694,25.49,9.7,0.244,7.985,,59,132,0.124,63,26.4
2020-05,2020,5,Q2,ALGO,Algorand,Smart Contract,PPoS,1.33076694,1.3936394,1.26693111,1.34718463,1.23,9.4,0.394,8.083,,13,338,-0.363,56,-17.1
2020-06,2020,6,Q2,ALGO,Algorand,Smart Contract,PPoS,1.34718463,1.69544386,1.42478755,1.53904021,14.24,22.6,0.358,9.234,,33,76,0.276,56,-35.3
2020-07,2020,7,Q3,ALGO,Algorand,Smart Contract,PPoS,1.53904021,1.60173886,1.22032298,1.40543551,-8.68,22.3,0.103,8.433,,54,287,0.206,44,-15.8
2020-08,2020,8,Q3,ALGO,Algorand,Smart Contract,PPoS,1.40543551,2.1866159,1.57572667,1.82255534,29.68,22.4,0.047,10.935,,24,275,0.061,81,-24.4
2020-09,2020,9,Q3,ALGO,Algorand,Smart Contract,PPoS,1.82255534,2.00703861,1.61686983,1.82365326,0.06,20.2,0.543,10.942,,12,178,0.705,75,-23.2
2020-10,2020,10,Q4,ALGO,Algorand,Smart Contract,PPoS,1.82365326,2.75890464,1.96013999,2.3975504,31.47,20.0,0.331,14.385,,35,114,0.208,63,-5.1
2020-11,2020,11,Q4,ALGO,Algorand,Smart Contract,PPoS,2.3975504,2.33561067,1.83945429,2.15069634,-10.3,20.8,0.402,12.904,,50,103,0.248,80,25.8
2020-12,2020,12,Q4,ALGO,Algorand,Smart Contract,PPoS,2.15069634,2.16207878,1.81957165,1.97470974,-8.18,14.8,0.587,11.848,,9,236,0.586,62,45.0
2021-01,2021,1,Q1,ALGO,Algorand,Smart Contract,PPoS,1.97470974,3.81039537,3.23356694,3.51485595,77.99,12.4,0.209,21.089,,52,230,0.622,85,45.5
2021-02,2021,2,Q1,ALGO,Algorand,Smart Contract,PPoS,3.51485595,3.57881797,2.8533686,3.05509243,-13.08,22.0,0.946,18.331,,47,193,0.825,73,-27.8
2021-03,2021,3,Q1,ALGO,Algorand,Smart Contract,PPoS,3.05509243,3.90932936,3.26741513,3.44761065,12.85,16.7,0.398,20.686,,19,249,1.0,69,39.7
2021-04,2021,4,Q2,ALGO,Algorand,Smart Contract,PPoS,3.44761065,4.06592128,3.48316039,3.81964949,10.79,16.6,1.873,22.918,,22,177,0.843,92,-21.6
2021-05,2021,5,Q2,ALGO,Algorand,Smart Contract,PPoS,3.81964949,1.64608929,1.35126361,1.52630463,-60.04,13.9,0.32,9.158,,53,117,0.683,60,-69.7
2021-06,2021,6,Q2,ALGO,Algorand,Smart Contract,PPoS,1.52630463,2.22866328,1.52681773,1.91898766,25.73,24.0,0.252,11.514,,7,28,0.713,55,-65.2
2021-07,2021,7,Q3,ALGO,Algorand,Smart Contract,PPoS,1.91898766,2.18624023,1.72879723,1.99004928,3.7,18.0,0.783,11.94,,16,352,0.836,67,-20.0
2021-08,2021,8,Q3,ALGO,Algorand,Smart Contract,PPoS,1.99004928,2.53469164,2.20803368,2.34422436,17.8,14.5,0.342,14.065,,36,676,0.277,66,15.2
2021-09,2021,9,Q3,ALGO,Algorand,Smart Contract,PPoS,2.34422436,2.28846017,1.7799341,1.92664152,-17.81,24.9,0.132,11.56,,77,93,1.0,67,12.0
2021-10,2021,10,Q4,ALGO,Algorand,Smart Contract,PPoS,1.92664152,1.96472692,1.5647983,1.80885065,-6.11,15.2,0.865,10.853,,27,275,0.563,70,21.6
2021-11,2021,11,Q4,ALGO,Algorand,Smart Contract,PPoS,1.80885065,2.61066559,1.86402761,2.25112544,24.45,23.0,0.338,13.507,,21,188,0.445,62,-39.3
2021-12,2021,12,Q4,ALGO,Algorand,Smart Contract,PPoS,2.25112544,1.9532575,1.37314235,1.60840544,-28.55,23.5,0.307,9.65,,49,471,0.036,49,6.7
2022-01,2022,1,Q1,ALGO,Algorand,Smart Contract,PPoS,1.60840544,0.87076197,0.66994748,0.79591468,-50.52,18.8,0.1,4.775,,134,177,0.411,48,26.3
2022-02,2022,2,Q1,ALGO,Algorand,Smart Contract,PPoS,0.79591468,0.95799779,0.77396093,0.85187626,7.03,17.0,0.094,5.111,,9,125,-0.653,44,14.3
2022-03,2022,3,Q1,ALGO,Algorand,Smart Contract,PPoS,0.85187626,0.63071895,0.48756681,0.59301887,-30.39,21.1,0.147,3.558,,22,175,-0.137,51,-17.4
2022-04,2022,4,Q2,ALGO,Algorand,Smart Contract,PPoS,0.59301887,0.58262289,0.55061912,0.56714952,-4.36,8.2,0.062,3.403,,36,176,-0.245,43,-3.7
2022-05,2022,5,Q2,ALGO,Algorand,Smart Contract,PPoS,0.56714952,0.39281532,0.3322435,0.37003824,-34.75,12.7,0.056,2.22,,25,45,-0.408,42,6.3
2022-06,2022,6,Q2,ALGO,Algorand,Smart Contract,PPoS,0.37003824,0.23558054,0.20591107,0.22259231,-39.85,14.4,0.049,1.336,,16,122,-0.604,55,1.1
2022-07,2022,7,Q3,ALGO,Algorand,Smart Contract,PPoS,0.22259231,0.30623609,0.25223814,0.27230938,22.34,16.3,0.081,1.634,,39,220,-0.377,21,0.7
2022-08,2022,8,Q3,ALGO,Algorand,Smart Contract,PPoS,0.27230938,0.33310443,0.24018106,0.27626163,1.45,22.0,0.104,1.658,,33,377,-0.176,33,1.9
2022-09,2022,9,Q3,ALGO,Algorand,Smart Contract,PPoS,0.27626163,0.23150797,0.2073891,0.21793788,-21.11,9.2,0.086,1.308,,55,157,-0.528,33,0.7
2022-10,2022,10,Q4,ALGO,Algorand,Smart Contract,PPoS,0.21793788,0.28897572,0.21485279,0.25080719,15.08,19.3,0.077,1.505,,25,186,-0.437,49,-7.4
2022-11,2022,11,Q4,ALGO,Algorand,Smart Contract,PPoS,0.25080719,0.29027971,0.23888543,0.26426415,5.37,22.9,0.188,1.586,,26,503,-0.427,26,14.8
2022-12,2022,12,Q4,ALGO,Algorand,Smart Contract,PPoS,0.26426415,0.28514914,0.2370839,0.26313335,-0.43,11.4,0.177,1.579,,65,216,-0.193,40,12.2
2023-01,2023,1,Q1,ALGO,Algorand,Smart Contract,PPoS,0.26313335,0.51723011,0.41422012,0.44881622,70.57,17.0,0.287,2.693,,92,435,-0.503,44,-5.5
2023-02,2023,2,Q1,ALGO,Algorand,Smart Contract,PPoS,0.44881622,0.69128687,0.5979777,0.66115157,47.31,11.0,0.246,3.967,,9,59,-0.341,49,1.9
2023-03,2023,3,Q1,ALGO,Algorand,Smart Contract,PPoS,0.66115157,0.68891945,0.53761298,0.62728818,-5.12,17.1,0.3,3.764,,17,306,-0.28,43,6.7
2023-04,2023,4,Q2,ALGO,Algorand,Smart Contract,PPoS,0.62728818,0.9523636,0.79434555,0.8783465,40.02,10.3,0.139,5.27,,78,80,0.033,60,17.8
2023-05,2023,5,Q2,ALGO,Algorand,Smart Contract,PPoS,0.8783465,0.99247096,0.84119943,0.90590076,3.14,22.5,0.335,5.435,,65,132,-0.071,58,-33.5
2023-06,2023,6,Q2,ALGO,Algorand,Smart Contract,PPoS,0.90590076,0.82484485,0.70276287,0.75293172,-16.89,18.7,0.511,4.518,,63,494,0.075,53,35.6
2023-07,2023,7,Q3,ALGO,Algorand,Smart Contract,PPoS,0.75293172,0.99283192,0.74514717,0.86821046,15.31,15.4,0.302,5.209,,48,447,0.277,53,-18.4
2023-08,2023,8,Q3,ALGO,Algorand,Smart Contract,PPoS,0.86821046,1.19436333,0.89783831,1.03165512,18.83,21.3,0.21,6.19,,9,510,-0.239,52,-39.3
2023-09,2023,9,Q3,ALGO,Algorand,Smart Contract,PPoS,1.03165512,1.25708191,1.06526223,1.12077278,8.64,15.9,0.625,6.725,,17,178,-0.036,56,21.9
2023-10,2023,10,Q4,ALGO,Algorand,Smart Contract,PPoS,1.12077278,1.26349672,1.04369626,1.18395033,5.64,16.2,0.221,7.104,,14,541,0.282,63,38.1
2023-11,2023,11,Q4,ALGO,Algorand,Smart Contract,PPoS,1.18395033,1.53342224,1.24769059,1.45048903,22.51,16.9,0.224,8.703,,11,109,0.551,49,5.5
2023-12,2023,12,Q4,ALGO,Algorand,Smart Contract,PPoS,1.45048903,1.61408398,1.43257639,1.51244743,4.27,8.9,0.214,9.075,,50,112,0.037,60,60.7
2024-01,2024,1,Q1,ALGO,Algorand,Smart Contract,PPoS,1.51244743,2.3142516,1.86919911,2.10978962,39.5,15.1,0.255,12.659,,39,143,-0.197,73,-18.3
2024-02,2024,2,Q1,ALGO,Algorand,Smart Contract,PPoS,2.10978962,2.03323624,1.75350025,1.87874598,-10.95,11.9,0.261,11.272,,13,283,0.274,78,-24.7
2024-03,2024,3,Q1,ALGO,Algorand,Smart Contract,PPoS,1.87874598,3.13420149,2.72295031,2.84118842,51.23,10.6,0.442,17.047,,56,455,0.062,68,91.3
2024-04,2024,4,Q2,ALGO,Algorand,Smart Contract,PPoS,2.84118842,3.41074594,2.55115405,3.0118698,6.01,16.2,0.341,18.071,,114,119,0.668,83,12.4
2024-05,2024,5,Q2,ALGO,Algorand,Smart Contract,PPoS,3.0118698,2.47778615,1.97662951,2.27708018,-24.4,20.9,0.282,13.662,,21,455,0.378,65,4.4
2024-06,2024,6,Q2,ALGO,Algorand,Smart Contract,PPoS,2.27708018,2.54476889,2.01089932,2.18981949,-3.83,17.7,0.444,13.139,,24,140,0.584,50,61.5
2024-07,2024,7,Q3,ALGO,Algorand,Smart Contract,PPoS,2.18981949,2.67729063,1.81996908,2.22576974,1.64,20.3,0.277,13.355,,35,516,0.269,39,15.6
2024-08,2024,8,Q3,ALGO,Algorand,Smart Contract,PPoS,2.22576974,2.66886833,2.31227967,2.5080652,12.68,19.1,1.746,15.048,,50,255,-0.091,66,59.3
2024-09,2024,9,Q3,ALGO,Algorand,Smart Contract,PPoS,2.5080652,2.08371341,1.78938818,1.93617467,-22.8,20.2,0.35,11.617,,38,173,0.77,66,19.3
2024-10,2024,10,Q4,ALGO,Algorand,Smart Contract,PPoS,1.93617467,2.02289925,1.66031149,1.83681892,-5.13,15.8,0.662,11.021,,41,225,0.334,62,9.2
2024-11,2024,11,Q4,ALGO,Algorand,Smart Contract,PPoS,1.83681892,2.4391236,1.71660628,2.04707877,11.45,20.3,0.431,12.282,,15,215,0.657,72,38.8
2024-12,2024,12,Q4,ALGO,Algorand,Smart Contract,PPoS,2.04707877,2.84046441,2.28514528,2.60666849,27.34,12.5,0.287,15.64,,114,94,0.467,62,76.8
2025-01,2025,1,Q1,ALGO,Algorand,Smart Contract,PPoS,2.60666849,2.92517831,2.52855328,2.76155704,5.94,10.0,0.233,16.569,,15,406,-0.106,71,51.3
2025-02,2025,2,Q1,ALGO,Algorand,Smart Contract,PPoS,2.76155704,2.42345318,2.10811645,2.25598288,-18.31,8.9,0.42,13.536,,104,261,0.212,81,-14.2
2025-03,2025,3,Q1,ALGO,Algorand,Smart Contract,PPoS,2.25598288,2.56993438,2.01464559,2.27187956,0.7,22.7,0.296,13.631,,25,172,0.137,94,-11.7
2025-04,2025,4,Q2,ALGO,Algorand,Smart Contract,PPoS,2.27187956,2.8441996,2.13916925,2.48500111,9.38,17.6,0.309,14.91,,15,1286,0.517,58,-35.2
2025-05,2025,5,Q2,ALGO,Algorand,Smart Contract,PPoS,2.48500111,3.22969391,2.23613724,2.85841874,15.03,22.1,0.295,17.151,,57,208,0.586,80,-40.8
2025-06,2025,6,Q2,ALGO,Algorand,Smart Contract,PPoS,2.85841874,3.25127682,2.54042746,2.81862387,-1.39,21.7,0.426,16.912,,28,341,0.414,73,-1.2
2025-07,2025,7,Q3,ALGO,Algorand,Smart Contract,PPoS,2.81862387,3.49279645,2.36953901,3.02599967,7.36,23.6,0.228,18.156,,40,152,1.0,77,-74.2
2025-08,2025,8,Q3,ALGO,Algorand,Smart Contract,PPoS,3.02599967,2.71800568,2.29027424,2.50949127,-17.07,9.5,0.784,15.057,,22,114,0.833,76,-94.3
2025-09,2025,9,Q3,ALGO,Algorand,Smart Contract,PPoS,2.50949127,3.46395054,2.4456449,2.9144036,16.14,23.3,0.244,17.486,,49,518,0.328,85,-69.1
2025-10,2025,10,Q4,ALGO,Algorand,Smart Contract,PPoS,2.9144036,3.2179055,2.80605639,3.05798089,4.93,8.8,0.163,18.348,,31,61,0.285,78,14.2
2025-11,2025,11,Q4,ALGO,Algorand,Smart Contract,PPoS,3.05798089,3.3922753,2.86318638,3.03047456,-0.9,13.5,0.491,18.183,,15,333,0.656,66,-11.2
2025-12,2025,12,Q4,ALGO,Algorand,Smart Contract,PPoS,3.03047456,3.76626883,2.75125334,3.25499204,7.41,18.1,0.306,19.53,,68,220,0.876,84,-34.6
2026-01,2026,1,Q1,ALGO,Algorand,Smart Contract,PPoS,3.25499204,2.31149136,2.07925088,2.16790499,-33.4,11.7,0.259,13.007,,26,156,0.509,67,10.5
2026-02,2026,2,Q1,ALGO,Algorand,Smart Contract,PPoS,2.16790499,3.40497574,3.01803801,3.15243132,45.41,13.0,0.423,18.915,,33,643,0.542,87,53.9
2026-03,2026,3,Q1,ALGO,Algorand,Smart Contract,PPoS,3.15243132,2.47108093,1.93634269,2.15602352,-31.61,17.0,0.611,12.936,,21,325,1.0,69,-18.9
2019-01,2019,1,Q1,HBAR,Hedera,Enterprise DLT,PoS,0.06577249,0.07586359,0.06973416,0.07198801,9.45,9.8,0.081,2.16,,26,411,-0.923,22,5.6
2019-02,2019,2,Q1,HBAR,Hedera,Enterprise DLT,PoS,0.07198801,0.08055476,0.07109989,0.07541483,4.76,11.0,0.143,2.262,,25,259,-0.264,36,3.0
2019-03,2019,3,Q1,HBAR,Hedera,Enterprise DLT,PoS,0.07541483,0.09551177,0.08561481,0.09170844,21.61,9.8,0.086,2.751,,18,613,-0.209,45,-2.2
2019-04,2019,4,Q2,HBAR,Hedera,Enterprise DLT,PoS,0.09170844,0.09178966,0.07874979,0.08330866,-9.16,10.7,0.183,2.499,,7,81,-0.152,50,7.9
2019-05,2019,5,Q2,HBAR,Hedera,Enterprise DLT,PoS,0.08330866,0.11024124,0.08783381,0.09448536,13.42,17.4,0.125,2.835,,16,500,-0.728,47,11.4
2019-06,2019,6,Q2,HBAR,Hedera,Enterprise DLT,PoS,0.09448536,0.10544192,0.08612362,0.0947893,0.32,20.8,0.087,2.844,,43,192,-0.118,44,-9.5
2019-07,2019,7,Q3,HBAR,Hedera,Enterprise DLT,PoS,0.0947893,0.11123498,0.09585643,0.10313552,8.81,9.4,0.237,3.094,,27,94,-0.453,56,27.7
2019-08,2019,8,Q3,HBAR,Hedera,Enterprise DLT,PoS,0.10313552,0.11686938,0.10160993,0.1085513,5.25,12.4,0.209,3.257,,56,141,-0.669,35,-9.4
2019-09,2019,9,Q3,HBAR,Hedera,Enterprise DLT,PoS,0.1085513,0.12202956,0.100208,0.11093726,2.2,12.7,0.091,3.328,,27,160,-0.405,34,-30.6
2019-10,2019,10,Q4,HBAR,Hedera,Enterprise DLT,PoS,0.11093726,0.13191632,0.10253636,0.11762625,6.03,17.7,0.126,3.529,,10,324,-0.356,59,-33.6
2019-11,2019,11,Q4,HBAR,Hedera,Enterprise DLT,PoS,0.11762625,0.12553733,0.1116601,0.11849033,0.73,8.1,0.145,3.555,,12,202,-0.541,23,29.1
2019-12,2019,12,Q4,HBAR,Hedera,Enterprise DLT,PoS,0.11849033,0.13083995,0.11102803,0.1224142,3.31,9.4,0.298,3.672,,72,167,-0.081,71,3.4
2020-01,2020,1,Q1,HBAR,Hedera,Enterprise DLT,PoS,0.1224142,0.10468047,0.09002563,0.09972294,-18.54,10.6,0.163,2.992,,19,73,-0.026,63,-27.6
2020-02,2020,2,Q1,HBAR,Hedera,Enterprise DLT,PoS,0.09972294,0.13717574,0.12572778,0.13027598,30.64,8.2,0.317,3.908,,54,56,-0.735,62,-23.4
2020-03,2020,3,Q1,HBAR,Hedera,Enterprise DLT,PoS,0.13027598,0.20535398,0.16308638,0.18579136,42.61,12.8,0.173,5.574,,32,145,-0.27,54,19.1
2020-04,2020,4,Q2,HBAR,Hedera,Enterprise DLT,PoS,0.18579136,0.22498682,0.18719569,0.20869523,12.33,12.6,0.161,6.261,,44,258,-0.042,70,0.7
2020-05,2020,5,Q2,HBAR,Hedera,Enterprise DLT,PoS,0.20869523,0.25305029,0.18607014,0.22712054,8.83,23.8,0.231,6.814,,28,128,0.659,60,22.6
2020-06,2020,6,Q2,HBAR,Hedera,Enterprise DLT,PoS,0.22712054,0.20594187,0.16673691,0.18391201,-19.02,12.6,0.111,5.517,,54,871,0.092,53,-9.0
2020-07,2020,7,Q3,HBAR,Hedera,Enterprise DLT,PoS,0.18391201,0.29494448,0.26724077,0.27745011,50.86,11.3,0.295,8.324,,13,780,0.271,73,-5.4
2020-08,2020,8,Q3,HBAR,Hedera,Enterprise DLT,PoS,0.27745011,0.285548,0.25460925,0.27594464,-0.54,9.7,0.982,8.278,,23,38,0.116,55,11.8
2020-09,2020,9,Q3,HBAR,Hedera,Enterprise DLT,PoS,0.27594464,0.39285419,0.26299025,0.32030472,16.08,22.8,0.456,9.609,,13,60,0.115,56,-14.0
2020-10,2020,10,Q4,HBAR,Hedera,Enterprise DLT,PoS,0.32030472,0.33125074,0.28614138,0.30594929,-4.48,12.8,0.389,9.178,,35,278,0.629,61,7.7
2020-11,2020,11,Q4,HBAR,Hedera,Enterprise DLT,PoS,0.30594929,0.43963777,0.3296381,0.40309092,31.75,21.8,0.46,12.093,,27,282,0.319,70,39.7
2020-12,2020,12,Q4,HBAR,Hedera,Enterprise DLT,PoS,0.40309092,0.46082319,0.36870414,0.42108124,4.46,22.6,0.49,12.632,,64,174,0.909,60,-51.7
2021-01,2021,1,Q1,HBAR,Hedera,Enterprise DLT,PoS,0.42108124,0.58274786,0.49853538,0.52786099,25.36,16.5,0.825,15.836,,60,157,0.476,85,106.8
2021-02,2021,2,Q1,HBAR,Hedera,Enterprise DLT,PoS,0.52786099,0.59186522,0.43984161,0.51545827,-2.35,17.5,0.534,15.464,,35,487,0.175,86,33.2
2021-03,2021,3,Q1,HBAR,Hedera,Enterprise DLT,PoS,0.51545827,0.61594488,0.39328852,0.4973311,-3.52,23.9,1.142,14.92,,22,283,0.613,70,-23.7
2021-04,2021,4,Q2,HBAR,Hedera,Enterprise DLT,PoS,0.4973311,0.54449472,0.38143785,0.46923253,-5.65,21.2,1.327,14.077,,31,682,0.724,81,8.3
2021-05,2021,5,Q2,HBAR,Hedera,Enterprise DLT,PoS,0.46923253,0.28960734,0.24574579,0.26009821,-44.57,14.2,0.282,7.803,,12,248,0.378,55,-49.1
2021-06,2021,6,Q2,HBAR,Hedera,Enterprise DLT,PoS,0.26009821,0.42079102,0.30715093,0.36555864,40.55,18.6,0.589,10.967,,33,176,0.219,54,-13.5
2021-07,2021,7,Q3,HBAR,Hedera,Enterprise DLT,PoS,0.36555864,0.3084149,0.22682338,0.27314843,-25.28,22.9,0.215,8.194,,27,154,0.279,61,17.3
2021-08,2021,8,Q3,HBAR,Hedera,Enterprise DLT,PoS,0.27314843,0.33423846,0.27653549,0.30831109,12.87,22.9,0.197,9.249,,105,296,0.191,61,-17.1
2021-09,2021,9,Q3,HBAR,Hedera,Enterprise DLT,PoS,0.30831109,0.36524299,0.28525931,0.32172498,4.35,17.6,0.732,9.652,,23,123,0.245,66,3.1
2021-10,2021,10,Q4,HBAR,Hedera,Enterprise DLT,PoS,0.32172498,0.38859263,0.35059579,0.37265162,15.83,9.2,0.328,11.18,,33,198,0.425,68,29.7
2021-11,2021,11,Q4,HBAR,Hedera,Enterprise DLT,PoS,0.37265162,0.44110454,0.34832306,0.41253597,10.7,18.3,0.258,12.376,,40,179,0.728,67,13.5
2021-12,2021,12,Q4,HBAR,Hedera,Enterprise DLT,PoS,0.41253597,0.24051764,0.19075913,0.22299657,-45.94,16.6,0.282,6.69,,40,292,0.042,70,69.5
2022-01,2022,1,Q1,HBAR,Hedera,Enterprise DLT,PoS,0.22299657,0.15504374,0.13230285,0.14459459,-35.16,9.4,0.104,4.338,,67,923,-0.594,43,-0.2
2022-02,2022,2,Q1,HBAR,Hedera,Enterprise DLT,PoS,0.14459459,0.11987327,0.09690556,0.11005399,-23.89,16.4,0.175,3.302,,13,104,0.532,56,32.8
2022-03,2022,3,Q1,HBAR,Hedera,Enterprise DLT,PoS,0.11005399,0.12903967,0.10135994,0.11530646,4.77,24.8,0.135,3.459,,87,248,0.507,37,2.7
2022-04,2022,4,Q2,HBAR,Hedera,Enterprise DLT,PoS,0.11530646,0.10197254,0.07368527,0.09062573,-21.4,23.9,0.106,2.719,,58,254,-0.427,44,-5.2
2022-05,2022,5,Q2,HBAR,Hedera,Enterprise DLT,PoS,0.09062573,0.07251336,0.0578543,0.0631409,-30.33,15.5,0.16,1.894,,24,856,-0.541,35,-3.1
2022-06,2022,6,Q2,HBAR,Hedera,Enterprise DLT,PoS,0.0631409,0.04458318,0.03179643,0.039925,-36.77,24.4,0.065,1.198,,34,95,-0.006,34,5.1
2022-07,2022,7,Q3,HBAR,Hedera,Enterprise DLT,PoS,0.039925,0.04593949,0.0352944,0.03966285,-0.66,16.4,0.044,1.19,,19,372,-0.584,28,8.3
2022-08,2022,8,Q3,HBAR,Hedera,Enterprise DLT,PoS,0.03966285,0.03736896,0.03302322,0.03472882,-12.44,11.4,0.089,1.042,,36,445,-0.493,31,-17.0
2022-09,2022,9,Q3,HBAR,Hedera,Enterprise DLT,PoS,0.03472882,0.05511782,0.04206563,0.04915747,41.55,17.5,0.103,1.475,,41,331,-0.703,47,-7.5
2022-10,2022,10,Q4,HBAR,Hedera,Enterprise DLT,PoS,0.04915747,0.04019536,0.03648795,0.03778867,-23.13,10.8,0.035,1.134,,68,173,-0.213,29,3.5
2022-11,2022,11,Q4,HBAR,Hedera,Enterprise DLT,PoS,0.03778867,0.05191148,0.04505192,0.04830701,27.83,12.1,0.115,1.449,,18,632,-0.24,51,6.5
2022-12,2022,12,Q4,HBAR,Hedera,Enterprise DLT,PoS,0.04830701,0.04969221,0.04012434,0.04341697,-10.12,15.4,0.068,1.303,,15,291,-0.433,28,-14.0
2023-01,2023,1,Q1,HBAR,Hedera,Enterprise DLT,PoS,0.04341697,0.07888184,0.06998172,0.07485761,72.42,11.4,0.202,2.246,,9,136,-0.581,27,10.4
2023-02,2023,2,Q1,HBAR,Hedera,Enterprise DLT,PoS,0.07485761,0.11147417,0.09499673,0.10196229,36.21,18.3,0.102,3.059,,60,69,-0.043,42,16.4
2023-03,2023,3,Q1,HBAR,Hedera,Enterprise DLT,PoS,0.10196229,0.14084131,0.11126409,0.1190625,16.77,21.5,0.092,3.572,,115,519,-0.264,29,6.5
2023-04,2023,4,Q2,HBAR,Hedera,Enterprise DLT,PoS,0.1190625,0.10187915,0.08777801,0.09536603,-19.9,11.4,0.106,2.861,,8,122,-0.031,49,-16.0
2023-05,2023,5,Q2,HBAR,Hedera,Enterprise DLT,PoS,0.09536603,0.15177666,0.10951399,0.12828193,34.52,22.1,0.058,3.848,,109,391,-0.22,41,-4.6
2023-06,2023,6,Q2,HBAR,Hedera,Enterprise DLT,PoS,0.12828193,0.1531115,0.13616487,0.14688202,14.5,13.4,0.03,4.406,,42,389,-0.151,52,-22.4
2023-07,2023,7,Q3,HBAR,Hedera,Enterprise DLT,PoS,0.14688202,0.15666969,0.10507252,0.13342226,-9.16,22.4,0.37,4.003,,40,195,-0.122,61,30.1
2023-08,2023,8,Q3,HBAR,Hedera,Enterprise DLT,PoS,0.13342226,0.19549331,0.15314338,0.17897174,34.14,19.7,0.204,5.369,,44,336,-0.097,49,-20.4
2023-09,2023,9,Q3,HBAR,Hedera,Enterprise DLT,PoS,0.17897174,0.19691707,0.17883025,0.18783887,4.95,8.9,0.263,5.635,,44,104,0.05,53,-6.0
2023-10,2023,10,Q4,HBAR,Hedera,Enterprise DLT,PoS,0.18783887,0.21516621,0.18418307,0.20173045,7.4,8.7,0.431,6.052,,13,272,0.321,55,-41.2
2023-11,2023,11,Q4,HBAR,Hedera,Enterprise DLT,PoS,0.20173045,0.25255862,0.19029724,0.22112735,9.62,17.6,0.211,6.634,,8,165,0.073,66,12.1
2023-12,2023,12,Q4,HBAR,Hedera,Enterprise DLT,PoS,0.22112735,0.21709043,0.17955284,0.19133604,-13.47,17.8,0.223,5.74,,4,136,0.375,59,28.4
2024-01,2024,1,Q1,HBAR,Hedera,Enterprise DLT,PoS,0.19133604,0.29492488,0.22683727,0.27734702,44.95,18.6,0.23,8.32,,37,308,0.215,69,32.0
2024-02,2024,2,Q1,HBAR,Hedera,Enterprise DLT,PoS,0.27734702,0.40081302,0.28143568,0.34164862,23.18,24.3,0.709,10.249,,23,474,-0.072,70,-17.5
2024-03,2024,3,Q1,HBAR,Hedera,Enterprise DLT,PoS,0.34164862,0.45889348,0.34725075,0.39209998,14.77,21.9,0.584,11.763,,41,354,0.482,52,-31.0
2024-04,2024,4,Q2,HBAR,Hedera,Enterprise DLT,PoS,0.39209998,0.44512842,0.3273024,0.36996778,-5.64,22.4,0.523,11.099,,20,529,0.301,80,39.3
2024-05,2024,5,Q2,HBAR,Hedera,Enterprise DLT,PoS,0.36996778,0.4281386,0.34158766,0.39241888,6.07,23.5,0.407,11.773,,32,243,0.825,72,8.6
2024-06,2024,6,Q2,HBAR,Hedera,Enterprise DLT,PoS,0.39241888,0.39276828,0.34164986,0.35756336,-8.88,10.3,0.543,10.727,,14,282,0.159,89,-7.4
2024-07,2024,7,Q3,HBAR,Hedera,Enterprise DLT,PoS,0.35756336,0.35881627,0.2664359,0.32704307,-8.54,23.8,0.355,9.811,,92,60,0.399,52,44.7
2024-08,2024,8,Q3,HBAR,Hedera,Enterprise DLT,PoS,0.32704307,0.30316321,0.24559721,0.2803579,-14.27,24.9,0.158,8.411,,58,144,0.594,67,6.0
2024-09,2024,9,Q3,HBAR,Hedera,Enterprise DLT,PoS,0.2803579,0.33781833,0.30037247,0.31352907,11.83,11.3,0.413,9.406,,68,490,0.337,65,38.6
2024-10,2024,10,Q4,HBAR,Hedera,Enterprise DLT,PoS,0.31352907,0.31877094,0.24689207,0.29161015,-6.99,16.0,0.691,8.748,,31,248,0.816,70,39.8
2024-11,2024,11,Q4,HBAR,Hedera,Enterprise DLT,PoS,0.29161015,0.39182228,0.32351027,0.36259413,24.34,12.5,0.304,10.878,,24,230,0.619,50,13.9
2024-12,2024,12,Q4,HBAR,Hedera,Enterprise DLT,PoS,0.36259413,0.3627157,0.31161172,0.34496573,-4.86,11.8,0.234,10.349,,107,170,0.241,55,-29.8
2025-01,2025,1,Q1,HBAR,Hedera,Enterprise DLT,PoS,0.34496573,0.46727831,0.41590842,0.44884741,30.11,8.6,0.14,13.465,,21,52,0.789,70,21.9
2025-02,2025,2,Q1,HBAR,Hedera,Enterprise DLT,PoS,0.44884741,0.46927441,0.34689851,0.40652982,-9.43,16.5,0.427,12.196,,13,180,0.207,58,17.4
2025-03,2025,3,Q1,HBAR,Hedera,Enterprise DLT,PoS,0.40652982,0.39507536,0.28794127,0.35671292,-12.25,20.8,0.462,10.701,,20,59,0.574,91,52.5
2025-04,2025,4,Q2,HBAR,Hedera,Enterprise DLT,PoS,0.35671292,0.40315827,0.36078729,0.38574081,8.14,11.8,0.384,11.572,,14,184,0.732,74,53.5
2025-05,2025,5,Q2,HBAR,Hedera,Enterprise DLT,PoS,0.38574081,0.53500237,0.43219364,0.49221023,27.6,21.1,0.137,14.766,,11,99,0.623,61,-45.7
2025-06,2025,6,Q2,HBAR,Hedera,Enterprise DLT,PoS,0.49221023,0.60300803,0.44242497,0.53427077,8.55,22.2,0.298,16.028,,15,172,0.74,81,6.3
2025-07,2025,7,Q3,HBAR,Hedera,Enterprise DLT,PoS,0.53427077,0.57914401,0.45760754,0.49923224,-6.56,16.8,0.277,14.977,,29,138,0.516,67,-23.1
2025-08,2025,8,Q3,HBAR,Hedera,Enterprise DLT,PoS,0.49923224,0.52328854,0.46219191,0.49348642,-1.15,9.0,0.769,14.805,,51,252,0.353,72,-17.4
2025-09,2025,9,Q3,HBAR,Hedera,Enterprise DLT,PoS,0.49348642,0.53550097,0.42379296,0.48040103,-2.65,24.7,0.856,14.412,,14,247,0.65,89,-13.1
2025-10,2025,10,Q4,HBAR,Hedera,Enterprise DLT,PoS,0.48040103,0.4296737,0.34593217,0.3884702,-19.14,13.9,0.384,11.654,,5,144,0.686,71,-67.3
2025-11,2025,11,Q4,HBAR,Hedera,Enterprise DLT,PoS,0.3884702,0.48303843,0.42255501,0.44963384,15.74,13.2,0.309,13.489,,48,115,0.856,77,-77.3
2025-12,2025,12,Q4,HBAR,Hedera,Enterprise DLT,PoS,0.44963384,0.41577208,0.35981168,0.38344759,-14.72,9.5,0.341,11.503,,81,292,0.443,85,-11.1
2026-01,2026,1,Q1,HBAR,Hedera,Enterprise DLT,PoS,0.38344759,0.47922492,0.37203805,0.41375649,7.9,16.2,0.677,12.413,,17,116,0.865,58,54.3
2026-02,2026,2,Q1,HBAR,Hedera,Enterprise DLT,PoS,0.41375649,0.52169545,0.43586306,0.47217829,14.12,21.7,0.396,14.165,,46,161,-0.16,76,-42.1
2026-03,2026,3,Q1,HBAR,Hedera,Enterprise DLT,PoS,0.47217829,0.38969861,0.32535489,0.35118662,-25.62,12.0,0.198,10.536,,36,243,0.638,75,36.5
2020-01,2020,1,Q1,GRT,The Graph,Data / Indexing,N/A,0.52170426,0.6437463,0.57779078,0.60958089,16.84,12.8,0.105,3.678,,13,284,0.135,36,13.8
2020-02,2020,2,Q1,GRT,The Graph,Data / Indexing,N/A,0.60958089,0.78995193,0.72651816,0.76156445,24.93,12.4,0.258,4.595,,35,402,-0.077,45,9.6
2020-03,2020,3,Q1,GRT,The Graph,Data / Indexing,N/A,0.76156445,0.79781853,0.62346123,0.69038681,-9.35,24.3,0.213,4.166,,30,47,0.261,56,-42.4
2020-04,2020,4,Q2,GRT,The Graph,Data / Indexing,N/A,0.69038681,1.14120813,0.9237612,1.00361103,45.37,22.5,0.313,6.056,,30,158,0.414,50,12.3
2020-05,2020,5,Q2,GRT,The Graph,Data / Indexing,N/A,1.00361103,1.03970038,0.86760869,0.95140278,-5.2,12.1,0.086,5.741,,28,206,0.303,62,1.8
2020-06,2020,6,Q2,GRT,The Graph,Data / Indexing,N/A,0.95140278,1.12252298,0.83283944,0.94885399,-0.27,20.6,0.228,5.726,,24,170,0.183,50,-50.0
2020-07,2020,7,Q3,GRT,The Graph,Data / Indexing,N/A,0.94885399,1.21660715,0.94085133,1.09800272,15.72,14.4,0.214,6.626,,86,275,-0.226,55,-42.8
2020-08,2020,8,Q3,GRT,The Graph,Data / Indexing,N/A,1.09800272,1.8069272,1.23457476,1.51212745,37.72,19.7,0.21,9.124,,11,163,0.039,72,-41.9
2020-09,2020,9,Q3,GRT,The Graph,Data / Indexing,N/A,1.51212745,1.7989665,1.58661351,1.70570569,12.8,8.3,0.202,10.293,,64,742,0.265,55,-4.6
2020-10,2020,10,Q4,GRT,The Graph,Data / Indexing,N/A,1.70570569,1.52525946,1.34350064,1.41710622,-16.92,14.6,0.249,8.551,,50,277,0.058,72,6.8
2020-11,2020,11,Q4,GRT,The Graph,Data / Indexing,N/A,1.41710622,2.1448302,1.95331663,2.0666508,45.84,8.3,0.211,12.471,,43,68,0.741,61,-5.9
2020-12,2020,12,Q4,GRT,The Graph,Data / Indexing,N/A,2.0666508,2.0675994,1.40116009,1.72988348,-16.3,24.3,0.168,10.438,,41,161,0.54,66,24.7
2021-01,2021,1,Q1,GRT,The Graph,Data / Indexing,N/A,1.72988348,2.57921531,2.31654306,2.46564747,42.53,11.0,0.147,14.878,,9,438,0.96,59,-52.2
2021-02,2021,2,Q1,GRT,The Graph,Data / Indexing,N/A,2.46564747,2.69779809,2.36538628,2.49005457,0.99,9.0,0.26,15.025,,100,259,0.517,61,68.9
2021-03,2021,3,Q1,GRT,The Graph,Data / Indexing,N/A,2.49005457,3.01272118,2.70207497,2.80958604,12.83,10.6,0.081,16.954,,18,112,1.0,76,-81.0
2021-04,2021,4,Q2,GRT,The Graph,Data / Indexing,N/A,2.80958604,3.2543957,2.651543,2.97765715,5.98,23.1,0.515,17.968,,35,699,0.448,94,-59.8
2021-05,2021,5,Q2,GRT,The Graph,Data / Indexing,N/A,2.97765715,1.3463034,1.13627598,1.22117523,-58.99,16.4,0.381,7.369,,75,751,0.589,63,-16.3
2021-06,2021,6,Q2,GRT,The Graph,Data / Indexing,N/A,1.22117523,1.71698465,1.40642812,1.60821552,31.69,12.8,0.368,9.704,,52,221,0.395,72,31.6
2021-07,2021,7,Q3,GRT,The Graph,Data / Indexing,N/A,1.60821552,1.55839949,1.24560484,1.38985572,-13.58,24.3,0.302,8.387,,13,419,0.596,67,-14.7
2021-08,2021,8,Q3,GRT,The Graph,Data / Indexing,N/A,1.38985572,2.10952241,1.63182719,1.84112586,32.47,19.0,0.24,11.11,,59,122,0.327,70,21.1
2021-09,2021,9,Q3,GRT,The Graph,Data / Indexing,N/A,1.84112586,2.04499135,1.66677177,1.94366893,5.57,15.3,0.395,11.728,,48,106,0.832,83,22.1
2021-10,2021,10,Q4,GRT,The Graph,Data / Indexing,N/A,1.94366893,2.30580866,1.84411447,2.04702256,5.32,22.3,0.31,12.352,,100,285,0.79,66,14.7
2021-11,2021,11,Q4,GRT,The Graph,Data / Indexing,N/A,2.04702256,1.83650391,1.54270286,1.68362762,-17.75,9.2,0.37,10.159,,30,117,0.775,64,22.3
2021-12,2021,12,Q4,GRT,The Graph,Data / Indexing,N/A,1.68362762,1.4819318,1.20233866,1.34749801,-19.96,12.1,0.332,8.131,,19,109,0.523,62,89.3
2022-01,2022,1,Q1,GRT,The Graph,Data / Indexing,N/A,1.34749801,0.80706872,0.69820435,0.76567732,-43.18,9.2,0.166,4.62,,11,287,-0.145,56,4.6
2022-02,2022,2,Q1,GRT,The Graph,Data / Indexing,N/A,0.76567732,0.6121066,0.53326381,0.57617002,-24.75,13.2,0.124,3.477,,61,250,-0.317,35,3.1
2022-03,2022,3,Q1,GRT,The Graph,Data / Indexing,N/A,0.57617002,0.6051244,0.43518531,0.54326285,-5.71,24.4,0.213,3.278,,6,187,0.078,36,15.8
2022-04,2022,4,Q2,GRT,The Graph,Data / Indexing,N/A,0.54326285,0.41652198,0.31849191,0.38391475,-29.33,18.3,0.115,2.317,,27,461,-0.175,41,12.7
2022-05,2022,5,Q2,GRT,The Graph,Data / Indexing,N/A,0.38391475,0.44280987,0.3728571,0.41850824,9.01,14.3,0.172,2.525,,61,262,-0.021,40,3.8
2022-06,2022,6,Q2,GRT,The Graph,Data / Indexing,N/A,0.41850824,0.18039565,0.13265594,0.14631274,-65.04,24.6,0.041,0.883,,47,1338,-0.679,39,-3.9
2022-07,2022,7,Q3,GRT,The Graph,Data / Indexing,N/A,0.14631274,0.2261053,0.16772926,0.19914335,36.11,23.4,0.119,1.202,,36,190,-0.6,41,0.5
2022-08,2022,8,Q3,GRT,The Graph,Data / Indexing,N/A,0.19914335,0.26042766,0.20129843,0.23125399,16.12,24.7,0.027,1.395,,24,250,-0.336,43,3.2
2022-09,2022,9,Q3,GRT,The Graph,Data / Indexing,N/A,0.23125399,0.20712266,0.16665078,0.19397077,-16.12,19.2,0.068,1.17,,33,162,0.222,43,-5.4
2022-10,2022,10,Q4,GRT,The Graph,Data / Indexing,N/A,0.19397077,0.24586188,0.21014801,0.22570075,16.36,16.6,0.174,1.362,,18,274,-0.517,40,8.7
2022-11,2022,11,Q4,GRT,The Graph,Data / Indexing,N/A,0.22570075,0.28278801,0.23440762,0.25966227,15.05,15.6,0.118,1.567,,45,202,-0.48,35,-3.3
2022-12,2022,12,Q4,GRT,The Graph,Data / Indexing,N/A,0.25966227,0.30193706,0.24116552,0.26923617,3.69,21.1,0.152,1.625,,72,289,-0.559,28,4.9
2023-01,2023,1,Q1,GRT,The Graph,Data / Indexing,N/A,0.26923617,0.38808934,0.28586363,0.35815317,33.03,22.5,0.067,2.161,,8,259,-0.031,57,6.3
2023-02,2023,2,Q1,GRT,The Graph,Data / Indexing,N/A,0.35815317,0.49463967,0.43057571,0.46620786,30.17,10.1,0.131,2.813,,98,1401,-0.457,51,9.6
2023-03,2023,3,Q1,GRT,The Graph,Data / Indexing,N/A,0.46620786,0.54098092,0.4785578,0.50589646,8.51,10.2,0.081,3.053,,48,102,-0.389,27,21.1
2023-04,2023,4,Q2,GRT,The Graph,Data / Indexing,N/A,0.50589646,0.50691227,0.44471875,0.4753368,-6.04,11.7,0.343,2.868,,22,156,-0.417,45,18.7
2023-05,2023,5,Q2,GRT,The Graph,Data / Indexing,N/A,0.4753368,0.66332473,0.58207852,0.62300235,31.07,8.1,0.136,3.759,,33,136,0.072,20,-4.4
2023-06,2023,6,Q2,GRT,The Graph,Data / Indexing,N/A,0.62300235,0.83328326,0.56887874,0.67920569,9.02,24.1,0.154,4.098,,40,85,-0.245,52,0.5
2023-07,2023,7,Q3,GRT,The Graph,Data / Indexing,N/A,0.67920569,0.77700265,0.60634594,0.67620878,-0.44,15.7,0.13,4.08,,143,97,-0.344,48,-21.8
2023-08,2023,8,Q3,GRT,The Graph,Data / Indexing,N/A,0.67620878,0.8339311,0.69794043,0.783886,15.92,16.3,0.476,4.73,,107,376,0.833,46,-9.9
2023-09,2023,9,Q3,GRT,The Graph,Data / Indexing,N/A,0.783886,1.14777947,0.83224875,0.9362051,19.43,25.0,0.162,5.649,,20,52,0.339,65,2.6
2023-10,2023,10,Q4,GRT,The Graph,Data / Indexing,N/A,0.9362051,0.94429502,0.77945603,0.86070797,-8.06,14.7,0.324,5.194,,27,153,-0.442,58,-14.2
2023-11,2023,11,Q4,GRT,The Graph,Data / Indexing,N/A,0.86070797,1.25612759,1.12385701,1.19461401,38.79,12.7,0.34,7.209,,25,188,0.196,50,-21.0
2023-12,2023,12,Q4,GRT,The Graph,Data / Indexing,N/A,1.19461401,1.37720773,1.21709504,1.32032945,10.52,11.3,0.185,7.967,,18,250,0.074,62,16.8
2024-01,2024,1,Q1,GRT,The Graph,Data / Indexing,N/A,1.32032945,1.40868481,1.29081585,1.34837276,2.12,11.6,0.416,8.136,,8,199,0.123,52,-39.5
2024-02,2024,2,Q1,GRT,The Graph,Data / Indexing,N/A,1.34837276,2.12494817,1.75983221,1.93038042,43.16,18.0,0.524,11.648,,51,598,0.36,61,-1.5
2024-03,2024,3,Q1,GRT,The Graph,Data / Indexing,N/A,1.93038042,2.74480056,2.06690394,2.31955173,20.16,20.3,0.318,13.997,,54,69,0.574,76,-49.3
2024-04,2024,4,Q2,GRT,The Graph,Data / Indexing,N/A,2.31955173,2.38400116,1.99370983,2.19752256,-5.26,10.2,0.481,13.26,,46,571,0.56,82,3.3
2024-05,2024,5,Q2,GRT,The Graph,Data / Indexing,N/A,2.19752256,1.83352168,1.55809066,1.71252174,-22.07,10.3,1.142,10.334,,43,298,0.277,64,-12.0
2024-06,2024,6,Q2,GRT,The Graph,Data / Indexing,N/A,1.71252174,2.16873312,1.48384008,1.88122578,9.85,21.4,0.321,11.352,,20,100,1.0,73,-14.0
2024-07,2024,7,Q3,GRT,The Graph,Data / Indexing,N/A,1.88122578,2.07488777,1.75767418,1.94419858,3.35,17.5,0.709,11.732,,17,473,0.976,43,-10.3
2024-08,2024,8,Q3,GRT,The Graph,Data / Indexing,N/A,1.94419858,1.84517091,1.65058204,1.72246643,-11.4,12.7,0.279,10.394,,76,161,0.57,81,98.6
2024-09,2024,9,Q3,GRT,The Graph,Data / Indexing,N/A,1.72246643,1.89911827,1.7002142,1.77107564,2.82,10.0,0.346,10.687,,22,70,0.367,75,0.2
2024-10,2024,10,Q4,GRT,The Graph,Data / Indexing,N/A,1.77107564,1.60266746,1.37412994,1.51832926,-14.27,12.7,0.505,9.162,,53,81,0.114,65,3.3
2024-11,2024,11,Q4,GRT,The Graph,Data / Indexing,N/A,1.51832926,2.12402266,1.8682174,2.03887415,34.28,11.9,0.546,12.303,,107,134,0.839,64,7.4
2024-12,2024,12,Q4,GRT,The Graph,Data / Indexing,N/A,2.03887415,1.74914493,1.29183976,1.52331586,-25.29,23.3,0.464,9.192,,33,55,0.692,70,-38.4
2025-01,2025,1,Q1,GRT,The Graph,Data / Indexing,N/A,1.52331586,2.37632985,1.86690249,2.13608448,40.23,24.3,0.469,12.89,,21,229,0.434,69,21.7
2025-02,2025,2,Q1,GRT,The Graph,Data / Indexing,N/A,2.13608448,2.13110348,1.6937864,1.99306724,-6.7,15.4,0.323,12.027,,45,203,1.0,80,6.9
2025-03,2025,3,Q1,GRT,The Graph,Data / Indexing,N/A,1.99306724,2.306719,1.85656532,2.08993354,4.86,13.6,0.979,12.611,,17,329,1.0,74,-91.7
2025-04,2025,4,Q2,GRT,The Graph,Data / Indexing,N/A,2.08993354,2.7856617,2.18586374,2.47359974,18.36,25.0,0.54,14.926,,112,645,0.528,80,-18.3
2025-05,2025,5,Q2,GRT,The Graph,Data / Indexing,N/A,2.47359974,2.50330309,2.0701342,2.24909432,-9.08,13.7,0.359,13.571,,44,248,1.0,73,62.5
2025-06,2025,6,Q2,GRT,The Graph,Data / Indexing,N/A,2.24909432,3.0158026,2.28767717,2.62239999,16.6,16.0,0.296,15.824,,245,131,0.073,83,-21.3
2025-07,2025,7,Q3,GRT,The Graph,Data / Indexing,N/A,2.62239999,2.77905283,2.37615531,2.52278531,-3.8,13.6,1.114,15.223,,12,136,0.276,84,14.6
2025-08,2025,8,Q3,GRT,The Graph,Data / Indexing,N/A,2.52278531,3.01466023,2.43744014,2.63981114,4.64,15.9,0.56,15.929,,17,159,1.0,69,114.4
2025-09,2025,9,Q3,GRT,The Graph,Data / Indexing,N/A,2.63981114,2.43154742,1.89612715,2.07499595,-21.4,22.8,0.526,12.521,,112,243,0.67,67,47.2
2025-10,2025,10,Q4,GRT,The Graph,Data / Indexing,N/A,2.07499595,2.40443173,2.04349423,2.29728254,10.71,12.7,0.521,13.862,,33,185,0.735,65,-48.1
2025-11,2025,11,Q4,GRT,The Graph,Data / Indexing,N/A,2.29728254,2.32217282,1.88042201,2.05746024,-10.44,20.6,0.296,12.415,,26,208,0.781,86,-21.4
2025-12,2025,12,Q4,GRT,The Graph,Data / Indexing,N/A,2.05746024,2.3981205,2.06408954,2.20801013,7.32,13.7,0.294,13.324,,83,136,0.604,65,-18.5
2026-01,2026,1,Q1,GRT,The Graph,Data / Indexing,N/A,2.20801013,2.10446643,1.75932798,1.97834986,-10.4,14.7,0.545,11.938,,34,251,0.789,90,29.0
2026-02,2026,2,Q1,GRT,The Graph,Data / Indexing,N/A,1.97834986,1.99781941,1.61480776,1.75886845,-11.09,23.1,0.563,10.613,,17,237,0.527,69,11.6
2026-03,2026,3,Q1,GRT,The Graph,Data / Indexing,N/A,1.75886845,2.33209286,1.85154691,2.02713704,15.25,24.0,0.426,12.232,,24,113,0.505,74,-29.9
2018-01,2018,1,Q1,TRX,Tron,Smart Contract,DPoS,0.03363279,0.04269815,0.03431325,0.03803112,13.08,19.7,0.063,0.038,,53,291,-0.456,41,-16.2
2018-02,2018,2,Q1,TRX,Tron,Smart Contract,DPoS,0.03803112,0.04192198,0.03679259,0.03888669,2.25,9.5,0.134,0.039,,76,277,0.337,44,-6.2
2018-03,2018,3,Q1,TRX,Tron,Smart Contract,DPoS,0.03888669,0.03177261,0.0272932,0.02953535,-24.05,12.0,0.132,0.03,,47,365,-0.491,36,0.3
2018-04,2018,4,Q2,TRX,Tron,Smart Contract,DPoS,0.02953535,0.03121226,0.02429613,0.02776191,-6.0,19.7,0.108,0.028,,112,250,-0.385,42,-5.1
2018-05,2018,5,Q2,TRX,Tron,Smart Contract,DPoS,0.02776191,0.03333803,0.02823219,0.03097987,11.59,12.3,0.091,0.031,,43,309,-0.475,51,4.9
2018-06,2018,6,Q2,TRX,Tron,Smart Contract,DPoS,0.03097987,0.02967112,0.02436908,0.02652526,-14.38,12.0,0.146,0.027,,87,247,-0.782,50,-7.4
2018-07,2018,7,Q3,TRX,Tron,Smart Contract,DPoS,0.02652526,0.03014209,0.02186362,0.02656099,0.13,19.0,0.242,0.027,,66,103,-0.135,33,1.3
2018-08,2018,8,Q3,TRX,Tron,Smart Contract,DPoS,0.02656099,0.02967645,0.02301806,0.02667887,0.44,15.7,0.329,0.027,,134,399,-0.301,53,-24.5
2018-09,2018,9,Q3,TRX,Tron,Smart Contract,DPoS,0.02667887,0.02643693,0.02357978,0.0252285,-5.44,14.6,0.134,0.025,,22,257,-0.222,50,-11.0
2018-10,2018,10,Q4,TRX,Tron,Smart Contract,DPoS,0.0252285,0.02678577,0.01814829,0.02296913,-8.96,23.5,0.12,0.023,,22,269,-0.49,28,-3.6
2018-11,2018,11,Q4,TRX,Tron,Smart Contract,DPoS,0.02296913,0.02215913,0.01815768,0.02087168,-9.13,17.0,0.074,0.021,,12,229,-0.586,44,7.4
2018-12,2018,12,Q4,TRX,Tron,Smart Contract,DPoS,0.02087168,0.01822652,0.01606925,0.01710204,-18.06,12.9,0.051,0.017,,24,200,-0.557,28,-0.6
2019-01,2019,1,Q1,TRX,Tron,Smart Contract,DPoS,0.01710204,0.03696323,0.02550378,0.03013422,76.2,23.3,0.085,0.03,,28,161,-0.205,44,-9.3
2019-02,2019,2,Q1,TRX,Tron,Smart Contract,DPoS,0.03013422,0.02748103,0.0240518,0.02633554,-12.61,11.6,0.06,0.026,,44,251,-0.486,36,6.6
2019-03,2019,3,Q1,TRX,Tron,Smart Contract,DPoS,0.02633554,0.03945144,0.03155005,0.03657712,38.89,23.1,0.073,0.037,,41,114,-0.347,47,5.1
2019-04,2019,4,Q2,TRX,Tron,Smart Contract,DPoS,0.03657712,0.04371677,0.03200533,0.03811496,4.2,16.9,0.101,0.038,,52,315,-0.375,35,-15.3
2019-05,2019,5,Q2,TRX,Tron,Smart Contract,DPoS,0.03811496,0.03802198,0.03021996,0.0334877,-12.14,15.6,0.252,0.033,,35,442,-0.118,32,-33.6
2019-06,2019,6,Q2,TRX,Tron,Smart Contract,DPoS,0.0334877,0.03713743,0.03230926,0.03432098,2.49,13.0,0.148,0.034,,22,658,-0.422,51,-14.0
2019-07,2019,7,Q3,TRX,Tron,Smart Contract,DPoS,0.03432098,0.04741803,0.04164993,0.04454838,29.8,21.4,0.079,0.045,,14,162,-0.056,39,-5.8
2019-08,2019,8,Q3,TRX,Tron,Smart Contract,DPoS,0.04454838,0.04238504,0.03511618,0.03948316,-11.37,18.6,0.07,0.039,,106,517,-0.259,53,-9.4
2019-09,2019,9,Q3,TRX,Tron,Smart Contract,DPoS,0.03948316,0.05046605,0.03451355,0.04189739,6.11,22.2,0.205,0.042,,59,115,-0.237,43,22.0
2019-10,2019,10,Q4,TRX,Tron,Smart Contract,DPoS,0.04189739,0.06442706,0.04962774,0.05570688,32.96,19.7,0.18,0.056,,33,374,-0.511,35,0.6
2019-11,2019,11,Q4,TRX,Tron,Smart Contract,DPoS,0.05570688,0.06679169,0.04961942,0.05836228,4.77,18.3,0.362,0.058,,24,395,0.303,55,-7.2
2019-12,2019,12,Q4,TRX,Tron,Smart Contract,DPoS,0.05836228,0.05041,0.03775375,0.04538913,-22.23,20.7,0.161,0.045,,17,220,-0.268,36,28.5
2020-01,2020,1,Q1,TRX,Tron,Smart Contract,DPoS,0.04538913,0.0460936,0.0395574,0.04170542,-8.12,11.8,0.144,0.042,,27,91,-0.296,28,3.0
2020-02,2020,2,Q1,TRX,Tron,Smart Contract,DPoS,0.04170542,0.05437249,0.04782667,0.05081821,21.85,13.0,0.224,0.051,,34,272,-0.54,31,5.0
2020-03,2020,3,Q1,TRX,Tron,Smart Contract,DPoS,0.05081821,0.08136182,0.06388409,0.07019871,38.14,16.5,0.193,0.07,,40,39,0.048,61,8.0
2020-04,2020,4,Q2,TRX,Tron,Smart Contract,DPoS,0.07019871,0.07623815,0.0642032,0.07003627,-0.23,10.8,0.177,0.07,,16,149,0.017,57,-35.1
2020-05,2020,5,Q2,TRX,Tron,Smart Contract,DPoS,0.07003627,0.0810471,0.05452628,0.06818379,-2.65,22.0,0.238,0.068,,26,465,-0.097,30,-3.0
2020-06,2020,6,Q2,TRX,Tron,Smart Contract,DPoS,0.06818379,0.10087738,0.07476732,0.08468134,24.2,22.1,0.16,0.085,,21,126,0.189,50,16.0
2020-07,2020,7,Q3,TRX,Tron,Smart Contract,DPoS,0.08468134,0.08828516,0.0712777,0.08219502,-2.94,20.1,0.106,0.082,,24,321,0.386,65,37.6
2020-08,2020,8,Q3,TRX,Tron,Smart Contract,DPoS,0.08219502,0.14585383,0.1176832,0.12852992,56.37,18.2,0.219,0.129,,32,345,-0.515,65,40.0
2020-09,2020,9,Q3,TRX,Tron,Smart Contract,DPoS,0.12852992,0.12760609,0.10603047,0.11737861,-8.68,11.2,0.318,0.117,,33,123,0.062,49,-27.0
2020-10,2020,10,Q4,TRX,Tron,Smart Contract,DPoS,0.11737861,0.13223912,0.09707181,0.12066796,2.8,20.6,0.162,0.121,,15,189,0.637,70,-3.8
2020-11,2020,11,Q4,TRX,Tron,Smart Contract,DPoS,0.12066796,0.1743429,0.11934149,0.14684415,21.69,23.8,0.355,0.147,,21,719,0.576,74,45.1
2020-12,2020,12,Q4,TRX,Tron,Smart Contract,DPoS,0.14684415,0.13960561,0.12219979,0.12993235,-11.52,16.7,0.396,0.13,,60,333,0.477,90,-25.0
2021-01,2021,1,Q1,TRX,Tron,Smart Contract,DPoS,0.12993235,0.22543138,0.1800059,0.19890942,53.09,16.4,0.49,0.199,,10,133,1.0,74,7.1
2021-02,2021,2,Q1,TRX,Tron,Smart Contract,DPoS,0.19890942,0.19277979,0.14603398,0.16671355,-16.19,23.7,0.396,0.167,,23,615,0.544,89,20.9
2021-03,2021,3,Q1,TRX,Tron,Smart Contract,DPoS,0.16671355,0.22828136,0.20308084,0.21475236,28.82,15.2,0.774,0.215,,19,72,0.722,70,57.6
2021-04,2021,4,Q2,TRX,Tron,Smart Contract,DPoS,0.21475236,0.28991099,0.19244382,0.24966206,16.26,23.4,0.3,0.25,,38,288,1.0,86,26.1
2021-05,2021,5,Q2,TRX,Tron,Smart Contract,DPoS,0.24966206,0.11773373,0.10774887,0.11293508,-54.76,8.8,0.41,0.113,,158,116,0.527,56,37.2
2021-06,2021,6,Q2,TRX,Tron,Smart Contract,DPoS,0.11293508,0.14312767,0.12518603,0.13146907,16.41,13.0,0.254,0.131,,45,247,0.521,61,19.8
2021-07,2021,7,Q3,TRX,Tron,Smart Contract,DPoS,0.13146907,0.16887716,0.12728192,0.15429536,17.36,21.2,0.295,0.154,,23,476,0.337,74,43.8
2021-08,2021,8,Q3,TRX,Tron,Smart Contract,DPoS,0.15429536,0.17913696,0.12617149,0.155113,0.53,22.3,0.276,0.155,,31,366,0.411,70,3.4
2021-09,2021,9,Q3,TRX,Tron,Smart Contract,DPoS,0.155113,0.13327627,0.11042729,0.11971654,-22.82,24.4,0.37,0.12,,24,460,0.254,60,19.0
2021-10,2021,10,Q4,TRX,Tron,Smart Contract,DPoS,0.11971654,0.13760913,0.12337815,0.12827042,7.15,9.4,0.264,0.128,,30,121,0.473,73,19.0
2021-11,2021,11,Q4,TRX,Tron,Smart Contract,DPoS,0.12827042,0.16793932,0.14537963,0.15863727,23.67,9.1,0.432,0.159,,25,138,0.129,47,-2.8
2021-12,2021,12,Q4,TRX,Tron,Smart Contract,DPoS,0.15863727,0.14269409,0.10243259,0.12020157,-24.23,20.5,0.185,0.12,,15,357,-0.061,71,-20.4
2022-01,2022,1,Q1,TRX,Tron,Smart Contract,DPoS,0.12020157,0.06042069,0.05304977,0.05664969,-52.87,13.3,0.347,0.057,,49,200,-0.646,42,11.5
2022-02,2022,2,Q1,TRX,Tron,Smart Contract,DPoS,0.05664969,0.05972445,0.04876906,0.05273553,-6.91,20.1,0.21,0.053,,27,110,-0.437,44,15.5
2022-03,2022,3,Q1,TRX,Tron,Smart Contract,DPoS,0.05273553,0.05612131,0.04926475,0.05227943,-0.86,8.7,0.523,0.052,,25,228,-0.686,27,7.1
2022-04,2022,4,Q2,TRX,Tron,Smart Contract,DPoS,0.05227943,0.04025881,0.03077148,0.03416459,-34.65,19.3,0.041,0.034,,45,131,-0.304,52,-14.8
2022-05,2022,5,Q2,TRX,Tron,Smart Contract,DPoS,0.03416459,0.0265018,0.02416582,0.025104,-26.52,11.5,0.137,0.025,,83,112,-0.065,34,-17.8
2022-06,2022,6,Q2,TRX,Tron,Smart Contract,DPoS,0.025104,0.01674332,0.01280676,0.01503731,-40.1,16.1,0.117,0.015,,26,254,-0.458,29,4.7
2022-07,2022,7,Q3,TRX,Tron,Smart Contract,DPoS,0.01503731,0.01527076,0.01274003,0.01380293,-8.21,14.9,0.087,0.014,,16,344,-0.65,32,0.0
2022-08,2022,8,Q3,TRX,Tron,Smart Contract,DPoS,0.01380293,0.01586646,0.01245265,0.01353186,-1.96,20.1,0.048,0.014,,46,1118,-0.968,25,-4.2
2022-09,2022,9,Q3,TRX,Tron,Smart Contract,DPoS,0.01353186,0.01501918,0.01280682,0.01387675,2.55,13.0,0.086,0.014,,32,145,-0.284,24,-6.4
2022-10,2022,10,Q4,TRX,Tron,Smart Contract,DPoS,0.01387675,0.01594135,0.01217898,0.01412074,1.76,21.4,0.124,0.014,,142,217,-0.45,26,-6.4
2022-11,2022,11,Q4,TRX,Tron,Smart Contract,DPoS,0.01412074,0.01964942,0.01619818,0.01812218,28.34,15.9,0.042,0.018,,104,308,-0.602,22,-4.6
2022-12,2022,12,Q4,TRX,Tron,Smart Contract,DPoS,0.01812218,0.02099692,0.01797134,0.01909152,5.35,11.0,0.057,0.019,,17,231,-0.464,33,-3.7
2023-01,2023,1,Q1,TRX,Tron,Smart Contract,DPoS,0.01909152,0.04059769,0.03312477,0.03766228,97.27,12.5,0.104,0.038,,43,182,-0.176,41,-16.4
2023-02,2023,2,Q1,TRX,Tron,Smart Contract,DPoS,0.03766228,0.05291636,0.03764417,0.0462,22.67,20.6,0.196,0.046,,25,97,0.044,41,1.1
2023-03,2023,3,Q1,TRX,Tron,Smart Contract,DPoS,0.0462,0.03867661,0.0344522,0.03698096,-19.95,8.7,0.159,0.037,,36,212,-0.282,37,-19.5
2023-04,2023,4,Q2,TRX,Tron,Smart Contract,DPoS,0.03698096,0.06215495,0.05128592,0.05577745,50.83,18.3,0.192,0.056,,15,164,0.148,46,-0.6
2023-05,2023,5,Q2,TRX,Tron,Smart Contract,DPoS,0.05577745,0.06220537,0.04581109,0.05748861,3.07,21.6,0.223,0.057,,30,443,-0.268,39,10.3
2023-06,2023,6,Q2,TRX,Tron,Smart Contract,DPoS,0.05748861,0.07692804,0.05751875,0.06724003,16.96,18.4,0.093,0.067,,35,86,0.148,44,9.4
2023-07,2023,7,Q3,TRX,Tron,Smart Contract,DPoS,0.06724003,0.08729223,0.06845505,0.0751271,11.73,24.4,0.347,0.075,,40,146,-0.111,41,48.5
2023-08,2023,8,Q3,TRX,Tron,Smart Contract,DPoS,0.0751271,0.08263881,0.06694292,0.07273649,-3.18,17.9,0.176,0.073,,9,41,0.01,43,-34.9
2023-09,2023,9,Q3,TRX,Tron,Smart Contract,DPoS,0.07273649,0.08296305,0.07051393,0.07624481,4.82,11.1,0.175,0.076,,81,237,0.494,53,-8.1
2023-10,2023,10,Q4,TRX,Tron,Smart Contract,DPoS,0.07624481,0.09003546,0.07475547,0.08062263,5.74,14.4,0.195,0.081,,17,93,-0.603,56,31.1
2023-11,2023,11,Q4,TRX,Tron,Smart Contract,DPoS,0.08062263,0.10049063,0.06733864,0.08442174,4.71,24.3,0.365,0.084,,19,220,-0.026,66,-19.7
2023-12,2023,12,Q4,TRX,Tron,Smart Contract,DPoS,0.08442174,0.11950461,0.08380863,0.10171236,20.48,22.4,0.254,0.102,,32,268,-0.178,62,-1.3
2024-01,2024,1,Q1,TRX,Tron,Smart Contract,DPoS,0.10171236,0.16993897,0.13203752,0.14113445,38.76,21.1,0.347,0.141,,47,340,0.381,55,-18.6
2024-02,2024,2,Q1,TRX,Tron,Smart Contract,DPoS,0.14113445,0.14383444,0.1260564,0.13476638,-4.51,10.7,0.25,0.135,,31,307,0.334,70,-6.1
2024-03,2024,3,Q1,TRX,Tron,Smart Contract,DPoS,0.13476638,0.15433096,0.13014984,0.14699841,9.08,15.2,0.214,0.147,,39,427,0.799,71,-31.6
2024-04,2024,4,Q2,TRX,Tron,Smart Contract,DPoS,0.14699841,0.20935835,0.17618433,0.19407328,32.02,20.3,0.614,0.194,,24,64,0.837,68,-15.4
2024-05,2024,5,Q2,TRX,Tron,Smart Contract,DPoS,0.19407328,0.15536791,0.1420509,0.14707989,-24.21,9.8,0.384,0.147,,55,263,0.956,67,46.5
2024-06,2024,6,Q2,TRX,Tron,Smart Contract,DPoS,0.14707989,0.16125933,0.13427455,0.14581581,-0.86,17.1,0.356,0.146,,19,233,0.643,77,53.9
2024-07,2024,7,Q3,TRX,Tron,Smart Contract,DPoS,0.14581581,0.1190363,0.10187637,0.11094255,-23.92,24.0,0.256,0.111,,16,262,0.56,70,60.9
2024-08,2024,8,Q3,TRX,Tron,Smart Contract,DPoS,0.11094255,0.16133451,0.10088663,0.13123658,18.29,23.3,0.716,0.131,,45,174,0.379,55,27.6
2024-09,2024,9,Q3,TRX,Tron,Smart Contract,DPoS,0.13123658,0.17732953,0.13523102,0.14741917,12.33,21.5,0.683,0.147,,24,252,0.429,73,-40.5
2024-10,2024,10,Q4,TRX,Tron,Smart Contract,DPoS,0.14741917,0.17267757,0.10724376,0.14141335,-4.07,24.2,0.376,0.141,,19,282,0.724,72,-43.5
2024-11,2024,11,Q4,TRX,Tron,Smart Contract,DPoS,0.14141335,0.13187075,0.11736733,0.12182985,-13.85,9.3,0.205,0.122,,34,263,0.416,67,-17.3
2024-12,2024,12,Q4,TRX,Tron,Smart Contract,DPoS,0.12182985,0.16971208,0.14516394,0.15647025,28.43,11.7,0.219,0.156,,15,474,-0.012,45,10.6
2025-01,2025,1,Q1,TRX,Tron,Smart Contract,DPoS,0.15647025,0.16708981,0.12868407,0.14946214,-4.48,18.6,0.198,0.149,,73,227,0.881,69,-43.9
2025-02,2025,2,Q1,TRX,Tron,Smart Contract,DPoS,0.14946214,0.19216171,0.13846695,0.15865574,6.15,23.8,0.917,0.159,,39,921,0.328,94,-20.1
2025-03,2025,3,Q1,TRX,Tron,Smart Contract,DPoS,0.15865574,0.22530956,0.1745795,0.19625606,23.7,23.3,0.349,0.196,,11,210,0.526,61,-1.3
2025-04,2025,4,Q2,TRX,Tron,Smart Contract,DPoS,0.19625606,0.16808216,0.14712395,0.15727334,-19.86,8.9,0.816,0.157,,88,78,0.745,67,8.9
2025-05,2025,5,Q2,TRX,Tron,Smart Contract,DPoS,0.15727334,0.22032307,0.18689838,0.19988947,27.1,11.4,0.478,0.2,,38,220,0.255,77,21.0
2025-06,2025,6,Q2,TRX,Tron,Smart Contract,DPoS,0.19988947,0.1629115,0.1356745,0.14779049,-26.06,13.3,0.678,0.148,,31,183,0.366,68,58.9
2025-07,2025,7,Q3,TRX,Tron,Smart Contract,DPoS,0.14779049,0.18252395,0.13553391,0.16660531,12.73,24.1,0.312,0.167,,51,279,0.761,65,18.0
2025-08,2025,8,Q3,TRX,Tron,Smart Contract,DPoS,0.16660531,0.23848014,0.19534079,0.21425604,28.6,15.3,0.407,0.214,,35,304,0.529,79,35.8
2025-09,2025,9,Q3,TRX,Tron,Smart Contract,DPoS,0.21425604,0.17960542,0.13709645,0.15943315,-25.59,21.8,0.73,0.159,,14,113,0.681,68,-58.3
2025-10,2025,10,Q4,TRX,Tron,Smart Contract,DPoS,0.15943315,0.19862584,0.13950541,0.16996322,6.6,20.6,0.313,0.17,,41,74,0.69,75,88.4
2025-11,2025,11,Q4,TRX,Tron,Smart Contract,DPoS,0.16996322,0.20520424,0.1603641,0.18142517,6.74,14.5,0.801,0.181,,25,52,0.6,80,-30.8
2025-12,2025,12,Q4,TRX,Tron,Smart Contract,DPoS,0.18142517,0.1711265,0.14294721,0.15498871,-14.57,14.6,0.402,0.155,,240,69,0.587,69,-52.9
2026-01,2026,1,Q1,TRX,Tron,Smart Contract,DPoS,0.15498871,0.17793839,0.14988719,0.16316294,5.27,16.1,0.554,0.163,,19,218,0.666,86,32.2
2026-02,2026,2,Q1,TRX,Tron,Smart Contract,DPoS,0.16316294,0.2043915,0.16148354,0.19073213,16.9,15.4,0.191,0.191,,82,129,0.61,69,3.3
2026-03,2026,3,Q1,TRX,Tron,Smart Contract,DPoS,0.19073213,0.18180619,0.15185604,0.17115165,-10.27,19.7,0.321,0.171,,43,89,0.503,86,-27.7
2018-01,2018,1,Q1,BCH,Bitcoin Cash,Payments,PoW,560.22268736,779.86600743,499.01426314,655.52927308,17.01,24.4,0.141,8.26,,19,484,0.106,30,-0.0
2018-02,2018,2,Q1,BCH,Bitcoin Cash,Payments,PoW,655.52927308,689.4614225,548.96358464,620.48200858,-5.35,11.8,0.2,7.818,,42,465,-0.476,23,-18.4
2018-03,2018,3,Q1,BCH,Bitcoin Cash,Payments,PoW,620.48200858,598.66051617,428.24227512,528.06496985,-14.89,21.3,0.11,6.654,,24,76,-0.608,44,19.6
2018-04,2018,4,Q2,BCH,Bitcoin Cash,Payments,PoW,528.06496985,676.19358339,442.08039541,579.74509931,9.79,24.6,0.067,7.305,,36,83,0.046,42,-1.9
2018-05,2018,5,Q2,BCH,Bitcoin Cash,Payments,PoW,579.74509931,623.11453045,476.20236238,543.54649986,-6.24,19.8,0.088,6.849,,73,99,-0.266,44,6.9
2018-06,2018,6,Q2,BCH,Bitcoin Cash,Payments,PoW,543.54649986,601.09731028,483.63292645,528.27927323,-2.81,18.6,0.07,6.656,,31,548,-1.0,30,-0.6
2018-07,2018,7,Q3,BCH,Bitcoin Cash,Payments,PoW,528.27927323,467.55466723,386.06931891,431.15508264,-18.39,13.0,0.196,5.433,,65,482,-0.452,35,12.6
2018-08,2018,8,Q3,BCH,Bitcoin Cash,Payments,PoW,431.15508264,482.62276587,322.71719497,402.58968567,-6.63,23.0,0.165,5.073,,41,189,-0.289,15,10.0
2018-09,2018,9,Q3,BCH,Bitcoin Cash,Payments,PoW,402.58968567,548.58105909,392.3383587,482.27002073,19.79,19.2,0.074,6.077,,25,339,-0.731,41,14.1
2018-10,2018,10,Q4,BCH,Bitcoin Cash,Payments,PoW,482.27002073,418.78652228,340.46936173,380.55511222,-21.09,17.9,0.031,4.795,,126,51,-0.306,22,9.5
2018-11,2018,11,Q4,BCH,Bitcoin Cash,Payments,PoW,380.55511222,369.46991131,264.75309672,325.54260914,-14.46,19.2,0.257,4.102,,72,841,-0.012,34,-7.6
2018-12,2018,12,Q4,BCH,Bitcoin Cash,Payments,PoW,325.54260914,438.1803481,314.16237974,387.13376879,18.92,21.3,0.044,4.878,,18,592,-0.654,19,2.0
2019-01,2019,1,Q1,BCH,Bitcoin Cash,Payments,PoW,387.13376879,541.85333064,486.02742127,512.13349981,32.29,11.6,0.125,6.453,,35,135,-0.479,6,1.1
2019-02,2019,2,Q1,BCH,Bitcoin Cash,Payments,PoW,512.13349981,646.98074344,563.94634441,600.67751309,17.29,8.4,0.09,7.569,,72,299,-0.134,40,-31.5
2019-03,2019,3,Q1,BCH,Bitcoin Cash,Payments,PoW,600.67751309,584.75471817,457.66028077,520.38065191,-13.37,18.1,0.127,6.557,,54,293,-0.168,33,-9.5
2019-04,2019,4,Q2,BCH,Bitcoin Cash,Payments,PoW,520.38065191,845.12931321,656.49069381,711.93075662,36.81,20.3,0.104,8.97,,26,182,-0.533,39,-22.8
2019-05,2019,5,Q2,BCH,Bitcoin Cash,Payments,PoW,711.93075662,661.07526112,550.75046585,608.47278875,-14.53,13.0,0.129,7.667,,90,810,-0.099,32,-23.4
2019-06,2019,6,Q2,BCH,Bitcoin Cash,Payments,PoW,608.47278875,746.4762063,590.33256625,651.00381627,6.99,24.8,0.405,8.203,,21,64,-0.268,28,-24.8
2019-07,2019,7,Q3,BCH,Bitcoin Cash,Payments,PoW,651.00381627,704.7669249,558.42339942,621.98555852,-4.46,16.3,0.155,7.837,,24,161,-0.029,38,-0.5
2019-08,2019,8,Q3,BCH,Bitcoin Cash,Payments,PoW,621.98555852,846.52184478,715.89034696,749.45932958,20.49,13.1,0.12,9.443,,11,154,-0.011,30,-10.7
2019-09,2019,9,Q3,BCH,Bitcoin Cash,Payments,PoW,749.45932958,867.54598548,721.98897444,768.55868644,2.55,13.7,0.228,9.684,,28,230,-0.096,24,2.9
2019-10,2019,10,Q4,BCH,Bitcoin Cash,Payments,PoW,768.55868644,925.39003056,794.33083924,862.98529917,12.29,10.0,0.143,10.874,,59,172,-0.254,51,0.1
2019-11,2019,11,Q4,BCH,Bitcoin Cash,Payments,PoW,862.98529917,973.01676687,618.92561394,798.18631159,-7.51,22.5,0.612,10.057,,22,186,-0.546,51,19.7
2019-12,2019,12,Q4,BCH,Bitcoin Cash,Payments,PoW,798.18631159,1026.54152021,890.45090729,980.43801484,22.83,15.5,0.146,12.354,,18,249,-0.259,50,43.0
2020-01,2020,1,Q1,BCH,Bitcoin Cash,Payments,PoW,980.43801484,1093.57696948,859.71597369,1002.38955672,2.24,15.9,0.188,12.63,,3,106,0.102,36,3.3
2020-02,2020,2,Q1,BCH,Bitcoin Cash,Payments,PoW,1002.38955672,1190.38289543,1039.60361198,1142.53086483,13.98,10.3,0.106,14.396,,16,67,-0.211,46,4.8
2020-03,2020,3,Q1,BCH,Bitcoin Cash,Payments,PoW,1142.53086483,1380.91994123,1019.49194791,1186.73259506,3.87,21.2,0.165,14.953,,36,133,0.41,28,36.2
2020-04,2020,4,Q2,BCH,Bitcoin Cash,Payments,PoW,1186.73259506,1492.26478447,1190.48000762,1367.98376552,15.27,20.6,0.701,17.237,,7,100,0.05,49,-9.6
2020-05,2020,5,Q2,BCH,Bitcoin Cash,Payments,PoW,1367.98376552,1441.98018187,1193.55940043,1299.39977095,-5.01,18.5,0.191,16.372,,36,137,-0.141,43,-24.7
2020-06,2020,6,Q2,BCH,Bitcoin Cash,Payments,PoW,1299.39977095,2215.8717773,1861.61512628,2056.36176654,58.25,17.2,0.211,25.91,,29,221,0.112,67,-39.2
2020-07,2020,7,Q3,BCH,Bitcoin Cash,Payments,PoW,2056.36176654,2523.19663705,2039.92317791,2275.97051668,10.68,18.8,0.258,28.677,,41,371,0.28,50,40.2
2020-08,2020,8,Q3,BCH,Bitcoin Cash,Payments,PoW,2275.97051668,2724.69842489,2023.90602023,2368.89308377,4.08,15.6,0.091,29.848,,92,426,-0.182,74,17.0
2020-09,2020,9,Q3,BCH,Bitcoin Cash,Payments,PoW,2368.89308377,2194.815493,1921.71202188,2079.42999998,-12.22,10.5,0.562,26.201,,25,525,0.429,59,-6.2
2020-10,2020,10,Q4,BCH,Bitcoin Cash,Payments,PoW,2079.42999998,2889.93821502,2454.34220388,2664.83250308,28.15,20.1,0.309,33.577,,46,851,0.475,60,23.7
2020-11,2020,11,Q4,BCH,Bitcoin Cash,Payments,PoW,2664.83250308,2783.2650092,2177.77945967,2559.86726454,-3.94,18.3,0.563,32.254,,39,179,0.02,64,-26.0
2020-12,2020,12,Q4,BCH,Bitcoin Cash,Payments,PoW,2559.86726454,2807.55334741,1946.73817071,2327.70854507,-9.07,21.0,0.1,29.329,,32,135,0.438,82,-21.5
2021-01,2021,1,Q1,BCH,Bitcoin Cash,Payments,PoW,2327.70854507,3239.21978917,2885.12458111,2994.26818439,28.64,8.5,0.318,37.728,,32,337,1.0,89,-37.6
2021-02,2021,2,Q1,BCH,Bitcoin Cash,Payments,PoW,2994.26818439,3964.65675526,2827.21670183,3575.3389968,19.41,24.3,0.259,45.049,,38,89,0.29,82,21.0
2021-03,2021,3,Q1,BCH,Bitcoin Cash,Payments,PoW,3575.3389968,4288.95934596,3285.72491891,4008.18345251,12.11,20.3,0.268,50.503,,18,321,1.0,74,-47.7
2021-04,2021,4,Q2,BCH,Bitcoin Cash,Payments,PoW,4008.18345251,3841.86211593,3420.73052847,3536.06191017,-11.78,10.4,1.063,44.554,,6,142,1.0,75,-41.0
2021-05,2021,5,Q2,BCH,Bitcoin Cash,Payments,PoW,3536.06191017,3123.76084715,2502.24757025,2702.7491672,-23.57,18.5,0.544,34.055,,197,62,0.115,71,1.4
2021-06,2021,6,Q2,BCH,Bitcoin Cash,Payments,PoW,2702.7491672,2167.25945039,1735.517545,2002.85253596,-25.9,20.9,0.344,25.236,,34,162,0.304,49,26.0
2021-07,2021,7,Q3,BCH,Bitcoin Cash,Payments,PoW,2002.85253596,2595.53071129,2040.52609218,2308.07711394,15.24,22.9,0.243,29.082,,9,66,0.499,76,-54.3
2021-08,2021,8,Q3,BCH,Bitcoin Cash,Payments,PoW,2308.07711394,2420.83109453,2013.6215498,2213.44528546,-4.1,10.4,0.213,27.889,,9,90,0.322,74,-1.9
2021-09,2021,9,Q3,BCH,Bitcoin Cash,Payments,PoW,2213.44528546,3560.51676176,2806.22667843,3099.91705262,40.05,18.3,0.25,39.059,,13,85,0.159,60,14.5
2021-10,2021,10,Q4,BCH,Bitcoin Cash,Payments,PoW,3099.91705262,2625.26033346,1916.99454008,2204.59429567,-28.88,21.6,0.423,27.778,,67,162,-0.121,60,6.9
2021-11,2021,11,Q4,BCH,Bitcoin Cash,Payments,PoW,2204.59429567,2694.99197885,1859.33458796,2301.58241344,4.4,24.7,0.45,29.0,,44,216,0.289,88,6.3
2021-12,2021,12,Q4,BCH,Bitcoin Cash,Payments,PoW,2301.58241344,2316.74601475,1714.2945222,2115.19502038,-8.1,22.7,0.328,26.651,,31,214,0.55,55,-18.3
2022-01,2022,1,Q1,BCH,Bitcoin Cash,Payments,PoW,2115.19502038,1222.21388841,983.36354719,1134.90175698,-46.35,16.0,0.432,14.3,,13,101,-0.425,37,-25.6
2022-02,2022,2,Q1,BCH,Bitcoin Cash,Payments,PoW,1134.90175698,1084.25295159,944.13241616,1020.46466795,-10.08,16.1,0.212,12.858,,25,529,0.134,50,-16.6
2022-03,2022,3,Q1,BCH,Bitcoin Cash,Payments,PoW,1020.46466795,890.24669672,759.37865942,825.80225106,-19.08,13.1,0.364,10.405,,12,306,-0.044,50,-16.6
2022-04,2022,4,Q2,BCH,Bitcoin Cash,Payments,PoW,825.80225106,774.52473565,502.95847682,634.18958053,-23.2,22.3,0.131,7.991,,51,1287,-0.762,47,-29.1
2022-05,2022,5,Q2,BCH,Bitcoin Cash,Payments,PoW,634.18958053,527.58414464,433.975606,475.19569536,-25.07,25.0,0.139,5.987,,11,99,-0.207,27,11.3
2022-06,2022,6,Q2,BCH,Bitcoin Cash,Payments,PoW,475.19569536,259.29508058,189.46381294,232.46987844,-51.08,18.7,0.092,2.929,,21,509,-0.283,26,4.2
2022-07,2022,7,Q3,BCH,Bitcoin Cash,Payments,PoW,232.46987844,299.918989,226.60912171,257.91152581,10.94,20.3,0.07,3.25,,55,120,-0.806,33,0.8
2022-08,2022,8,Q3,BCH,Bitcoin Cash,Payments,PoW,257.91152581,317.49574507,267.7152498,298.70114293,15.82,11.1,0.044,3.764,,38,142,-0.811,27,13.2
2022-09,2022,9,Q3,BCH,Bitcoin Cash,Payments,PoW,298.70114293,441.65571296,312.80461695,361.13661295,20.9,24.0,0.069,4.55,,17,226,-0.707,26,7.6
2022-10,2022,10,Q4,BCH,Bitcoin Cash,Payments,PoW,361.13661295,293.00516619,256.0296038,278.62635021,-22.85,16.2,0.065,3.511,,22,91,-0.336,53,-5.0
2022-11,2022,11,Q4,BCH,Bitcoin Cash,Payments,PoW,278.62635021,439.1343156,347.54945583,379.82221251,36.32,25.0,0.044,4.786,,25,180,-0.816,36,-5.1
2022-12,2022,12,Q4,BCH,Bitcoin Cash,Payments,PoW,379.82221251,330.59145168,253.47795421,296.5543507,-21.92,15.4,0.13,3.737,,30,228,0.088,34,-2.9
2023-01,2023,1,Q1,BCH,Bitcoin Cash,Payments,PoW,296.5543507,707.43506633,611.86071539,662.6091267,123.44,11.9,0.241,8.349,,66,74,-0.324,34,-6.5
2023-02,2023,2,Q1,BCH,Bitcoin Cash,Payments,PoW,662.6091267,763.69517772,532.70722767,636.99801134,-3.87,23.9,0.138,8.026,,41,247,-0.155,51,-9.9
2023-03,2023,3,Q1,BCH,Bitcoin Cash,Payments,PoW,636.99801134,1036.36153796,927.68366209,985.25449776,54.67,10.8,0.165,12.414,,37,150,-0.581,69,-17.4
2023-04,2023,4,Q2,BCH,Bitcoin Cash,Payments,PoW,985.25449776,1118.63798208,843.28823619,1008.93154689,2.4,22.1,0.095,12.713,,9,249,0.401,30,17.9
2023-05,2023,5,Q2,BCH,Bitcoin Cash,Payments,PoW,1008.93154689,1187.37614225,879.73926181,1072.45104025,6.3,18.9,0.17,13.513,,73,607,0.223,50,-3.3
2023-06,2023,6,Q2,BCH,Bitcoin Cash,Payments,PoW,1072.45104025,904.71900451,791.13496376,858.54204861,-19.95,14.5,0.179,10.818,,103,257,0.286,53,-17.2
2023-07,2023,7,Q3,BCH,Bitcoin Cash,Payments,PoW,858.54204861,1457.10349565,1121.037793,1208.30609167,40.74,22.1,0.114,15.225,,21,175,-0.098,40,2.3
2023-08,2023,8,Q3,BCH,Bitcoin Cash,Payments,PoW,1208.30609167,1563.22280706,1297.498577,1402.72129023,16.09,16.2,0.214,17.674,,21,38,-0.455,44,18.6
2023-09,2023,9,Q3,BCH,Bitcoin Cash,Payments,PoW,1402.72129023,1342.70419524,1131.3372012,1238.28180373,-11.72,13.7,0.11,15.602,,15,151,0.097,54,-19.7
2023-10,2023,10,Q4,BCH,Bitcoin Cash,Payments,PoW,1238.28180373,1857.26981443,1492.01278107,1698.87470394,37.2,21.2,0.109,21.406,,13,100,0.546,45,7.6
2023-11,2023,11,Q4,BCH,Bitcoin Cash,Payments,PoW,1698.87470394,1651.49218357,1412.0461605,1567.56981077,-7.73,15.2,0.268,19.751,,54,302,-0.127,62,-33.5
2023-12,2023,12,Q4,BCH,Bitcoin Cash,Payments,PoW,1567.56981077,2206.87061396,1633.25146117,1931.45478023,23.21,22.8,0.134,24.336,,44,194,0.078,50,-14.2
2024-01,2024,1,Q1,BCH,Bitcoin Cash,Payments,PoW,1931.45478023,2624.2782155,1858.71424415,2220.89171716,14.99,20.6,0.678,27.983,,71,176,0.435,58,-45.9
2024-02,2024,2,Q1,BCH,Bitcoin Cash,Payments,PoW,2220.89171716,2780.09555877,1980.86384322,2386.04897311,7.44,18.9,0.141,30.064,,23,167,0.083,79,-23.4
2024-03,2024,3,Q1,BCH,Bitcoin Cash,Payments,PoW,2386.04897311,2855.49911147,2382.24745879,2665.5572497,11.71,13.4,0.357,33.586,,13,491,0.635,73,-9.7
2024-04,2024,4,Q2,BCH,Bitcoin Cash,Payments,PoW,2665.5572497,3695.13182771,2820.94794591,3203.19310587,20.17,15.8,0.82,40.36,,4,227,0.271,58,-17.4
2024-05,2024,5,Q2,BCH,Bitcoin Cash,Payments,PoW,3203.19310587,4227.72862402,3289.43822293,3564.33851247,11.27,19.2,0.252,44.911,,17,63,0.498,78,-18.9
2024-06,2024,6,Q2,BCH,Bitcoin Cash,Payments,PoW,3564.33851247,3195.48063643,2618.00350095,2955.16454311,-17.09,14.1,0.162,37.235,,36,167,1.0,66,2.9
2024-07,2024,7,Q3,BCH,Bitcoin Cash,Payments,PoW,2955.16454311,2426.45368506,1758.86129522,2135.04105863,-27.75,21.8,0.182,26.902,,78,138,0.247,55,6.7
2024-08,2024,8,Q3,BCH,Bitcoin Cash,Payments,PoW,2135.04105863,3065.24437747,2585.71221896,2822.09997988,32.18,12.2,0.411,35.558,,29,289,0.579,67,28.2
2024-09,2024,9,Q3,BCH,Bitcoin Cash,Payments,PoW,2822.09997988,3064.38755335,2584.25632241,2835.41139696,0.47,10.7,0.347,35.726,,13,146,0.514,57,-58.5
2024-10,2024,10,Q4,BCH,Bitcoin Cash,Payments,PoW,2835.41139696,2702.41194326,2116.11251949,2446.69579853,-13.71,24.8,0.208,30.828,,68,208,0.161,75,61.1
2024-11,2024,11,Q4,BCH,Bitcoin Cash,Payments,PoW,2446.69579853,2553.86008186,2180.16223263,2353.12251362,-3.82,13.4,0.378,29.649,,42,754,0.621,79,-19.7
2024-12,2024,12,Q4,BCH,Bitcoin Cash,Payments,PoW,2353.12251362,3726.60563645,2962.877064,3238.98309529,37.65,20.6,0.232,40.811,,28,89,0.408,51,24.5
2025-01,2025,1,Q1,BCH,Bitcoin Cash,Payments,PoW,3238.98309529,2947.15308742,2257.49774016,2562.93697055,-20.87,23.7,0.455,32.293,,119,197,0.877,58,-16.2
2025-02,2025,2,Q1,BCH,Bitcoin Cash,Payments,PoW,2562.93697055,3786.73601989,3075.70629098,3468.54008781,35.33,17.2,0.369,43.704,,54,281,1.0,94,-47.3
2025-03,2025,3,Q1,BCH,Bitcoin Cash,Payments,PoW,3468.54008781,3353.4988949,2742.01210047,3046.24923543,-12.17,13.6,0.493,38.383,,139,125,0.774,85,7.1
2025-04,2025,4,Q2,BCH,Bitcoin Cash,Payments,PoW,3046.24923543,3303.56591244,2754.3070266,3069.93635301,0.78,12.1,0.641,38.681,,43,163,0.458,55,28.1
2025-05,2025,5,Q2,BCH,Bitcoin Cash,Payments,PoW,3069.93635301,4118.17835142,3330.23275393,3702.56214382,20.61,12.4,0.117,46.652,,30,289,0.414,77,50.6
2025-06,2025,6,Q2,BCH,Bitcoin Cash,Payments,PoW,3702.56214382,3386.86518703,2728.9110859,2945.92529403,-20.44,16.5,0.465,37.119,,22,97,1.0,100,-26.1
2025-07,2025,7,Q3,BCH,Bitcoin Cash,Payments,PoW,2945.92529403,4174.19738165,2965.1067205,3718.99706697,26.24,22.9,0.227,46.859,,38,126,0.377,58,14.4
2025-08,2025,8,Q3,BCH,Bitcoin Cash,Payments,PoW,3718.99706697,4450.68235802,3821.62891459,4139.27388616,11.3,9.4,0.533,52.155,,62,373,0.926,70,-22.6
2025-09,2025,9,Q3,BCH,Bitcoin Cash,Payments,PoW,4139.27388616,4798.94238893,3427.33198513,4174.12251044,0.84,24.0,0.342,52.594,,14,85,1.0,100,-51.5
2025-10,2025,10,Q4,BCH,Bitcoin Cash,Payments,PoW,4174.12251044,4160.27523923,2980.48940129,3487.91834066,-16.44,21.8,0.229,43.948,,97,668,0.835,68,-48.9
2025-11,2025,11,Q4,BCH,Bitcoin Cash,Payments,PoW,3487.91834066,3531.55037762,3250.69353654,3374.23392219,-3.26,10.9,0.256,42.515,,21,190,0.639,74,47.3
2025-12,2025,12,Q4,BCH,Bitcoin Cash,Payments,PoW,3374.23392219,4160.57407745,3877.60247284,4022.18193605,19.2,8.6,0.428,50.679,,13,872,0.856,77,-8.6
2026-01,2026,1,Q1,BCH,Bitcoin Cash,Payments,PoW,4022.18193605,3678.50276378,2836.16958932,3379.93484539,-15.97,23.3,0.546,42.587,,28,51,0.504,76,-11.2
2026-02,2026,2,Q1,BCH,Bitcoin Cash,Payments,PoW,3379.93484539,3715.86844871,2662.14589572,3361.39318357,-0.55,21.8,0.215,42.354,,50,198,0.155,70,-4.0
2026-03,2026,3,Q1,BCH,Bitcoin Cash,Payments,PoW,3361.39318357,4509.97218553,3211.46307658,3851.41199375,14.58,18.0,0.667,48.528,,30,443,0.813,73,-37.5
2018-01,2018,1,Q1,ETC,Ethereum Classic,Smart Contract,PoW,29.45065141,27.95502304,23.35240324,25.85374532,-12.21,11.3,0.107,3.268,,51,415,0.168,36,-0.4
2018-02,2018,2,Q1,ETC,Ethereum Classic,Smart Contract,PoW,25.85374532,35.88860626,24.00483805,30.96496823,19.77,24.0,0.089,3.915,,51,73,-0.472,33,21.1
2018-03,2018,3,Q1,ETC,Ethereum Classic,Smart Contract,PoW,30.96496823,27.26598796,21.31735307,24.28676741,-21.57,24.0,0.116,3.07,,31,91,-0.399,49,-2.2
2018-04,2018,4,Q2,ETC,Ethereum Classic,Smart Contract,PoW,24.28676741,30.22536395,24.09543605,27.6933485,14.03,14.3,0.134,3.501,,45,48,-0.781,36,-2.7
2018-05,2018,5,Q2,ETC,Ethereum Classic,Smart Contract,PoW,27.6933485,22.74793196,15.27876363,18.72234466,-32.39,21.6,0.266,2.367,,55,281,-0.205,32,1.8
2018-06,2018,6,Q2,ETC,Ethereum Classic,Smart Contract,PoW,18.72234466,25.63882924,18.00995516,21.95368017,17.26,19.1,0.113,2.775,,24,40,-0.573,47,1.7
2018-07,2018,7,Q3,ETC,Ethereum Classic,Smart Contract,PoW,21.95368017,22.78551615,17.30314065,21.19720237,-3.45,19.7,0.084,2.68,,27,81,-0.414,25,-4.0
2018-08,2018,8,Q3,ETC,Ethereum Classic,Smart Contract,PoW,21.19720237,18.68941749,16.69991065,17.81443316,-15.96,11.8,0.062,2.252,,43,483,-0.085,42,-5.3
2018-09,2018,9,Q3,ETC,Ethereum Classic,Smart Contract,PoW,17.81443316,20.87937543,16.41091569,19.65222107,10.32,16.9,0.084,2.484,,92,122,-0.487,20,0.0
2018-10,2018,10,Q4,ETC,Ethereum Classic,Smart Contract,PoW,19.65222107,21.69343397,16.84502629,19.50522022,-0.75,15.0,0.083,2.466,,9,536,0.035,52,3.5
2018-11,2018,11,Q4,ETC,Ethereum Classic,Smart Contract,PoW,19.50522022,22.35229565,15.99094888,18.90890626,-3.06,24.4,0.048,2.39,,76,439,-0.388,27,-11.4
2018-12,2018,12,Q4,ETC,Ethereum Classic,Smart Contract,PoW,18.90890626,18.56516504,13.35644426,16.71283325,-11.61,23.2,0.037,2.113,,37,162,-0.055,17,15.0
2019-01,2019,1,Q1,ETC,Ethereum Classic,Smart Contract,PoW,16.71283325,18.08177494,13.8429654,16.57552773,-0.82,18.9,0.068,2.095,,84,314,-0.18,43,21.7
2019-02,2019,2,Q1,ETC,Ethereum Classic,Smart Contract,PoW,16.57552773,20.21149238,16.608516,18.1805423,9.68,13.0,0.125,2.298,,77,503,-0.353,28,9.0
2019-03,2019,3,Q1,ETC,Ethereum Classic,Smart Contract,PoW,18.1805423,22.52968996,18.70247607,20.59276343,13.27,19.9,0.116,2.603,,32,246,-0.126,35,-4.1
2019-04,2019,4,Q2,ETC,Ethereum Classic,Smart Contract,PoW,20.59276343,31.28537721,27.30507157,29.37901843,42.67,9.2,0.062,3.714,,15,246,-0.729,27,8.9
2019-05,2019,5,Q2,ETC,Ethereum Classic,Smart Contract,PoW,29.37901843,27.161163,24.444041,26.38092326,-10.2,9.1,0.222,3.335,,9,215,-0.693,40,18.3
2019-06,2019,6,Q2,ETC,Ethereum Classic,Smart Contract,PoW,26.38092326,32.6308678,29.10221012,31.21130705,18.31,9.6,0.147,3.946,,5,256,-0.331,31,4.9
2019-07,2019,7,Q3,ETC,Ethereum Classic,Smart Contract,PoW,31.21130705,39.83634567,31.74576658,35.08604659,12.41,22.4,0.231,4.436,,42,198,-0.501,30,-14.7
2019-08,2019,8,Q3,ETC,Ethereum Classic,Smart Contract,PoW,35.08604659,48.89474846,31.10534179,39.40969565,12.32,24.7,0.119,4.982,,38,148,-0.179,52,-11.0
2019-09,2019,9,Q3,ETC,Ethereum Classic,Smart Contract,PoW,39.40969565,38.67247276,32.7232839,36.65256196,-7.0,13.1,0.094,4.634,,74,449,-0.237,34,-8.6
2019-10,2019,10,Q4,ETC,Ethereum Classic,Smart Contract,PoW,36.65256196,49.88490173,39.72353774,43.23934787,17.97,16.7,0.233,5.466,,23,41,0.113,36,-7.2
2019-11,2019,11,Q4,ETC,Ethereum Classic,Smart Contract,PoW,43.23934787,47.43982495,39.97588558,42.67087953,-1.31,13.0,0.176,5.394,,120,124,0.191,29,8.4
2019-12,2019,12,Q4,ETC,Ethereum Classic,Smart Contract,PoW,42.67087953,56.80894115,40.61361744,48.02605466,12.55,19.8,0.106,6.071,,28,347,-0.507,40,6.6
2020-01,2020,1,Q1,ETC,Ethereum Classic,Smart Contract,PoW,48.02605466,45.7553148,35.50222949,40.47621771,-15.72,22.2,0.168,5.117,,62,116,0.074,47,12.8
2020-02,2020,2,Q1,ETC,Ethereum Classic,Smart Contract,PoW,40.47621771,54.21637371,37.99129044,44.84251343,10.79,22.5,0.188,5.669,,9,185,-0.162,57,-7.3
2020-03,2020,3,Q1,ETC,Ethereum Classic,Smart Contract,PoW,44.84251343,50.88535912,36.43089457,44.58238718,-0.58,19.2,0.105,5.636,,16,139,0.058,51,-18.9
2020-04,2020,4,Q2,ETC,Ethereum Classic,Smart Contract,PoW,44.58238718,58.09181503,44.68339084,48.2476094,8.22,22.6,0.191,6.099,,46,148,0.289,42,-0.8
2020-05,2020,5,Q2,ETC,Ethereum Classic,Smart Contract,PoW,48.2476094,74.8912706,68.32398208,72.18115325,49.61,11.3,0.247,9.125,,24,167,-0.309,51,-18.7
2020-06,2020,6,Q2,ETC,Ethereum Classic,Smart Contract,PoW,72.18115325,78.14915961,59.57041774,71.80529274,-0.52,20.2,0.128,9.078,,29,129,0.335,43,-2.6
2020-07,2020,7,Q3,ETC,Ethereum Classic,Smart Contract,PoW,71.80529274,74.85725133,58.71690862,67.5241978,-5.96,21.7,0.158,8.536,,26,196,0.221,50,5.4
2020-08,2020,8,Q3,ETC,Ethereum Classic,Smart Contract,PoW,67.5241978,108.90846159,80.72795345,98.08387412,45.26,20.1,0.158,12.4,,16,122,0.145,60,-7.9
2020-09,2020,9,Q3,ETC,Ethereum Classic,Smart Contract,PoW,98.08387412,123.53401828,102.98773502,110.19438305,12.35,12.6,0.559,13.931,,28,124,0.053,55,9.2
2020-10,2020,10,Q4,ETC,Ethereum Classic,Smart Contract,PoW,110.19438305,122.01177217,99.89762791,108.70056286,-1.36,12.4,0.318,13.742,,37,431,0.76,70,-14.5
2020-11,2020,11,Q4,ETC,Ethereum Classic,Smart Contract,PoW,108.70056286,153.00168224,98.4197855,124.87089157,14.88,24.4,0.191,15.786,,60,93,0.541,64,41.2
2020-12,2020,12,Q4,ETC,Ethereum Classic,Smart Contract,PoW,124.87089157,129.54174347,80.63405074,104.20731069,-16.55,24.5,0.556,13.174,,47,191,0.63,79,-12.9
2021-01,2021,1,Q1,ETC,Ethereum Classic,Smart Contract,PoW,104.20731069,201.13261659,143.86531286,170.74762434,63.85,23.2,0.776,21.586,,75,339,0.411,85,-65.7
2021-02,2021,2,Q1,ETC,Ethereum Classic,Smart Contract,PoW,170.74762434,198.53412489,158.38289399,180.55193514,5.74,20.8,0.293,22.825,,47,629,0.451,87,78.8
2021-03,2021,3,Q1,ETC,Ethereum Classic,Smart Contract,PoW,180.55193514,183.08339234,158.9398536,171.52377272,-5.0,8.1,0.597,21.684,,78,472,0.646,79,62.5
2021-04,2021,4,Q2,ETC,Ethereum Classic,Smart Contract,PoW,171.52377272,156.93006665,112.13661134,135.65562392,-20.91,17.7,0.284,17.15,,26,407,0.916,77,75.0
2021-05,2021,5,Q2,ETC,Ethereum Classic,Smart Contract,PoW,135.65562392,112.03611265,98.29114583,104.39578628,-23.04,13.7,0.219,13.198,,15,210,0.426,65,1.3
2021-06,2021,6,Q2,ETC,Ethereum Classic,Smart Contract,PoW,104.39578628,105.25339995,92.37300669,98.10538863,-6.03,8.1,0.477,12.402,,97,376,0.149,63,42.4
2021-07,2021,7,Q3,ETC,Ethereum Classic,Smart Contract,PoW,98.10538863,133.16957389,90.51039677,110.38848936,12.52,20.7,0.432,13.955,,22,214,0.008,69,44.3
2021-08,2021,8,Q3,ETC,Ethereum Classic,Smart Contract,PoW,110.38848936,112.88166038,86.56343147,102.71298115,-6.95,19.3,0.273,12.985,,68,540,0.291,53,-23.0
2021-09,2021,9,Q3,ETC,Ethereum Classic,Smart Contract,PoW,102.71298115,106.50360521,76.93637028,87.11148073,-15.19,23.5,0.275,11.013,,23,607,0.229,65,-4.5
2021-10,2021,10,Q4,ETC,Ethereum Classic,Smart Contract,PoW,87.11148073,122.81224226,99.65513203,108.91009738,25.02,12.9,0.164,13.768,,60,186,0.163,67,20.7
2021-11,2021,11,Q4,ETC,Ethereum Classic,Smart Contract,PoW,108.91009738,150.84070417,121.41591128,130.28044399,19.62,22.2,0.59,16.47,,22,60,0.628,74,-21.6
2021-12,2021,12,Q4,ETC,Ethereum Classic,Smart Contract,PoW,130.28044399,88.36254591,81.71103724,84.20995195,-35.36,9.6,0.084,10.646,,36,913,0.246,60,-9.7
2022-01,2022,1,Q1,ETC,Ethereum Classic,Smart Contract,PoW,84.20995195,48.74883789,44.84968417,46.58485625,-44.68,11.3,0.086,5.889,,102,469,-0.205,20,7.7
2022-02,2022,2,Q1,ETC,Ethereum Classic,Smart Contract,PoW,46.58485625,54.35821789,44.83337029,47.81846337,2.65,16.1,0.076,6.045,,15,985,-0.358,41,-12.8
2022-03,2022,3,Q1,ETC,Ethereum Classic,Smart Contract,PoW,47.81846337,35.63027486,26.56673522,31.47164956,-34.19,19.1,0.206,3.979,,32,137,-0.249,37,20.2
2022-04,2022,4,Q2,ETC,Ethereum Classic,Smart Contract,PoW,31.47164956,32.19526131,29.38671721,31.13079829,-1.08,9.5,0.249,3.936,,66,227,0.044,24,-10.1
2022-05,2022,5,Q2,ETC,Ethereum Classic,Smart Contract,PoW,31.13079829,21.21665662,18.38175121,19.63925993,-36.91,10.6,0.068,2.483,,30,128,0.072,41,6.0
2022-06,2022,6,Q2,ETC,Ethereum Classic,Smart Contract,PoW,19.63925993,9.9517908,9.17405649,9.51167166,-51.57,10.3,0.025,1.202,,120,195,-0.745,23,4.1
2022-07,2022,7,Q3,ETC,Ethereum Classic,Smart Contract,PoW,9.51167166,16.195879,11.5243387,13.25127467,39.32,22.3,0.058,1.675,,105,357,-0.601,39,-7.4
2022-08,2022,8,Q3,ETC,Ethereum Classic,Smart Contract,PoW,13.25127467,14.41499193,12.78145119,13.73851052,3.68,11.0,0.098,1.737,,10,389,-0.049,28,-11.9
2022-09,2022,9,Q3,ETC,Ethereum Classic,Smart Contract,PoW,13.73851052,15.98970628,12.23199079,14.14131544,2.93,19.1,0.082,1.788,,41,257,-0.262,27,-0.9
2022-10,2022,10,Q4,ETC,Ethereum Classic,Smart Contract,PoW,14.14131544,16.25890503,12.78416863,13.96922534,-1.22,17.3,0.038,1.766,,23,69,-0.498,32,-2.0
2022-11,2022,11,Q4,ETC,Ethereum Classic,Smart Contract,PoW,13.96922534,15.819288,13.60918751,14.81669713,6.07,18.9,0.07,1.873,,32,299,-0.532,37,-2.8
2022-12,2022,12,Q4,ETC,Ethereum Classic,Smart Contract,PoW,14.81669713,17.93231994,15.61960777,16.67508793,12.54,12.5,0.045,2.108,,27,489,-0.3,19,-4.0
2023-01,2023,1,Q1,ETC,Ethereum Classic,Smart Contract,PoW,16.67508793,27.24635241,22.38090876,25.72363323,54.26,14.5,0.097,3.252,,48,162,-0.163,33,-5.0
2023-02,2023,2,Q1,ETC,Ethereum Classic,Smart Contract,PoW,25.72363323,38.19521918,31.65272279,33.79021947,31.36,17.8,0.129,4.272,,21,101,-0.18,50,13.0
2023-03,2023,3,Q1,ETC,Ethereum Classic,Smart Contract,PoW,33.79021947,39.46104614,27.33327237,33.42580772,-1.08,20.6,0.151,4.226,,7,312,-0.425,49,-4.5
2023-04,2023,4,Q2,ETC,Ethereum Classic,Smart Contract,PoW,33.42580772,39.90679399,31.20414825,34.61693022,3.56,15.8,0.118,4.376,,13,578,0.103,30,-4.6
2023-05,2023,5,Q2,ETC,Ethereum Classic,Smart Contract,PoW,34.61693022,48.96474371,39.92544739,45.10671247,30.3,15.2,0.276,5.702,,46,91,-0.099,33,-3.2
2023-06,2023,6,Q2,ETC,Ethereum Classic,Smart Contract,PoW,45.10671247,57.77358124,43.66965429,50.46249748,11.87,20.5,0.137,6.379,,12,922,-0.63,62,-4.6
2023-07,2023,7,Q3,ETC,Ethereum Classic,Smart Contract,PoW,50.46249748,54.46405824,43.63049431,47.67555963,-5.52,19.2,0.34,6.027,,49,504,0.114,66,-21.3
2023-08,2023,8,Q3,ETC,Ethereum Classic,Smart Contract,PoW,47.67555963,57.66208513,47.92060828,53.4815145,12.18,18.7,0.182,6.761,,19,192,-0.1,56,-21.6
2023-09,2023,9,Q3,ETC,Ethereum Classic,Smart Contract,PoW,53.4815145,53.86753235,47.21029177,51.5076835,-3.69,9.5,1.0,6.512,,35,217,-0.048,66,-0.3
2023-10,2023,10,Q4,ETC,Ethereum Classic,Smart Contract,PoW,51.5076835,72.09626655,59.31537022,64.64230873,25.5,12.2,0.175,8.172,,7,90,0.245,65,-16.0
2023-11,2023,11,Q4,ETC,Ethereum Classic,Smart Contract,PoW,64.64230873,60.88795502,49.0237291,55.81277506,-13.66,13.9,0.302,7.056,,7,152,0.066,61,7.1
2023-12,2023,12,Q4,ETC,Ethereum Classic,Smart Contract,PoW,55.81277506,91.57269941,71.32452442,80.60343342,44.42,15.9,0.278,10.19,,33,96,0.575,68,-6.7
2024-01,2024,1,Q1,ETC,Ethereum Classic,Smart Contract,PoW,80.60343342,121.50326613,101.42335519,109.71781158,36.12,13.6,0.523,13.871,,138,117,0.5,63,67.2
2024-02,2024,2,Q1,ETC,Ethereum Classic,Smart Contract,PoW,109.71781158,135.91632714,100.78461565,122.99863757,12.1,22.2,0.297,15.549,,29,150,0.325,62,-11.0
2024-03,2024,3,Q1,ETC,Ethereum Classic,Smart Contract,PoW,122.99863757,127.44238739,102.88804204,115.06754131,-6.45,14.2,0.616,14.547,,20,148,0.64,73,-16.3
2024-04,2024,4,Q2,ETC,Ethereum Classic,Smart Contract,PoW,115.06754131,150.84683208,129.8636424,139.00215102,20.8,13.3,0.454,17.573,,16,55,0.729,77,-22.5
2024-05,2024,5,Q2,ETC,Ethereum Classic,Smart Contract,PoW,139.00215102,132.11156236,88.59268868,110.5360248,-20.48,23.4,0.418,13.974,,24,164,0.945,69,-30.8
2024-06,2024,6,Q2,ETC,Ethereum Classic,Smart Contract,PoW,110.5360248,143.15453157,130.51703263,136.47279444,23.46,8.0,0.758,17.253,,26,126,0.57,74,-35.4
2024-07,2024,7,Q3,ETC,Ethereum Classic,Smart Contract,PoW,136.47279444,127.28211115,103.01614959,113.84092803,-16.58,15.4,0.26,14.392,,76,319,-0.061,66,-12.9
2024-08,2024,8,Q3,ETC,Ethereum Classic,Smart Contract,PoW,113.84092803,126.7434615,99.23408777,109.03759057,-4.22,22.6,0.408,13.785,,25,95,0.706,62,7.4
2024-09,2024,9,Q3,ETC,Ethereum Classic,Smart Contract,PoW,109.03759057,100.0742322,80.89994621,88.90779369,-18.46,23.1,0.358,11.24,,26,203,0.874,70,52.3
2024-10,2024,10,Q4,ETC,Ethereum Classic,Smart Contract,PoW,88.90779369,115.02111413,80.02646483,101.25896688,13.89,21.9,0.442,12.801,,29,103,0.574,55,62.2
2024-11,2024,11,Q4,ETC,Ethereum Classic,Smart Contract,PoW,101.25896688,100.38952853,74.45522646,93.33607404,-7.82,20.7,0.749,11.8,,20,250,0.524,70,90.2
2024-12,2024,12,Q4,ETC,Ethereum Classic,Smart Contract,PoW,93.33607404,94.53756432,83.00610458,90.35637724,-3.19,10.9,0.152,11.423,,31,176,0.008,76,-39.8
2025-01,2025,1,Q1,ETC,Ethereum Classic,Smart Contract,PoW,90.35637724,126.5535661,97.78349641,107.97706151,19.5,20.7,0.285,13.65,,12,341,0.206,69,-16.3
2025-02,2025,2,Q1,ETC,Ethereum Classic,Smart Contract,PoW,107.97706151,155.04641489,126.46496479,141.29002392,30.85,18.0,0.957,17.862,,87,74,0.465,69,-72.1
2025-03,2025,3,Q1,ETC,Ethereum Classic,Smart Contract,PoW,141.29002392,137.72573592,124.47557218,132.46631905,-6.25,12.1,0.368,16.746,,68,292,0.287,72,22.4
2025-04,2025,4,Q2,ETC,Ethereum Classic,Smart Contract,PoW,132.46631905,154.80679674,136.12050049,146.01243897,10.23,8.9,0.191,18.459,,88,67,0.69,65,15.6
2025-05,2025,5,Q2,ETC,Ethereum Classic,Smart Contract,PoW,146.01243897,141.69451397,121.47095445,127.98747045,-12.34,12.3,0.347,16.18,,23,160,0.783,65,-80.5
2025-06,2025,6,Q2,ETC,Ethereum Classic,Smart Contract,PoW,127.98747045,149.99429762,109.20452524,128.527628,0.42,18.3,0.264,16.248,,28,118,0.734,69,9.1
2025-07,2025,7,Q3,ETC,Ethereum Classic,Smart Contract,PoW,128.527628,134.29158977,115.37638459,124.44936307,-3.17,18.9,0.338,15.733,,49,343,0.456,87,42.1
2025-08,2025,8,Q3,ETC,Ethereum Classic,Smart Contract,PoW,124.44936307,143.65030383,109.1108979,124.47244098,0.02,23.2,0.426,15.736,,4,53,0.834,62,-40.3
2025-09,2025,9,Q3,ETC,Ethereum Classic,Smart Contract,PoW,124.47244098,126.96486818,103.08934408,118.48657514,-4.81,15.8,1.557,14.979,,13,272,1.0,84,12.5
2025-10,2025,10,Q4,ETC,Ethereum Classic,Smart Contract,PoW,118.48657514,136.48792353,100.27678702,125.82781826,6.2,20.4,0.738,15.907,,35,199,0.746,70,31.2
2025-11,2025,11,Q4,ETC,Ethereum Classic,Smart Contract,PoW,125.82781826,142.10193077,121.04867969,132.39572675,5.22,15.7,0.433,16.737,,35,292,0.607,84,-26.4
2025-12,2025,12,Q4,ETC,Ethereum Classic,Smart Contract,PoW,132.39572675,157.21701615,134.64748635,145.77998432,10.11,22.3,0.339,18.43,,25,117,0.346,71,36.9
2026-01,2026,1,Q1,ETC,Ethereum Classic,Smart Contract,PoW,145.77998432,151.6901392,133.30231462,140.35708724,-3.72,9.6,0.206,17.744,,59,71,0.599,71,60.1
2026-02,2026,2,Q1,ETC,Ethereum Classic,Smart Contract,PoW,140.35708724,124.60179233,109.30784981,115.50430843,-17.71,10.9,0.35,14.602,,28,278,0.417,85,5.3
2026-03,2026,3,Q1,ETC,Ethereum Classic,Smart Contract,PoW,115.50430843,159.97857195,129.73406162,146.32671483,26.69,19.9,0.498,18.499,,28,116,0.493,81,67.1
2018-01,2018,1,Q1,VET,VeChain,Supply Chain,PoA,0.04579312,0.05265503,0.04003777,0.04749106,3.71,15.8,0.097,2.471,,41,179,-0.047,59,-12.0
2018-02,2018,2,Q1,VET,VeChain,Supply Chain,PoA,0.04749106,0.04074066,0.03625406,0.03839232,-19.16,8.9,0.06,1.997,,45,478,-0.258,34,-1.0
2018-03,2018,3,Q1,VET,VeChain,Supply Chain,PoA,0.03839232,0.04837763,0.03932935,0.04367176,13.75,20.7,0.053,2.272,,73,267,-0.731,38,4.7
2018-04,2018,4,Q2,VET,VeChain,Supply Chain,PoA,0.04367176,0.0351968,0.03106874,0.0325589,-25.45,14.5,0.141,1.694,,7,242,-0.158,41,-13.8
2018-05,2018,5,Q2,VET,VeChain,Supply Chain,PoA,0.0325589,0.03181422,0.02716791,0.02968152,-8.84,23.9,0.08,1.544,,26,139,-0.329,37,2.7
2018-06,2018,6,Q2,VET,VeChain,Supply Chain,PoA,0.02968152,0.04040454,0.03538087,0.03831791,29.1,16.0,0.179,1.994,,66,534,0.217,50,-15.7
2018-07,2018,7,Q3,VET,VeChain,Supply Chain,PoA,0.03831791,0.03479626,0.02885673,0.03106391,-18.93,18.2,0.127,1.616,,53,80,-0.581,50,16.7
2018-08,2018,8,Q3,VET,VeChain,Supply Chain,PoA,0.03106391,0.03442419,0.02424446,0.02955684,-4.85,19.4,0.073,1.538,,27,239,-0.331,23,1.0
2018-09,2018,9,Q3,VET,VeChain,Supply Chain,PoA,0.02955684,0.02987404,0.02295273,0.02472086,-16.36,22.2,0.034,1.286,,37,79,-0.152,55,-4.1
2018-10,2018,10,Q4,VET,VeChain,Supply Chain,PoA,0.02472086,0.02531513,0.01717901,0.02225475,-9.98,23.0,0.067,1.158,,40,642,-0.495,12,-1.7
2018-11,2018,11,Q4,VET,VeChain,Supply Chain,PoA,0.02225475,0.03294854,0.02753063,0.02974351,33.65,14.7,0.125,1.547,,20,111,-0.74,45,-9.1
2018-12,2018,12,Q4,VET,VeChain,Supply Chain,PoA,0.02974351,0.02536985,0.01882683,0.0224076,-24.66,19.3,0.046,1.166,,46,84,-0.056,35,4.3
2019-01,2019,1,Q1,VET,VeChain,Supply Chain,PoA,0.0224076,0.03392211,0.030692,0.03234384,44.34,12.2,0.258,1.683,,90,62,-0.324,29,13.1
2019-02,2019,2,Q1,VET,VeChain,Supply Chain,PoA,0.03234384,0.03752814,0.02899565,0.03309725,2.33,13.7,0.094,1.722,,48,79,0.05,44,7.1
2019-03,2019,3,Q1,VET,VeChain,Supply Chain,PoA,0.03309725,0.03894276,0.03012945,0.03604485,8.91,21.6,0.146,1.875,,13,213,-0.177,26,7.4
2019-04,2019,4,Q2,VET,VeChain,Supply Chain,PoA,0.03604485,0.04590625,0.03768953,0.04062945,12.72,15.3,0.133,2.114,,26,46,-0.853,24,-23.7
2019-05,2019,5,Q2,VET,VeChain,Supply Chain,PoA,0.04062945,0.04286372,0.03702721,0.03923746,-3.43,11.4,0.178,2.041,,81,263,0.069,37,-14.9
2019-06,2019,6,Q2,VET,VeChain,Supply Chain,PoA,0.03923746,0.04911722,0.04196011,0.04597872,17.18,9.0,0.088,2.392,,11,199,-0.272,24,-5.0
2019-07,2019,7,Q3,VET,VeChain,Supply Chain,PoA,0.04597872,0.05857185,0.03975023,0.04794025,4.27,23.5,0.307,2.494,,17,151,0.249,17,-27.0
2019-08,2019,8,Q3,VET,VeChain,Supply Chain,PoA,0.04794025,0.04926626,0.03979216,0.04480581,-6.54,17.3,0.423,2.331,,17,62,-0.08,48,-7.2
2019-09,2019,9,Q3,VET,VeChain,Supply Chain,PoA,0.04480581,0.05394925,0.03761027,0.04590632,2.46,23.8,0.098,2.388,,33,157,0.021,25,6.1
2019-10,2019,10,Q4,VET,VeChain,Supply Chain,PoA,0.04590632,0.0753024,0.05625648,0.06294491,37.12,22.8,0.088,3.275,,21,215,0.005,38,9.3
2019-11,2019,11,Q4,VET,VeChain,Supply Chain,PoA,0.06294491,0.05441083,0.04659829,0.05002344,-20.53,19.8,0.088,2.603,,13,97,0.041,53,5.5
2019-12,2019,12,Q4,VET,VeChain,Supply Chain,PoA,0.05002344,0.08063125,0.06353808,0.07168479,43.3,13.4,0.107,3.73,,22,150,-0.493,35,6.7
2020-01,2020,1,Q1,VET,VeChain,Supply Chain,PoA,0.07168479,0.06168605,0.05352741,0.05624776,-21.53,13.4,0.102,2.926,,32,203,-0.228,34,-8.4
2020-02,2020,2,Q1,VET,VeChain,Supply Chain,PoA,0.05624776,0.06817757,0.05674,0.06329865,12.54,13.1,0.139,3.293,,6,199,0.012,37,16.5
2020-03,2020,3,Q1,VET,VeChain,Supply Chain,PoA,0.06329865,0.0778085,0.07010104,0.0737802,16.56,9.2,0.126,3.839,,9,530,0.072,45,7.1
2020-04,2020,4,Q2,VET,VeChain,Supply Chain,PoA,0.0737802,0.1147062,0.09677394,0.10456728,41.73,13.4,0.121,5.44,,15,289,0.993,47,-9.1
2020-05,2020,5,Q2,VET,VeChain,Supply Chain,PoA,0.10456728,0.09765183,0.06880869,0.08772829,-16.1,24.9,0.159,4.564,,25,154,0.01,57,5.4
2020-06,2020,6,Q2,VET,VeChain,Supply Chain,PoA,0.08772829,0.12001988,0.10841417,0.11493924,31.02,11.0,0.258,5.98,,34,403,0.143,49,4.7
2020-07,2020,7,Q3,VET,VeChain,Supply Chain,PoA,0.11493924,0.15597803,0.13135044,0.14714089,28.02,11.7,0.161,7.655,,12,337,-0.143,47,-1.8
2020-08,2020,8,Q3,VET,VeChain,Supply Chain,PoA,0.14714089,0.14473758,0.1136132,0.12942168,-12.04,12.3,0.144,6.733,,30,184,0.513,73,-6.2
2020-09,2020,9,Q3,VET,VeChain,Supply Chain,PoA,0.12942168,0.14481629,0.1241363,0.13192446,1.93,15.4,0.11,6.864,,35,323,0.035,48,-7.9
2020-10,2020,10,Q4,VET,VeChain,Supply Chain,PoA,0.13192446,0.19568762,0.17938807,0.18700248,41.75,8.5,0.411,9.729,,17,115,0.491,69,-47.5
2020-11,2020,11,Q4,VET,VeChain,Supply Chain,PoA,0.18700248,0.20962514,0.14497807,0.18395601,-1.63,23.3,0.196,9.571,,22,169,0.681,56,10.3
2020-12,2020,12,Q4,VET,VeChain,Supply Chain,PoA,0.18395601,0.23519729,0.18177623,0.20796431,13.05,22.7,0.35,10.82,,16,1058,1.0,79,31.0
2021-01,2021,1,Q1,VET,VeChain,Supply Chain,PoA,0.20796431,0.27283728,0.19551735,0.24125299,16.01,24.4,0.571,12.552,,34,217,0.331,86,55.1
2021-02,2021,2,Q1,VET,VeChain,Supply Chain,PoA,0.24125299,0.33440422,0.23755967,0.28965795,20.06,21.6,0.164,15.07,,38,100,0.655,74,-44.0
2021-03,2021,3,Q1,VET,VeChain,Supply Chain,PoA,0.28965795,0.28713223,0.23644344,0.26217462,-9.49,17.3,0.376,13.64,,10,215,0.747,66,-1.3
2021-04,2021,4,Q2,VET,VeChain,Supply Chain,PoA,0.26217462,0.2651425,0.20965881,0.25076849,-4.35,16.9,0.357,13.047,,43,337,0.568,64,12.0
2021-05,2021,5,Q2,VET,VeChain,Supply Chain,PoA,0.25076849,0.16557393,0.12208152,0.15481414,-38.26,22.9,0.132,8.055,,16,230,0.177,45,-12.1
2021-06,2021,6,Q2,VET,VeChain,Supply Chain,PoA,0.15481414,0.17437463,0.14388208,0.16634364,7.45,15.7,0.215,8.654,,67,92,0.538,51,42.8
2021-07,2021,7,Q3,VET,VeChain,Supply Chain,PoA,0.16634364,0.21837749,0.15003212,0.18097138,8.79,22.1,0.538,9.415,,24,131,0.774,56,-43.5
2021-08,2021,8,Q3,VET,VeChain,Supply Chain,PoA,0.18097138,0.20105513,0.17622308,0.19499288,7.75,9.8,0.07,10.145,,36,573,0.271,60,-2.4
2021-09,2021,9,Q3,VET,VeChain,Supply Chain,PoA,0.19499288,0.20051868,0.15270717,0.17591123,-9.79,16.9,0.403,9.152,,13,333,0.636,58,-43.6
2021-10,2021,10,Q4,VET,VeChain,Supply Chain,PoA,0.17591123,0.19913822,0.16150334,0.1762167,0.17,18.4,0.219,9.168,,22,56,0.518,64,11.8
2021-11,2021,11,Q4,VET,VeChain,Supply Chain,PoA,0.1762167,0.17143199,0.13537877,0.14668079,-16.76,22.4,1.277,7.631,,39,120,0.759,91,-58.3
2021-12,2021,12,Q4,VET,VeChain,Supply Chain,PoA,0.14668079,0.12837995,0.10938525,0.12021832,-18.04,12.5,0.545,6.255,,10,488,0.453,74,-5.9
2022-01,2022,1,Q1,VET,VeChain,Supply Chain,PoA,0.12021832,0.08322211,0.0681668,0.07519994,-37.45,18.1,0.347,3.912,,23,190,0.18,60,-9.9
2022-02,2022,2,Q1,VET,VeChain,Supply Chain,PoA,0.07519994,0.07523258,0.06733243,0.06974507,-7.25,8.0,0.144,3.629,,36,548,-0.387,39,-20.1
2022-03,2022,3,Q1,VET,VeChain,Supply Chain,PoA,0.06974507,0.05485152,0.04896034,0.0510654,-26.78,10.5,0.214,2.657,,76,1202,-0.482,35,3.1
2022-04,2022,4,Q2,VET,VeChain,Supply Chain,PoA,0.0510654,0.05651623,0.04378031,0.05201209,1.85,15.9,0.18,2.706,,14,37,-0.516,39,10.9
2022-05,2022,5,Q2,VET,VeChain,Supply Chain,PoA,0.05201209,0.03503456,0.03123208,0.03357262,-35.45,9.0,0.157,1.747,,18,306,-0.468,47,-2.7
2022-06,2022,6,Q2,VET,VeChain,Supply Chain,PoA,0.03357262,0.01901111,0.01565338,0.01744302,-48.04,12.0,0.067,0.908,,76,40,0.219,30,-13.3
2022-07,2022,7,Q3,VET,VeChain,Supply Chain,PoA,0.01744302,0.02406901,0.01809536,0.02105791,20.72,16.3,0.076,1.096,,62,268,-0.603,52,-0.7
2022-08,2022,8,Q3,VET,VeChain,Supply Chain,PoA,0.02105791,0.02109486,0.01796676,0.01929637,-8.37,10.0,0.15,1.004,,33,114,-0.063,33,-3.1
2022-09,2022,9,Q3,VET,VeChain,Supply Chain,PoA,0.01929637,0.02142455,0.01608689,0.01897654,-1.66,18.0,0.079,0.987,,102,229,-0.458,25,8.0
2022-10,2022,10,Q4,VET,VeChain,Supply Chain,PoA,0.01897654,0.02735221,0.02151254,0.02383702,25.61,17.9,0.046,1.24,,39,409,-0.181,34,4.0
2022-11,2022,11,Q4,VET,VeChain,Supply Chain,PoA,0.02383702,0.02871806,0.0222695,0.02567623,7.72,15.9,0.079,1.336,,28,488,-0.426,34,-10.4
2022-12,2022,12,Q4,VET,VeChain,Supply Chain,PoA,0.02567623,0.02367629,0.01776798,0.02071817,-19.31,18.8,0.08,1.078,,36,179,-0.928,35,-12.7
2023-01,2023,1,Q1,VET,VeChain,Supply Chain,PoA,0.02071817,0.05502756,0.03930631,0.04908729,136.93,23.9,0.135,2.554,,37,153,-0.344,38,11.9
2023-02,2023,2,Q1,VET,VeChain,Supply Chain,PoA,0.04908729,0.05883788,0.0462061,0.05237455,6.7,16.5,0.11,2.725,,10,248,-0.643,28,0.3
2023-03,2023,3,Q1,VET,VeChain,Supply Chain,PoA,0.05237455,0.05406817,0.04320117,0.04858186,-7.24,11.3,0.337,2.528,,17,181,0.015,32,-18.2
2023-04,2023,4,Q2,VET,VeChain,Supply Chain,PoA,0.04858186,0.06612578,0.04873086,0.0556346,14.52,20.1,0.122,2.895,,88,195,0.159,36,35.0
2023-05,2023,5,Q2,VET,VeChain,Supply Chain,PoA,0.0556346,0.06683728,0.05184657,0.06274743,12.78,20.5,0.131,3.265,,23,130,-0.226,60,17.5
2023-06,2023,6,Q2,VET,VeChain,Supply Chain,PoA,0.06274743,0.0781141,0.06702388,0.0710007,13.15,13.9,0.178,3.694,,43,156,0.372,48,-6.8
2023-07,2023,7,Q3,VET,VeChain,Supply Chain,PoA,0.0710007,0.08505513,0.07188774,0.0784703,10.52,12.4,0.216,4.083,,97,90,-0.511,57,-18.1
2023-08,2023,8,Q3,VET,VeChain,Supply Chain,PoA,0.0784703,0.09518266,0.07266924,0.08286999,5.61,23.4,0.12,4.311,,49,47,-0.341,32,-15.4
2023-09,2023,9,Q3,VET,VeChain,Supply Chain,PoA,0.08286999,0.09527274,0.08002582,0.08786747,6.03,12.8,0.311,4.571,,11,142,-0.73,52,-12.2
2023-10,2023,10,Q4,VET,VeChain,Supply Chain,PoA,0.08786747,0.11193848,0.08814887,0.09652248,9.85,22.2,0.191,5.022,,40,321,-0.027,55,6.8
2023-11,2023,11,Q4,VET,VeChain,Supply Chain,PoA,0.09652248,0.12894989,0.10925832,0.11856518,22.84,17.6,0.131,6.169,,43,219,0.169,50,-12.2
2023-12,2023,12,Q4,VET,VeChain,Supply Chain,PoA,0.11856518,0.1226465,0.1007901,0.11159315,-5.88,19.3,0.297,5.806,,16,162,0.145,70,6.8
2024-01,2024,1,Q1,VET,VeChain,Supply Chain,PoA,0.11159315,0.22444671,0.15692537,0.19091585,71.08,20.9,0.287,9.933,,41,113,0.258,63,-47.1
2024-02,2024,2,Q1,VET,VeChain,Supply Chain,PoA,0.19091585,0.19825166,0.13609109,0.15971896,-16.34,24.7,0.16,8.31,,36,150,0.122,75,53.4
2024-03,2024,3,Q1,VET,VeChain,Supply Chain,PoA,0.15971896,0.23915028,0.219131,0.2273875,42.37,8.5,0.154,11.83,,89,228,0.344,85,-30.8
2024-04,2024,4,Q2,VET,VeChain,Supply Chain,PoA,0.2273875,0.28424335,0.21018015,0.24818084,9.14,21.4,0.898,12.912,,123,364,1.0,55,-17.6
2024-05,2024,5,Q2,VET,VeChain,Supply Chain,PoA,0.24818084,0.25742899,0.21482474,0.23901187,-3.69,22.2,0.283,12.435,,41,226,1.0,61,-28.5
2024-06,2024,6,Q2,VET,VeChain,Supply Chain,PoA,0.23901187,0.23830553,0.21435593,0.22179356,-7.2,9.3,0.382,11.539,,59,292,0.54,70,62.2
2024-07,2024,7,Q3,VET,VeChain,Supply Chain,PoA,0.22179356,0.1572405,0.12553028,0.13990317,-36.92,16.6,0.35,7.279,,23,278,0.664,58,-13.0
2024-08,2024,8,Q3,VET,VeChain,Supply Chain,PoA,0.13990317,0.20797074,0.1543262,0.18307506,30.86,24.9,0.153,9.525,,31,68,0.275,62,-32.3
2024-09,2024,9,Q3,VET,VeChain,Supply Chain,PoA,0.18307506,0.23255801,0.18303618,0.20341165,11.11,21.5,0.227,10.583,,29,1056,0.426,52,-45.9
2024-10,2024,10,Q4,VET,VeChain,Supply Chain,PoA,0.20341165,0.15898371,0.13391362,0.14664864,-27.91,23.2,0.463,7.63,,64,540,0.685,56,46.9
2024-11,2024,11,Q4,VET,VeChain,Supply Chain,PoA,0.14664864,0.23852226,0.18644369,0.20641115,40.75,21.2,0.225,10.739,,81,410,0.249,50,-43.6
2024-12,2024,12,Q4,VET,VeChain,Supply Chain,PoA,0.20641115,0.15252438,0.13541244,0.14410059,-30.19,10.0,0.542,7.497,,29,225,0.176,47,18.7
2025-01,2025,1,Q1,VET,VeChain,Supply Chain,PoA,0.14410059,0.19551232,0.17072361,0.18637045,29.33,9.2,0.51,9.696,,36,106,0.486,56,85.9
2025-02,2025,2,Q1,VET,VeChain,Supply Chain,PoA,0.18637045,0.23241235,0.20178833,0.21332165,14.46,15.2,0.579,11.099,,31,463,0.761,72,21.9
2025-03,2025,3,Q1,VET,VeChain,Supply Chain,PoA,0.21332165,0.18903107,0.16459624,0.17334031,-18.74,14.5,0.267,9.018,,152,303,0.445,88,-17.5
2025-04,2025,4,Q2,VET,VeChain,Supply Chain,PoA,0.17334031,0.21088866,0.17553895,0.19335443,11.55,17.2,0.5,10.06,,11,111,0.15,69,-5.3
2025-05,2025,5,Q2,VET,VeChain,Supply Chain,PoA,0.19335443,0.21426468,0.16870718,0.19239401,-0.5,12.4,0.476,10.01,,23,342,-0.211,94,-47.7
2025-06,2025,6,Q2,VET,VeChain,Supply Chain,PoA,0.19239401,0.230705,0.17167504,0.20011892,4.02,15.5,0.533,10.412,,29,181,1.0,72,60.7
2025-07,2025,7,Q3,VET,VeChain,Supply Chain,PoA,0.20011892,0.22135689,0.18669069,0.20227764,1.08,13.7,0.636,10.524,,20,194,0.513,69,-74.6
2025-08,2025,8,Q3,VET,VeChain,Supply Chain,PoA,0.20227764,0.2286156,0.18833542,0.21383377,5.71,14.8,0.347,11.125,,18,305,1.0,81,45.5
2025-09,2025,9,Q3,VET,VeChain,Supply Chain,PoA,0.21383377,0.27499922,0.24146002,0.26302333,23.0,9.3,0.76,13.684,,21,116,0.673,89,-57.2
2025-10,2025,10,Q4,VET,VeChain,Supply Chain,PoA,0.26302333,0.25736067,0.23493271,0.24590002,-6.51,10.2,0.447,12.793,,26,67,0.6,90,-6.1
2025-11,2025,11,Q4,VET,VeChain,Supply Chain,PoA,0.24590002,0.21221542,0.15618577,0.19771484,-19.6,22.2,0.58,10.287,,10,179,0.852,82,-57.2
2025-12,2025,12,Q4,VET,VeChain,Supply Chain,PoA,0.19771484,0.28531366,0.23555231,0.26026645,31.64,24.6,0.362,13.541,,15,70,0.534,72,5.1
2026-01,2026,1,Q1,VET,VeChain,Supply Chain,PoA,0.26026645,0.24966861,0.2039979,0.22452784,-13.73,14.9,0.295,11.682,,8,371,0.573,63,84.5
2026-02,2026,2,Q1,VET,VeChain,Supply Chain,PoA,0.22452784,0.25520158,0.23579294,0.24751335,10.24,8.7,0.224,12.877,,9,241,0.279,55,19.5
2026-03,2026,3,Q1,VET,VeChain,Supply Chain,PoA,0.24751335,0.18239594,0.15131004,0.16850996,-31.92,14.4,0.36,8.767,,40,137,0.643,74,64.7
2020-01,2020,1,Q1,FIL,Filecoin,Storage,PoRep,49.7688244,59.85337774,51.50346334,53.99879175,8.5,12.0,0.291,63.503,,78,125,-0.381,44,-9.0
2020-02,2020,2,Q1,FIL,Filecoin,Storage,PoRep,53.99879175,56.65988141,52.3043337,54.10855209,0.2,9.8,0.164,63.632,,50,320,-0.024,51,-1.0
2020-03,2020,3,Q1,FIL,Filecoin,Storage,PoRep,54.10855209,76.93321129,61.2408343,68.66539624,26.9,21.4,0.241,80.751,,41,139,-0.24,42,9.5
2020-04,2020,4,Q2,FIL,Filecoin,Storage,PoRep,68.66539624,86.00323851,60.59069751,73.15171566,6.53,17.9,0.162,86.026,,138,454,-0.251,46,6.4
2020-05,2020,5,Q2,FIL,Filecoin,Storage,PoRep,73.15171566,103.87646613,78.06802131,89.90570978,22.9,23.0,0.375,105.729,,30,145,0.396,64,4.8
2020-06,2020,6,Q2,FIL,Filecoin,Storage,PoRep,89.90570978,108.86966745,92.07972967,99.76609332,10.97,19.0,0.29,117.325,,34,96,-0.307,50,18.0
2020-07,2020,7,Q3,FIL,Filecoin,Storage,PoRep,99.76609332,109.12693887,101.55259651,105.24641931,5.49,10.6,0.302,123.77,,53,157,0.08,64,10.5
2020-08,2020,8,Q3,FIL,Filecoin,Storage,PoRep,105.24641931,123.60121212,109.1811553,115.57640892,9.82,10.6,0.361,135.918,,57,107,0.228,44,-25.1
2020-09,2020,9,Q3,FIL,Filecoin,Storage,PoRep,115.57640892,141.33510038,120.13249899,130.55593504,12.96,13.2,0.421,153.534,,33,488,-0.092,47,7.5
2020-10,2020,10,Q4,FIL,Filecoin,Storage,PoRep,130.55593504,122.35382033,100.47161577,114.75249931,-12.1,14.6,0.231,134.949,,28,427,0.082,78,43.0
2020-11,2020,11,Q4,FIL,Filecoin,Storage,PoRep,114.75249931,180.20346652,162.30172437,173.200704,50.93,8.8,0.415,203.684,,68,167,0.317,61,-19.2
2020-12,2020,12,Q4,FIL,Filecoin,Storage,PoRep,173.200704,173.21121081,114.71951719,143.26031218,-17.29,24.9,0.268,168.474,,47,68,0.526,70,89.8
2021-01,2021,1,Q1,FIL,Filecoin,Storage,PoRep,143.26031218,236.84123366,215.54511482,229.19468318,59.98,8.7,0.302,269.533,,41,94,0.628,66,-25.0
2021-02,2021,2,Q1,FIL,Filecoin,Storage,PoRep,229.19468318,207.38725687,183.7249291,193.11119501,-15.74,14.4,0.679,227.099,,11,294,0.706,91,-18.2
2021-03,2021,3,Q1,FIL,Filecoin,Storage,PoRep,193.11119501,238.8989638,191.82998015,221.91919803,14.92,20.1,0.429,260.977,,32,326,1.0,90,10.8
2021-04,2021,4,Q2,FIL,Filecoin,Storage,PoRep,221.91919803,195.76597909,175.45273376,181.02407939,-18.43,9.6,0.546,212.884,,23,166,0.67,100,76.1
2021-05,2021,5,Q2,FIL,Filecoin,Storage,PoRep,181.02407939,128.53190997,106.3593978,116.65609606,-35.56,15.8,0.361,137.188,,9,139,0.131,53,11.9
2021-06,2021,6,Q2,FIL,Filecoin,Storage,PoRep,116.65609606,159.58343181,135.10651323,151.33765482,29.73,11.1,0.818,177.973,,26,268,0.122,60,-16.4
2021-07,2021,7,Q3,FIL,Filecoin,Storage,PoRep,151.33765482,117.10223152,97.05487066,107.89093602,-28.71,17.7,0.536,126.88,,119,50,0.076,50,31.1
2021-08,2021,8,Q3,FIL,Filecoin,Storage,PoRep,107.89093602,160.7267813,147.11276625,156.05434455,44.64,9.3,0.295,183.52,,8,148,0.379,68,16.5
2021-09,2021,9,Q3,FIL,Filecoin,Storage,PoRep,156.05434455,157.74568303,127.07151069,134.78806624,-13.63,18.2,0.492,158.511,,32,371,1.0,76,13.0
2021-10,2021,10,Q4,FIL,Filecoin,Storage,PoRep,134.78806624,147.97270449,95.63838032,120.32759755,-10.73,23.7,0.376,141.505,,9,142,0.301,86,-5.8
2021-11,2021,11,Q4,FIL,Filecoin,Storage,PoRep,120.32759755,177.32868525,133.02967965,155.21750205,29.0,20.5,0.355,182.536,,12,38,0.174,70,20.1
2021-12,2021,12,Q4,FIL,Filecoin,Storage,PoRep,155.21750205,136.12637193,109.83534688,129.07084046,-16.85,17.0,0.213,151.787,,35,118,0.351,60,-2.5
2022-01,2022,1,Q1,FIL,Filecoin,Storage,PoRep,129.07084046,76.03803488,58.88451869,65.92559977,-48.92,24.4,0.209,77.529,,87,171,0.369,34,-13.8
2022-02,2022,2,Q1,FIL,Filecoin,Storage,PoRep,65.92559977,67.68317627,54.01959978,57.75878925,-12.39,19.6,0.116,67.924,,24,125,0.333,57,16.1
2022-03,2022,3,Q1,FIL,Filecoin,Storage,PoRep,57.75878925,42.10028485,37.51840517,39.50371958,-31.61,10.7,0.108,46.456,,16,168,-0.163,16,10.1
2022-04,2022,4,Q2,FIL,Filecoin,Storage,PoRep,39.50371958,33.61598161,27.40053736,30.27718226,-23.36,16.0,0.089,35.606,,8,288,-0.297,41,-2.7
2022-05,2022,5,Q2,FIL,Filecoin,Storage,PoRep,30.27718226,27.67950787,22.77573202,25.28722164,-16.48,14.4,0.17,29.738,,12,116,0.049,35,2.1
2022-06,2022,6,Q2,FIL,Filecoin,Storage,PoRep,25.28722164,17.64815589,16.1425231,16.85587574,-33.34,9.5,0.144,19.823,,33,716,-0.191,31,-4.0
2022-07,2022,7,Q3,FIL,Filecoin,Storage,PoRep,16.85587574,16.29764703,13.53679744,14.61153573,-13.31,13.7,0.081,17.183,,18,229,-0.705,34,-9.4
2022-08,2022,8,Q3,FIL,Filecoin,Storage,PoRep,14.61153573,15.3695165,14.20091998,14.85665317,1.68,9.7,0.098,17.471,,66,260,-0.376,43,13.6
2022-09,2022,9,Q3,FIL,Filecoin,Storage,PoRep,14.85665317,16.16891972,13.89893576,14.92818472,0.48,13.8,0.038,17.556,,24,214,-0.683,41,1.4
2022-10,2022,10,Q4,FIL,Filecoin,Storage,PoRep,14.92818472,24.16182812,19.08632163,20.5655381,37.76,17.7,0.095,24.185,,14,311,-0.38,31,6.2
2022-11,2022,11,Q4,FIL,Filecoin,Storage,PoRep,20.5655381,22.12819581,17.83323133,19.22516747,-6.52,19.3,0.135,22.609,,69,141,-0.456,56,-11.6
2022-12,2022,12,Q4,FIL,Filecoin,Storage,PoRep,19.22516747,25.85819455,17.62853438,21.92639855,14.05,21.0,0.096,25.785,,9,220,-0.059,46,2.6
2023-01,2023,1,Q1,FIL,Filecoin,Storage,PoRep,21.92639855,33.58296365,27.52623499,31.53641539,43.83,17.1,0.252,37.087,,55,80,-0.449,50,-23.6
2023-02,2023,2,Q1,FIL,Filecoin,Storage,PoRep,31.53641539,39.23626713,30.45611688,34.43850543,9.2,15.0,0.185,40.5,,7,122,0.252,36,-18.3
2023-03,2023,3,Q1,FIL,Filecoin,Storage,PoRep,34.43850543,47.75865376,40.96284254,44.64234686,29.63,19.3,0.176,52.499,,43,132,-0.575,49,0.5
2023-04,2023,4,Q2,FIL,Filecoin,Storage,PoRep,44.64234686,47.36839272,35.208619,40.41357101,-9.47,21.5,0.092,47.526,,90,63,-0.008,47,-11.7
2023-05,2023,5,Q2,FIL,Filecoin,Storage,PoRep,40.41357101,57.46174604,49.430848,53.57590145,32.57,19.9,0.287,63.005,,18,315,-0.176,42,-11.2
2023-06,2023,6,Q2,FIL,Filecoin,Storage,PoRep,53.57590145,69.23459644,59.61881664,64.32631097,20.07,8.4,0.273,75.648,,63,232,-0.185,48,-20.6
2023-07,2023,7,Q3,FIL,Filecoin,Storage,PoRep,64.32631097,59.63480566,52.59414304,56.89439212,-11.55,8.3,0.089,66.908,,48,112,0.228,26,21.0
2023-08,2023,8,Q3,FIL,Filecoin,Storage,PoRep,56.89439212,92.22122654,69.08151472,83.44449939,46.67,18.1,0.262,98.131,,33,158,0.668,45,12.4
2023-09,2023,9,Q3,FIL,Filecoin,Storage,PoRep,83.44449939,81.44785969,71.85534598,74.61129392,-10.59,9.3,0.353,87.743,,23,206,0.363,64,-46.3
2023-10,2023,10,Q4,FIL,Filecoin,Storage,PoRep,74.61129392,106.36839178,74.01550431,92.155805,23.51,23.9,0.158,108.375,,3,68,0.249,57,-25.5
2023-11,2023,11,Q4,FIL,Filecoin,Storage,PoRep,92.155805,93.07942073,71.40444243,81.37548323,-11.7,16.8,0.573,95.698,,20,78,-0.201,37,15.7
2023-12,2023,12,Q4,FIL,Filecoin,Storage,PoRep,81.37548323,99.74006296,79.51363694,91.846109,12.87,22.8,0.269,108.011,,51,141,-0.055,65,-30.3
2024-01,2024,1,Q1,FIL,Filecoin,Storage,PoRep,91.846109,152.00662314,120.71644897,141.7540313,54.34,20.4,0.241,166.703,,14,235,0.275,70,12.9
2024-02,2024,2,Q1,FIL,Filecoin,Storage,PoRep,141.7540313,163.58521406,114.60428711,134.42664524,-5.17,23.2,0.293,158.086,,14,540,0.065,54,12.8
2024-03,2024,3,Q1,FIL,Filecoin,Storage,PoRep,134.42664524,153.17208738,123.4116146,136.41588377,1.48,15.2,0.666,160.425,,49,85,0.146,77,3.7
2024-04,2024,4,Q2,FIL,Filecoin,Storage,PoRep,136.41588377,221.33913239,191.70346977,202.09366628,48.15,11.6,0.598,237.662,,8,336,1.0,82,37.7
2024-05,2024,5,Q2,FIL,Filecoin,Storage,PoRep,202.09366628,170.30658103,139.46636176,155.36703478,-23.12,20.6,0.76,182.712,,23,248,0.784,60,-58.9
2024-06,2024,6,Q2,FIL,Filecoin,Storage,PoRep,155.36703478,164.74734691,137.87653288,151.35118223,-2.58,16.4,0.581,177.989,,13,445,0.361,69,-7.1
2024-07,2024,7,Q3,FIL,Filecoin,Storage,PoRep,151.35118223,182.92729453,120.77172385,153.35067777,1.32,23.5,0.269,180.34,,25,344,0.754,75,30.9
2024-08,2024,8,Q3,FIL,Filecoin,Storage,PoRep,153.35067777,193.871372,140.81134513,165.53077369,7.94,18.1,0.529,194.664,,28,130,0.522,71,-20.0
2024-09,2024,9,Q3,FIL,Filecoin,Storage,PoRep,165.53077369,160.50439568,139.08696488,146.47572134,-11.51,9.8,0.723,172.255,,22,285,0.483,58,24.2
2024-10,2024,10,Q4,FIL,Filecoin,Storage,PoRep,146.47572134,175.3803646,137.10148691,146.92687083,0.31,20.6,0.432,172.786,,66,112,0.108,69,-8.6
2024-11,2024,11,Q4,FIL,Filecoin,Storage,PoRep,146.92687083,128.98115903,115.05554446,120.73267275,-17.83,9.3,0.393,141.982,,52,466,0.547,64,50.0
2024-12,2024,12,Q4,FIL,Filecoin,Storage,PoRep,120.73267275,146.77156573,136.81365358,141.12786962,16.89,8.4,0.815,165.966,,27,440,0.428,78,-67.6
2025-01,2025,1,Q1,FIL,Filecoin,Storage,PoRep,141.12786962,176.29607572,153.49514124,165.31620808,17.14,16.8,0.206,194.412,,89,286,0.309,51,16.6
2025-02,2025,2,Q1,FIL,Filecoin,Storage,PoRep,165.31620808,149.30773487,127.9022054,139.1868047,-15.81,11.2,0.483,163.684,,22,703,0.422,73,-34.0
2025-03,2025,3,Q1,FIL,Filecoin,Storage,PoRep,139.1868047,214.75678885,174.12869407,186.06355559,33.68,18.7,0.609,218.811,,16,435,0.427,77,-30.6
2025-04,2025,4,Q2,FIL,Filecoin,Storage,PoRep,186.06355559,156.31208947,129.59930871,143.91347991,-22.65,11.5,0.21,169.242,,9,247,1.0,95,19.4
2025-05,2025,5,Q2,FIL,Filecoin,Storage,PoRep,143.91347991,208.32563844,163.10433715,179.28337229,24.58,19.9,0.638,210.837,,19,176,0.637,78,6.7
2025-06,2025,6,Q2,FIL,Filecoin,Storage,PoRep,179.28337229,188.19678704,154.383142,167.71451916,-6.45,13.0,0.516,197.232,,22,185,0.472,72,-30.1
2025-07,2025,7,Q3,FIL,Filecoin,Storage,PoRep,167.71451916,213.56850565,167.94790713,193.90331573,15.62,17.8,0.801,228.03,,20,186,0.514,65,-20.7
2025-08,2025,8,Q3,FIL,Filecoin,Storage,PoRep,193.90331573,237.83132727,192.35361502,222.23991577,14.61,19.6,0.27,261.354,,38,127,0.809,84,5.2
2025-09,2025,9,Q3,FIL,Filecoin,Storage,PoRep,222.23991577,245.21125216,204.8045307,228.29069526,2.72,11.7,0.256,268.47,,30,193,0.9,87,25.2
2025-10,2025,10,Q4,FIL,Filecoin,Storage,PoRep,228.29069526,262.45219073,195.15465673,229.31056037,0.45,21.2,0.665,269.669,,27,1538,0.955,61,-7.8
2025-11,2025,11,Q4,FIL,Filecoin,Storage,PoRep,229.31056037,234.72066717,195.07417023,219.54823584,-4.26,12.0,0.276,258.189,,30,129,0.844,86,62.4
2025-12,2025,12,Q4,FIL,Filecoin,Storage,PoRep,219.54823584,233.94221383,207.62619264,217.4945316,-0.94,13.3,0.426,255.774,,33,277,0.111,71,5.9
2026-01,2026,1,Q1,FIL,Filecoin,Storage,PoRep,217.4945316,248.12819462,192.02365543,208.10740704,-4.32,20.1,0.281,244.734,,22,174,1.0,78,33.4
2026-02,2026,2,Q1,FIL,Filecoin,Storage,PoRep,208.10740704,157.67054027,145.76244323,151.0249986,-27.43,10.0,0.836,177.605,,18,261,0.961,64,-46.3
2026-03,2026,3,Q1,FIL,Filecoin,Storage,PoRep,151.0249986,229.14409054,172.21570553,202.46093386,34.06,18.3,0.636,238.094,,20,263,0.605,81,-21.9
2021-01,2021,1,Q1,ICP,Internet Computer,Smart Contract,PoS,633.79277504,742.13274097,636.05257644,705.24021452,11.27,13.2,0.926,705.24,,60,292,0.674,74,5.4
2021-02,2021,2,Q1,ICP,Internet Computer,Smart Contract,PoS,705.24021452,615.22604504,558.31325571,577.25062071,-18.15,10.5,0.171,577.251,,30,38,0.817,88,52.6
2021-03,2021,3,Q1,ICP,Internet Computer,Smart Contract,PoS,577.25062071,721.81635896,572.87912958,643.58122707,11.49,18.2,0.526,643.581,,21,136,0.744,74,68.3
2021-04,2021,4,Q2,ICP,Internet Computer,Smart Contract,PoS,643.58122707,903.6404271,779.91060959,841.48351449,30.75,14.5,0.482,841.484,,30,270,0.639,100,-46.7
2021-05,2021,5,Q2,ICP,Internet Computer,Smart Contract,PoS,841.48351449,451.48373514,377.95012937,419.08701873,-50.2,16.5,0.444,419.087,,11,726,0.866,75,36.0
2021-06,2021,6,Q2,ICP,Internet Computer,Smart Contract,PoS,419.08701873,460.71394796,379.69336386,409.68192285,-2.24,16.9,0.239,409.682,,35,987,0.585,75,-47.9
2021-07,2021,7,Q3,ICP,Internet Computer,Smart Contract,PoS,409.68192285,502.78312498,415.02505756,460.70669155,12.45,11.9,0.219,460.707,,4,143,0.333,63,-14.4
2021-08,2021,8,Q3,ICP,Internet Computer,Smart Contract,PoS,460.70669155,560.92732039,473.84976412,511.76589117,11.08,11.9,0.592,511.766,,39,184,0.744,46,-2.0
2021-09,2021,9,Q3,ICP,Internet Computer,Smart Contract,PoS,511.76589117,490.05084093,425.82695536,474.02820733,-7.37,11.2,0.397,474.028,,19,110,0.623,70,24.8
2021-10,2021,10,Q4,ICP,Internet Computer,Smart Contract,PoS,474.02820733,453.54170062,408.16411189,427.95629487,-9.72,10.9,0.385,427.956,,42,364,0.753,57,-36.1
2021-11,2021,11,Q4,ICP,Internet Computer,Smart Contract,PoS,427.95629487,578.6786015,422.7814971,518.35335938,21.12,19.9,0.804,518.353,,259,85,0.636,65,-21.8
2021-12,2021,12,Q4,ICP,Internet Computer,Smart Contract,PoS,518.35335938,376.00757194,298.62939624,323.81321302,-37.53,21.7,0.772,323.813,,27,233,-0.098,67,42.3
2022-01,2022,1,Q1,ICP,Internet Computer,Smart Contract,PoS,323.81321302,212.05551001,171.78150877,195.16686857,-39.73,24.3,0.272,195.167,,35,336,-0.132,56,3.8
2022-02,2022,2,Q1,ICP,Internet Computer,Smart Contract,PoS,195.16686857,154.82004699,132.53193031,144.49573353,-25.96,9.8,0.327,144.496,,26,287,-0.114,34,-8.4
2022-03,2022,3,Q1,ICP,Internet Computer,Smart Contract,PoS,144.49573353,171.7643793,123.44733251,156.95093024,8.62,23.9,0.423,156.951,,37,117,-0.516,30,-22.9
2022-04,2022,4,Q2,ICP,Internet Computer,Smart Contract,PoS,156.95093024,119.00346336,99.8221813,110.64178788,-29.51,11.8,0.147,110.642,,37,79,-0.588,23,-1.5
2022-05,2022,5,Q2,ICP,Internet Computer,Smart Contract,PoS,110.64178788,116.68082672,101.16879547,106.87892596,-3.4,9.5,0.055,106.879,,27,124,-0.426,61,2.3
2022-06,2022,6,Q2,ICP,Internet Computer,Smart Contract,PoS,106.87892596,51.44727996,43.44722161,47.72546952,-55.35,9.7,0.049,47.725,,88,208,-0.661,43,2.1
2022-07,2022,7,Q3,ICP,Internet Computer,Smart Contract,PoS,47.72546952,49.88829652,41.11723839,45.79550239,-4.04,12.2,0.053,45.796,,22,400,-0.048,31,5.7
2022-08,2022,8,Q3,ICP,Internet Computer,Smart Contract,PoS,45.79550239,61.88325165,49.70801191,56.61204802,23.62,15.1,0.064,56.612,,6,73,-0.233,35,10.3
2022-09,2022,9,Q3,ICP,Internet Computer,Smart Contract,PoS,56.61204802,70.96508224,47.08647182,59.94633258,5.89,23.2,0.05,59.946,,12,204,-0.012,34,-8.7
2022-10,2022,10,Q4,ICP,Internet Computer,Smart Contract,PoS,59.94633258,48.89194242,44.02827517,45.89996642,-23.43,10.9,0.122,45.9,,27,208,-0.6,29,0.6
2022-11,2022,11,Q4,ICP,Internet Computer,Smart Contract,PoS,45.89996642,57.86953107,48.93047101,52.38402923,14.13,10.9,0.083,52.384,,49,468,-0.53,34,-7.7
2022-12,2022,12,Q4,ICP,Internet Computer,Smart Contract,PoS,52.38402923,65.21622271,49.22949311,59.42455434,13.44,21.0,0.085,59.425,,20,174,-0.725,36,11.0
2023-01,2023,1,Q1,ICP,Internet Computer,Smart Contract,PoS,59.42455434,116.11536239,94.931546,105.15498292,76.96,17.1,0.139,105.155,,95,91,-0.543,33,-8.3
2023-02,2023,2,Q1,ICP,Internet Computer,Smart Contract,PoS,105.15498292,166.82951852,130.6093948,152.21994364,44.76,20.1,0.127,152.22,,51,540,-0.091,27,-8.8
2023-03,2023,3,Q1,ICP,Internet Computer,Smart Contract,PoS,152.21994364,160.40818107,133.77499009,142.75535395,-6.22,13.0,0.318,142.755,,77,90,-0.169,43,8.9
2023-04,2023,4,Q2,ICP,Internet Computer,Smart Contract,PoS,142.75535395,191.91249096,149.24583584,178.85898661,25.29,17.7,0.143,178.859,,43,204,-0.126,55,10.3
2023-05,2023,5,Q2,ICP,Internet Computer,Smart Contract,PoS,178.85898661,239.65711228,164.59519494,200.02316971,11.83,23.3,0.135,200.023,,5,517,-0.118,30,-9.2
2023-06,2023,6,Q2,ICP,Internet Computer,Smart Contract,PoS,200.02316971,221.87681556,169.12799915,186.77957283,-6.62,24.0,0.219,186.78,,9,104,-0.0,58,7.3
2023-07,2023,7,Q3,ICP,Internet Computer,Smart Contract,PoS,186.77957283,247.24852824,218.49626358,236.14238277,26.43,8.1,0.355,236.142,,21,289,-0.152,61,11.3
2023-08,2023,8,Q3,ICP,Internet Computer,Smart Contract,PoS,236.14238277,212.80290339,170.71667853,192.587086,-18.44,12.7,0.129,192.587,,30,404,-0.224,43,-15.4
2023-09,2023,9,Q3,ICP,Internet Computer,Smart Contract,PoS,192.587086,357.46702525,257.86124666,295.58356036,53.48,21.8,0.265,295.584,,51,92,0.228,51,1.2
2023-10,2023,10,Q4,ICP,Internet Computer,Smart Contract,PoS,295.58356036,267.37453329,224.9638204,243.28366977,-17.69,11.7,0.229,243.284,,56,705,-0.058,49,7.7
2023-11,2023,11,Q4,ICP,Internet Computer,Smart Contract,PoS,243.28366977,248.12645869,226.72364224,240.93849245,-0.96,9.4,0.53,240.938,,105,217,0.085,55,0.9
2023-12,2023,12,Q4,ICP,Internet Computer,Smart Contract,PoS,240.93849245,340.16172913,300.83241446,319.69944129,32.69,19.6,0.215,319.699,,42,131,0.398,50,7.2
2024-01,2024,1,Q1,ICP,Internet Computer,Smart Contract,PoS,319.69944129,366.3089984,317.56397983,351.36282483,9.9,12.3,0.392,351.363,,36,699,0.356,78,-28.1
2024-02,2024,2,Q1,ICP,Internet Computer,Smart Contract,PoS,351.36282483,426.26640701,328.16836657,402.01728392,14.42,20.1,0.318,402.017,,73,178,0.419,70,26.4
2024-03,2024,3,Q1,ICP,Internet Computer,Smart Contract,PoS,402.01728392,671.26524727,476.8229391,611.33472376,52.07,23.1,0.293,611.335,,42,119,0.71,52,-11.8
2024-04,2024,4,Q2,ICP,Internet Computer,Smart Contract,PoS,611.33472376,707.3711525,551.16082979,649.24197387,6.2,21.1,0.509,649.242,,39,164,0.242,68,9.7
2024-05,2024,5,Q2,ICP,Internet Computer,Smart Contract,PoS,649.24197387,645.46665009,574.39083843,615.38242574,-5.22,10.3,0.279,615.382,,50,440,0.709,67,-1.6
2024-06,2024,6,Q2,ICP,Internet Computer,Smart Contract,PoS,615.38242574,657.65748927,600.722362,622.50538137,1.16,10.9,0.354,622.505,,83,65,0.739,70,1.0
2024-07,2024,7,Q3,ICP,Internet Computer,Smart Contract,PoS,622.50538137,582.12103335,438.24662706,510.1964234,-18.04,14.3,0.149,510.196,,11,169,-0.059,70,-37.7
2024-08,2024,8,Q3,ICP,Internet Computer,Smart Contract,PoS,510.1964234,437.29795438,367.86732588,415.38336176,-18.58,13.0,0.542,415.383,,26,465,0.148,61,21.2
2024-09,2024,9,Q3,ICP,Internet Computer,Smart Contract,PoS,415.38336176,381.77392169,340.52647649,367.59373424,-11.5,11.5,0.211,367.594,,26,141,0.286,63,0.6
2024-10,2024,10,Q4,ICP,Internet Computer,Smart Contract,PoS,367.59373424,527.80155986,440.64284503,496.05617415,34.95,17.6,0.139,496.056,,61,278,0.342,79,-12.2
2024-11,2024,11,Q4,ICP,Internet Computer,Smart Contract,PoS,496.05617415,502.30298124,425.32400531,471.27229318,-5.0,10.0,0.418,471.272,,45,241,0.281,75,-17.1
2024-12,2024,12,Q4,ICP,Internet Computer,Smart Contract,PoS,471.27229318,491.86471509,340.28761486,427.50383346,-9.29,22.3,0.31,427.504,,18,170,1.0,62,32.3
2025-01,2025,1,Q1,ICP,Internet Computer,Smart Contract,PoS,427.50383346,433.89196959,356.43357169,407.75966493,-4.62,21.2,0.339,407.76,,62,74,0.313,65,-9.3
2025-02,2025,2,Q1,ICP,Internet Computer,Smart Contract,PoS,407.75966493,476.8217936,394.03368017,444.66997929,9.05,14.1,0.11,444.67,,40,253,0.352,65,-15.5
2025-03,2025,3,Q1,ICP,Internet Computer,Smart Contract,PoS,444.66997929,621.14776559,465.65047281,537.56249755,20.89,19.9,0.355,537.562,,16,177,0.907,83,-25.7
2025-04,2025,4,Q2,ICP,Internet Computer,Smart Contract,PoS,537.56249755,687.14846763,584.81701597,650.06280968,20.93,12.6,0.301,650.063,,24,374,0.58,79,32.8
2025-05,2025,5,Q2,ICP,Internet Computer,Smart Contract,PoS,650.06280968,603.77391668,479.8199711,546.7229247,-15.9,14.2,0.34,546.723,,50,41,0.272,83,57.5
2025-06,2025,6,Q2,ICP,Internet Computer,Smart Contract,PoS,546.7229247,586.03964978,486.76298218,517.3949465,-5.36,19.2,0.143,517.395,,26,231,0.927,84,-2.7
2025-07,2025,7,Q3,ICP,Internet Computer,Smart Contract,PoS,517.3949465,668.25776959,459.39280052,570.7750547,10.32,24.2,0.615,570.775,,30,184,0.518,64,27.1
2025-08,2025,8,Q3,ICP,Internet Computer,Smart Contract,PoS,570.7750547,699.71547847,631.83152101,675.92568701,18.42,8.0,0.426,675.926,,34,83,0.451,73,54.9
2025-09,2025,9,Q3,ICP,Internet Computer,Smart Contract,PoS,675.92568701,692.91052541,539.9215721,617.25853353,-8.68,17.4,0.433,617.259,,37,117,0.14,88,-3.9
2025-10,2025,10,Q4,ICP,Internet Computer,Smart Contract,PoS,617.25853353,660.9592969,492.56339094,589.14909323,-4.55,21.6,0.37,589.149,,20,702,0.348,80,19.5
2025-11,2025,11,Q4,ICP,Internet Computer,Smart Contract,PoS,589.14909323,680.90526302,567.4150775,629.24564678,6.81,10.1,0.364,629.246,,29,400,0.986,71,-98.9
2025-12,2025,12,Q4,ICP,Internet Computer,Smart Contract,PoS,629.24564678,572.67821094,508.39316055,536.55534719,-14.73,10.3,0.383,536.555,,11,111,1.0,68,-8.2
2026-01,2026,1,Q1,ICP,Internet Computer,Smart Contract,PoS,536.55534719,602.26623094,429.16516652,558.27741091,4.05,23.4,0.574,558.277,,45,228,0.588,80,73.4
2026-02,2026,2,Q1,ICP,Internet Computer,Smart Contract,PoS,558.27741091,532.45629182,420.6289195,480.71135267,-13.89,15.0,0.647,480.711,,24,389,0.508,83,8.4
2026-03,2026,3,Q1,ICP,Internet Computer,Smart Contract,PoS,480.71135267,577.69807135,432.15248225,481.01078868,0.06,20.1,0.513,481.011,,74,168,0.339,71,20.8
2020-01,2020,1,Q1,FLOW,Flow,NFT Platform,PoS,7.92848436,8.23447424,6.90826695,7.58548695,-4.33,17.3,0.461,7.585,,14,29,-0.508,37,-27.8
2020-02,2020,2,Q1,FLOW,Flow,NFT Platform,PoS,7.58548695,13.89419347,10.49959171,12.23054473,61.24,19.5,0.229,12.231,,17,217,-0.112,43,10.4
2020-03,2020,3,Q1,FLOW,Flow,NFT Platform,PoS,12.23054473,14.54885773,11.44706709,13.08513951,6.99,22.9,0.073,13.085,,17,396,-0.019,41,6.0
2020-04,2020,4,Q2,FLOW,Flow,NFT Platform,PoS,13.08513951,14.98988178,10.83124124,13.65566221,4.36,22.5,0.084,13.656,,35,125,-0.014,44,-1.5
2020-05,2020,5,Q2,FLOW,Flow,NFT Platform,PoS,13.65566221,17.33458156,14.12374928,15.76308006,15.43,11.9,0.243,15.763,,72,422,0.327,65,-4.6
2020-06,2020,6,Q2,FLOW,Flow,NFT Platform,PoS,15.76308006,20.1888348,18.07537371,19.49220185,23.66,10.3,0.229,19.492,,33,122,0.395,54,83.8
2020-07,2020,7,Q3,FLOW,Flow,NFT Platform,PoS,19.49220185,20.35797505,13.26980507,16.75872282,-14.02,25.0,0.226,16.759,,59,134,0.017,48,12.2
2020-08,2020,8,Q3,FLOW,Flow,NFT Platform,PoS,16.75872282,23.71671698,20.24245547,21.656015,29.22,15.1,0.138,21.656,,13,210,0.309,51,-2.0
2020-09,2020,9,Q3,FLOW,Flow,NFT Platform,PoS,21.656015,26.21245245,22.124749,23.4916236,8.48,11.9,0.257,23.492,,30,403,-0.157,72,-30.2
2020-10,2020,10,Q4,FLOW,Flow,NFT Platform,PoS,23.4916236,35.83328369,26.90335518,30.9997968,31.96,19.9,0.368,31.0,,37,300,0.608,77,38.2
2020-11,2020,11,Q4,FLOW,Flow,NFT Platform,PoS,30.9997968,24.42403209,22.71049657,23.37067804,-24.61,8.3,0.359,23.371,,18,246,0.647,65,-14.6
2020-12,2020,12,Q4,FLOW,Flow,NFT Platform,PoS,23.37067804,35.7256726,30.99263776,34.40240041,47.2,10.9,0.255,34.402,,48,30,0.795,81,21.9
2021-01,2021,1,Q1,FLOW,Flow,NFT Platform,PoS,34.40240041,48.97394474,39.77207779,42.88786517,24.67,14.7,0.245,42.888,,40,118,0.895,67,-39.2
2021-02,2021,2,Q1,FLOW,Flow,NFT Platform,PoS,42.88786517,40.03503986,30.64368549,35.65527425,-16.86,15.8,0.277,35.655,,35,171,0.959,94,-14.0
2021-03,2021,3,Q1,FLOW,Flow,NFT Platform,PoS,35.65527425,36.31179689,33.15111783,34.53642286,-3.14,8.9,0.412,34.536,,32,192,0.645,73,28.2
2021-04,2021,4,Q2,FLOW,Flow,NFT Platform,PoS,34.53642286,56.51905555,40.64871172,49.82316261,44.26,24.3,0.282,49.823,,51,386,0.469,80,-38.6
2021-05,2021,5,Q2,FLOW,Flow,NFT Platform,PoS,49.82316261,24.55643169,19.4151503,21.11884361,-57.61,17.0,0.51,21.119,,32,411,0.186,57,-10.1
2021-06,2021,6,Q2,FLOW,Flow,NFT Platform,PoS,21.11884361,23.17291406,19.06824829,21.2629689,0.68,19.4,0.222,21.263,,21,92,0.025,66,-72.1
2021-07,2021,7,Q3,FLOW,Flow,NFT Platform,PoS,21.2629689,32.1700497,26.62332082,29.49245882,38.7,21.0,0.286,29.492,,28,259,0.509,54,-26.9
2021-08,2021,8,Q3,FLOW,Flow,NFT Platform,PoS,29.49245882,29.24196424,25.86184425,27.95607997,-5.21,10.0,0.303,27.956,,13,53,0.192,51,-7.6
2021-09,2021,9,Q3,FLOW,Flow,NFT Platform,PoS,27.95607997,23.77135237,20.93624843,22.4586668,-19.66,14.3,0.286,22.459,,4,124,0.761,67,14.2
2021-10,2021,10,Q4,FLOW,Flow,NFT Platform,PoS,22.4586668,26.54072929,23.01538618,25.08083485,11.68,12.6,0.173,25.081,,53,91,0.29,54,-22.9
2021-11,2021,11,Q4,FLOW,Flow,NFT Platform,PoS,25.08083485,30.00520174,24.46794774,26.86684087,7.12,24.5,0.272,26.867,,29,622,0.842,79,-21.1
2021-12,2021,12,Q4,FLOW,Flow,NFT Platform,PoS,26.86684087,27.68430721,22.29205986,25.01089457,-6.91,11.5,0.276,25.011,,19,535,-0.121,47,7.0
2022-01,2022,1,Q1,FLOW,Flow,NFT Platform,PoS,25.01089457,12.62170327,9.42169128,11.20688439,-55.19,21.2,0.18,11.207,,24,328,-0.028,40,-14.5
2022-02,2022,2,Q1,FLOW,Flow,NFT Platform,PoS,11.20688439,9.26948195,7.39046021,8.5426497,-23.77,22.6,0.121,8.543,,26,1138,-0.412,30,-8.7
2022-03,2022,3,Q1,FLOW,Flow,NFT Platform,PoS,8.5426497,10.02230474,8.90979124,9.67766562,13.29,8.6,0.188,9.678,,33,395,-0.315,57,-0.5
2022-04,2022,4,Q2,FLOW,Flow,NFT Platform,PoS,9.67766562,7.11644768,5.51730809,5.95551144,-38.46,19.5,0.103,5.956,,47,136,0.4,32,8.3
2022-05,2022,5,Q2,FLOW,Flow,NFT Platform,PoS,5.95551144,5.68107148,4.7802384,5.10353302,-14.31,12.0,0.23,5.104,,34,285,-0.007,31,-4.7
2022-06,2022,6,Q2,FLOW,Flow,NFT Platform,PoS,5.10353302,3.54084348,2.97907648,3.17144761,-37.86,12.3,0.064,3.171,,15,365,-1.0,18,-3.8
2022-07,2022,7,Q3,FLOW,Flow,NFT Platform,PoS,3.17144761,2.82565858,2.52686511,2.73542563,-13.75,8.3,0.103,2.735,,19,501,-0.933,42,4.1
2022-08,2022,8,Q3,FLOW,Flow,NFT Platform,PoS,2.73542563,3.42898238,2.43716612,2.97777639,8.86,24.1,0.048,2.978,,10,67,-0.746,23,5.7
2022-09,2022,9,Q3,FLOW,Flow,NFT Platform,PoS,2.97777639,3.76127295,3.20726896,3.46367173,16.32,10.8,0.051,3.464,,18,695,-0.253,31,0.2
2022-10,2022,10,Q4,FLOW,Flow,NFT Platform,PoS,3.46367173,3.71760419,2.52584916,3.1640077,-8.65,22.7,0.06,3.164,,44,39,-0.249,35,-15.8
2022-11,2022,11,Q4,FLOW,Flow,NFT Platform,PoS,3.1640077,4.72221898,3.26496624,4.19330576,32.53,22.7,0.059,4.193,,42,464,-0.684,18,-1.3
2022-12,2022,12,Q4,FLOW,Flow,NFT Platform,PoS,4.19330576,4.28151917,3.45174083,3.91033954,-6.75,13.3,0.035,3.91,,69,181,-0.377,8,1.5
2023-01,2023,1,Q1,FLOW,Flow,NFT Platform,PoS,3.91033954,6.8959704,5.77254603,6.21504933,58.94,11.0,0.06,6.215,,27,881,-0.535,29,27.1
2023-02,2023,2,Q1,FLOW,Flow,NFT Platform,PoS,6.21504933,9.05681528,6.55648979,8.01675811,28.99,21.8,0.29,8.017,,106,285,-0.037,31,7.4
2023-03,2023,3,Q1,FLOW,Flow,NFT Platform,PoS,8.01675811,8.55449894,7.0814793,7.615056,-5.01,13.9,0.137,7.615,,94,358,0.263,25,-5.8
2023-04,2023,4,Q2,FLOW,Flow,NFT Platform,PoS,7.615056,10.01748072,7.64084473,8.66451355,13.78,22.5,0.137,8.665,,19,236,-0.392,27,12.2
2023-05,2023,5,Q2,FLOW,Flow,NFT Platform,PoS,8.66451355,12.61976774,10.8186731,11.62800483,34.2,17.2,0.146,11.628,,17,135,0.183,25,-0.2
2023-06,2023,6,Q2,FLOW,Flow,NFT Platform,PoS,11.62800483,12.44319083,10.20987148,11.27654948,-3.02,12.4,0.074,11.277,,27,204,-0.275,42,-30.4
2023-07,2023,7,Q3,FLOW,Flow,NFT Platform,PoS,11.27654948,16.6430242,13.81317409,14.51467643,28.72,16.0,0.097,14.515,,44,40,0.115,43,-15.9
2023-08,2023,8,Q3,FLOW,Flow,NFT Platform,PoS,14.51467643,14.73673746,12.07936289,13.3128007,-8.28,12.8,0.278,13.313,,21,81,0.542,46,36.0
2023-09,2023,9,Q3,FLOW,Flow,NFT Platform,PoS,13.3128007,12.99336099,11.43704002,12.41066762,-6.78,8.7,0.31,12.411,,15,204,0.041,45,-29.7
2023-10,2023,10,Q4,FLOW,Flow,NFT Platform,PoS,12.41066762,15.58559417,13.5185837,14.41870183,16.18,12.5,0.098,14.419,,54,244,0.392,63,34.9
2023-11,2023,11,Q4,FLOW,Flow,NFT Platform,PoS,14.41870183,22.51027373,16.36037443,19.14884262,32.81,22.0,0.76,19.149,,9,100,-0.133,48,1.2
2023-12,2023,12,Q4,FLOW,Flow,NFT Platform,PoS,19.14884262,20.98763569,18.55417478,19.26516967,0.61,12.3,0.167,19.265,,42,374,-0.23,58,-28.7
2024-01,2024,1,Q1,FLOW,Flow,NFT Platform,PoS,19.26516967,31.54367287,22.53398047,26.37253697,36.89,22.3,0.261,26.373,,59,78,0.355,78,8.6
2024-02,2024,2,Q1,FLOW,Flow,NFT Platform,PoS,26.37253697,31.12239876,27.61982243,29.31613213,11.16,8.7,0.657,29.316,,16,38,0.173,76,14.2
2024-03,2024,3,Q1,FLOW,Flow,NFT Platform,PoS,29.31613213,35.29995731,28.7574183,32.78552108,11.83,21.0,0.844,32.786,,37,176,0.137,76,-31.8
2024-04,2024,4,Q2,FLOW,Flow,NFT Platform,PoS,32.78552108,33.12358007,26.39676122,30.78728298,-6.09,24.2,0.494,30.787,,186,256,0.366,69,89.8
2024-05,2024,5,Q2,FLOW,Flow,NFT Platform,PoS,30.78728298,34.75061944,31.20377187,32.34499577,5.06,10.4,0.619,32.345,,97,300,1.0,61,-13.7
2024-06,2024,6,Q2,FLOW,Flow,NFT Platform,PoS,32.34499577,39.41437383,32.08798857,34.46013628,6.54,19.9,1.088,34.46,,44,315,0.466,82,4.0
2024-07,2024,7,Q3,FLOW,Flow,NFT Platform,PoS,34.46013628,32.6128268,25.19841076,28.45986686,-17.41,14.7,0.254,28.46,,37,171,0.553,80,-4.6
2024-08,2024,8,Q3,FLOW,Flow,NFT Platform,PoS,28.45986686,26.25481263,23.39929162,24.6205657,-13.49,14.7,0.122,24.621,,8,367,0.081,74,48.0
2024-09,2024,9,Q3,FLOW,Flow,NFT Platform,PoS,24.6205657,35.13725307,31.62983506,32.79955228,33.22,10.3,0.273,32.8,,31,476,0.546,67,15.9
2024-10,2024,10,Q4,FLOW,Flow,NFT Platform,PoS,32.79955228,31.09572305,26.35594471,29.16324526,-11.09,16.8,0.882,29.163,,28,213,0.587,54,-20.9
2024-11,2024,11,Q4,FLOW,Flow,NFT Platform,PoS,29.16324526,27.60241448,21.46486762,24.8483697,-14.8,23.5,0.629,24.848,,14,37,0.821,79,31.7
2024-12,2024,12,Q4,FLOW,Flow,NFT Platform,PoS,24.8483697,31.25165872,25.60681024,28.58202102,15.03,11.9,0.852,28.582,,50,130,0.638,75,-6.7
2025-01,2025,1,Q1,FLOW,Flow,NFT Platform,PoS,28.58202102,38.94710957,31.39141828,35.39883673,23.85,11.9,0.292,35.399,,88,113,0.92,70,-56.7
2025-02,2025,2,Q1,FLOW,Flow,NFT Platform,PoS,35.39883673,43.54293534,29.49438909,35.97568892,1.63,22.0,0.275,35.976,,27,112,0.378,55,-33.5
2025-03,2025,3,Q1,FLOW,Flow,NFT Platform,PoS,35.97568892,45.57325864,34.60866414,38.62778717,7.37,18.9,0.303,38.628,,17,126,0.426,75,-4.8
2025-04,2025,4,Q2,FLOW,Flow,NFT Platform,PoS,38.62778717,30.66685126,25.48588429,28.60146456,-25.96,18.0,0.308,28.601,,33,69,0.531,90,-44.1
2025-05,2025,5,Q2,FLOW,Flow,NFT Platform,PoS,28.60146456,44.66981287,36.28161895,40.61249181,41.99,21.8,0.282,40.612,,92,439,0.396,63,-36.2
2025-06,2025,6,Q2,FLOW,Flow,NFT Platform,PoS,40.61249181,32.35291227,26.91469132,29.41699618,-27.57,13.1,0.219,29.417,,26,408,0.43,68,-7.6
2025-07,2025,7,Q3,FLOW,Flow,NFT Platform,PoS,29.41699618,45.3237151,38.09678182,41.90454496,42.45,16.7,0.267,41.905,,13,318,0.616,74,-82.9
2025-08,2025,8,Q3,FLOW,Flow,NFT Platform,PoS,41.90454496,42.06466489,33.95490402,36.88998401,-11.97,24.2,0.173,36.89,,28,309,0.573,64,-31.1
2025-09,2025,9,Q3,FLOW,Flow,NFT Platform,PoS,36.88998401,33.83985439,30.79308441,32.87680165,-10.88,9.3,0.239,32.877,,52,124,0.515,70,16.7
2025-10,2025,10,Q4,FLOW,Flow,NFT Platform,PoS,32.87680165,46.60158463,40.96109864,44.59888236,35.65,9.6,0.472,44.599,,54,249,0.735,83,55.6
2025-11,2025,11,Q4,FLOW,Flow,NFT Platform,PoS,44.59888236,45.97982059,39.97072153,42.62639667,-4.42,8.8,0.214,42.626,,25,148,0.849,86,14.5
2025-12,2025,12,Q4,FLOW,Flow,NFT Platform,PoS,42.62639667,32.48955179,27.20985501,30.03147151,-29.55,14.7,0.28,30.031,,17,506,0.098,78,26.5
2026-01,2026,1,Q1,FLOW,Flow,NFT Platform,PoS,30.03147151,44.85341235,36.98422116,40.75759921,35.72,11.2,0.358,40.758,,26,357,0.408,68,-58.7
2026-02,2026,2,Q1,FLOW,Flow,NFT Platform,PoS,40.75759921,42.29613048,28.54895228,36.35076427,-10.81,24.6,0.516,36.351,,39,309,0.683,72,3.2
2026-03,2026,3,Q1,FLOW,Flow,NFT Platform,PoS,36.35076427,45.80641387,37.78804516,40.16659085,10.5,18.8,0.535,40.167,,21,353,0.45,73,13.4
2018-01,2018,1,Q1,XTZ,Tezos,Smart Contract,LPoS,1.53423366,1.59340378,1.40644,1.46317217,-4.63,9.1,0.221,1.463,,74,380,-0.052,29,17.9
2018-02,2018,2,Q1,XTZ,Tezos,Smart Contract,LPoS,1.46317217,1.47278419,1.2417548,1.37719267,-5.88,13.1,0.171,1.377,,24,167,-0.46,49,12.4
2018-03,2018,3,Q1,XTZ,Tezos,Smart Contract,LPoS,1.37719267,1.5640647,1.35345546,1.48690225,7.97,10.1,0.096,1.487,,33,42,-0.633,49,-10.2
2018-04,2018,4,Q2,XTZ,Tezos,Smart Contract,LPoS,1.48690225,1.14606463,0.8998832,1.03491088,-30.4,23.5,0.097,1.035,,19,303,-0.323,42,-7.7
2018-05,2018,5,Q2,XTZ,Tezos,Smart Contract,LPoS,1.03491088,1.46826229,1.29934401,1.38218415,33.56,9.2,0.148,1.382,,10,115,-0.43,25,-1.7
2018-06,2018,6,Q2,XTZ,Tezos,Smart Contract,LPoS,1.38218415,1.1583199,0.87771226,1.0357201,-25.07,22.5,0.102,1.036,,18,189,0.089,37,0.5
2018-07,2018,7,Q3,XTZ,Tezos,Smart Contract,LPoS,1.0357201,1.20314531,0.89286822,1.02732532,-0.81,24.9,0.043,1.027,,33,150,-0.653,49,4.7
2018-08,2018,8,Q3,XTZ,Tezos,Smart Contract,LPoS,1.02732532,1.10282927,0.95696668,1.00070644,-2.59,10.6,0.164,1.001,,18,316,-0.387,47,10.5
2018-09,2018,9,Q3,XTZ,Tezos,Smart Contract,LPoS,1.00070644,0.84834005,0.72692002,0.79288688,-20.77,10.6,0.105,0.793,,46,79,0.231,38,-2.4
2018-10,2018,10,Q4,XTZ,Tezos,Smart Contract,LPoS,0.79288688,0.89661962,0.68499846,0.80015316,0.92,23.9,0.108,0.8,,29,70,-0.397,25,-16.1
2018-11,2018,11,Q4,XTZ,Tezos,Smart Contract,LPoS,0.80015316,0.89567408,0.67288432,0.75396311,-5.77,22.7,0.126,0.754,,10,385,-0.392,37,-4.1
2018-12,2018,12,Q4,XTZ,Tezos,Smart Contract,LPoS,0.75396311,0.8399455,0.66896416,0.71398121,-5.3,19.1,0.059,0.714,,19,290,0.066,37,15.3
2019-01,2019,1,Q1,XTZ,Tezos,Smart Contract,LPoS,0.71398121,1.07757315,0.91921703,1.00883562,41.3,12.9,0.15,1.009,,25,137,-0.379,35,-6.5
2019-02,2019,2,Q1,XTZ,Tezos,Smart Contract,LPoS,1.00883562,1.56489344,1.31094334,1.3831296,37.1,15.6,0.197,1.383,,12,100,-0.283,41,-1.1
2019-03,2019,3,Q1,XTZ,Tezos,Smart Contract,LPoS,1.3831296,1.51134544,1.27301489,1.40502955,1.58,12.1,0.185,1.405,,33,315,-0.353,41,17.3
2019-04,2019,4,Q2,XTZ,Tezos,Smart Contract,LPoS,1.40502955,1.30137442,0.99353293,1.16970579,-16.75,15.3,0.115,1.17,,10,244,-0.894,40,-9.2
2019-05,2019,5,Q2,XTZ,Tezos,Smart Contract,LPoS,1.16970579,1.77321339,1.33204761,1.52329709,30.23,16.7,0.139,1.523,,13,471,-0.015,37,-0.2
2019-06,2019,6,Q2,XTZ,Tezos,Smart Contract,LPoS,1.52329709,1.50241834,1.26901602,1.40694492,-7.64,13.9,0.125,1.407,,22,252,-0.121,44,-6.8
2019-07,2019,7,Q3,XTZ,Tezos,Smart Contract,LPoS,1.40694492,1.7619621,1.50369577,1.68033875,19.43,12.9,0.09,1.68,,59,231,0.104,40,-8.8
2019-08,2019,8,Q3,XTZ,Tezos,Smart Contract,LPoS,1.68033875,1.52107393,1.31956523,1.4178801,-15.62,11.2,0.272,1.418,,12,261,-0.135,32,13.1
2019-09,2019,9,Q3,XTZ,Tezos,Smart Contract,LPoS,1.4178801,2.20012472,1.92604123,2.05350339,44.83,10.1,0.078,2.054,,35,707,-0.061,50,14.0
2019-10,2019,10,Q4,XTZ,Tezos,Smart Contract,LPoS,2.05350339,1.90459847,1.66518913,1.81964593,-11.39,9.4,0.136,1.82,,39,236,0.141,36,-32.8
2019-11,2019,11,Q4,XTZ,Tezos,Smart Contract,LPoS,1.81964593,2.55431803,2.24165285,2.35435435,29.39,9.1,0.082,2.354,,35,85,0.145,19,-12.6
2019-12,2019,12,Q4,XTZ,Tezos,Smart Contract,LPoS,2.35435435,2.19031491,1.49364925,1.83301913,-22.14,21.3,0.088,1.833,,33,183,0.209,48,-10.6
2020-01,2020,1,Q1,XTZ,Tezos,Smart Contract,LPoS,1.83301913,1.70724375,1.38591019,1.50347273,-17.98,20.6,0.239,1.503,,16,133,0.414,43,15.5
2020-02,2020,2,Q1,XTZ,Tezos,Smart Contract,LPoS,1.50347273,2.44928918,1.89182848,2.18266148,45.17,21.3,0.241,2.183,,7,141,-0.579,48,5.2
2020-03,2020,3,Q1,XTZ,Tezos,Smart Contract,LPoS,2.18266148,2.46237629,1.56991762,2.06687209,-5.3,24.9,0.075,2.067,,13,388,-0.541,34,7.3
2020-04,2020,4,Q2,XTZ,Tezos,Smart Contract,LPoS,2.06687209,2.900755,2.18445413,2.35671667,14.02,23.8,0.267,2.357,,45,319,-0.451,50,-5.7
2020-05,2020,5,Q2,XTZ,Tezos,Smart Contract,LPoS,2.35671667,2.83681901,2.5530183,2.63330345,11.74,9.1,0.128,2.633,,55,62,0.016,63,-7.8
2020-06,2020,6,Q2,XTZ,Tezos,Smart Contract,LPoS,2.63330345,3.5189059,2.92351106,3.154902,19.81,20.2,0.119,3.155,,14,223,0.497,40,2.0
2020-07,2020,7,Q3,XTZ,Tezos,Smart Contract,LPoS,3.154902,4.8016486,3.79176657,4.24049625,34.41,19.4,0.357,4.24,,24,734,0.139,75,-17.5
2020-08,2020,8,Q3,XTZ,Tezos,Smart Contract,LPoS,4.24049625,4.25986697,3.5105748,3.8459558,-9.3,15.9,0.23,3.846,,33,193,0.676,66,-27.5
2020-09,2020,9,Q3,XTZ,Tezos,Smart Contract,LPoS,3.8459558,4.83564631,3.79198093,4.22589675,9.88,16.1,0.203,4.226,,43,58,0.524,62,7.5
2020-10,2020,10,Q4,XTZ,Tezos,Smart Contract,LPoS,4.22589675,4.691373,3.89685554,4.43558272,4.96,13.2,0.298,4.436,,19,481,0.705,84,1.8
2020-11,2020,11,Q4,XTZ,Tezos,Smart Contract,LPoS,4.43558272,6.25443107,4.91365451,5.70579615,28.64,21.0,0.548,5.706,,55,174,0.494,70,-42.4
2020-12,2020,12,Q4,XTZ,Tezos,Smart Contract,LPoS,5.70579615,5.93071762,5.0594035,5.66641887,-0.69,12.2,0.329,5.666,,25,293,0.065,87,-19.3
2021-01,2021,1,Q1,XTZ,Tezos,Smart Contract,LPoS,5.66641887,8.26618399,5.41736022,6.87282424,21.29,23.5,0.158,6.873,,27,628,0.725,81,1.5
2021-02,2021,2,Q1,XTZ,Tezos,Smart Contract,LPoS,6.87282424,8.60341023,6.68934942,7.52153507,9.44,21.5,0.818,7.522,,52,427,0.587,78,25.0
2021-03,2021,3,Q1,XTZ,Tezos,Smart Contract,LPoS,7.52153507,10.04384196,8.93149963,9.61638872,27.85,10.2,0.288,9.616,,42,145,0.646,78,-39.8
2021-04,2021,4,Q2,XTZ,Tezos,Smart Contract,LPoS,9.61638872,8.79621363,7.42958508,8.11537449,-15.61,10.1,0.254,8.115,,15,207,0.683,88,-4.7
2021-05,2021,5,Q2,XTZ,Tezos,Smart Contract,LPoS,8.11537449,5.42982843,3.95715814,4.37013075,-46.15,24.5,0.352,4.37,,37,129,0.33,69,25.4
2021-06,2021,6,Q2,XTZ,Tezos,Smart Contract,LPoS,4.37013075,6.03616841,5.44249138,5.74878032,31.55,12.6,0.371,5.749,,41,1222,-0.088,55,-27.3
2021-07,2021,7,Q3,XTZ,Tezos,Smart Contract,LPoS,5.74878032,6.36217056,4.79822963,5.74315411,-0.1,21.4,0.213,5.743,,39,155,0.38,76,58.1
2021-08,2021,8,Q3,XTZ,Tezos,Smart Contract,LPoS,5.74315411,7.02421603,4.66444946,5.80378448,1.06,23.8,0.771,5.804,,18,65,0.105,69,7.8
2021-09,2021,9,Q3,XTZ,Tezos,Smart Contract,LPoS,5.80378448,4.62718174,4.07529369,4.44139662,-23.47,8.3,0.218,4.441,,10,180,0.643,55,19.8
2021-10,2021,10,Q4,XTZ,Tezos,Smart Contract,LPoS,4.44139662,5.50402902,4.26696734,5.02793858,13.21,15.7,0.419,5.028,,34,118,0.345,65,38.8
2021-11,2021,11,Q4,XTZ,Tezos,Smart Contract,LPoS,5.02793858,5.37489491,4.73780687,4.94400488,-1.67,9.0,0.57,4.944,,28,54,0.383,54,-7.5
2021-12,2021,12,Q4,XTZ,Tezos,Smart Contract,LPoS,4.94400488,4.21299456,3.57166663,3.79550932,-23.23,15.8,0.205,3.796,,19,157,0.033,57,-17.8
2022-01,2022,1,Q1,XTZ,Tezos,Smart Contract,LPoS,3.79550932,2.69996045,2.38745799,2.47427181,-34.81,9.5,0.229,2.474,,9,360,-0.143,51,2.4
2022-02,2022,2,Q1,XTZ,Tezos,Smart Contract,LPoS,2.47427181,2.55312893,1.98623059,2.29605319,-7.2,23.0,0.33,2.296,,36,249,0.02,52,-7.7
2022-03,2022,3,Q1,XTZ,Tezos,Smart Contract,LPoS,2.29605319,2.31594926,1.60759874,2.03471424,-11.38,21.3,0.245,2.035,,21,264,-0.559,60,1.8
2022-04,2022,4,Q2,XTZ,Tezos,Smart Contract,LPoS,2.03471424,1.38401791,1.17307384,1.30825458,-35.7,10.6,0.045,1.308,,13,151,0.322,39,1.5
2022-05,2022,5,Q2,XTZ,Tezos,Smart Contract,LPoS,1.30825458,1.34158756,1.12111366,1.2260226,-6.29,22.1,0.1,1.226,,30,301,-0.619,38,8.3
2022-06,2022,6,Q2,XTZ,Tezos,Smart Contract,LPoS,1.2260226,0.68962624,0.57492872,0.62839893,-48.74,24.7,0.097,0.628,,14,173,-1.0,14,-1.2
2022-07,2022,7,Q3,XTZ,Tezos,Smart Contract,LPoS,0.62839893,0.76151401,0.59596531,0.72022854,14.61,18.0,0.081,0.72,,65,105,-0.134,37,9.8
2022-08,2022,8,Q3,XTZ,Tezos,Smart Contract,LPoS,0.72022854,0.61757468,0.54024792,0.57696673,-19.89,14.5,0.095,0.577,,9,292,-0.49,41,-8.7
2022-09,2022,9,Q3,XTZ,Tezos,Smart Contract,LPoS,0.57696673,0.67808221,0.58154313,0.63054868,9.29,8.4,0.052,0.631,,32,218,-0.577,45,12.7
2022-10,2022,10,Q4,XTZ,Tezos,Smart Contract,LPoS,0.63054868,0.65085925,0.50566024,0.56806127,-9.91,18.3,0.047,0.568,,20,360,-0.156,28,-10.6
2022-11,2022,11,Q4,XTZ,Tezos,Smart Contract,LPoS,0.56806127,0.78579119,0.63863068,0.69874942,23.01,21.7,0.062,0.699,,16,432,-0.572,29,-1.8
2022-12,2022,12,Q4,XTZ,Tezos,Smart Contract,LPoS,0.69874942,0.73092309,0.50674949,0.62987344,-9.86,22.8,0.07,0.63,,38,196,0.201,42,-16.8
2023-01,2023,1,Q1,XTZ,Tezos,Smart Contract,LPoS,0.62987344,1.28010404,1.18201749,1.23516311,96.1,11.6,0.176,1.235,,17,457,-0.244,25,1.9
2023-02,2023,2,Q1,XTZ,Tezos,Smart Contract,LPoS,1.23516311,1.68239239,1.41336814,1.58460642,28.29,12.9,0.095,1.585,,19,150,-0.524,45,-3.3
2023-03,2023,3,Q1,XTZ,Tezos,Smart Contract,LPoS,1.58460642,2.18035955,1.96674607,2.07182002,30.75,14.0,0.166,2.072,,10,112,-0.0,53,5.2
2023-04,2023,4,Q2,XTZ,Tezos,Smart Contract,LPoS,2.07182002,2.08267003,1.7851703,1.9589253,-5.45,12.9,0.21,1.959,,58,41,-0.368,57,-5.5
2023-05,2023,5,Q2,XTZ,Tezos,Smart Contract,LPoS,1.9589253,1.88804141,1.46722677,1.70742691,-12.84,24.4,0.136,1.707,,16,49,0.263,48,2.0
2023-06,2023,6,Q2,XTZ,Tezos,Smart Contract,LPoS,1.70742691,2.36501982,2.06020938,2.25868462,32.29,11.5,0.198,2.259,,16,80,-0.755,44,-1.6
2023-07,2023,7,Q3,XTZ,Tezos,Smart Contract,LPoS,2.25868462,2.33588826,1.94200475,2.14700689,-4.94,11.7,0.302,2.147,,11,88,-0.209,52,28.7
2023-08,2023,8,Q3,XTZ,Tezos,Smart Contract,LPoS,2.14700689,3.91506286,2.50873673,3.29467781,53.45,24.8,0.149,3.295,,10,2156,0.164,61,-2.7
2023-09,2023,9,Q3,XTZ,Tezos,Smart Contract,LPoS,3.29467781,2.54338595,2.28183478,2.47768743,-24.8,8.8,0.074,2.478,,34,47,-0.081,45,22.2
2023-10,2023,10,Q4,XTZ,Tezos,Smart Contract,LPoS,2.47768743,3.18433081,2.5828061,2.78993057,12.6,22.6,0.378,2.79,,44,169,-0.034,50,47.3
2023-11,2023,11,Q4,XTZ,Tezos,Smart Contract,LPoS,2.78993057,3.05522767,2.62427644,2.79163492,0.06,13.1,0.344,2.792,,7,500,-0.186,65,-41.5
2023-12,2023,12,Q4,XTZ,Tezos,Smart Contract,LPoS,2.79163492,4.39167224,3.07017509,3.80142245,36.17,22.1,0.159,3.801,,48,102,-0.2,59,-7.5
2024-01,2024,1,Q1,XTZ,Tezos,Smart Contract,LPoS,3.80142245,5.3611441,3.94355155,4.80647892,26.44,18.9,0.672,4.806,,41,242,0.207,70,17.2
2024-02,2024,2,Q1,XTZ,Tezos,Smart Contract,LPoS,4.80647892,6.96097295,5.21066982,6.39579272,33.07,22.0,0.659,6.396,,29,84,0.405,80,-0.3
2024-03,2024,3,Q1,XTZ,Tezos,Smart Contract,LPoS,6.39579272,5.72804648,4.02332846,5.07027941,-20.72,24.3,0.213,5.07,,7,247,0.619,81,14.8
2024-04,2024,4,Q2,XTZ,Tezos,Smart Contract,LPoS,5.07027941,7.44757229,6.37757511,6.93519892,36.78,11.4,0.376,6.935,,21,126,-0.015,81,-15.0
2024-05,2024,5,Q2,XTZ,Tezos,Smart Contract,LPoS,6.93519892,6.46521085,4.94892708,5.72875421,-17.4,15.2,0.439,5.729,,27,132,0.9,81,62.4
2024-06,2024,6,Q2,XTZ,Tezos,Smart Contract,LPoS,5.72875421,8.30597239,5.81362992,6.9089103,20.6,22.2,0.143,6.909,,57,292,0.65,66,98.9
2024-07,2024,7,Q3,XTZ,Tezos,Smart Contract,LPoS,6.9089103,5.99181118,5.30290701,5.5476728,-19.7,12.6,0.453,5.548,,32,81,0.248,71,31.7
2024-08,2024,8,Q3,XTZ,Tezos,Smart Contract,LPoS,5.5476728,6.00703053,5.14747942,5.51780142,-0.54,10.8,0.306,5.518,,18,195,0.618,59,-21.0
2024-09,2024,9,Q3,XTZ,Tezos,Smart Contract,LPoS,5.51780142,5.27550008,4.15585201,4.49996589,-18.45,19.5,0.413,4.5,,37,74,0.678,67,12.5
2024-10,2024,10,Q4,XTZ,Tezos,Smart Contract,LPoS,4.49996589,6.486653,5.47669928,6.1114097,35.81,12.6,0.108,6.111,,50,122,0.233,64,19.8
2024-11,2024,11,Q4,XTZ,Tezos,Smart Contract,LPoS,6.1114097,6.63682412,5.74717008,6.11011915,-0.02,12.9,0.526,6.11,,8,91,0.526,57,-5.1
2024-12,2024,12,Q4,XTZ,Tezos,Smart Contract,LPoS,6.11011915,5.77116946,3.81975239,4.81417151,-21.21,24.3,0.463,4.814,,45,149,0.521,66,40.6
2025-01,2025,1,Q1,XTZ,Tezos,Smart Contract,LPoS,4.81417151,6.910795,6.01328208,6.56152801,36.3,11.7,0.319,6.562,,25,209,0.428,70,3.2
2025-02,2025,2,Q1,XTZ,Tezos,Smart Contract,LPoS,6.56152801,6.78581004,6.06599257,6.34573258,-3.29,8.2,0.532,6.346,,71,48,1.0,60,38.0
2025-03,2025,3,Q1,XTZ,Tezos,Smart Contract,LPoS,6.34573258,5.98125735,4.63930032,5.31170545,-16.29,20.2,0.316,5.312,,73,444,0.784,86,-7.5
2025-04,2025,4,Q2,XTZ,Tezos,Smart Contract,LPoS,5.31170545,6.88750813,5.72558791,6.25109022,17.69,12.8,0.211,6.251,,22,107,0.291,85,-29.1
2025-05,2025,5,Q2,XTZ,Tezos,Smart Contract,LPoS,6.25109022,6.5221835,5.63816481,5.91554812,-5.37,13.5,0.627,5.916,,7,145,0.994,79,-44.3
2025-06,2025,6,Q2,XTZ,Tezos,Smart Contract,LPoS,5.91554812,7.2502259,6.57315212,6.81186778,15.15,8.2,0.298,6.812,,43,56,0.62,89,20.7
2025-07,2025,7,Q3,XTZ,Tezos,Smart Contract,LPoS,6.81186778,8.93612968,7.92710469,8.62042041,26.55,8.2,0.5,8.62,,62,126,0.331,69,-15.3
2025-08,2025,8,Q3,XTZ,Tezos,Smart Contract,LPoS,8.62042041,9.23114271,7.55389744,8.70535029,0.99,17.0,0.232,8.705,,127,218,1.0,78,-4.2
2025-09,2025,9,Q3,XTZ,Tezos,Smart Contract,LPoS,8.70535029,9.57790615,8.07481494,8.84121788,1.56,9.6,0.557,8.841,,114,328,1.0,88,8.2
2025-10,2025,10,Q4,XTZ,Tezos,Smart Contract,LPoS,8.84121788,10.11863803,6.87878858,8.42547732,-4.7,20.8,0.685,8.425,,55,185,0.385,100,-35.6
2025-11,2025,11,Q4,XTZ,Tezos,Smart Contract,LPoS,8.42547732,6.62162523,4.91380859,6.02304549,-28.51,21.3,0.653,6.023,,69,558,1.0,69,80.6
2025-12,2025,12,Q4,XTZ,Tezos,Smart Contract,LPoS,6.02304549,9.23781933,8.05831314,8.47550369,40.72,10.9,0.84,8.476,,39,127,1.0,71,-27.7
2026-01,2026,1,Q1,XTZ,Tezos,Smart Contract,LPoS,8.47550369,6.83113208,5.21883718,5.89629421,-30.43,18.9,0.445,5.896,,11,96,1.0,73,35.7
2026-02,2026,2,Q1,XTZ,Tezos,Smart Contract,LPoS,5.89629421,8.97878125,7.30110806,7.97139463,35.19,18.3,0.228,7.971,,17,209,-0.037,63,-13.0
2026-03,2026,3,Q1,XTZ,Tezos,Smart Contract,LPoS,7.97139463,7.73312832,5.31290684,6.7240201,-15.65,23.2,0.334,6.724,,55,216,0.521,71,22.1
2021-01,2021,1,Q1,INJ,Injective,DeFi,PoS,37.45193206,41.82862423,31.31515752,37.73779945,0.76,23.0,0.402,2.264,,12,623,0.853,65,-4.7
2021-02,2021,2,Q1,INJ,Injective,DeFi,PoS,37.73779945,43.55521637,36.2534101,39.53165709,4.75,11.4,0.29,2.372,,23,97,1.0,87,63.1
2021-03,2021,3,Q1,INJ,Injective,DeFi,PoS,39.53165709,47.36249855,35.31897057,40.31152155,1.97,17.6,0.494,2.419,,11,55,0.296,82,40.3
2021-04,2021,4,Q2,INJ,Injective,DeFi,PoS,40.31152155,42.42874855,36.89563698,39.98637634,-0.81,16.2,0.228,2.399,,17,111,0.355,84,63.4
2021-05,2021,5,Q2,INJ,Injective,DeFi,PoS,39.98637634,27.55331342,21.36297355,24.20596239,-39.46,19.8,0.513,1.452,,41,649,0.454,69,57.5
2021-06,2021,6,Q2,INJ,Injective,DeFi,PoS,24.20596239,39.32578599,30.51922613,33.30421091,37.59,20.0,0.245,1.998,,62,132,-0.029,58,-37.2
2021-07,2021,7,Q3,INJ,Injective,DeFi,PoS,33.30421091,32.09422085,23.69407503,28.04117568,-15.8,17.9,0.442,1.682,,20,50,0.414,47,-9.6
2021-08,2021,8,Q3,INJ,Injective,DeFi,PoS,28.04117568,35.89931937,26.99876025,33.54497151,19.63,22.8,0.464,2.013,,49,114,0.089,70,-9.9
2021-09,2021,9,Q3,INJ,Injective,DeFi,PoS,33.54497151,32.90250519,26.81787398,29.25331787,-12.79,19.4,0.201,1.755,,26,86,0.673,70,51.2
2021-10,2021,10,Q4,INJ,Injective,DeFi,PoS,29.25331787,36.15332636,30.85080012,33.40732857,14.2,12.5,0.608,2.004,,42,217,0.199,55,-35.5
2021-11,2021,11,Q4,INJ,Injective,DeFi,PoS,33.40732857,35.86296562,30.16566749,33.56030757,0.46,12.4,0.525,2.014,,35,218,0.598,80,14.3
2021-12,2021,12,Q4,INJ,Injective,DeFi,PoS,33.56030757,28.25372692,22.32715551,25.16702581,-25.01,21.4,0.189,1.51,,33,287,0.122,56,22.2
2022-01,2022,1,Q1,INJ,Injective,DeFi,PoS,25.16702581,12.31574123,10.86031687,11.91689582,-52.65,10.0,0.222,0.715,,54,360,0.19,50,-25.8
2022-02,2022,2,Q1,INJ,Injective,DeFi,PoS,11.91689582,10.29549883,8.38180542,9.63369555,-19.16,14.6,0.127,0.578,,17,183,-0.153,29,-26.5
2022-03,2022,3,Q1,INJ,Injective,DeFi,PoS,9.63369555,10.53920306,7.66240191,9.42774102,-2.14,23.6,0.096,0.566,,14,290,-0.133,44,4.0
2022-04,2022,4,Q2,INJ,Injective,DeFi,PoS,9.42774102,7.21014562,6.25823376,6.83725489,-27.48,9.8,0.162,0.41,,22,261,-0.142,52,5.7
2022-05,2022,5,Q2,INJ,Injective,DeFi,PoS,6.83725489,7.82476819,6.55552368,6.94015113,1.5,15.3,0.098,0.416,,40,159,-0.198,20,-31.2
2022-06,2022,6,Q2,INJ,Injective,DeFi,PoS,6.94015113,3.43884782,2.40698638,2.97112702,-57.19,19.6,0.127,0.178,,65,604,-0.712,35,6.3
2022-07,2022,7,Q3,INJ,Injective,DeFi,PoS,2.97112702,4.48899156,3.56114261,4.12210226,38.74,15.8,0.075,0.247,,76,181,-0.037,23,-1.0
2022-08,2022,8,Q3,INJ,Injective,DeFi,PoS,4.12210226,4.26990473,3.24618942,3.64708663,-11.52,20.1,0.091,0.219,,8,113,-0.155,46,1.3
2022-09,2022,9,Q3,INJ,Injective,DeFi,PoS,3.64708663,4.48939562,3.4814022,3.91598742,7.37,17.3,0.135,0.235,,22,154,-0.978,22,-15.2
2022-10,2022,10,Q4,INJ,Injective,DeFi,PoS,3.91598742,4.95948119,3.62395343,4.30604754,9.96,22.9,0.104,0.258,,28,151,0.14,45,4.2
2022-11,2022,11,Q4,INJ,Injective,DeFi,PoS,4.30604754,4.43117035,4.11203311,4.31731152,0.26,8.2,0.057,0.259,,24,354,-0.526,23,-3.0
2022-12,2022,12,Q4,INJ,Injective,DeFi,PoS,4.31731152,5.63635973,4.03327724,4.77104462,10.51,19.9,0.057,0.286,,32,147,-0.714,49,6.0
2023-01,2023,1,Q1,INJ,Injective,DeFi,PoS,4.77104462,7.40237114,5.81633363,6.58864469,38.1,20.0,0.181,0.395,,43,261,-0.324,38,11.3
2023-02,2023,2,Q1,INJ,Injective,DeFi,PoS,6.58864469,11.20342794,8.85377371,10.1328622,53.79,17.5,0.188,0.608,,17,135,-0.181,39,11.0
2023-03,2023,3,Q1,INJ,Injective,DeFi,PoS,10.1328622,10.12839537,8.3555638,9.57755927,-5.48,15.6,0.103,0.575,,59,2465,-0.116,58,22.2
2023-04,2023,4,Q2,INJ,Injective,DeFi,PoS,9.57755927,13.90569911,11.83346469,12.98675168,35.6,15.2,0.082,0.779,,71,192,-0.409,43,-0.9
2023-05,2023,5,Q2,INJ,Injective,DeFi,PoS,12.98675168,13.57365001,11.89062765,12.6061433,-2.93,14.6,0.06,0.756,,91,192,-0.314,29,-2.9
2023-06,2023,6,Q2,INJ,Injective,DeFi,PoS,12.6061433,11.50971933,10.12493444,10.86778374,-13.79,14.6,0.278,0.652,,53,386,0.304,46,-19.8
2023-07,2023,7,Q3,INJ,Injective,DeFi,PoS,10.86778374,17.00212566,15.63731037,16.40760002,50.97,11.9,0.194,0.984,,32,188,0.103,40,25.3
2023-08,2023,8,Q3,INJ,Injective,DeFi,PoS,16.40760002,16.48232663,13.77060647,14.69235487,-10.45,15.3,0.162,0.882,,26,81,0.286,45,-9.7
2023-09,2023,9,Q3,INJ,Injective,DeFi,PoS,14.69235487,18.14216324,14.20682649,15.92684962,8.4,14.7,0.199,0.956,,12,92,-0.01,52,28.2
2023-10,2023,10,Q4,INJ,Injective,DeFi,PoS,15.92684962,23.13235454,19.15215237,20.33337245,27.67,17.7,0.291,1.22,,68,338,0.446,51,31.8
2023-11,2023,11,Q4,INJ,Injective,DeFi,PoS,20.33337245,19.62075835,14.93089246,17.18503362,-15.48,21.1,0.057,1.031,,24,231,0.548,35,-34.1
2023-12,2023,12,Q4,INJ,Injective,DeFi,PoS,17.18503362,25.41966335,22.72273692,24.02424677,39.8,11.9,0.329,1.441,,8,121,0.596,70,-37.5
2024-01,2024,1,Q1,INJ,Injective,DeFi,PoS,24.02424677,28.4775049,24.57736609,26.47414907,10.2,19.6,0.233,1.588,,22,270,0.266,66,-80.1
2024-02,2024,2,Q1,INJ,Injective,DeFi,PoS,26.47414907,39.60445512,33.90794482,37.33210759,41.01,13.2,0.097,2.24,,124,296,-0.097,76,-22.2
2024-03,2024,3,Q1,INJ,Injective,DeFi,PoS,37.33210759,33.97609424,28.44924414,31.40323587,-15.88,20.2,0.306,1.884,,20,88,0.202,74,62.2
2024-04,2024,4,Q2,INJ,Injective,DeFi,PoS,31.40323587,46.14633477,39.394165,43.20329987,37.58,9.9,0.245,2.592,,12,111,0.879,90,-37.1
2024-05,2024,5,Q2,INJ,Injective,DeFi,PoS,43.20329987,48.40775516,38.30145409,45.37765098,5.03,21.3,0.539,2.723,,25,331,1.0,66,-20.0
2024-06,2024,6,Q2,INJ,Injective,DeFi,PoS,45.37765098,50.74833332,39.29390575,44.59693205,-1.72,13.9,0.385,2.676,,52,100,0.489,82,-2.2
2024-07,2024,7,Q3,INJ,Injective,DeFi,PoS,44.59693205,29.90059298,24.15239358,25.79781939,-42.15,18.1,0.282,1.548,,31,294,0.509,62,16.0
2024-08,2024,8,Q3,INJ,Injective,DeFi,PoS,25.79781939,26.0218499,23.20320588,24.97558144,-3.19,10.9,0.321,1.499,,83,134,0.45,57,-45.8
2024-09,2024,9,Q3,INJ,Injective,DeFi,PoS,24.97558144,33.14479898,28.97359112,30.78318436,23.25,8.9,0.193,1.847,,42,57,0.799,55,9.6
2024-10,2024,10,Q4,INJ,Injective,DeFi,PoS,30.78318436,30.32776668,24.87453256,27.30702773,-11.29,19.0,0.229,1.638,,78,122,0.394,57,5.5
2024-11,2024,11,Q4,INJ,Injective,DeFi,PoS,27.30702773,40.29741259,34.73249517,37.27257543,36.49,8.5,0.159,2.236,,40,427,-0.085,56,-21.4
2024-12,2024,12,Q4,INJ,Injective,DeFi,PoS,37.27257543,31.97540468,27.98356698,29.75195298,-20.18,8.4,0.357,1.785,,41,297,0.288,69,-18.0
2025-01,2025,1,Q1,INJ,Injective,DeFi,PoS,29.75195298,39.66864787,32.0259248,35.02770062,17.73,19.1,0.218,2.102,,9,54,0.691,74,-30.7
2025-02,2025,2,Q1,INJ,Injective,DeFi,PoS,35.02770062,48.5530026,37.46183978,41.66547562,18.95,23.0,0.353,2.5,,35,106,0.128,71,-10.7
2025-03,2025,3,Q1,INJ,Injective,DeFi,PoS,41.66547562,38.74326864,29.77575177,32.17959323,-22.77,21.2,0.604,1.931,,29,400,0.571,59,88.2
2025-04,2025,4,Q2,INJ,Injective,DeFi,PoS,32.17959323,46.39083009,41.41309151,44.28286341,37.61,10.2,0.441,2.657,,24,132,1.0,82,9.8
2025-05,2025,5,Q2,INJ,Injective,DeFi,PoS,44.28286341,55.34904716,39.35516138,44.69759061,0.94,24.7,0.354,2.682,,18,83,0.775,49,59.8
2025-06,2025,6,Q2,INJ,Injective,DeFi,PoS,44.69759061,54.09677849,40.32058607,48.03119094,7.46,21.2,0.197,2.882,,31,469,0.822,72,-30.2
2025-07,2025,7,Q3,INJ,Injective,DeFi,PoS,48.03119094,47.72875521,32.41899249,39.86643489,-17.0,20.1,0.286,2.392,,94,71,0.036,89,44.5
2025-08,2025,8,Q3,INJ,Injective,DeFi,PoS,39.86643489,51.31101218,39.13833009,47.95922817,20.3,21.0,0.461,2.878,,132,138,1.0,87,-11.3
2025-09,2025,9,Q3,INJ,Injective,DeFi,PoS,47.95922817,46.70165026,38.45754144,43.53028547,-9.23,22.6,0.58,2.612,,9,230,0.571,76,125.8
2025-10,2025,10,Q4,INJ,Injective,DeFi,PoS,43.53028547,48.47770464,41.28570078,44.88967246,3.12,15.7,0.388,2.693,,39,117,0.71,79,28.5
2025-11,2025,11,Q4,INJ,Injective,DeFi,PoS,44.88967246,49.47538186,43.31557498,45.93593022,2.33,9.6,0.452,2.756,,22,322,0.705,97,-12.1
2025-12,2025,12,Q4,INJ,Injective,DeFi,PoS,45.93593022,53.70441147,44.71178947,48.50278059,5.59,24.2,0.274,2.91,,34,269,0.21,74,30.9
2026-01,2026,1,Q1,INJ,Injective,DeFi,PoS,48.50278059,35.54876588,30.42915784,32.85818912,-32.26,10.3,0.571,1.971,,64,78,0.724,72,55.9
2026-02,2026,2,Q1,INJ,Injective,DeFi,PoS,32.85818912,33.64478841,28.42213024,31.16719298,-5.15,17.3,0.633,1.87,,37,30,1.0,71,-12.1
2026-03,2026,3,Q1,INJ,Injective,DeFi,PoS,31.16719298,43.24365265,36.57286083,38.86494303,24.7,16.5,0.311,2.332,,12,175,0.315,75,-8.7
2023-01,2023,1,Q1,SEI,Sei,Layer 1 DeFi,PoS,0.20197762,0.22689554,0.19041485,0.20903878,3.5,13.4,0.198,1.254,,13,400,-0.097,41,8.1
2023-02,2023,2,Q1,SEI,Sei,Layer 1 DeFi,PoS,0.20903878,0.26570311,0.20691422,0.23450503,12.18,22.2,0.079,1.407,,48,115,0.096,47,14.6
2023-03,2023,3,Q1,SEI,Sei,Layer 1 DeFi,PoS,0.23450503,0.3055498,0.24512286,0.27232888,16.13,13.3,0.074,1.634,,53,207,-1.0,35,-9.2
2023-04,2023,4,Q2,SEI,Sei,Layer 1 DeFi,PoS,0.27232888,0.310524,0.27830932,0.29275335,7.5,8.3,0.123,1.757,,44,348,-0.388,40,11.0
2023-05,2023,5,Q2,SEI,Sei,Layer 1 DeFi,PoS,0.29275335,0.33354629,0.28952092,0.30658207,4.72,13.3,0.224,1.839,,23,210,-0.335,44,-13.9
2023-06,2023,6,Q2,SEI,Sei,Layer 1 DeFi,PoS,0.30658207,0.3640637,0.26273769,0.31639769,3.2,20.0,0.167,1.898,,37,185,0.667,41,18.4
2023-07,2023,7,Q3,SEI,Sei,Layer 1 DeFi,PoS,0.31639769,0.30032953,0.26251657,0.28545209,-9.78,9.0,0.262,1.713,,35,402,-0.248,51,1.3
2023-08,2023,8,Q3,SEI,Sei,Layer 1 DeFi,PoS,0.28545209,0.3464437,0.28803279,0.32621033,14.28,13.4,0.118,1.957,,38,355,0.058,61,-29.4
2023-09,2023,9,Q3,SEI,Sei,Layer 1 DeFi,PoS,0.32621033,0.38263527,0.294191,0.34296418,5.14,21.4,0.368,2.058,,50,52,-0.16,47,-23.2
2023-10,2023,10,Q4,SEI,Sei,Layer 1 DeFi,PoS,0.34296418,0.41394485,0.36399221,0.40035278,16.73,11.0,0.11,2.402,,79,187,-0.45,40,18.9
2023-11,2023,11,Q4,SEI,Sei,Layer 1 DeFi,PoS,0.40035278,0.46770252,0.3613092,0.39990655,-0.11,20.4,0.219,2.399,,68,128,-0.072,57,3.3
2023-12,2023,12,Q4,SEI,Sei,Layer 1 DeFi,PoS,0.39990655,0.47015392,0.41959394,0.43339395,8.37,9.2,0.516,2.6,,45,539,-0.276,64,-18.8
2024-01,2024,1,Q1,SEI,Sei,Layer 1 DeFi,PoS,0.43339395,0.70591537,0.52293147,0.62435989,44.06,18.8,0.246,3.746,,27,208,0.436,61,40.6
2024-02,2024,2,Q1,SEI,Sei,Layer 1 DeFi,PoS,0.62435989,1.00531203,0.82546333,0.87187911,39.64,17.4,0.257,5.231,,14,96,0.819,55,25.5
2024-03,2024,3,Q1,SEI,Sei,Layer 1 DeFi,PoS,0.87187911,0.83495543,0.68367485,0.72317803,-17.06,18.1,0.511,4.339,,18,270,0.21,66,17.9
2024-04,2024,4,Q2,SEI,Sei,Layer 1 DeFi,PoS,0.72317803,0.85648801,0.70115979,0.78377771,8.38,12.8,0.594,4.703,,23,459,0.133,68,-44.0
2024-05,2024,5,Q2,SEI,Sei,Layer 1 DeFi,PoS,0.78377771,1.09294324,0.75491846,0.99591708,27.07,24.6,0.416,5.976,,86,227,0.23,83,-36.4
2024-06,2024,6,Q2,SEI,Sei,Layer 1 DeFi,PoS,0.99591708,1.28677926,0.96361619,1.07664709,8.11,22.0,0.296,6.46,,23,90,0.668,75,17.9
2024-07,2024,7,Q3,SEI,Sei,Layer 1 DeFi,PoS,1.07664709,0.77318278,0.67706335,0.72601848,-32.57,16.1,0.383,4.356,,65,190,0.253,85,-5.7
2024-08,2024,8,Q3,SEI,Sei,Layer 1 DeFi,PoS,0.72601848,0.70378542,0.63210935,0.66088854,-8.97,12.4,0.196,3.965,,2,222,0.109,67,59.8
2024-09,2024,9,Q3,SEI,Sei,Layer 1 DeFi,PoS,0.66088854,0.66494886,0.58256671,0.63201521,-4.37,11.2,0.463,3.792,,144,874,0.331,78,8.5
2024-10,2024,10,Q4,SEI,Sei,Layer 1 DeFi,PoS,0.63201521,0.65016384,0.52444258,0.61224753,-3.13,17.9,0.192,3.673,,29,98,0.226,84,-51.4
2024-11,2024,11,Q4,SEI,Sei,Layer 1 DeFi,PoS,0.61224753,0.90796397,0.7133253,0.84155918,37.45,20.4,0.408,5.049,,17,220,0.59,54,-13.8
2024-12,2024,12,Q4,SEI,Sei,Layer 1 DeFi,PoS,0.84155918,0.76152507,0.65728142,0.72264229,-14.13,11.8,0.287,4.336,,136,151,0.351,71,81.6
2025-01,2025,1,Q1,SEI,Sei,Layer 1 DeFi,PoS,0.72264229,0.97723166,0.62946398,0.81264145,12.45,22.8,0.524,4.876,,28,184,0.736,71,11.1
2025-02,2025,2,Q1,SEI,Sei,Layer 1 DeFi,PoS,0.81264145,0.94638943,0.74442319,0.81272668,0.01,18.0,0.162,4.876,,38,115,0.54,70,-38.7
2025-03,2025,3,Q1,SEI,Sei,Layer 1 DeFi,PoS,0.81272668,1.10149498,0.93363337,1.00956657,24.22,9.4,0.353,6.057,,27,143,0.286,71,-70.7
2025-04,2025,4,Q2,SEI,Sei,Layer 1 DeFi,PoS,1.00956657,0.97184172,0.74118734,0.88333612,-12.5,19.1,0.491,5.3,,20,35,0.319,69,-38.2
2025-05,2025,5,Q2,SEI,Sei,Layer 1 DeFi,PoS,0.88333612,1.17653623,0.88909604,1.00618951,13.91,17.9,0.493,6.037,,44,327,0.305,84,-10.9
2025-06,2025,6,Q2,SEI,Sei,Layer 1 DeFi,PoS,1.00618951,0.90783477,0.75998463,0.83783725,-16.73,12.0,0.291,5.027,,13,174,0.619,82,18.1
2025-07,2025,7,Q3,SEI,Sei,Layer 1 DeFi,PoS,0.83783725,1.15060569,0.78813288,0.95848369,14.4,23.8,0.469,5.751,,37,88,0.636,94,136.5
2025-08,2025,8,Q3,SEI,Sei,Layer 1 DeFi,PoS,0.95848369,0.94514974,0.80783042,0.88459455,-7.71,12.9,0.308,5.308,,35,141,0.952,84,18.7
2025-09,2025,9,Q3,SEI,Sei,Layer 1 DeFi,PoS,0.88459455,1.22215387,0.98203681,1.14547771,29.49,18.8,0.461,6.873,,22,291,0.202,83,5.8
2025-10,2025,10,Q4,SEI,Sei,Layer 1 DeFi,PoS,1.14547771,0.97192067,0.75732942,0.87499683,-23.61,14.2,0.483,5.25,,44,255,1.0,52,39.5
2025-11,2025,11,Q4,SEI,Sei,Layer 1 DeFi,PoS,0.87499683,1.19649501,0.99606812,1.08944807,24.51,14.1,0.67,6.537,,7,243,0.587,71,-57.3
2025-12,2025,12,Q4,SEI,Sei,Layer 1 DeFi,PoS,1.08944807,1.14016162,0.70912455,0.93413876,-14.26,24.6,0.397,5.605,,79,236,1.0,79,13.4
2026-01,2026,1,Q1,SEI,Sei,Layer 1 DeFi,PoS,0.93413876,1.02397294,0.82328141,0.91494806,-2.05,19.4,0.248,5.49,,13,60,0.38,68,-59.7
2026-02,2026,2,Q1,SEI,Sei,Layer 1 DeFi,PoS,0.91494806,1.07639406,0.85716219,0.9649764,5.47,11.6,0.335,5.79,,14,473,0.858,82,30.9
2026-03,2026,3,Q1,SEI,Sei,Layer 1 DeFi,PoS,0.9649764,0.90824888,0.74918956,0.82251577,-14.76,15.0,0.406,4.935,,12,214,0.479,70,-14.4
2023-01,2023,1,Q1,TIA,Celestia,Modular Blockchain,PoS,3.56126877,4.1081198,3.15191681,3.78245242,6.21,17.6,0.19,3.782,,10,83,-0.45,35,-22.9
2023-02,2023,2,Q1,TIA,Celestia,Modular Blockchain,PoS,3.78245242,4.90004838,4.11348248,4.37352714,15.63,15.3,0.174,4.374,,162,251,-0.454,27,3.7
2023-03,2023,3,Q1,TIA,Celestia,Modular Blockchain,PoS,4.37352714,4.12653387,3.46655735,3.64619541,-16.63,14.5,0.149,3.646,,80,138,-0.544,31,14.2
2023-04,2023,4,Q2,TIA,Celestia,Modular Blockchain,PoS,3.64619541,4.0146803,3.75419877,3.87778584,6.35,8.0,0.111,3.878,,89,43,-0.161,43,-2.6
2023-05,2023,5,Q2,TIA,Celestia,Modular Blockchain,PoS,3.87778584,5.89960717,4.52387317,5.38223823,38.8,17.6,0.247,5.382,,16,613,0.147,53,-18.6
2023-06,2023,6,Q2,TIA,Celestia,Modular Blockchain,PoS,5.38223823,5.14542528,4.23191116,4.79910124,-10.83,18.7,0.263,4.799,,79,554,-0.175,42,-0.6
2023-07,2023,7,Q3,TIA,Celestia,Modular Blockchain,PoS,4.79910124,5.85334922,4.88233054,5.34094832,11.29,19.1,0.079,5.341,,89,234,0.139,35,12.7
2023-08,2023,8,Q3,TIA,Celestia,Modular Blockchain,PoS,5.34094832,7.50236724,5.63960621,6.19737992,16.04,21.6,0.154,6.197,,22,70,0.143,47,-56.0
2023-09,2023,9,Q3,TIA,Celestia,Modular Blockchain,PoS,6.19737992,8.85166566,7.09076402,7.98725264,28.88,11.8,0.226,7.987,,35,531,0.56,51,22.4
2023-10,2023,10,Q4,TIA,Celestia,Modular Blockchain,PoS,7.98725264,8.61321418,7.66799564,8.32550129,4.23,11.5,0.42,8.326,,15,143,0.837,60,-36.1
2023-11,2023,11,Q4,TIA,Celestia,Modular Blockchain,PoS,8.32550129,8.40874225,7.43494731,7.85609716,-5.64,13.0,0.092,7.856,,18,41,0.357,57,-6.0
2023-12,2023,12,Q4,TIA,Celestia,Modular Blockchain,PoS,7.85609716,9.79341112,8.53745584,9.46875257,20.53,11.4,0.488,9.469,,82,209,0.715,53,-39.7
2024-01,2024,1,Q1,TIA,Celestia,Modular Blockchain,PoS,9.46875257,13.27605927,10.00665806,11.6248536,22.77,16.2,0.357,11.625,,14,192,0.218,71,-71.0
2024-02,2024,2,Q1,TIA,Celestia,Modular Blockchain,PoS,11.6248536,14.96427656,10.95245506,12.73433228,9.54,19.2,0.435,12.734,,27,174,0.192,48,-41.0
2024-03,2024,3,Q1,TIA,Celestia,Modular Blockchain,PoS,12.73433228,15.31790969,14.11677532,14.89224592,16.95,8.8,0.224,14.892,,18,181,0.723,77,28.0
2024-04,2024,4,Q2,TIA,Celestia,Modular Blockchain,PoS,14.89224592,20.30429892,16.34749106,18.10974655,21.61,22.4,0.414,18.11,,53,121,0.342,74,19.1
2024-05,2024,5,Q2,TIA,Celestia,Modular Blockchain,PoS,18.10974655,17.05396412,13.1139396,15.18557636,-16.15,14.8,1.25,15.186,,21,177,0.455,56,19.0
2024-06,2024,6,Q2,TIA,Celestia,Modular Blockchain,PoS,15.18557636,14.03576782,12.26235471,12.84288266,-15.43,13.8,0.362,12.843,,31,316,0.365,77,-45.8
2024-07,2024,7,Q3,TIA,Celestia,Modular Blockchain,PoS,12.84288266,14.87771714,13.57787871,14.04295824,9.34,10.8,0.184,14.043,,106,314,0.216,84,-21.6
2024-08,2024,8,Q3,TIA,Celestia,Modular Blockchain,PoS,14.04295824,12.75586751,10.34403167,11.16032166,-20.53,23.7,0.305,11.16,,43,229,0.348,64,62.9
2024-09,2024,9,Q3,TIA,Celestia,Modular Blockchain,PoS,11.16032166,17.34929504,12.82760803,15.10455165,35.34,18.0,0.217,15.105,,35,196,0.613,61,-6.0
2024-10,2024,10,Q4,TIA,Celestia,Modular Blockchain,PoS,15.10455165,14.50090864,11.99599318,13.06370271,-13.51,23.3,0.203,13.064,,170,245,0.744,53,19.4
2024-11,2024,11,Q4,TIA,Celestia,Modular Blockchain,PoS,13.06370271,11.49768265,9.88940321,10.68195301,-18.23,12.6,0.355,10.682,,13,74,0.478,62,39.3
2024-12,2024,12,Q4,TIA,Celestia,Modular Blockchain,PoS,10.68195301,15.68330806,11.86422138,13.53468487,26.71,18.5,0.118,13.535,,58,244,0.328,87,21.1
2025-01,2025,1,Q1,TIA,Celestia,Modular Blockchain,PoS,13.53468487,13.36523849,10.03708154,11.71384518,-13.45,14.4,0.753,11.714,,60,142,1.0,64,38.4
2025-02,2025,2,Q1,TIA,Celestia,Modular Blockchain,PoS,11.71384518,19.98354244,15.21812172,17.27685487,47.49,15.8,0.258,17.277,,23,206,0.613,70,-53.0
2025-03,2025,3,Q1,TIA,Celestia,Modular Blockchain,PoS,17.27685487,14.97031667,13.19152993,14.46524294,-16.27,11.0,0.293,14.465,,34,528,0.394,69,8.9
2025-04,2025,4,Q2,TIA,Celestia,Modular Blockchain,PoS,14.46524294,20.31065227,16.25870238,18.13808189,25.39,21.7,0.313,18.138,,54,92,0.463,63,6.0
2025-05,2025,5,Q2,TIA,Celestia,Modular Blockchain,PoS,18.13808189,19.86810142,17.12187225,18.76270173,3.44,12.3,0.7,18.763,,55,582,0.864,90,7.6
2025-06,2025,6,Q2,TIA,Celestia,Modular Blockchain,PoS,18.76270173,20.86206279,16.59349124,18.07035364,-3.69,24.0,0.454,18.07,,23,307,0.615,61,16.2
2025-07,2025,7,Q3,TIA,Celestia,Modular Blockchain,PoS,18.07035364,17.7758784,16.04782908,16.80363283,-7.01,10.1,0.669,16.804,,11,120,0.618,84,-2.4
2025-08,2025,8,Q3,TIA,Celestia,Modular Blockchain,PoS,16.80363283,15.44589358,13.59979556,14.81450763,-11.84,10.2,0.753,14.815,,25,143,0.567,76,-5.2
2025-09,2025,9,Q3,TIA,Celestia,Modular Blockchain,PoS,14.81450763,18.52711711,15.67840843,17.05819237,15.15,14.3,0.601,17.058,,42,73,1.0,97,-16.1
2025-10,2025,10,Q4,TIA,Celestia,Modular Blockchain,PoS,17.05819237,15.22469089,12.85184524,13.83265215,-18.91,13.8,0.381,13.833,,23,313,0.818,64,-16.4
2025-11,2025,11,Q4,TIA,Celestia,Modular Blockchain,PoS,13.83265215,17.08375608,13.43718332,15.17241828,9.69,16.3,0.279,15.172,,29,371,0.41,89,92.2
2025-12,2025,12,Q4,TIA,Celestia,Modular Blockchain,PoS,15.17241828,24.51243038,16.86273682,20.33821984,34.05,20.8,0.447,20.338,,46,161,0.709,62,-49.5
2026-01,2026,1,Q1,TIA,Celestia,Modular Blockchain,PoS,20.33821984,17.54464337,14.19875895,15.74556143,-22.58,18.0,0.483,15.746,,45,90,0.728,89,101.3
2026-02,2026,2,Q1,TIA,Celestia,Modular Blockchain,PoS,15.74556143,13.69880902,11.59609007,12.64483886,-19.69,13.8,0.936,12.645,,29,130,0.666,66,-29.6
2026-03,2026,3,Q1,TIA,Celestia,Modular Blockchain,PoS,12.64483886,19.56528307,17.54171655,18.48035799,46.15,16.9,0.107,18.48,,31,211,0.273,64,34.2
2018-01,2018,1,Q1,AGIX,SingularityNET,AI / Compute,N/A,0.25969458,0.28173638,0.23107178,0.25192211,-2.99,13.7,0.145,0.302,,27,173,0.178,40,-16.5
2018-02,2018,2,Q1,AGIX,SingularityNET,AI / Compute,N/A,0.25192211,0.27624269,0.24788498,0.26304281,4.41,8.9,0.219,0.316,,20,219,0.178,45,-3.9
2018-03,2018,3,Q1,AGIX,SingularityNET,AI / Compute,N/A,0.26304281,0.24132466,0.21319361,0.22062819,-16.12,9.6,0.091,0.265,,6,176,-0.331,36,10.6
2018-04,2018,4,Q2,AGIX,SingularityNET,AI / Compute,N/A,0.22062819,0.22708259,0.20466614,0.21508955,-2.51,15.4,0.102,0.258,,31,166,-0.446,29,16.4
2018-05,2018,5,Q2,AGIX,SingularityNET,AI / Compute,N/A,0.21508955,0.24817173,0.18513007,0.22853416,6.25,23.4,0.152,0.274,,21,95,0.122,31,-13.3
2018-06,2018,6,Q2,AGIX,SingularityNET,AI / Compute,N/A,0.22853416,0.25485659,0.1895828,0.22073772,-3.41,16.7,0.149,0.265,,17,358,-0.446,46,-2.1
2018-07,2018,7,Q3,AGIX,SingularityNET,AI / Compute,N/A,0.22073772,0.22226579,0.19074774,0.20434369,-7.43,11.9,0.133,0.245,,34,200,-0.543,36,-6.0
2018-08,2018,8,Q3,AGIX,SingularityNET,AI / Compute,N/A,0.20434369,0.21485178,0.18825715,0.19969441,-2.28,12.9,0.101,0.24,,55,299,-0.467,26,6.5
2018-09,2018,9,Q3,AGIX,SingularityNET,AI / Compute,N/A,0.19969441,0.20458639,0.16273424,0.18755668,-6.08,20.0,0.16,0.225,,17,110,-0.141,37,-2.4
2018-10,2018,10,Q4,AGIX,SingularityNET,AI / Compute,N/A,0.18755668,0.13933971,0.1202623,0.13142462,-29.93,11.5,0.108,0.158,,9,288,-0.082,30,3.2
2018-11,2018,11,Q4,AGIX,SingularityNET,AI / Compute,N/A,0.13142462,0.14154077,0.13103528,0.13775576,4.82,8.7,0.046,0.165,,36,255,-0.199,36,-5.0
2018-12,2018,12,Q4,AGIX,SingularityNET,AI / Compute,N/A,0.13775576,0.15110334,0.11295827,0.13968064,1.4,19.5,0.035,0.168,,19,918,-0.276,33,-9.8
2019-01,2019,1,Q1,AGIX,SingularityNET,AI / Compute,N/A,0.13968064,0.20797341,0.18919973,0.20138871,44.18,10.1,0.145,0.242,,14,285,-0.443,44,-8.3
2019-02,2019,2,Q1,AGIX,SingularityNET,AI / Compute,N/A,0.20138871,0.2126599,0.18151588,0.19606868,-2.64,14.1,0.07,0.235,,13,423,-0.038,17,-5.6
2019-03,2019,3,Q1,AGIX,SingularityNET,AI / Compute,N/A,0.19606868,0.20579531,0.17291125,0.19554427,-0.27,12.2,0.142,0.235,,25,209,-0.776,22,21.3
2019-04,2019,4,Q2,AGIX,SingularityNET,AI / Compute,N/A,0.19554427,0.22100301,0.15802427,0.20277122,3.7,25.0,0.208,0.243,,18,389,-0.375,44,-32.0
2019-05,2019,5,Q2,AGIX,SingularityNET,AI / Compute,N/A,0.20277122,0.22144224,0.18460735,0.20575901,1.47,19.4,0.188,0.247,,58,92,-0.048,45,-15.8
2019-06,2019,6,Q2,AGIX,SingularityNET,AI / Compute,N/A,0.20575901,0.35149877,0.26222838,0.30622838,48.83,19.0,0.062,0.367,,9,270,-0.208,34,-7.3
2019-07,2019,7,Q3,AGIX,SingularityNET,AI / Compute,N/A,0.30622838,0.25379564,0.20025192,0.22420684,-26.78,20.7,0.12,0.269,,30,310,0.374,35,14.4
2019-08,2019,8,Q3,AGIX,SingularityNET,AI / Compute,N/A,0.22420684,0.29159243,0.22147605,0.27275968,21.66,22.7,0.181,0.327,,86,112,-0.221,53,4.8
2019-09,2019,9,Q3,AGIX,SingularityNET,AI / Compute,N/A,0.27275968,0.30411878,0.22297594,0.27997058,2.64,20.7,0.131,0.336,,36,367,-0.172,53,0.1
2019-10,2019,10,Q4,AGIX,SingularityNET,AI / Compute,N/A,0.27997058,0.28460789,0.2452154,0.26309008,-6.03,12.9,0.198,0.316,,37,463,-0.851,36,-14.4
2019-11,2019,11,Q4,AGIX,SingularityNET,AI / Compute,N/A,0.26309008,0.31735428,0.25419267,0.29061517,10.46,20.4,0.144,0.349,,27,333,-0.782,28,-12.0
2019-12,2019,12,Q4,AGIX,SingularityNET,AI / Compute,N/A,0.29061517,0.41850534,0.37658836,0.3917315,34.79,10.5,0.16,0.47,,10,186,0.688,33,13.8
2020-01,2020,1,Q1,AGIX,SingularityNET,AI / Compute,N/A,0.3917315,0.27412429,0.23513665,0.25708564,-34.37,9.5,0.26,0.309,,16,446,0.212,52,19.6
2020-02,2020,2,Q1,AGIX,SingularityNET,AI / Compute,N/A,0.25708564,0.40854687,0.34883483,0.38014804,47.87,10.9,0.216,0.456,,16,182,0.873,67,-1.2
2020-03,2020,3,Q1,AGIX,SingularityNET,AI / Compute,N/A,0.38014804,0.41812735,0.31997011,0.36311775,-4.48,15.6,0.111,0.436,,17,1153,0.317,57,14.4
2020-04,2020,4,Q2,AGIX,SingularityNET,AI / Compute,N/A,0.36311775,0.63864287,0.51281392,0.58604059,61.39,21.6,0.185,0.703,,22,135,0.128,46,-3.5
2020-05,2020,5,Q2,AGIX,SingularityNET,AI / Compute,N/A,0.58604059,0.664317,0.51873213,0.57557586,-1.79,20.2,0.301,0.691,,20,65,-0.396,49,-21.2
2020-06,2020,6,Q2,AGIX,SingularityNET,AI / Compute,N/A,0.57557586,0.64983131,0.52235097,0.58649714,1.9,13.1,0.227,0.704,,16,191,-0.319,52,-24.5
2020-07,2020,7,Q3,AGIX,SingularityNET,AI / Compute,N/A,0.58649714,0.67331209,0.57461731,0.62317852,6.25,19.8,0.234,0.748,,39,230,0.831,53,20.5
2020-08,2020,8,Q3,AGIX,SingularityNET,AI / Compute,N/A,0.62317852,0.92689251,0.7942581,0.84809648,36.09,9.9,0.56,1.018,,24,1097,0.303,64,15.9
2020-09,2020,9,Q3,AGIX,SingularityNET,AI / Compute,N/A,0.84809648,0.70732706,0.65018526,0.6726601,-20.69,8.6,0.226,0.807,,7,199,-0.257,60,35.0
2020-10,2020,10,Q4,AGIX,SingularityNET,AI / Compute,N/A,0.6726601,0.85014376,0.66494891,0.73806522,9.72,23.9,0.199,0.886,,63,181,0.167,64,23.8
2020-11,2020,11,Q4,AGIX,SingularityNET,AI / Compute,N/A,0.73806522,1.11315993,0.86389328,1.02365625,38.69,17.2,0.725,1.228,,60,1723,0.331,65,94.9
2020-12,2020,12,Q4,AGIX,SingularityNET,AI / Compute,N/A,1.02365625,1.0312401,0.87077521,0.9748771,-4.77,11.7,0.16,1.17,,11,130,0.273,65,-11.0
2021-01,2021,1,Q1,AGIX,SingularityNET,AI / Compute,N/A,0.9748771,1.32954769,1.05066521,1.24674295,27.89,16.3,0.659,1.496,,16,775,0.776,82,19.5
2021-02,2021,2,Q1,AGIX,SingularityNET,AI / Compute,N/A,1.24674295,1.65122473,1.21698405,1.44788513,16.13,17.8,0.752,1.737,,54,225,0.777,90,-9.6
2021-03,2021,3,Q1,AGIX,SingularityNET,AI / Compute,N/A,1.44788513,1.62830052,1.24784845,1.44386399,-0.28,20.0,0.42,1.733,,107,234,1.0,86,-12.9
2021-04,2021,4,Q2,AGIX,SingularityNET,AI / Compute,N/A,1.44386399,1.82786291,1.60272992,1.69157,17.16,9.2,0.693,2.03,,37,599,1.0,95,48.5
2021-05,2021,5,Q2,AGIX,SingularityNET,AI / Compute,N/A,1.69157,0.74248522,0.60878823,0.70454467,-58.35,15.3,0.505,0.845,,118,18,0.063,80,-2.1
2021-06,2021,6,Q2,AGIX,SingularityNET,AI / Compute,N/A,0.70454467,0.87322458,0.67862234,0.79787041,13.25,18.5,0.247,0.957,,29,219,0.732,55,-18.7
2021-07,2021,7,Q3,AGIX,SingularityNET,AI / Compute,N/A,0.79787041,1.21933822,0.99920541,1.05894777,32.72,17.1,0.302,1.271,,12,216,0.595,54,40.1
2021-08,2021,8,Q3,AGIX,SingularityNET,AI / Compute,N/A,1.05894777,1.19338878,1.01692227,1.06975249,1.02,14.9,0.265,1.284,,81,408,-0.014,85,-33.5
2021-09,2021,9,Q3,AGIX,SingularityNET,AI / Compute,N/A,1.06975249,0.87534364,0.71355406,0.79577728,-25.61,12.3,0.212,0.955,,110,56,0.758,62,-29.4
2021-10,2021,10,Q4,AGIX,SingularityNET,AI / Compute,N/A,0.79577728,0.96021588,0.8206445,0.89151077,12.03,10.7,0.74,1.07,,27,397,0.547,79,-2.5
2021-11,2021,11,Q4,AGIX,SingularityNET,AI / Compute,N/A,0.89151077,1.09078309,0.94231713,0.99175398,11.24,13.9,0.435,1.19,,10,458,0.373,76,32.5
2021-12,2021,12,Q4,AGIX,SingularityNET,AI / Compute,N/A,0.99175398,0.93629709,0.67096425,0.79272744,-20.07,23.6,0.357,0.951,,41,165,0.313,76,6.8
2022-01,2022,1,Q1,AGIX,SingularityNET,AI / Compute,N/A,0.79272744,0.50070968,0.42547384,0.47055943,-40.64,15.5,0.156,0.565,,18,189,0.007,51,27.8
2022-02,2022,2,Q1,AGIX,SingularityNET,AI / Compute,N/A,0.47055943,0.35023012,0.24239378,0.30024647,-36.19,21.0,0.18,0.36,,30,68,-0.294,47,1.1
2022-03,2022,3,Q1,AGIX,SingularityNET,AI / Compute,N/A,0.30024647,0.41152241,0.30110255,0.35836036,19.36,20.8,0.209,0.43,,18,75,-0.129,23,12.9
2022-04,2022,4,Q2,AGIX,SingularityNET,AI / Compute,N/A,0.35836036,0.30736983,0.24203366,0.25904065,-27.72,20.6,0.166,0.311,,17,39,-0.348,27,-9.5
2022-05,2022,5,Q2,AGIX,SingularityNET,AI / Compute,N/A,0.25904065,0.24662619,0.21366172,0.23069877,-10.94,9.5,0.174,0.277,,156,304,-0.352,23,-6.2
2022-06,2022,6,Q2,AGIX,SingularityNET,AI / Compute,N/A,0.23069877,0.08995544,0.07658895,0.08403882,-63.57,14.5,0.068,0.101,,33,153,-0.299,22,9.5
2022-07,2022,7,Q3,AGIX,SingularityNET,AI / Compute,N/A,0.08403882,0.10926818,0.09283686,0.09897722,17.78,18.6,0.049,0.119,,36,820,-0.792,19,-2.5
2022-08,2022,8,Q3,AGIX,SingularityNET,AI / Compute,N/A,0.09897722,0.11616193,0.09953203,0.10368915,4.76,12.2,0.034,0.124,,49,139,-0.734,32,-2.3
2022-09,2022,9,Q3,AGIX,SingularityNET,AI / Compute,N/A,0.10368915,0.10005846,0.08581795,0.09319673,-10.12,12.0,0.033,0.112,,65,77,-0.41,26,1.8
2022-10,2022,10,Q4,AGIX,SingularityNET,AI / Compute,N/A,0.09319673,0.13511015,0.09788193,0.11925455,27.96,18.6,0.06,0.143,,39,170,-0.384,46,-8.1
2022-11,2022,11,Q4,AGIX,SingularityNET,AI / Compute,N/A,0.11925455,0.12530739,0.11020377,0.11510378,-3.48,11.9,0.149,0.138,,83,189,-0.187,20,-10.9
2022-12,2022,12,Q4,AGIX,SingularityNET,AI / Compute,N/A,0.11510378,0.11618483,0.1041045,0.10948427,-4.88,15.8,0.072,0.131,,59,266,-0.222,22,-8.1
2023-01,2023,1,Q1,AGIX,SingularityNET,AI / Compute,N/A,0.10948427,0.24579579,0.18332714,0.21101076,92.73,18.5,0.082,0.253,,49,314,-0.024,47,-6.8
2023-02,2023,2,Q1,AGIX,SingularityNET,AI / Compute,N/A,0.21101076,0.24086467,0.22467737,0.23134372,9.64,9.5,0.222,0.278,,65,270,0.047,37,8.3
2023-03,2023,3,Q1,AGIX,SingularityNET,AI / Compute,N/A,0.23134372,0.31334338,0.27872948,0.29840004,28.99,10.6,0.25,0.358,,22,295,-0.235,36,19.2
2023-04,2023,4,Q2,AGIX,SingularityNET,AI / Compute,N/A,0.29840004,0.41520897,0.36671057,0.38424624,28.77,8.2,0.08,0.461,,19,67,-0.246,26,-17.5
2023-05,2023,5,Q2,AGIX,SingularityNET,AI / Compute,N/A,0.38424624,0.35291238,0.29570816,0.33717341,-12.25,12.8,0.134,0.405,,8,432,0.057,40,6.1
2023-06,2023,6,Q2,AGIX,SingularityNET,AI / Compute,N/A,0.33717341,0.37038098,0.28566003,0.32902423,-2.42,13.9,0.152,0.395,,42,38,-0.219,38,-7.5
2023-07,2023,7,Q3,AGIX,SingularityNET,AI / Compute,N/A,0.32902423,0.44127845,0.3685831,0.40044555,21.71,17.7,0.279,0.481,,17,208,-0.202,35,11.7
2023-08,2023,8,Q3,AGIX,SingularityNET,AI / Compute,N/A,0.40044555,0.59488855,0.51314017,0.56879246,42.04,10.6,0.301,0.683,,100,333,0.412,51,-2.2
2023-09,2023,9,Q3,AGIX,SingularityNET,AI / Compute,N/A,0.56879246,0.60199005,0.42039743,0.5097559,-10.38,18.4,0.117,0.612,,17,67,0.403,59,-39.9
2023-10,2023,10,Q4,AGIX,SingularityNET,AI / Compute,N/A,0.5097559,0.59393416,0.43652915,0.5250792,3.01,18.4,0.284,0.63,,68,109,0.508,52,-34.9
2023-11,2023,11,Q4,AGIX,SingularityNET,AI / Compute,N/A,0.5250792,0.7308144,0.58308964,0.66088578,25.86,17.3,0.184,0.793,,23,210,0.361,46,-21.4
2023-12,2023,12,Q4,AGIX,SingularityNET,AI / Compute,N/A,0.66088578,0.61924163,0.52086211,0.55994193,-15.27,13.5,0.48,0.672,,17,151,-0.469,60,47.9
2024-01,2024,1,Q1,AGIX,SingularityNET,AI / Compute,N/A,0.55994193,1.03938578,0.75776482,0.92374298,64.97,19.0,0.588,1.108,,20,494,-0.02,71,-22.3
2024-02,2024,2,Q1,AGIX,SingularityNET,AI / Compute,N/A,0.92374298,0.94786076,0.82832789,0.89310605,-3.32,19.4,0.536,1.072,,15,60,0.155,72,15.1
2024-03,2024,3,Q1,AGIX,SingularityNET,AI / Compute,N/A,0.89310605,1.14409883,0.82987957,1.00332806,12.34,17.3,0.295,1.204,,112,425,0.499,83,3.1
2024-04,2024,4,Q2,AGIX,SingularityNET,AI / Compute,N/A,1.00332806,1.46870063,1.25580255,1.34642155,34.2,21.7,0.683,1.616,,22,118,1.0,80,-3.1
2024-05,2024,5,Q2,AGIX,SingularityNET,AI / Compute,N/A,1.34642155,1.54626271,1.20600605,1.30974173,-2.72,18.7,0.708,1.572,,48,212,0.242,78,-41.0
2024-06,2024,6,Q2,AGIX,SingularityNET,AI / Compute,N/A,1.30974173,1.15544341,0.9336387,1.09548402,-16.36,17.8,0.606,1.315,,31,50,0.571,70,8.5
2024-07,2024,7,Q3,AGIX,SingularityNET,AI / Compute,N/A,1.09548402,0.89110174,0.71500211,0.78586804,-28.26,15.7,0.262,0.943,,37,441,0.618,62,59.4
2024-08,2024,8,Q3,AGIX,SingularityNET,AI / Compute,N/A,0.78586804,1.01116296,0.90449595,0.94632781,20.42,14.0,0.534,1.136,,18,238,0.269,77,0.3
2024-09,2024,9,Q3,AGIX,SingularityNET,AI / Compute,N/A,0.94632781,1.08449914,0.89113901,1.01779823,7.55,14.6,0.188,1.221,,16,429,0.218,73,7.9
2024-10,2024,10,Q4,AGIX,SingularityNET,AI / Compute,N/A,1.01779823,0.88338675,0.62458916,0.79686761,-21.71,24.1,0.48,0.956,,24,158,-0.079,78,7.9
2024-11,2024,11,Q4,AGIX,SingularityNET,AI / Compute,N/A,0.79686761,1.22255527,1.094339,1.14107708,43.2,10.1,0.122,1.369,,76,157,0.5,81,16.4
2024-12,2024,12,Q4,AGIX,SingularityNET,AI / Compute,N/A,1.14107708,1.18313964,0.80336876,0.98843182,-13.38,22.7,0.299,1.186,,13,189,0.696,67,-1.7
2025-01,2025,1,Q1,AGIX,SingularityNET,AI / Compute,N/A,0.98843182,1.38016354,1.1392885,1.20513845,21.92,17.8,0.438,1.446,,57,1209,0.428,73,7.2
2025-02,2025,2,Q1,AGIX,SingularityNET,AI / Compute,N/A,1.20513845,1.24682018,1.00142552,1.16407327,-3.41,15.1,0.308,1.397,,19,56,0.312,89,26.9
2025-03,2025,3,Q1,AGIX,SingularityNET,AI / Compute,N/A,1.16407327,1.16610897,0.9786292,1.03212858,-11.33,14.8,0.298,1.239,,91,184,0.651,51,-37.1
2025-04,2025,4,Q2,AGIX,SingularityNET,AI / Compute,N/A,1.03212858,1.25371904,1.03269572,1.14409896,10.85,15.2,1.618,1.373,,47,105,0.706,84,-67.6
2025-05,2025,5,Q2,AGIX,SingularityNET,AI / Compute,N/A,1.14409896,1.2865613,1.08000007,1.17057477,2.31,13.1,0.229,1.405,,10,241,0.573,68,-20.0
2025-06,2025,6,Q2,AGIX,SingularityNET,AI / Compute,N/A,1.17057477,1.45881933,1.11712152,1.27404229,8.84,18.0,1.519,1.529,,59,153,0.68,84,-6.8
2025-07,2025,7,Q3,AGIX,SingularityNET,AI / Compute,N/A,1.27404229,1.27567772,0.89006327,1.05539989,-17.16,23.7,0.268,1.266,,46,158,0.187,75,-2.9
2025-08,2025,8,Q3,AGIX,SingularityNET,AI / Compute,N/A,1.05539989,1.39749104,0.92955345,1.19251013,12.99,24.7,0.316,1.431,,97,572,0.918,82,42.7
2025-09,2025,9,Q3,AGIX,SingularityNET,AI / Compute,N/A,1.19251013,1.21260465,0.94666331,1.09327621,-8.32,19.3,0.155,1.312,,35,229,0.38,79,36.8
2025-10,2025,10,Q4,AGIX,SingularityNET,AI / Compute,N/A,1.09327621,1.67905231,1.15422408,1.39057622,27.19,24.7,0.588,1.669,,44,230,0.826,71,30.5
2025-11,2025,11,Q4,AGIX,SingularityNET,AI / Compute,N/A,1.39057622,1.29815342,0.85762779,1.07623789,-22.6,21.9,0.313,1.291,,14,288,1.0,68,-43.1
2025-12,2025,12,Q4,AGIX,SingularityNET,AI / Compute,N/A,1.07623789,1.66689502,1.22494053,1.5091299,40.22,22.0,0.326,1.811,,13,122,0.844,87,-29.8
2026-01,2026,1,Q1,AGIX,SingularityNET,AI / Compute,N/A,1.5091299,1.20783382,0.91016083,1.03164121,-31.64,20.2,0.411,1.238,,90,488,0.451,48,31.0
2026-02,2026,2,Q1,AGIX,SingularityNET,AI / Compute,N/A,1.03164121,1.27914043,0.95066444,1.10404423,7.02,20.3,0.44,1.325,,15,302,0.681,73,41.1
2026-03,2026,3,Q1,AGIX,SingularityNET,AI / Compute,N/A,1.10404423,1.19078736,0.94135794,1.0711071,-2.98,18.5,0.169,1.285,,13,348,1.0,58,-17.6
2024-01,2024,1,Q1,ENA,Ethena,Stablecoin,N/A,0.96564004,1.06945025,0.86737553,0.97411636,0.88,15.9,0.434,8.767,,29,237,0.379,60,-42.0
2024-02,2024,2,Q1,ENA,Ethena,Stablecoin,N/A,0.97411636,1.12269115,0.81578519,0.92068966,-5.48,23.2,0.429,8.286,,51,242,0.196,81,37.5
2024-03,2024,3,Q1,ENA,Ethena,Stablecoin,N/A,0.92068966,1.07872799,0.8911687,1.01088942,9.8,12.8,0.625,9.098,,30,134,0.967,61,-10.7
2024-04,2024,4,Q2,ENA,Ethena,Stablecoin,N/A,1.01088942,1.4319943,1.30001003,1.35036317,33.58,8.6,0.505,12.153,,55,162,0.463,74,2.6
2024-05,2024,5,Q2,ENA,Ethena,Stablecoin,N/A,1.35036317,1.41131378,1.22840591,1.30599205,-3.29,11.2,2.273,11.754,,29,269,0.564,85,12.3
2024-06,2024,6,Q2,ENA,Ethena,Stablecoin,N/A,1.30599205,1.42266625,1.15314494,1.28242112,-1.8,24.6,0.242,11.542,,37,439,0.133,80,-1.1
2024-07,2024,7,Q3,ENA,Ethena,Stablecoin,N/A,1.28242112,1.06233916,0.79687276,0.9190491,-28.33,21.5,0.468,8.271,,24,108,0.837,58,-30.0
2024-08,2024,8,Q3,ENA,Ethena,Stablecoin,N/A,0.9190491,0.93296742,0.673082,0.81408191,-11.42,18.7,0.176,7.327,,17,48,-0.248,76,87.8
2024-09,2024,9,Q3,ENA,Ethena,Stablecoin,N/A,0.81408191,0.84931559,0.69214579,0.76676847,-5.81,11.3,0.304,6.901,,11,213,1.0,35,-24.8
2024-10,2024,10,Q4,ENA,Ethena,Stablecoin,N/A,0.76676847,0.90187118,0.68632714,0.80729691,5.29,21.9,0.211,7.266,,95,137,0.825,57,-40.7
2024-11,2024,11,Q4,ENA,Ethena,Stablecoin,N/A,0.80729691,1.05601827,0.70028054,0.91172056,12.93,23.5,0.467,8.205,,112,407,0.709,62,83.9
2024-12,2024,12,Q4,ENA,Ethena,Stablecoin,N/A,0.91172056,1.0677017,0.89932077,1.00824518,10.59,11.5,0.238,9.074,,24,369,-0.019,59,13.5
2025-01,2025,1,Q1,ENA,Ethena,Stablecoin,N/A,1.00824518,1.12581603,0.9974859,1.03578098,2.73,12.3,0.193,9.322,,20,318,1.0,71,-17.3
2025-02,2025,2,Q1,ENA,Ethena,Stablecoin,N/A,1.03578098,1.27483966,0.96334053,1.13187112,9.28,16.2,0.114,10.187,,22,350,0.364,65,-23.9
2025-03,2025,3,Q1,ENA,Ethena,Stablecoin,N/A,1.13187112,1.21787974,1.08990281,1.13697889,0.45,9.3,0.33,10.233,,14,492,0.541,93,32.3
2025-04,2025,4,Q2,ENA,Ethena,Stablecoin,N/A,1.13697889,1.07613549,0.84199332,0.97367968,-14.36,16.8,0.729,8.763,,15,244,0.841,74,-12.4
2025-05,2025,5,Q2,ENA,Ethena,Stablecoin,N/A,0.97367968,1.3896998,1.21068876,1.30744193,34.28,14.6,0.433,11.767,,64,254,0.325,79,2.1
2025-06,2025,6,Q2,ENA,Ethena,Stablecoin,N/A,1.30744193,1.64911093,1.22135331,1.37921831,5.49,21.3,0.517,12.413,,78,194,0.803,68,17.2
2025-07,2025,7,Q3,ENA,Ethena,Stablecoin,N/A,1.37921831,1.31359857,1.10121925,1.21889619,-11.62,14.0,0.878,10.97,,100,180,0.842,88,61.2
2025-08,2025,8,Q3,ENA,Ethena,Stablecoin,N/A,1.21889619,1.57898508,1.38826045,1.45212923,19.13,9.2,0.216,13.069,,9,260,0.747,56,-81.1
2025-09,2025,9,Q3,ENA,Ethena,Stablecoin,N/A,1.45212923,1.33632693,0.98885304,1.13717588,-21.69,21.2,0.681,10.235,,12,328,1.0,76,-9.3
2025-10,2025,10,Q4,ENA,Ethena,Stablecoin,N/A,1.13717588,1.50972838,1.17984486,1.30471539,14.73,17.5,0.46,11.742,,45,355,0.744,82,42.6
2025-11,2025,11,Q4,ENA,Ethena,Stablecoin,N/A,1.30471539,1.66746829,1.3604336,1.47308833,12.9,17.3,0.521,13.258,,12,102,1.0,66,5.7
2025-12,2025,12,Q4,ENA,Ethena,Stablecoin,N/A,1.47308833,1.15056903,1.00801677,1.07205027,-27.22,8.8,1.111,9.648,,17,283,1.0,74,-28.8
2026-01,2026,1,Q1,ENA,Ethena,Stablecoin,N/A,1.07205027,1.3538743,1.14495504,1.27227801,18.68,18.1,0.459,11.451,,19,161,1.0,84,46.6
2026-02,2026,2,Q1,ENA,Ethena,Stablecoin,N/A,1.27227801,1.13291695,0.82821215,1.03856794,-18.37,21.1,0.39,9.347,,78,521,0.572,67,-14.3
2026-03,2026,3,Q1,ENA,Ethena,Stablecoin,N/A,1.03856794,1.62960428,1.13363344,1.3281724,27.88,23.3,0.968,11.954,,7,142,0.226,55,-1.9
2018-01,2018,1,Q1,CRO,Cronos,Exchange Token,PoA,0.1492802,0.1496244,0.12999671,0.14063229,-5.79,11.8,0.303,2.531,,123,136,-0.85,30,-8.2
2018-02,2018,2,Q1,CRO,Cronos,Exchange Token,PoA,0.14063229,0.1907219,0.14953865,0.1679753,19.44,20.4,0.055,3.024,,16,337,-0.348,48,7.4
2018-03,2018,3,Q1,CRO,Cronos,Exchange Token,PoA,0.1679753,0.12477514,0.10730787,0.11880705,-29.27,12.1,0.144,2.139,,20,42,-0.13,58,12.2
2018-04,2018,4,Q2,CRO,Cronos,Exchange Token,PoA,0.11880705,0.16169567,0.12175106,0.14296693,20.34,22.8,0.067,2.573,,32,95,-0.799,26,10.6
2018-05,2018,5,Q2,CRO,Cronos,Exchange Token,PoA,0.14296693,0.16335726,0.13100722,0.14322574,0.18,14.3,0.116,2.578,,43,693,-0.311,16,3.3
2018-06,2018,6,Q2,CRO,Cronos,Exchange Token,PoA,0.14322574,0.14504071,0.12124159,0.12981163,-9.37,19.4,0.048,2.337,,35,78,-0.063,46,9.8
2018-07,2018,7,Q3,CRO,Cronos,Exchange Token,PoA,0.12981163,0.10653057,0.09389809,0.10233508,-21.17,11.0,0.133,1.842,,42,341,-0.31,23,14.1
2018-08,2018,8,Q3,CRO,Cronos,Exchange Token,PoA,0.10233508,0.12509345,0.11067788,0.11738405,14.71,9.9,0.154,2.113,,16,343,-0.377,41,4.2
2018-09,2018,9,Q3,CRO,Cronos,Exchange Token,PoA,0.11738405,0.12028496,0.10454462,0.11166966,-4.87,17.6,0.075,2.01,,31,114,-0.371,38,3.0
2018-10,2018,10,Q4,CRO,Cronos,Exchange Token,PoA,0.11166966,0.08726665,0.0714268,0.0825391,-26.09,18.8,0.109,1.486,,48,133,-0.44,19,17.3
2018-11,2018,11,Q4,CRO,Cronos,Exchange Token,PoA,0.0825391,0.1066796,0.08678006,0.09583478,16.11,12.9,0.17,1.725,,231,425,-0.137,50,7.4
2018-12,2018,12,Q4,CRO,Cronos,Exchange Token,PoA,0.09583478,0.08124319,0.06599275,0.07075812,-26.17,18.1,0.049,1.274,,37,75,-0.733,28,-0.5
2019-01,2019,1,Q1,CRO,Cronos,Exchange Token,PoA,0.07075812,0.13794796,0.09654056,0.11778298,66.46,21.6,0.125,2.12,,5,81,-0.058,36,10.3
2019-02,2019,2,Q1,CRO,Cronos,Exchange Token,PoA,0.11778298,0.11352302,0.09557774,0.10828391,-8.06,14.9,0.296,1.949,,43,223,-0.756,27,-16.5
2019-03,2019,3,Q1,CRO,Cronos,Exchange Token,PoA,0.10828391,0.14087979,0.11209818,0.13029084,20.32,15.6,0.094,2.345,,51,303,-0.075,25,-0.4
2019-04,2019,4,Q2,CRO,Cronos,Exchange Token,PoA,0.13029084,0.16507392,0.13767703,0.14735779,13.1,16.9,0.12,2.652,,43,247,-0.161,38,-18.2
2019-05,2019,5,Q2,CRO,Cronos,Exchange Token,PoA,0.14735779,0.20389564,0.15388145,0.17883569,21.36,24.2,0.053,3.219,,39,336,-0.399,39,15.5
2019-06,2019,6,Q2,CRO,Cronos,Exchange Token,PoA,0.17883569,0.19437545,0.16123054,0.17520026,-2.03,11.2,0.085,3.154,,67,178,-0.264,44,12.7
2019-07,2019,7,Q3,CRO,Cronos,Exchange Token,PoA,0.17520026,0.17699203,0.15327483,0.16692473,-4.72,15.5,0.12,3.005,,20,337,0.015,26,-8.9
2019-08,2019,8,Q3,CRO,Cronos,Exchange Token,PoA,0.16692473,0.23763884,0.19424882,0.20745183,24.28,17.6,0.072,3.734,,24,462,-0.099,46,-8.4
2019-09,2019,9,Q3,CRO,Cronos,Exchange Token,PoA,0.20745183,0.218194,0.15230165,0.18877257,-9.0,24.1,0.052,3.398,,18,87,0.365,34,1.8
2019-10,2019,10,Q4,CRO,Cronos,Exchange Token,PoA,0.18877257,0.23176654,0.1797188,0.19670471,4.2,22.3,0.278,3.541,,13,290,0.35,46,0.4
2019-11,2019,11,Q4,CRO,Cronos,Exchange Token,PoA,0.19670471,0.23686664,0.16475198,0.19770712,0.51,24.7,0.098,3.559,,49,271,0.054,26,-24.1
2019-12,2019,12,Q4,CRO,Cronos,Exchange Token,PoA,0.19770712,0.2707391,0.20620902,0.24920657,26.05,19.1,0.125,4.486,,73,91,-0.112,46,-1.8
2020-01,2020,1,Q1,CRO,Cronos,Exchange Token,PoA,0.24920657,0.17928007,0.16303161,0.17189232,-31.02,13.1,0.027,3.094,,39,347,0.277,43,6.9
2020-02,2020,2,Q1,CRO,Cronos,Exchange Token,PoA,0.17189232,0.28583474,0.20524896,0.25124517,46.16,24.2,0.181,4.522,,6,133,-0.01,43,-13.1
2020-03,2020,3,Q1,CRO,Cronos,Exchange Token,PoA,0.25124517,0.2546814,0.19636894,0.23372881,-6.97,22.5,0.242,4.207,,29,369,0.431,64,7.4
2020-04,2020,4,Q2,CRO,Cronos,Exchange Token,PoA,0.23372881,0.40103452,0.31704987,0.36248631,55.09,15.2,0.216,6.525,,33,192,0.051,46,46.3
2020-05,2020,5,Q2,CRO,Cronos,Exchange Token,PoA,0.36248631,0.32981833,0.2696848,0.30292728,-16.43,19.4,0.213,5.453,,28,97,0.411,51,-10.5
2020-06,2020,6,Q2,CRO,Cronos,Exchange Token,PoA,0.30292728,0.37136512,0.31313727,0.34542462,14.03,9.5,0.213,6.218,,27,477,0.439,43,-21.3
2020-07,2020,7,Q3,CRO,Cronos,Exchange Token,PoA,0.34542462,0.53121223,0.40476124,0.46574309,34.83,20.4,0.201,8.383,,40,251,-0.095,58,11.2
2020-08,2020,8,Q3,CRO,Cronos,Exchange Token,PoA,0.46574309,0.430876,0.3408384,0.39053707,-16.15,19.9,0.124,7.03,,17,588,0.228,61,2.6
2020-09,2020,9,Q3,CRO,Cronos,Exchange Token,PoA,0.39053707,0.56048858,0.49404386,0.53351349,36.61,9.2,0.162,9.603,,58,678,0.251,43,-35.6
2020-10,2020,10,Q4,CRO,Cronos,Exchange Token,PoA,0.53351349,0.70601808,0.53556058,0.59944947,12.36,23.8,0.495,10.79,,28,300,0.867,67,0.1
2020-11,2020,11,Q4,CRO,Cronos,Exchange Token,PoA,0.59944947,0.55053287,0.44700407,0.49021698,-18.22,18.4,0.346,8.824,,2,633,0.071,64,30.6
2020-12,2020,12,Q4,CRO,Cronos,Exchange Token,PoA,0.49021698,0.73995306,0.64027941,0.67475967,37.65,15.8,0.596,12.146,,21,153,0.822,92,0.8
2021-01,2021,1,Q1,CRO,Cronos,Exchange Token,PoA,0.67475967,0.81340287,0.58387055,0.7315971,8.42,20.6,1.054,13.169,,34,107,0.567,71,49.6
2021-02,2021,2,Q1,CRO,Cronos,Exchange Token,PoA,0.7315971,1.01951376,0.85937684,0.95471797,30.5,21.2,0.459,17.185,,155,139,0.614,66,-48.9
2021-03,2021,3,Q1,CRO,Cronos,Exchange Token,PoA,0.95471797,0.85736757,0.69233999,0.76027382,-20.37,13.6,0.645,13.685,,66,104,0.684,92,-2.8
2021-04,2021,4,Q2,CRO,Cronos,Exchange Token,PoA,0.76027382,1.08447052,0.96355338,1.00710503,32.47,9.1,0.66,18.128,,25,163,0.95,71,-89.8
2021-05,2021,5,Q2,CRO,Cronos,Exchange Token,PoA,1.00710503,0.56624623,0.464191,0.50532329,-49.82,17.2,0.229,9.096,,10,149,0.34,67,-43.3
2021-06,2021,6,Q2,CRO,Cronos,Exchange Token,PoA,0.50532329,0.53916833,0.40770702,0.46188802,-8.6,20.7,0.342,8.314,,36,59,0.774,69,5.4
2021-07,2021,7,Q3,CRO,Cronos,Exchange Token,PoA,0.46188802,0.59605424,0.43668632,0.50454672,9.24,18.5,0.44,9.082,,15,132,0.07,58,27.4
2021-08,2021,8,Q3,CRO,Cronos,Exchange Token,PoA,0.50454672,0.60112934,0.49871804,0.5655295,12.09,14.6,0.371,10.18,,16,352,0.237,70,-57.3
2021-09,2021,9,Q3,CRO,Cronos,Exchange Token,PoA,0.5655295,0.60458781,0.51874556,0.54520228,-3.59,11.5,0.109,9.814,,24,121,1.0,58,62.0
2021-10,2021,10,Q4,CRO,Cronos,Exchange Token,PoA,0.54520228,0.74021237,0.61822249,0.6636986,21.73,20.0,0.466,11.947,,24,384,0.722,62,16.6
2021-11,2021,11,Q4,CRO,Cronos,Exchange Token,PoA,0.6636986,0.65793657,0.57297915,0.60779854,-8.42,9.6,0.234,10.94,,17,326,0.246,62,-26.9
2021-12,2021,12,Q4,CRO,Cronos,Exchange Token,PoA,0.60779854,0.56822688,0.48181665,0.51708868,-14.92,11.9,0.265,9.308,,26,130,0.355,60,62.9
2022-01,2022,1,Q1,CRO,Cronos,Exchange Token,PoA,0.51708868,0.34968079,0.28255952,0.30479541,-41.06,21.6,0.139,5.486,,8,291,-0.238,52,16.2
2022-02,2022,2,Q1,CRO,Cronos,Exchange Token,PoA,0.30479541,0.25048544,0.22927881,0.23661091,-22.37,9.1,0.19,4.259,,52,212,-0.429,26,-14.7
2022-03,2022,3,Q1,CRO,Cronos,Exchange Token,PoA,0.23661091,0.24414281,0.19700681,0.20898649,-11.68,17.9,0.162,3.762,,122,256,0.171,29,-2.0
2022-04,2022,4,Q2,CRO,Cronos,Exchange Token,PoA,0.20898649,0.15435408,0.13951777,0.14737302,-29.48,9.8,0.096,2.653,,20,36,-0.763,36,12.6
2022-05,2022,5,Q2,CRO,Cronos,Exchange Token,PoA,0.14737302,0.10473998,0.09092015,0.09861246,-33.09,12.8,0.164,1.775,,46,76,-0.087,42,10.0
2022-06,2022,6,Q2,CRO,Cronos,Exchange Token,PoA,0.09861246,0.07054558,0.05813252,0.06389906,-35.2,13.3,0.091,1.15,,20,326,-0.387,34,5.1
2022-07,2022,7,Q3,CRO,Cronos,Exchange Token,PoA,0.06389906,0.0595748,0.04547172,0.05263908,-17.62,18.6,0.031,0.948,,53,337,-0.503,42,1.2
2022-08,2022,8,Q3,CRO,Cronos,Exchange Token,PoA,0.05263908,0.07776235,0.06448538,0.07331831,39.28,19.0,0.051,1.32,,72,180,-0.341,34,-6.1
2022-09,2022,9,Q3,CRO,Cronos,Exchange Token,PoA,0.07331831,0.08012179,0.0631612,0.06855174,-6.5,18.8,0.098,1.234,,21,224,-0.559,34,3.6
2022-10,2022,10,Q4,CRO,Cronos,Exchange Token,PoA,0.06855174,0.06545423,0.05667223,0.06132211,-10.55,8.9,0.13,1.104,,72,193,-0.27,37,-6.1
2022-11,2022,11,Q4,CRO,Cronos,Exchange Token,PoA,0.06132211,0.07006007,0.05370618,0.06051058,-1.32,22.9,0.043,1.089,,12,234,-0.141,39,4.1
2022-12,2022,12,Q4,CRO,Cronos,Exchange Token,PoA,0.06051058,0.08552939,0.0630049,0.07172317,18.53,21.2,0.083,1.291,,12,105,-0.126,36,6.2
2023-01,2023,1,Q1,CRO,Cronos,Exchange Token,PoA,0.07172317,0.17881186,0.12292377,0.15044546,109.76,19.0,0.061,2.708,,40,131,-0.348,69,6.5
2023-02,2023,2,Q1,CRO,Cronos,Exchange Token,PoA,0.15044546,0.15040117,0.12911397,0.13728882,-8.75,10.9,0.132,2.471,,57,128,-0.039,51,4.0
2023-03,2023,3,Q1,CRO,Cronos,Exchange Token,PoA,0.13728882,0.21914852,0.17911551,0.20705595,50.82,17.1,0.097,3.727,,12,187,0.021,47,-17.4
2023-04,2023,4,Q2,CRO,Cronos,Exchange Token,PoA,0.20705595,0.20885463,0.17807787,0.18771796,-9.34,12.9,0.123,3.379,,71,417,-0.003,40,-1.5
2023-05,2023,5,Q2,CRO,Cronos,Exchange Token,PoA,0.18771796,0.21205182,0.16598662,0.18127438,-3.43,19.2,0.192,3.263,,44,235,-0.038,40,-0.6
2023-06,2023,6,Q2,CRO,Cronos,Exchange Token,PoA,0.18127438,0.26090994,0.20971065,0.23687804,30.67,20.5,0.186,4.264,,44,179,0.244,64,14.9
2023-07,2023,7,Q3,CRO,Cronos,Exchange Token,PoA,0.23687804,0.28158262,0.21182906,0.24847085,4.89,15.9,0.173,4.472,,13,408,-0.383,41,4.4
2023-08,2023,8,Q3,CRO,Cronos,Exchange Token,PoA,0.24847085,0.32882448,0.28913698,0.31503523,26.79,11.1,0.193,5.671,,28,412,-0.592,56,39.4
2023-09,2023,9,Q3,CRO,Cronos,Exchange Token,PoA,0.31503523,0.34498278,0.28540464,0.30539159,-3.06,16.9,0.286,5.497,,36,754,0.062,56,8.5
2023-10,2023,10,Q4,CRO,Cronos,Exchange Token,PoA,0.30539159,0.40168319,0.29894918,0.3439801,12.64,17.7,0.321,6.192,,13,909,0.218,40,9.8
2023-11,2023,11,Q4,CRO,Cronos,Exchange Token,PoA,0.3439801,0.39919407,0.36373619,0.3788312,10.13,8.2,0.413,6.819,,41,291,-0.59,56,13.7
2023-12,2023,12,Q4,CRO,Cronos,Exchange Token,PoA,0.3788312,0.35613824,0.29150255,0.31523959,-16.79,18.6,0.192,5.674,,14,96,-0.118,82,-3.0
2024-01,2024,1,Q1,CRO,Cronos,Exchange Token,PoA,0.31523959,0.64067126,0.47608574,0.59474084,88.66,23.6,0.42,10.705,,18,384,0.218,55,17.3
2024-02,2024,2,Q1,CRO,Cronos,Exchange Token,PoA,0.59474084,0.56926286,0.44956954,0.51659288,-13.14,20.6,0.143,9.299,,64,409,0.938,65,-26.6
2024-03,2024,3,Q1,CRO,Cronos,Exchange Token,PoA,0.51659288,0.88082891,0.69584914,0.78361838,51.69,13.8,0.374,14.105,,47,220,0.67,86,41.6
2024-04,2024,4,Q2,CRO,Cronos,Exchange Token,PoA,0.78361838,0.82936436,0.69711803,0.73098617,-6.72,14.2,0.314,13.158,,37,88,0.867,79,2.9
2024-05,2024,5,Q2,CRO,Cronos,Exchange Token,PoA,0.73098617,0.87053886,0.72048656,0.80493076,10.12,14.2,0.226,14.489,,21,166,0.831,60,16.4
2024-06,2024,6,Q2,CRO,Cronos,Exchange Token,PoA,0.80493076,0.78879804,0.63054839,0.72005374,-10.54,12.7,0.692,12.961,,51,294,0.759,60,66.0
2024-07,2024,7,Q3,CRO,Cronos,Exchange Token,PoA,0.72005374,0.65188716,0.50535296,0.55541089,-22.87,21.1,0.255,9.997,,25,97,0.278,66,-44.4
2024-08,2024,8,Q3,CRO,Cronos,Exchange Token,PoA,0.55541089,0.63230461,0.5216281,0.55558842,0.03,19.6,0.356,10.001,,69,620,0.217,56,-4.5
2024-09,2024,9,Q3,CRO,Cronos,Exchange Token,PoA,0.55558842,0.64571688,0.48820354,0.58816526,5.86,18.2,0.624,10.587,,16,111,0.362,60,15.4
2024-10,2024,10,Q4,CRO,Cronos,Exchange Token,PoA,0.58816526,0.65339461,0.56199997,0.60765969,3.31,12.1,0.381,10.938,,24,173,0.671,69,-27.5
2024-11,2024,11,Q4,CRO,Cronos,Exchange Token,PoA,0.60765969,0.62454002,0.50872906,0.57977732,-4.59,19.3,0.277,10.436,,29,50,0.367,66,-12.2
2024-12,2024,12,Q4,CRO,Cronos,Exchange Token,PoA,0.57977732,0.67260055,0.57770106,0.62497575,7.8,11.0,0.492,11.25,,28,169,0.318,69,6.9
2025-01,2025,1,Q1,CRO,Cronos,Exchange Token,PoA,0.62497575,0.61302444,0.48158436,0.5254757,-15.92,24.9,0.64,9.459,,31,603,0.552,73,1.8
2025-02,2025,2,Q1,CRO,Cronos,Exchange Token,PoA,0.5254757,0.72393084,0.63609446,0.66532832,26.61,14.0,0.771,11.976,,29,88,0.549,67,-8.6
2025-03,2025,3,Q1,CRO,Cronos,Exchange Token,PoA,0.66532832,0.68651186,0.58887955,0.65751808,-1.17,11.1,1.7,11.835,,10,125,0.557,80,-11.3
2025-04,2025,4,Q2,CRO,Cronos,Exchange Token,PoA,0.65751808,0.73927133,0.52362497,0.64890957,-1.31,20.5,0.638,11.68,,21,160,0.515,76,-14.6
2025-05,2025,5,Q2,CRO,Cronos,Exchange Token,PoA,0.64890957,0.76657021,0.60236935,0.65948639,1.63,17.1,0.133,11.871,,36,214,0.402,76,14.0
2025-06,2025,6,Q2,CRO,Cronos,Exchange Token,PoA,0.65948639,0.68389062,0.51060552,0.61620335,-6.56,20.8,0.433,11.092,,47,655,0.413,79,-2.3
2025-07,2025,7,Q3,CRO,Cronos,Exchange Token,PoA,0.61620335,0.72216923,0.60902269,0.66508377,7.93,9.8,0.555,11.972,,20,89,0.421,60,-54.0
2025-08,2025,8,Q3,CRO,Cronos,Exchange Token,PoA,0.66508377,0.97360936,0.88258207,0.90940346,36.74,8.8,0.261,16.369,,64,417,0.476,63,-23.3
2025-09,2025,9,Q3,CRO,Cronos,Exchange Token,PoA,0.90940346,0.72011174,0.52916207,0.66545502,-26.83,20.8,0.245,11.978,,29,273,0.766,67,-19.6
2025-10,2025,10,Q4,CRO,Cronos,Exchange Token,PoA,0.66545502,0.76356582,0.67662179,0.72416694,8.82,11.9,0.498,13.035,,51,102,1.0,71,-12.7
2025-11,2025,11,Q4,CRO,Cronos,Exchange Token,PoA,0.72416694,0.95778706,0.75099474,0.88306194,21.94,20.3,0.477,15.895,,31,175,0.24,69,49.1
2025-12,2025,12,Q4,CRO,Cronos,Exchange Token,PoA,0.88306194,0.98123381,0.79882615,0.84291771,-4.55,17.4,0.604,15.173,,41,620,0.952,67,85.0
2026-01,2026,1,Q1,CRO,Cronos,Exchange Token,PoA,0.84291771,0.88731127,0.80336486,0.82992783,-1.54,9.3,1.107,14.939,,50,214,0.796,81,44.7
2026-02,2026,2,Q1,CRO,Cronos,Exchange Token,PoA,0.82992783,0.73396323,0.61494915,0.64720234,-22.02,13.9,0.537,11.65,,10,87,0.605,55,-37.3
2026-03,2026,3,Q1,CRO,Cronos,Exchange Token,PoA,0.64720234,0.78650557,0.67213811,0.74235736,14.7,13.8,0.974,13.362,,78,503,0.473,82,-22.8
2020-01,2020,1,Q1,SAND,The Sandbox,Metaverse / Gaming,N/A,1.62170244,1.7331834,1.28119595,1.53677222,-5.24,19.4,0.153,2.766,,21,47,0.037,61,7.6
2020-02,2020,2,Q1,SAND,The Sandbox,Metaverse / Gaming,N/A,1.53677222,2.13314995,1.82290152,2.00735947,30.62,10.2,0.25,3.613,,41,63,-0.068,46,-8.1
2020-03,2020,3,Q1,SAND,The Sandbox,Metaverse / Gaming,N/A,2.00735947,2.9152158,2.21551934,2.50873502,24.98,18.7,0.169,4.516,,17,401,0.28,34,-20.7
2020-04,2020,4,Q2,SAND,The Sandbox,Metaverse / Gaming,N/A,2.50873502,2.40003246,2.20168172,2.28003268,-9.12,10.1,0.287,4.104,,8,58,-0.226,56,17.9
2020-05,2020,5,Q2,SAND,The Sandbox,Metaverse / Gaming,N/A,2.28003268,3.75314768,3.22300278,3.5782017,56.94,14.3,0.192,6.441,,11,59,0.261,52,-7.2
2020-06,2020,6,Q2,SAND,The Sandbox,Metaverse / Gaming,N/A,3.5782017,3.27862853,2.71709399,2.98257014,-16.65,22.2,0.137,5.369,,98,118,0.196,59,-10.5
2020-07,2020,7,Q3,SAND,The Sandbox,Metaverse / Gaming,N/A,2.98257014,3.65701699,2.93358235,3.36790009,12.92,22.0,0.165,6.062,,4,119,-0.146,57,-14.0
2020-08,2020,8,Q3,SAND,The Sandbox,Metaverse / Gaming,N/A,3.36790009,5.01840041,3.85744825,4.52583671,34.38,22.2,0.955,8.147,,68,276,-0.078,64,20.2
2020-09,2020,9,Q3,SAND,The Sandbox,Metaverse / Gaming,N/A,4.52583671,5.78410992,4.63894519,5.22818523,15.52,11.6,0.157,9.411,,133,81,0.097,56,58.8
2020-10,2020,10,Q4,SAND,The Sandbox,Metaverse / Gaming,N/A,5.22818523,6.00967233,5.1043751,5.60465336,7.2,17.4,0.171,10.088,,51,149,0.134,56,11.3
2020-11,2020,11,Q4,SAND,The Sandbox,Metaverse / Gaming,N/A,5.60465336,5.3523888,4.05085252,4.45390957,-20.53,22.0,0.156,8.017,,8,179,0.694,69,-25.8
2020-12,2020,12,Q4,SAND,The Sandbox,Metaverse / Gaming,N/A,4.45390957,6.34566431,4.97078384,5.43142709,21.95,21.3,0.267,9.777,,69,171,0.496,50,38.6
2021-01,2021,1,Q1,SAND,The Sandbox,Metaverse / Gaming,N/A,5.43142709,6.64272898,5.13857422,5.86368924,7.96,21.2,0.508,10.555,,36,358,0.912,67,-48.0
2021-02,2021,2,Q1,SAND,The Sandbox,Metaverse / Gaming,N/A,5.86368924,9.22998142,6.84048527,8.53646927,45.58,20.5,0.729,15.366,,46,399,0.622,86,68.9
2021-03,2021,3,Q1,SAND,The Sandbox,Metaverse / Gaming,N/A,8.53646927,7.66448046,6.76031424,7.29135938,-14.59,9.0,0.392,13.124,,7,264,0.6,89,59.6
2021-04,2021,4,Q2,SAND,The Sandbox,Metaverse / Gaming,N/A,7.29135938,10.27359132,6.85678586,8.61921825,18.21,21.0,0.744,15.515,,18,310,1.0,97,18.1
2021-05,2021,5,Q2,SAND,The Sandbox,Metaverse / Gaming,N/A,8.61921825,4.74662755,3.8696234,4.482891,-47.99,14.4,0.331,8.069,,36,125,0.159,54,-40.8
2021-06,2021,6,Q2,SAND,The Sandbox,Metaverse / Gaming,N/A,4.482891,5.94475352,4.75213901,5.52705656,23.29,14.4,0.291,9.949,,19,151,0.307,71,20.1
2021-07,2021,7,Q3,SAND,The Sandbox,Metaverse / Gaming,N/A,5.52705656,4.82179956,4.06742143,4.53917683,-17.87,20.2,0.378,8.171,,15,511,0.924,73,-5.1
2021-08,2021,8,Q3,SAND,The Sandbox,Metaverse / Gaming,N/A,4.53917683,6.13989196,5.07516973,5.7011802,25.6,11.9,0.248,10.262,,45,255,0.216,76,0.1
2021-09,2021,9,Q3,SAND,The Sandbox,Metaverse / Gaming,N/A,5.7011802,4.70219973,4.09845552,4.47807046,-21.45,11.8,0.259,8.061,,5,530,0.052,62,-38.8
2021-10,2021,10,Q4,SAND,The Sandbox,Metaverse / Gaming,N/A,4.47807046,5.78737593,5.15868407,5.36725372,19.86,10.6,0.192,9.661,,64,151,0.624,53,-11.9
2021-11,2021,11,Q4,SAND,The Sandbox,Metaverse / Gaming,N/A,5.36725372,5.97032157,4.61522837,5.31055988,-1.06,13.3,0.151,9.559,,16,240,0.667,65,16.3
2021-12,2021,12,Q4,SAND,The Sandbox,Metaverse / Gaming,N/A,5.31055988,3.94600365,3.01855451,3.44450916,-35.14,15.0,0.251,6.2,,20,213,0.383,61,6.8
2022-01,2022,1,Q1,SAND,The Sandbox,Metaverse / Gaming,N/A,3.44450916,2.28158929,2.07214825,2.16046963,-37.28,10.0,0.168,3.889,,20,310,-0.198,53,34.6
2022-02,2022,2,Q1,SAND,The Sandbox,Metaverse / Gaming,N/A,2.16046963,2.12740257,1.87970484,1.97653882,-8.51,13.4,0.195,3.558,,126,71,-0.291,54,-22.0
2022-03,2022,3,Q1,SAND,The Sandbox,Metaverse / Gaming,N/A,1.97653882,1.53105783,1.34458405,1.43298574,-27.5,13.3,0.18,2.579,,19,385,-0.122,23,15.1
2022-04,2022,4,Q2,SAND,The Sandbox,Metaverse / Gaming,N/A,1.43298574,1.40794028,1.17063053,1.30419759,-8.99,12.6,0.225,2.348,,51,113,-0.021,41,-13.4
2022-05,2022,5,Q2,SAND,The Sandbox,Metaverse / Gaming,N/A,1.30419759,1.03831586,0.93269334,0.98175828,-24.72,8.2,0.075,1.767,,123,492,0.336,41,7.2
2022-06,2022,6,Q2,SAND,The Sandbox,Metaverse / Gaming,N/A,0.98175828,0.5391191,0.45743709,0.49731204,-49.34,10.9,0.175,0.895,,49,107,-0.08,39,-11.7
2022-07,2022,7,Q3,SAND,The Sandbox,Metaverse / Gaming,N/A,0.49731204,0.5693316,0.42467213,0.48294789,-2.89,20.2,0.066,0.869,,17,122,-0.205,17,-3.0
2022-08,2022,8,Q3,SAND,The Sandbox,Metaverse / Gaming,N/A,0.48294789,0.7550215,0.57904086,0.66175028,37.02,20.4,0.093,1.191,,19,96,-0.468,25,-6.6
2022-09,2022,9,Q3,SAND,The Sandbox,Metaverse / Gaming,N/A,0.66175028,0.71421496,0.54510222,0.62986978,-4.82,21.2,0.078,1.134,,65,67,-0.179,19,-3.0
2022-10,2022,10,Q4,SAND,The Sandbox,Metaverse / Gaming,N/A,0.62986978,0.75034946,0.61553218,0.69448385,10.26,15.8,0.112,1.25,,14,773,-0.606,28,-6.2
2022-11,2022,11,Q4,SAND,The Sandbox,Metaverse / Gaming,N/A,0.69448385,0.81315048,0.74886943,0.78101241,12.46,9.0,0.041,1.406,,65,400,-0.229,34,11.0
2022-12,2022,12,Q4,SAND,The Sandbox,Metaverse / Gaming,N/A,0.78101241,0.77047101,0.64817033,0.72302545,-7.42,15.9,0.066,1.301,,26,157,-0.421,37,5.0
2023-01,2023,1,Q1,SAND,The Sandbox,Metaverse / Gaming,N/A,0.72302545,1.62845326,1.31586304,1.45577871,101.35,13.4,0.118,2.62,,11,587,0.233,37,-14.1
2023-02,2023,2,Q1,SAND,The Sandbox,Metaverse / Gaming,N/A,1.45577871,2.08390095,1.54531273,1.75151933,20.31,23.4,0.107,3.153,,8,23,0.034,44,-23.1
2023-03,2023,3,Q1,SAND,The Sandbox,Metaverse / Gaming,N/A,1.75151933,2.02736046,1.70051268,1.84017391,5.06,11.7,0.096,3.312,,39,264,-0.191,57,-6.0
2023-04,2023,4,Q2,SAND,The Sandbox,Metaverse / Gaming,N/A,1.84017391,2.17086199,1.78276007,2.00699347,9.07,15.9,0.345,3.613,,44,163,-0.708,51,-9.4
2023-05,2023,5,Q2,SAND,The Sandbox,Metaverse / Gaming,N/A,2.00699347,2.3274164,1.90595782,2.21123912,10.18,14.3,0.096,3.98,,77,81,-0.353,34,-6.1
2023-06,2023,6,Q2,SAND,The Sandbox,Metaverse / Gaming,N/A,2.21123912,2.10100248,1.90911238,2.04056735,-7.72,8.8,0.518,3.673,,15,165,-0.275,50,-11.1
2023-07,2023,7,Q3,SAND,The Sandbox,Metaverse / Gaming,N/A,2.04056735,2.4479959,1.99624601,2.23048686,9.31,11.2,0.441,4.015,,15,202,-0.186,40,13.3
2023-08,2023,8,Q3,SAND,The Sandbox,Metaverse / Gaming,N/A,2.23048686,2.65143866,1.96155647,2.4211049,8.55,24.4,0.15,4.358,,26,133,-0.077,61,-12.7
2023-09,2023,9,Q3,SAND,The Sandbox,Metaverse / Gaming,N/A,2.4211049,2.57331988,2.250057,2.47895966,2.39,11.0,0.1,4.462,,25,141,0.28,54,13.8
2023-10,2023,10,Q4,SAND,The Sandbox,Metaverse / Gaming,N/A,2.47895966,3.73964145,3.18024436,3.43840993,38.7,8.9,0.341,6.189,,21,106,-0.033,58,-2.8
2023-11,2023,11,Q4,SAND,The Sandbox,Metaverse / Gaming,N/A,3.43840993,4.27294183,3.10103282,3.52851328,2.62,23.1,0.183,6.351,,56,274,0.245,43,-39.1
2023-12,2023,12,Q4,SAND,The Sandbox,Metaverse / Gaming,N/A,3.52851328,3.79162128,3.19118787,3.61188429,2.36,14.4,0.442,6.501,,6,347,0.017,70,-11.6
2024-01,2024,1,Q1,SAND,The Sandbox,Metaverse / Gaming,N/A,3.61188429,5.65595173,4.57820097,5.03741366,39.47,21.7,0.477,9.067,,77,136,0.135,72,19.1
2024-02,2024,2,Q1,SAND,The Sandbox,Metaverse / Gaming,N/A,5.03741366,5.98323441,5.21105322,5.57181598,10.61,10.9,0.266,10.029,,11,130,0.097,62,20.9
2024-03,2024,3,Q1,SAND,The Sandbox,Metaverse / Gaming,N/A,5.57181598,7.02072096,5.34494066,6.44430241,15.66,17.6,0.377,11.6,,30,234,0.545,65,-88.0
2024-04,2024,4,Q2,SAND,The Sandbox,Metaverse / Gaming,N/A,6.44430241,7.05965929,5.61723907,6.34937684,-1.47,24.4,0.237,11.429,,23,311,1.0,65,-19.5
2024-05,2024,5,Q2,SAND,The Sandbox,Metaverse / Gaming,N/A,6.34937684,7.28262663,6.32520733,6.70908208,5.67,14.9,0.49,12.076,,102,78,0.215,69,-8.5
2024-06,2024,6,Q2,SAND,The Sandbox,Metaverse / Gaming,N/A,6.70908208,7.18116591,6.28562221,6.62248007,-1.29,15.3,0.576,11.92,,48,276,0.809,74,-13.1
2024-07,2024,7,Q3,SAND,The Sandbox,Metaverse / Gaming,N/A,6.62248007,6.00604172,4.81855492,5.19370619,-21.57,15.8,0.305,9.349,,25,74,-0.154,59,0.5
2024-08,2024,8,Q3,SAND,The Sandbox,Metaverse / Gaming,N/A,5.19370619,6.05731612,4.87041555,5.31411994,2.32,19.1,0.574,9.565,,23,69,0.198,67,-19.9
2024-09,2024,9,Q3,SAND,The Sandbox,Metaverse / Gaming,N/A,5.31411994,6.14399683,3.88590336,4.98304032,-6.23,23.5,0.324,8.969,,24,144,0.172,56,-61.7
2024-10,2024,10,Q4,SAND,The Sandbox,Metaverse / Gaming,N/A,4.98304032,6.8345859,5.15403414,6.14450137,23.31,18.1,0.161,11.06,,12,158,-0.011,81,-46.6
2024-11,2024,11,Q4,SAND,The Sandbox,Metaverse / Gaming,N/A,6.14450137,7.29201607,5.19648435,6.10037241,-0.72,21.5,0.326,10.981,,31,1272,0.235,72,-8.3
2024-12,2024,12,Q4,SAND,The Sandbox,Metaverse / Gaming,N/A,6.10037241,5.13758215,4.35203242,4.81986227,-20.99,15.7,0.373,8.676,,21,87,0.589,64,38.5
2025-01,2025,1,Q1,SAND,The Sandbox,Metaverse / Gaming,N/A,4.81986227,4.99694872,4.01082774,4.73387531,-1.78,17.6,0.343,8.521,,45,355,0.77,55,21.1
2025-02,2025,2,Q1,SAND,The Sandbox,Metaverse / Gaming,N/A,4.73387531,6.08272172,5.20176861,5.51265842,16.45,14.0,0.294,9.923,,11,76,0.938,65,-1.1
2025-03,2025,3,Q1,SAND,The Sandbox,Metaverse / Gaming,N/A,5.51265842,7.3374506,6.43458386,6.94006098,25.89,8.1,0.297,12.492,,8,28,0.353,81,26.8
2025-04,2025,4,Q2,SAND,The Sandbox,Metaverse / Gaming,N/A,6.94006098,7.40746904,5.69543311,6.44720067,-7.1,18.1,0.307,11.605,,29,261,0.345,68,-18.2
2025-05,2025,5,Q2,SAND,The Sandbox,Metaverse / Gaming,N/A,6.44720067,6.06088379,5.24655613,5.64568605,-12.43,11.9,0.439,10.162,,10,113,0.347,74,-3.5
2025-06,2025,6,Q2,SAND,The Sandbox,Metaverse / Gaming,N/A,5.64568605,6.42789161,5.64914398,5.9508472,5.41,10.8,0.376,10.712,,37,152,0.718,93,49.2
2025-07,2025,7,Q3,SAND,The Sandbox,Metaverse / Gaming,N/A,5.9508472,8.46199136,7.53020216,7.83390819,31.64,10.3,0.499,14.101,,6,95,1.0,75,5.6
2025-08,2025,8,Q3,SAND,The Sandbox,Metaverse / Gaming,N/A,7.83390819,8.78786885,7.33738345,7.90250711,0.88,20.8,0.668,14.225,,48,107,0.293,84,30.9
2025-09,2025,9,Q3,SAND,The Sandbox,Metaverse / Gaming,N/A,7.90250711,6.33139944,5.61109451,6.05835809,-23.34,8.0,0.294,10.905,,42,113,0.71,65,-11.7
2025-10,2025,10,Q4,SAND,The Sandbox,Metaverse / Gaming,N/A,6.05835809,6.23069688,5.39003886,5.79803534,-4.3,8.9,0.373,10.436,,26,255,0.423,72,73.1
2025-11,2025,11,Q4,SAND,The Sandbox,Metaverse / Gaming,N/A,5.79803534,7.86470681,6.55569443,7.35007354,26.77,11.8,0.639,13.23,,32,84,0.892,68,-4.3
2025-12,2025,12,Q4,SAND,The Sandbox,Metaverse / Gaming,N/A,7.35007354,6.55754996,4.97019166,5.99701752,-18.41,23.9,0.164,10.795,,116,166,0.508,66,54.8
2026-01,2026,1,Q1,SAND,The Sandbox,Metaverse / Gaming,N/A,5.99701752,8.48504552,6.83345109,7.35700546,22.68,16.8,1.042,13.243,,12,108,-0.066,78,48.3
2026-02,2026,2,Q1,SAND,The Sandbox,Metaverse / Gaming,N/A,7.35700546,7.38577522,6.0647625,6.72320926,-8.61,11.7,0.247,12.102,,37,282,0.131,75,-9.6
2026-03,2026,3,Q1,SAND,The Sandbox,Metaverse / Gaming,N/A,6.72320926,7.1473112,5.31276703,5.82226764,-13.4,23.7,0.396,10.48,,30,123,0.684,69,52.3
2018-01,2018,1,Q1,MANA,Decentraland,Metaverse / Gaming,N/A,0.7675487,0.98541702,0.76244122,0.84785938,10.46,22.4,0.131,1.116,,16,130,-0.421,40,15.6
2018-02,2018,2,Q1,MANA,Decentraland,Metaverse / Gaming,N/A,0.84785938,1.14990167,0.91630275,1.00341724,18.35,16.4,0.078,1.32,,36,149,-0.452,43,-2.8
2018-03,2018,3,Q1,MANA,Decentraland,Metaverse / Gaming,N/A,1.00341724,1.0599259,0.80878658,0.97632219,-2.7,17.5,0.137,1.285,,62,187,-0.683,37,-0.8
2018-04,2018,4,Q2,MANA,Decentraland,Metaverse / Gaming,N/A,0.97632219,0.75617057,0.56828476,0.66025151,-32.37,21.3,0.076,0.869,,68,50,-0.26,38,0.8
2018-05,2018,5,Q2,MANA,Decentraland,Metaverse / Gaming,N/A,0.66025151,0.85426644,0.68721212,0.76823285,16.35,13.2,0.086,1.011,,19,120,-0.151,34,-22.3
2018-06,2018,6,Q2,MANA,Decentraland,Metaverse / Gaming,N/A,0.76823285,0.82387602,0.66887841,0.75275248,-2.02,11.3,0.128,0.99,,35,139,-0.387,44,-7.6
2018-07,2018,7,Q3,MANA,Decentraland,Metaverse / Gaming,N/A,0.75275248,0.80094841,0.65017797,0.68795733,-8.61,17.5,0.099,0.905,,14,197,-0.383,38,7.1
2018-08,2018,8,Q3,MANA,Decentraland,Metaverse / Gaming,N/A,0.68795733,0.79348445,0.64231185,0.71304963,3.65,12.7,0.023,0.938,,20,195,-0.657,36,7.5
2018-09,2018,9,Q3,MANA,Decentraland,Metaverse / Gaming,N/A,0.71304963,0.54898077,0.45620612,0.50661025,-28.95,15.0,0.076,0.667,,66,243,-0.206,34,-12.7
2018-10,2018,10,Q4,MANA,Decentraland,Metaverse / Gaming,N/A,0.50661025,0.57012409,0.5020727,0.54076207,6.74,12.2,0.132,0.712,,48,340,0.145,32,5.4
2018-11,2018,11,Q4,MANA,Decentraland,Metaverse / Gaming,N/A,0.54076207,0.70479919,0.56470606,0.60831848,12.49,18.7,0.096,0.8,,18,30,-0.048,40,-3.3
2018-12,2018,12,Q4,MANA,Decentraland,Metaverse / Gaming,N/A,0.60831848,0.57810981,0.50715141,0.55509239,-8.75,11.2,0.066,0.73,,7,85,-0.11,32,2.8
2019-01,2019,1,Q1,MANA,Decentraland,Metaverse / Gaming,N/A,0.55509239,0.79833655,0.72936196,0.77666437,39.92,8.1,0.03,1.022,,15,271,-0.211,44,2.0
2019-02,2019,2,Q1,MANA,Decentraland,Metaverse / Gaming,N/A,0.77666437,0.77172184,0.6482933,0.71412325,-8.05,18.4,0.033,0.94,,15,107,0.059,32,-23.0
2019-03,2019,3,Q1,MANA,Decentraland,Metaverse / Gaming,N/A,0.71412325,1.04055202,0.85892972,0.92701236,29.81,23.8,0.144,1.22,,46,280,0.167,44,-1.1
2019-04,2019,4,Q2,MANA,Decentraland,Metaverse / Gaming,N/A,0.92701236,1.04532587,0.67084889,0.85529222,-7.74,23.8,0.086,1.125,,53,162,0.284,17,9.3
2019-05,2019,5,Q2,MANA,Decentraland,Metaverse / Gaming,N/A,0.85529222,0.98764206,0.84584432,0.92763864,8.46,10.1,0.061,1.221,,65,401,0.153,42,-23.0
2019-06,2019,6,Q2,MANA,Decentraland,Metaverse / Gaming,N/A,0.92763864,1.30402298,0.95629738,1.15247488,24.24,22.0,0.122,1.516,,27,94,0.114,38,11.5
2019-07,2019,7,Q3,MANA,Decentraland,Metaverse / Gaming,N/A,1.15247488,1.04095457,0.73467316,0.83838196,-27.25,24.9,0.071,1.103,,21,408,-0.073,40,-1.9
2019-08,2019,8,Q3,MANA,Decentraland,Metaverse / Gaming,N/A,0.83838196,1.15079831,1.01914253,1.08572733,29.5,8.6,0.26,1.429,,29,431,0.418,36,18.2
2019-09,2019,9,Q3,MANA,Decentraland,Metaverse / Gaming,N/A,1.08572733,1.48790008,1.19675757,1.29701914,19.46,19.5,0.113,1.707,,21,296,-0.305,52,16.7
2019-10,2019,10,Q4,MANA,Decentraland,Metaverse / Gaming,N/A,1.29701914,1.72792828,1.23430558,1.41179018,8.85,22.5,0.073,1.858,,16,192,-0.091,35,6.1
2019-11,2019,11,Q4,MANA,Decentraland,Metaverse / Gaming,N/A,1.41179018,1.37807963,1.25605936,1.30797313,-7.35,9.0,0.223,1.721,,11,87,-0.024,46,13.5
2019-12,2019,12,Q4,MANA,Decentraland,Metaverse / Gaming,N/A,1.30797313,1.44448196,1.23078864,1.33059095,1.73,17.9,0.391,1.751,,102,175,-0.259,28,9.9
2020-01,2020,1,Q1,MANA,Decentraland,Metaverse / Gaming,N/A,1.33059095,1.32168851,1.11368877,1.19558898,-10.15,11.7,0.095,1.573,,20,597,-0.456,47,-2.0
2020-02,2020,2,Q1,MANA,Decentraland,Metaverse / Gaming,N/A,1.19558898,1.31134947,1.02787318,1.17795418,-1.47,23.5,0.239,1.55,,36,255,-0.433,48,-15.9
2020-03,2020,3,Q1,MANA,Decentraland,Metaverse / Gaming,N/A,1.17795418,1.65169312,1.29747933,1.43845117,22.11,20.3,0.294,1.893,,46,133,-0.072,41,-5.1
2020-04,2020,4,Q2,MANA,Decentraland,Metaverse / Gaming,N/A,1.43845117,1.93905247,1.45434122,1.68045087,16.82,20.6,0.183,2.211,,33,80,-0.095,50,-25.3
2020-05,2020,5,Q2,MANA,Decentraland,Metaverse / Gaming,N/A,1.68045087,2.46095103,2.1265634,2.30182744,36.98,11.1,0.519,3.029,,35,179,0.101,37,1.3
2020-06,2020,6,Q2,MANA,Decentraland,Metaverse / Gaming,N/A,2.30182744,2.64285474,2.16471055,2.31027685,0.37,17.1,0.275,3.04,,47,174,-0.015,57,-33.3
2020-07,2020,7,Q3,MANA,Decentraland,Metaverse / Gaming,N/A,2.31027685,2.29512565,1.85735877,2.05448017,-11.07,18.7,0.31,2.703,,32,165,0.456,59,48.5
2020-08,2020,8,Q3,MANA,Decentraland,Metaverse / Gaming,N/A,2.05448017,3.53701052,2.84490331,3.19352099,55.44,23.4,0.309,4.202,,30,414,0.102,51,-2.9
2020-09,2020,9,Q3,MANA,Decentraland,Metaverse / Gaming,N/A,3.19352099,3.50948461,3.08516901,3.33180942,4.33,9.6,0.311,4.384,,24,131,0.069,51,44.9
2020-10,2020,10,Q4,MANA,Decentraland,Metaverse / Gaming,N/A,3.33180942,3.37859424,2.50606004,2.90431835,-12.83,18.7,0.489,3.822,,5,215,0.769,76,0.8
2020-11,2020,11,Q4,MANA,Decentraland,Metaverse / Gaming,N/A,2.90431835,4.1235131,3.41643383,3.86012649,32.91,12.7,0.568,5.079,,114,134,-0.377,72,19.6
2020-12,2020,12,Q4,MANA,Decentraland,Metaverse / Gaming,N/A,3.86012649,4.07981116,2.97981048,3.55803584,-7.83,24.1,0.671,4.682,,100,103,-0.022,75,-3.8
2021-01,2021,1,Q1,MANA,Decentraland,Metaverse / Gaming,N/A,3.55803584,4.94054348,4.24968905,4.54658367,27.78,16.9,0.713,5.982,,123,188,0.85,88,-8.7
2021-02,2021,2,Q1,MANA,Decentraland,Metaverse / Gaming,N/A,4.54658367,4.94211429,4.26176187,4.44824584,-2.16,13.8,0.649,5.853,,61,570,0.676,77,37.4
2021-03,2021,3,Q1,MANA,Decentraland,Metaverse / Gaming,N/A,4.44824584,5.15233608,4.75900082,4.98186207,12.0,9.1,0.783,6.555,,11,480,1.0,91,46.0
2021-04,2021,4,Q2,MANA,Decentraland,Metaverse / Gaming,N/A,4.98186207,5.19862419,3.60893585,4.39891889,-11.7,18.8,0.593,5.788,,50,247,0.849,92,-57.6
2021-05,2021,5,Q2,MANA,Decentraland,Metaverse / Gaming,N/A,4.39891889,3.65738873,2.98662237,3.19672695,-27.33,16.0,0.282,4.206,,14,359,0.266,45,23.4
2021-06,2021,6,Q2,MANA,Decentraland,Metaverse / Gaming,N/A,3.19672695,3.31558293,2.70661288,3.05271983,-4.5,14.1,0.182,4.017,,84,215,0.455,70,-27.2
2021-07,2021,7,Q3,MANA,Decentraland,Metaverse / Gaming,N/A,3.05271983,3.6692301,3.0912739,3.40035749,11.39,21.0,0.158,4.474,,8,503,0.839,67,-1.0
2021-08,2021,8,Q3,MANA,Decentraland,Metaverse / Gaming,N/A,3.40035749,3.53584867,2.78017958,3.31290105,-2.57,21.0,0.346,4.359,,58,242,0.529,69,53.3
2021-09,2021,9,Q3,MANA,Decentraland,Metaverse / Gaming,N/A,3.31290105,3.62678117,2.42095801,3.06065456,-7.61,23.2,0.178,4.027,,60,141,0.232,70,-3.1
2021-10,2021,10,Q4,MANA,Decentraland,Metaverse / Gaming,N/A,3.06065456,3.40980908,3.17716711,3.28000047,7.17,10.3,0.438,4.316,,34,140,0.625,68,-17.4
2021-11,2021,11,Q4,MANA,Decentraland,Metaverse / Gaming,N/A,3.28000047,3.60675007,2.98634738,3.44507245,5.03,14.4,0.365,4.533,,62,230,0.065,68,7.9
2021-12,2021,12,Q4,MANA,Decentraland,Metaverse / Gaming,N/A,3.44507245,3.15320362,2.60644982,2.85861413,-17.02,13.2,0.273,3.761,,15,615,0.038,37,26.6
2022-01,2022,1,Q1,MANA,Decentraland,Metaverse / Gaming,N/A,2.85861413,1.69928383,1.54258013,1.65390962,-42.14,9.1,0.258,2.176,,4,462,-0.057,43,9.8
2022-02,2022,2,Q1,MANA,Decentraland,Metaverse / Gaming,N/A,1.65390962,1.55709151,1.24395481,1.33738487,-19.14,18.1,0.136,1.76,,20,149,0.104,51,0.3
2022-03,2022,3,Q1,MANA,Decentraland,Metaverse / Gaming,N/A,1.33738487,1.14269377,0.82372324,0.98907481,-26.04,19.3,0.078,1.301,,13,453,-0.284,32,2.1
2022-04,2022,4,Q2,MANA,Decentraland,Metaverse / Gaming,N/A,0.98907481,1.0357625,0.90529924,0.97278392,-1.65,15.1,0.098,1.28,,26,118,-0.342,3,-11.3
2022-05,2022,5,Q2,MANA,Decentraland,Metaverse / Gaming,N/A,0.97278392,0.75177791,0.69074375,0.71462716,-26.54,10.2,0.048,0.94,,37,418,-0.216,43,5.5
2022-06,2022,6,Q2,MANA,Decentraland,Metaverse / Gaming,N/A,0.71462716,0.40588916,0.36897404,0.3809156,-46.7,9.3,0.047,0.501,,39,1698,-0.857,29,-8.7
2022-07,2022,7,Q3,MANA,Decentraland,Metaverse / Gaming,N/A,0.3809156,0.36466175,0.2825033,0.32776236,-13.95,14.8,0.105,0.431,,9,168,0.034,39,-9.8
2022-08,2022,8,Q3,MANA,Decentraland,Metaverse / Gaming,N/A,0.32776236,0.53426857,0.38050746,0.45916211,40.09,17.6,0.051,0.604,,27,315,-0.27,35,-4.3
2022-09,2022,9,Q3,MANA,Decentraland,Metaverse / Gaming,N/A,0.45916211,0.5468754,0.41702019,0.48053461,4.65,14.7,0.072,0.632,,41,94,-0.132,42,-17.9
2022-10,2022,10,Q4,MANA,Decentraland,Metaverse / Gaming,N/A,0.48053461,0.4178169,0.33346019,0.36198042,-24.67,21.0,0.025,0.476,,12,322,-0.493,46,10.7
2022-11,2022,11,Q4,MANA,Decentraland,Metaverse / Gaming,N/A,0.36198042,0.52437086,0.4286872,0.48823431,34.88,13.0,0.091,0.642,,40,75,-0.479,27,-16.7
2022-12,2022,12,Q4,MANA,Decentraland,Metaverse / Gaming,N/A,0.48823431,0.62960326,0.46567002,0.53710748,10.01,24.3,0.153,0.707,,46,87,-0.422,36,-9.1
2023-01,2023,1,Q1,MANA,Decentraland,Metaverse / Gaming,N/A,0.53710748,1.03293383,0.74081205,0.86733211,61.48,19.5,0.138,1.141,,24,135,-0.013,34,-6.9
2023-02,2023,2,Q1,MANA,Decentraland,Metaverse / Gaming,N/A,0.86733211,1.03266909,0.80997866,0.89386568,3.06,22.4,0.202,1.176,,56,36,-0.021,38,17.8
2023-03,2023,3,Q1,MANA,Decentraland,Metaverse / Gaming,N/A,0.89386568,1.23882229,0.78420052,1.00737228,12.7,23.8,0.253,1.326,,48,118,-0.263,37,13.2
2023-04,2023,4,Q2,MANA,Decentraland,Metaverse / Gaming,N/A,1.00737228,1.34246561,1.0156528,1.20430704,19.55,19.8,0.164,1.585,,26,87,-0.248,39,17.5
2023-05,2023,5,Q2,MANA,Decentraland,Metaverse / Gaming,N/A,1.20430704,1.52214988,1.08889621,1.28630118,6.81,21.1,0.048,1.693,,52,256,0.402,40,-9.7
2023-06,2023,6,Q2,MANA,Decentraland,Metaverse / Gaming,N/A,1.28630118,1.68082462,1.13896055,1.41848079,10.28,23.9,0.115,1.866,,15,215,-0.054,47,33.8
2023-07,2023,7,Q3,MANA,Decentraland,Metaverse / Gaming,N/A,1.41848079,1.9756409,1.71041358,1.89007721,33.25,14.7,0.26,2.487,,20,517,-0.34,44,8.7
2023-08,2023,8,Q3,MANA,Decentraland,Metaverse / Gaming,N/A,1.89007721,1.91303097,1.69774675,1.83272762,-3.03,9.3,0.207,2.412,,25,43,0.039,40,-22.6
2023-09,2023,9,Q3,MANA,Decentraland,Metaverse / Gaming,N/A,1.83272762,2.34175576,2.19712228,2.26808901,23.75,8.2,0.691,2.984,,37,230,0.09,42,29.7
2023-10,2023,10,Q4,MANA,Decentraland,Metaverse / Gaming,N/A,2.26808901,2.36550883,1.90669926,2.2099881,-2.56,21.1,0.351,2.908,,51,173,-0.051,73,-8.9
2023-11,2023,11,Q4,MANA,Decentraland,Metaverse / Gaming,N/A,2.2099881,2.96560032,2.35920598,2.59868464,17.59,16.9,0.295,3.419,,22,59,0.096,37,12.6
2023-12,2023,12,Q4,MANA,Decentraland,Metaverse / Gaming,N/A,2.59868464,2.62803484,2.23870421,2.42355477,-6.74,16.0,0.366,3.189,,11,96,-0.264,54,-34.0
2024-01,2024,1,Q1,MANA,Decentraland,Metaverse / Gaming,N/A,2.42355477,3.04679651,2.63768113,2.81160569,16.01,10.4,0.81,3.7,,10,79,-0.004,83,38.0
2024-02,2024,2,Q1,MANA,Decentraland,Metaverse / Gaming,N/A,2.81160569,4.12954106,3.19040652,3.69235731,31.33,20.2,0.21,4.858,,18,363,0.364,75,-0.7
2024-03,2024,3,Q1,MANA,Decentraland,Metaverse / Gaming,N/A,3.69235731,5.11361471,4.25129498,4.68687447,26.93,11.9,0.237,6.167,,13,123,0.492,80,-15.9
2024-04,2024,4,Q2,MANA,Decentraland,Metaverse / Gaming,N/A,4.68687447,4.77472154,4.06612011,4.48299953,-4.35,9.5,0.848,5.899,,8,342,0.062,73,-45.0
2024-05,2024,5,Q2,MANA,Decentraland,Metaverse / Gaming,N/A,4.48299953,4.14392999,3.03370903,3.65195446,-18.54,18.5,0.528,4.805,,18,94,0.635,68,-6.6
2024-06,2024,6,Q2,MANA,Decentraland,Metaverse / Gaming,N/A,3.65195446,4.20891341,3.65829382,3.87794701,6.19,10.2,0.273,5.103,,132,270,1.0,70,47.9
2024-07,2024,7,Q3,MANA,Decentraland,Metaverse / Gaming,N/A,3.87794701,4.27100063,3.38058066,3.93553698,1.49,23.8,0.246,5.178,,18,328,0.457,44,27.3
2024-08,2024,8,Q3,MANA,Decentraland,Metaverse / Gaming,N/A,3.93553698,3.60725825,2.86382019,3.32937109,-15.4,14.4,0.575,4.381,,21,71,0.702,58,-32.1
2024-09,2024,9,Q3,MANA,Decentraland,Metaverse / Gaming,N/A,3.32937109,4.46045338,3.31897868,3.96424695,19.07,23.5,0.281,5.216,,18,126,0.435,51,-23.9
2024-10,2024,10,Q4,MANA,Decentraland,Metaverse / Gaming,N/A,3.96424695,3.44165872,3.00181609,3.21103866,-19.0,8.6,0.266,4.225,,37,514,0.283,78,47.8
2024-11,2024,11,Q4,MANA,Decentraland,Metaverse / Gaming,N/A,3.21103866,4.25365311,3.07572699,3.6054172,12.28,20.5,0.458,4.744,,17,526,0.848,63,43.9
2024-12,2024,12,Q4,MANA,Decentraland,Metaverse / Gaming,N/A,3.6054172,3.50386597,2.58345212,3.11451348,-13.62,21.2,0.275,4.098,,45,913,1.0,59,-4.3
2025-01,2025,1,Q1,MANA,Decentraland,Metaverse / Gaming,N/A,3.11451348,3.50042281,3.04966166,3.18723527,2.33,11.8,0.244,4.194,,38,141,0.546,58,-26.2
2025-02,2025,2,Q1,MANA,Decentraland,Metaverse / Gaming,N/A,3.18723527,4.22918391,3.86162956,4.08479705,28.16,9.2,0.342,5.375,,106,97,1.0,65,32.3
2025-03,2025,3,Q1,MANA,Decentraland,Metaverse / Gaming,N/A,4.08479705,4.54432367,3.64116513,3.97810077,-2.61,15.9,0.153,5.234,,60,109,0.407,81,-52.0
2025-04,2025,4,Q2,MANA,Decentraland,Metaverse / Gaming,N/A,3.97810077,5.78520849,4.32778406,4.91795476,23.63,18.7,0.652,6.471,,17,86,0.581,90,20.6
2025-05,2025,5,Q2,MANA,Decentraland,Metaverse / Gaming,N/A,4.91795476,5.398583,4.84628843,5.0719742,3.13,12.7,0.444,6.674,,19,211,0.569,77,-35.4
2025-06,2025,6,Q2,MANA,Decentraland,Metaverse / Gaming,N/A,5.0719742,5.63478156,4.15855338,4.66178021,-8.09,24.9,0.37,6.134,,50,341,0.595,94,-43.0
2025-07,2025,7,Q3,MANA,Decentraland,Metaverse / Gaming,N/A,4.66178021,4.29655029,3.71306529,4.07003792,-12.69,17.4,0.966,5.355,,58,658,0.701,76,-14.5
2025-08,2025,8,Q3,MANA,Decentraland,Metaverse / Gaming,N/A,4.07003792,6.14816175,4.89755899,5.63269676,38.39,18.7,0.7,7.412,,39,238,0.536,92,16.3
2025-09,2025,9,Q3,MANA,Decentraland,Metaverse / Gaming,N/A,5.63269676,4.6582301,3.58556369,3.96916537,-29.53,20.9,0.645,5.223,,5,113,0.911,53,6.5
2025-10,2025,10,Q4,MANA,Decentraland,Metaverse / Gaming,N/A,3.96916537,4.19449068,3.71332423,3.85139235,-2.97,9.1,0.47,5.068,,5,473,0.862,87,-20.1
2025-11,2025,11,Q4,MANA,Decentraland,Metaverse / Gaming,N/A,3.85139235,5.38915051,4.91831128,5.19721378,34.94,9.5,0.252,6.838,,37,92,0.762,82,-11.6
2025-12,2025,12,Q4,MANA,Decentraland,Metaverse / Gaming,N/A,5.19721378,6.42490554,4.76016161,5.66745555,9.05,22.8,0.529,7.457,,52,112,0.836,71,2.5
2026-01,2026,1,Q1,MANA,Decentraland,Metaverse / Gaming,N/A,5.66745555,5.05179822,4.30371943,4.54280788,-19.84,12.1,1.701,5.977,,70,233,0.169,68,-40.9
2026-02,2026,2,Q1,MANA,Decentraland,Metaverse / Gaming,N/A,4.54280788,3.8692275,3.32825647,3.59007783,-20.97,20.1,0.811,4.724,,32,417,0.234,65,32.4
2026-03,2026,3,Q1,MANA,Decentraland,Metaverse / Gaming,N/A,3.59007783,5.73424773,3.80683549,4.89673198,36.4,23.1,0.343,6.443,,17,441,0.543,69,42.8
