race_id,season,circuit_id,lap_number,driver,lap_time_s,sector1_s,sector2_s,sector3_s,tyre_compound,tyre_age_laps,drs_active,speed_trap_kmh,is_pit_lap
R00293,2024,cota,1,Lando Norris,81.67,22.904,31.087,27.679,Medium,1,0,334.6,0
R00293,2024,cota,6,Lando Norris,82.414,23.121,31.338,27.955,Medium,6,1,346.1,0
R00293,2024,cota,11,Lando Norris,82.976,23.29,31.516,28.17,Medium,11,1,339.7,0
R00293,2024,cota,16,Lando Norris,83.613,23.5,31.725,28.388,Medium,16,1,306.3,0
R00293,2024,cota,21,Lando Norris,84.132,23.533,31.958,28.641,Medium,21,1,334.3,0
R00293,2024,cota,26,Lando Norris,81.915,22.862,31.093,27.96,Medium,1,1,309.2,0
R00293,2024,cota,31,Lando Norris,82.43,23.127,31.417,27.886,Medium,6,1,316.3,0
R00293,2024,cota,36,Lando Norris,82.931,23.259,31.519,28.153,Medium,11,1,338.7,1
R00293,2024,cota,41,Lando Norris,83.23,23.313,31.585,28.332,Medium,16,1,321.2,0
R00293,2024,cota,46,Lando Norris,84.241,23.564,31.992,28.685,Medium,21,1,325.5,0
R00293,2024,cota,51,Lando Norris,81.966,22.942,31.079,27.945,Medium,1,1,334.8,0
R00293,2024,cota,56,Lando Norris,82.385,23.114,31.368,27.903,Medium,6,1,310.7,0
R00181,2019,suzuka,1,Charles Leclerc,75.695,21.152,28.79,25.753,Soft,1,0,329.3,0
R00181,2019,suzuka,6,Charles Leclerc,76.012,21.298,28.919,25.795,Soft,6,1,323.5,0
R00181,2019,suzuka,11,Charles Leclerc,76.619,21.493,28.966,26.16,Soft,11,1,328.9,0
R00181,2019,suzuka,16,Charles Leclerc,76.994,21.523,29.31,26.161,Soft,16,1,323.3,0
R00181,2019,suzuka,21,Charles Leclerc,77.954,21.87,29.579,26.505,Soft,21,1,322.4,0
R00181,2019,suzuka,26,Charles Leclerc,75.39,21.116,28.641,25.633,Medium,1,1,330.8,0
R00181,2019,suzuka,31,Charles Leclerc,76.204,21.336,28.967,25.901,Medium,6,1,352.2,0
R00181,2019,suzuka,36,Charles Leclerc,76.351,21.299,29.004,26.048,Medium,11,1,304.2,0
R00181,2019,suzuka,41,Charles Leclerc,77.529,21.736,29.495,26.298,Medium,16,1,315.2,0
R00181,2019,suzuka,46,Charles Leclerc,77.885,21.803,29.638,26.444,Medium,21,1,341.1,0
R00181,2019,suzuka,51,Charles Leclerc,75.68,21.138,28.758,25.784,Medium,1,1,331.7,0
R00113,2016,spain,1,Lewis Hamilton,75.981,21.372,28.842,25.767,Hard,1,0,327.7,0
R00113,2016,spain,6,Lewis Hamilton,76.233,21.331,28.917,25.985,Hard,6,1,342.8,0
R00113,2016,spain,11,Lewis Hamilton,77.276,21.688,29.302,26.286,Hard,11,1,330.2,0
R00113,2016,spain,16,Lewis Hamilton,77.789,21.781,29.62,26.388,Hard,16,1,303.1,0
R00113,2016,spain,21,Lewis Hamilton,78.243,21.853,29.695,26.695,Hard,21,1,325.7,0
R00113,2016,spain,26,Lewis Hamilton,75.815,21.199,28.773,25.843,Hard,1,1,323.0,0
R00113,2016,spain,31,Lewis Hamilton,76.533,21.39,29.068,26.075,Soft,6,1,311.2,0
R00113,2016,spain,36,Lewis Hamilton,77.48,21.647,29.438,26.395,Soft,11,1,311.8,0
R00113,2016,spain,41,Lewis Hamilton,77.698,21.781,29.519,26.398,Soft,16,1,323.2,0
R00113,2016,spain,46,Lewis Hamilton,78.223,21.935,29.743,26.545,Soft,21,1,333.6,0
R00113,2016,spain,51,Lewis Hamilton,75.807,21.316,28.808,25.683,Soft,1,1,337.7,0
R00113,2016,spain,56,Lewis Hamilton,76.489,21.448,29.085,25.956,Soft,6,1,334.5,0
R00113,2016,spain,61,Lewis Hamilton,77.058,21.674,29.256,26.128,Soft,11,1,329.6,0
R00113,2016,spain,66,Lewis Hamilton,77.825,21.867,29.484,26.474,Soft,16,1,342.1,0
R00253,2023,bahrain,1,Yuki Tsunoda,79.876,22.435,30.307,27.134,Soft,1,0,309.8,0
R00253,2023,bahrain,6,Yuki Tsunoda,81.087,22.659,30.783,27.645,Soft,6,1,342.6,0
R00253,2023,bahrain,11,Yuki Tsunoda,81.111,22.712,30.718,27.681,Soft,11,1,315.8,0
R00253,2023,bahrain,16,Yuki Tsunoda,81.787,22.851,31.089,27.847,Soft,16,1,355.7,0
R00253,2023,bahrain,21,Yuki Tsunoda,82.811,23.224,31.393,28.194,Soft,21,1,325.7,0
R00253,2023,bahrain,26,Yuki Tsunoda,80.306,22.549,30.434,27.323,Soft,1,1,319.3,0
R00253,2023,bahrain,31,Yuki Tsunoda,80.973,22.627,30.782,27.564,Soft,6,1,322.0,0
R00253,2023,bahrain,36,Yuki Tsunoda,81.07,22.644,30.791,27.635,Soft,11,1,316.7,0
R00253,2023,bahrain,41,Yuki Tsunoda,82.006,23.009,31.123,27.874,Soft,16,1,331.6,0
R00253,2023,bahrain,46,Yuki Tsunoda,82.683,23.031,31.452,28.2,Soft,21,1,336.6,0
R00253,2023,bahrain,51,Yuki Tsunoda,80.342,22.554,30.51,27.278,Soft,1,1,341.5,0
R00253,2023,bahrain,56,Yuki Tsunoda,80.419,22.504,30.542,27.373,Soft,6,1,333.1,0
R00093,2015,bahrain,1,Lewis Hamilton,81.622,22.811,31.074,27.737,Hard,1,0,327.1,0
R00093,2015,bahrain,6,Lewis Hamilton,82.177,22.955,31.282,27.94,Hard,6,1,341.1,0
R00093,2015,bahrain,11,Lewis Hamilton,82.272,23.057,31.331,27.884,Hard,11,1,327.3,0
R00093,2015,bahrain,16,Lewis Hamilton,83.408,23.352,31.704,28.352,Hard,16,1,335.6,0
R00093,2015,bahrain,21,Lewis Hamilton,84.241,23.657,32.024,28.56,Hard,21,1,343.0,0
R00093,2015,bahrain,26,Lewis Hamilton,81.934,22.946,31.13,27.858,Soft,1,1,339.3,0
R00093,2015,bahrain,31,Lewis Hamilton,82.078,22.932,31.17,27.976,Soft,6,1,336.8,0
R00093,2015,bahrain,36,Lewis Hamilton,82.649,23.135,31.395,28.119,Soft,11,1,323.6,0
R00093,2015,bahrain,41,Lewis Hamilton,83.403,23.38,31.737,28.286,Soft,16,1,341.9,0
R00093,2015,bahrain,46,Lewis Hamilton,84.012,23.545,31.944,28.523,Soft,21,1,339.2,0
R00093,2015,bahrain,51,Lewis Hamilton,81.92,23.014,31.158,27.748,Soft,1,1,354.3,0
R00093,2015,bahrain,56,Lewis Hamilton,81.968,22.935,31.144,27.889,Soft,6,1,314.9,0
R00268,2023,suzuka,1,Fernando Alonso,81.703,22.865,31.022,27.816,Soft,1,0,314.6,0
R00268,2023,suzuka,6,Fernando Alonso,82.09,22.903,31.218,27.969,Soft,6,1,340.6,0
R00268,2023,suzuka,11,Fernando Alonso,82.528,23.076,31.353,28.099,Soft,11,1,339.9,0
R00268,2023,suzuka,16,Fernando Alonso,83.698,23.535,31.864,28.299,Soft,16,1,334.8,0
R00268,2023,suzuka,21,Fernando Alonso,83.622,23.362,31.775,28.485,Soft,21,1,345.1,0
R00268,2023,suzuka,26,Fernando Alonso,81.552,22.847,31.014,27.691,Soft,1,1,322.1,0
R00268,2023,suzuka,31,Fernando Alonso,82.174,23.049,31.25,27.875,Soft,6,1,334.3,0
R00268,2023,suzuka,36,Fernando Alonso,82.937,23.307,31.497,28.133,Soft,11,1,335.1,0
R00268,2023,suzuka,41,Fernando Alonso,83.232,23.249,31.526,28.457,Soft,16,1,330.3,0
R00268,2023,suzuka,46,Fernando Alonso,83.784,23.452,31.743,28.589,Soft,21,1,319.3,0
R00268,2023,suzuka,51,Fernando Alonso,81.516,22.758,30.895,27.863,Soft,1,1,321.3,0
R00289,2024,zandvoort,1,Lando Norris,74.228,20.725,28.163,25.34,Hard,1,0,325.2,0
R00289,2024,zandvoort,6,Lando Norris,74.839,20.922,28.425,25.492,Hard,6,1,313.3,0
R00289,2024,zandvoort,11,Lando Norris,75.468,21.109,28.656,25.703,Hard,11,1,347.9,0
R00289,2024,zandvoort,16,Lando Norris,75.93,21.192,28.888,25.85,Hard,16,1,338.5,0
R00289,2024,zandvoort,21,Lando Norris,76.313,21.415,28.982,25.916,Hard,21,1,336.9,0
R00289,2024,zandvoort,26,Lando Norris,74.197,20.785,28.284,25.128,Hard,1,1,326.3,0
R00289,2024,zandvoort,31,Lando Norris,74.803,20.907,28.416,25.48,Hard,6,1,338.8,0
R00289,2024,zandvoort,36,Lando Norris,75.344,21.144,28.632,25.568,Hard,11,1,333.4,0
R00289,2024,zandvoort,41,Lando Norris,76.112,21.357,28.907,25.848,Hard,16,1,335.4,0
R00289,2024,zandvoort,46,Lando Norris,76.486,21.468,29.097,25.921,Hard,21,1,337.2,1
R00289,2024,zandvoort,51,Lando Norris,74.232,20.777,28.189,25.266,Hard,1,1,325.9,0
R00289,2024,zandvoort,56,Lando Norris,74.834,20.977,28.493,25.364,Hard,6,1,333.7,0
R00289,2024,zandvoort,61,Lando Norris,75.367,21.123,28.652,25.592,Hard,11,1,320.7,0
R00289,2024,zandvoort,66,Lando Norris,76.126,21.357,28.979,25.79,Hard,16,1,320.5,0
R00289,2024,zandvoort,71,Lando Norris,76.282,21.333,28.919,26.03,Hard,21,1,328.8,0
R00068,2013,singapore,1,Max Verstappen,85.346,23.911,32.485,28.95,Hard,1,0,337.1,0
R00068,2013,singapore,6,Max Verstappen,86.201,24.14,32.799,29.262,Hard,6,1,342.2,0
R00068,2013,singapore,11,Max Verstappen,86.602,24.15,32.922,29.53,Hard,11,1,331.4,0
R00068,2013,singapore,16,Max Verstappen,87.358,24.516,33.197,29.645,Hard,16,1,317.7,0
R00068,2013,singapore,21,Max Verstappen,87.83,24.583,33.307,29.94,Hard,21,1,352.9,1
R00068,2013,singapore,26,Max Verstappen,85.537,23.918,32.596,29.023,Hard,1,1,328.8,0
R00068,2013,singapore,31,Max Verstappen,85.922,24.021,32.579,29.322,Hard,6,1,321.0,0
R00068,2013,singapore,36,Max Verstappen,86.703,24.291,32.923,29.489,Hard,11,1,314.1,0
R00068,2013,singapore,41,Max Verstappen,87.318,24.408,33.1,29.81,Hard,16,1,331.1,0
R00068,2013,singapore,46,Max Verstappen,87.632,24.608,33.29,29.734,Hard,21,1,344.2,0
R00068,2013,singapore,51,Max Verstappen,85.422,23.898,32.527,28.997,Hard,1,1,327.0,0
R00068,2013,singapore,56,Max Verstappen,86.246,24.195,32.761,29.29,Hard,6,1,328.7,0
R00068,2013,singapore,61,Max Verstappen,86.799,24.401,33.025,29.373,Hard,11,1,328.2,0
R00328,2026,imola,1,Max Verstappen,73.449,20.523,27.9,25.026,Intermediate,1,0,302.2,0
R00328,2026,imola,6,Max Verstappen,74.156,20.659,28.123,25.374,Intermediate,6,0,319.3,0
R00328,2026,imola,11,Max Verstappen,74.435,20.854,28.209,25.372,Intermediate,11,0,336.5,0
R00328,2026,imola,16,Max Verstappen,75.102,20.986,28.458,25.658,Intermediate,16,0,332.0,0
R00328,2026,imola,21,Max Verstappen,75.982,21.309,28.894,25.779,Intermediate,21,0,350.0,0
R00328,2026,imola,26,Max Verstappen,73.822,20.656,27.971,25.195,Soft,1,0,343.7,0
R00328,2026,imola,31,Max Verstappen,74.18,20.755,28.153,25.272,Soft,6,0,323.3,0
R00328,2026,imola,36,Max Verstappen,74.455,20.834,28.201,25.42,Soft,11,0,318.8,0
R00328,2026,imola,41,Max Verstappen,75.281,21.038,28.583,25.66,Soft,16,0,333.8,0
R00328,2026,imola,46,Max Verstappen,75.605,21.196,28.684,25.725,Soft,21,0,352.6,0
R00328,2026,imola,51,Max Verstappen,73.308,20.558,27.852,24.898,Soft,1,0,348.7,0
R00328,2026,imola,56,Max Verstappen,74.532,20.778,28.282,25.472,Soft,6,0,315.2,0
R00328,2026,imola,61,Max Verstappen,74.6,20.871,28.333,25.396,Soft,11,0,326.7,0
R00053,2012,brazil,1,Charles Leclerc,78.221,21.975,29.644,26.602,Medium,1,0,349.1,0
R00053,2012,brazil,6,Charles Leclerc,78.637,22.019,29.828,26.79,Medium,6,1,308.5,0
R00053,2012,brazil,11,Charles Leclerc,78.965,22.106,29.94,26.919,Medium,11,1,336.2,0
R00053,2012,brazil,16,Charles Leclerc,79.443,22.202,30.176,27.065,Medium,16,1,356.7,0
R00053,2012,brazil,21,Charles Leclerc,79.774,22.39,30.34,27.044,Medium,21,1,341.1,0
R00053,2012,brazil,26,Charles Leclerc,77.802,21.731,29.519,26.552,Medium,1,1,315.1,0
R00053,2012,brazil,31,Charles Leclerc,78.273,21.888,29.805,26.58,Hard,6,1,337.9,0
R00053,2012,brazil,36,Charles Leclerc,78.83,22.073,30.118,26.639,Hard,11,1,318.1,0
R00053,2012,brazil,41,Charles Leclerc,79.408,22.259,30.101,27.048,Hard,16,1,310.9,0
R00053,2012,brazil,46,Charles Leclerc,80.079,22.405,30.425,27.249,Hard,21,1,326.1,1
R00053,2012,brazil,51,Charles Leclerc,78.092,21.868,29.562,26.662,Hard,1,1,326.6,0
R00053,2012,brazil,56,Charles Leclerc,78.295,21.854,29.759,26.682,Hard,6,1,312.3,0
R00053,2012,brazil,61,Charles Leclerc,78.739,22.093,29.958,26.688,Hard,11,1,329.8,0
R00053,2012,brazil,66,Charles Leclerc,79.471,22.211,30.192,27.068,Hard,16,1,322.2,0
R00053,2012,brazil,71,Charles Leclerc,79.989,22.325,30.344,27.32,Hard,21,1,335.0,0
R00123,2016,bahrain,1,Lewis Hamilton,72.415,20.206,27.487,24.722,Soft,1,0,334.3,0
R00123,2016,bahrain,6,Lewis Hamilton,72.863,20.375,27.661,24.827,Soft,6,1,310.8,0
R00123,2016,bahrain,11,Lewis Hamilton,73.707,20.576,27.982,25.149,Soft,11,1,346.4,0
R00123,2016,bahrain,16,Lewis Hamilton,73.997,20.726,28.173,25.098,Soft,16,1,345.9,0
R00123,2016,bahrain,21,Lewis Hamilton,74.507,20.934,28.331,25.242,Soft,21,1,305.4,0
R00123,2016,bahrain,26,Lewis Hamilton,72.082,20.203,27.348,24.531,Hard,1,1,319.2,0
R00123,2016,bahrain,31,Lewis Hamilton,72.933,20.366,27.707,24.86,Hard,6,1,339.3,0
R00123,2016,bahrain,36,Lewis Hamilton,73.566,20.629,27.907,25.03,Hard,11,1,324.3,0
R00123,2016,bahrain,41,Lewis Hamilton,74.043,20.74,28.127,25.176,Hard,16,1,321.4,0
R00123,2016,bahrain,46,Lewis Hamilton,74.533,20.86,28.312,25.361,Hard,21,1,338.2,0
R00123,2016,bahrain,51,Lewis Hamilton,72.241,20.198,27.472,24.571,Hard,1,1,333.3,0
R00123,2016,bahrain,56,Lewis Hamilton,73.026,20.546,27.744,24.736,Hard,6,1,336.2,0
R00252,2022,abu_dhabi,1,Max Verstappen,81.364,22.773,30.937,27.654,Soft,1,0,321.6,0
R00252,2022,abu_dhabi,6,Max Verstappen,82.307,23.09,31.319,27.898,Soft,6,1,323.7,0
R00252,2022,abu_dhabi,11,Max Verstappen,82.751,23.185,31.492,28.074,Soft,11,1,328.9,0
R00252,2022,abu_dhabi,16,Max Verstappen,83.255,23.359,31.68,28.216,Soft,16,1,326.7,0
R00252,2022,abu_dhabi,21,Max Verstappen,84.19,23.575,32.022,28.593,Soft,21,1,316.8,0
R00252,2022,abu_dhabi,26,Max Verstappen,81.533,22.861,31.002,27.67,Medium,1,1,335.6,0
R00252,2022,abu_dhabi,31,Max Verstappen,82.421,22.993,31.35,28.078,Medium,6,1,337.3,0
R00252,2022,abu_dhabi,36,Max Verstappen,82.67,23.249,31.479,27.942,Medium,11,1,332.2,0
R00252,2022,abu_dhabi,41,Max Verstappen,83.391,23.429,31.696,28.266,Medium,16,1,335.9,0
R00252,2022,abu_dhabi,46,Max Verstappen,84.122,23.512,31.986,28.624,Medium,21,1,336.6,0
R00252,2022,abu_dhabi,51,Max Verstappen,81.308,22.692,30.768,27.848,Medium,1,1,334.0,0
R00252,2022,abu_dhabi,56,Max Verstappen,82.174,23.027,31.273,27.874,Medium,6,1,322.4,0
R00269,2023,qatar,1,Lewis Hamilton,76.953,21.603,29.241,26.109,Hard,1,0,346.4,0
R00269,2023,qatar,6,Lewis Hamilton,76.962,21.5,29.239,26.223,Hard,6,1,349.8,0
R00269,2023,qatar,11,Lewis Hamilton,77.98,21.787,29.561,26.632,Hard,11,1,345.8,0
R00269,2023,qatar,16,Lewis Hamilton,78.446,22.015,29.815,26.616,Hard,16,1,313.3,0
R00269,2023,qatar,21,Lewis Hamilton,78.887,22.118,30.008,26.761,Hard,21,1,335.2,0
R00269,2023,qatar,26,Lewis Hamilton,76.808,21.575,29.198,26.035,Medium,1,1,324.1,0
R00269,2023,qatar,31,Lewis Hamilton,77.36,21.672,29.414,26.274,Medium,6,1,324.7,0
R00269,2023,qatar,36,Lewis Hamilton,77.508,21.766,29.417,26.325,Medium,11,1,331.1,0
R00269,2023,qatar,41,Lewis Hamilton,78.337,21.965,29.755,26.617,Medium,16,1,332.0,0
R00269,2023,qatar,46,Lewis Hamilton,79.08,22.182,30.115,26.783,Medium,21,1,324.5,0
R00269,2023,qatar,51,Lewis Hamilton,76.573,21.475,29.121,25.977,Medium,1,1,333.1,0
R00269,2023,qatar,56,Lewis Hamilton,77.005,21.565,29.301,26.139,Medium,6,1,315.2,0
R00075,2014,bahrain,1,Lewis Hamilton,79.003,22.089,30.095,26.819,Soft,1,0,337.7,0
R00075,2014,bahrain,6,Lewis Hamilton,79.656,22.303,30.26,27.093,Soft,6,1,326.9,0
R00075,2014,bahrain,11,Lewis Hamilton,79.897,22.378,30.364,27.155,Soft,11,1,347.5,0
R00075,2014,bahrain,16,Lewis Hamilton,80.858,22.618,30.714,27.526,Soft,16,1,318.2,0
R00075,2014,bahrain,21,Lewis Hamilton,81.414,22.835,30.957,27.622,Soft,21,1,346.7,0
R00075,2014,bahrain,26,Lewis Hamilton,78.996,22.186,30.054,26.756,Soft,1,1,328.1,0
R00075,2014,bahrain,31,Lewis Hamilton,79.336,22.137,30.229,26.97,Soft,6,1,321.1,0
R00075,2014,bahrain,36,Lewis Hamilton,80.073,22.394,30.491,27.188,Soft,11,1,337.4,0
R00075,2014,bahrain,41,Lewis Hamilton,80.66,22.67,30.673,27.317,Soft,16,1,317.8,0
R00075,2014,bahrain,46,Lewis Hamilton,81.672,22.938,30.939,27.795,Soft,21,1,328.0,0
R00075,2014,bahrain,51,Lewis Hamilton,78.734,22.025,29.937,26.772,Soft,1,1,326.7,0
R00075,2014,bahrain,56,Lewis Hamilton,79.381,22.194,30.118,27.069,Soft,6,1,343.2,0
R00105,2015,bahrain,1,Lewis Hamilton,74.667,20.967,28.39,25.31,Soft,1,0,330.5,0
R00105,2015,bahrain,6,Lewis Hamilton,75.213,21.104,28.584,25.525,Soft,6,1,314.5,0
R00105,2015,bahrain,11,Lewis Hamilton,75.703,21.187,28.777,25.739,Soft,11,1,337.6,0
R00105,2015,bahrain,16,Lewis Hamilton,76.308,21.335,29.012,25.961,Soft,16,1,348.6,0
R00105,2015,bahrain,21,Lewis Hamilton,76.595,21.46,29.073,26.062,Soft,21,1,334.2,0
R00105,2015,bahrain,26,Lewis Hamilton,74.717,20.882,28.385,25.45,Hard,1,1,314.9,0
R00105,2015,bahrain,31,Lewis Hamilton,75.137,21.058,28.632,25.447,Hard,6,1,329.2,0
R00105,2015,bahrain,36,Lewis Hamilton,75.494,21.032,28.664,25.798,Hard,11,1,325.4,0
R00105,2015,bahrain,41,Lewis Hamilton,76.265,21.359,28.936,25.97,Hard,16,1,341.8,0
R00105,2015,bahrain,46,Lewis Hamilton,77.075,21.549,29.284,26.242,Hard,21,1,309.8,0
R00105,2015,bahrain,51,Lewis Hamilton,74.802,20.944,28.439,25.419,Hard,1,1,325.5,0
R00105,2015,bahrain,56,Lewis Hamilton,75.385,21.094,28.667,25.624,Hard,6,1,321.0,0
R00143,2017,brazil,1,Charles Leclerc,80.16,22.507,30.377,27.276,Medium,1,0,303.1,0
R00143,2017,brazil,6,Charles Leclerc,81.063,22.766,30.83,27.467,Medium,6,1,307.2,0
R00143,2017,brazil,11,Charles Leclerc,81.541,22.832,31.044,27.665,Medium,11,1,337.9,0
R00143,2017,brazil,16,Charles Leclerc,82.255,23.093,31.309,27.853,Medium,16,1,338.2,0
R00143,2017,brazil,21,Charles Leclerc,83.001,23.274,31.537,28.19,Medium,21,1,321.1,0
R00143,2017,brazil,26,Charles Leclerc,80.592,22.429,30.704,27.459,Medium,1,1,330.5,0
R00143,2017,brazil,31,Charles Leclerc,80.677,22.572,30.7,27.405,Hard,6,1,332.3,0
R00143,2017,brazil,36,Charles Leclerc,81.648,22.841,30.97,27.837,Hard,11,1,321.9,0
R00143,2017,brazil,41,Charles Leclerc,82.263,23.012,31.276,27.975,Hard,16,1,323.8,0
R00143,2017,brazil,46,Charles Leclerc,82.57,23.086,31.393,28.091,Hard,21,1,322.2,1
R00143,2017,brazil,51,Charles Leclerc,80.664,22.587,30.629,27.448,Hard,1,1,324.5,0
R00143,2017,brazil,56,Charles Leclerc,80.885,22.693,30.765,27.427,Hard,6,1,342.1,0
R00143,2017,brazil,61,Charles Leclerc,81.55,22.885,30.979,27.686,Hard,11,1,321.6,0
R00143,2017,brazil,66,Charles Leclerc,82.234,23.094,31.241,27.899,Hard,16,1,321.3,0
R00143,2017,brazil,71,Charles Leclerc,83.0,23.238,31.565,28.197,Hard,21,1,345.6,0
R00303,2025,shanghai,1,Lando Norris,84.49,23.648,32.158,28.684,Intermediate,1,0,326.4,0
R00303,2025,shanghai,6,Lando Norris,85.083,23.875,32.236,28.972,Intermediate,6,0,328.2,0
R00303,2025,shanghai,11,Lando Norris,85.684,24.001,32.544,29.139,Intermediate,11,0,326.1,0
R00303,2025,shanghai,16,Lando Norris,86.195,24.18,32.826,29.189,Intermediate,16,0,327.6,0
R00303,2025,shanghai,21,Lando Norris,87.076,24.361,33.081,29.634,Intermediate,21,0,336.4,0
R00303,2025,shanghai,26,Lando Norris,84.378,23.653,32.068,28.657,Hard,1,0,306.2,0
R00303,2025,shanghai,31,Lando Norris,84.732,23.777,32.187,28.768,Hard,6,0,331.4,0
R00303,2025,shanghai,36,Lando Norris,85.856,24.037,32.638,29.181,Hard,11,0,331.3,1
R00303,2025,shanghai,41,Lando Norris,85.993,24.124,32.688,29.181,Hard,16,0,319.9,0
R00303,2025,shanghai,46,Lando Norris,86.667,24.23,32.971,29.466,Hard,21,0,285.7,0
R00303,2025,shanghai,51,Lando Norris,84.472,23.595,32.095,28.782,Hard,1,0,341.0,0
R00303,2025,shanghai,56,Lando Norris,84.848,23.807,32.246,28.795,Hard,6,0,337.4,0
R00291,2024,baku,1,Charles Leclerc,77.043,21.516,29.273,26.254,Intermediate,1,0,330.3,0
R00291,2024,baku,6,Charles Leclerc,77.81,21.795,29.521,26.494,Intermediate,6,0,295.3,0
R00291,2024,baku,11,Charles Leclerc,78.328,21.911,29.786,26.631,Intermediate,11,0,329.1,0
R00291,2024,baku,16,Charles Leclerc,78.854,22.12,29.984,26.75,Intermediate,16,0,340.8,0
R00291,2024,baku,21,Charles Leclerc,79.304,22.166,30.156,26.982,Medium,21,0,346.4,0
R00291,2024,baku,26,Charles Leclerc,76.985,21.519,29.21,26.256,Medium,1,0,339.0,0
R00291,2024,baku,31,Charles Leclerc,77.601,21.742,29.472,26.387,Medium,6,0,316.2,0
R00291,2024,baku,36,Charles Leclerc,78.058,21.888,29.513,26.657,Medium,11,0,333.3,0
R00291,2024,baku,41,Charles Leclerc,78.597,22.014,29.874,26.709,Medium,16,0,320.4,0
R00291,2024,baku,46,Charles Leclerc,79.52,22.248,30.2,27.072,Medium,21,0,321.5,0
R00291,2024,baku,51,Charles Leclerc,76.997,21.53,29.18,26.287,Medium,1,0,318.8,0
R00304,2025,miami,1,Max Verstappen,78.437,21.945,29.831,26.661,Intermediate,1,0,322.6,0
R00304,2025,miami,6,Max Verstappen,78.671,21.982,29.878,26.811,Intermediate,6,0,329.3,0
R00304,2025,miami,11,Max Verstappen,79.46,22.225,30.142,27.093,Intermediate,11,0,327.1,0
R00304,2025,miami,16,Max Verstappen,79.866,22.365,30.357,27.144,Intermediate,16,0,344.4,0
R00304,2025,miami,21,Max Verstappen,80.607,22.564,30.574,27.469,Intermediate,21,0,328.3,0
R00304,2025,miami,26,Max Verstappen,78.052,21.879,29.556,26.617,Hard,1,0,326.5,0
R00304,2025,miami,31,Max Verstappen,78.91,22.076,30.014,26.82,Hard,6,0,320.1,0
R00304,2025,miami,36,Max Verstappen,79.425,22.198,30.195,27.032,Hard,11,0,326.6,0
R00304,2025,miami,41,Max Verstappen,79.812,22.388,30.255,27.169,Hard,16,0,318.2,0
R00304,2025,miami,46,Max Verstappen,80.426,22.491,30.575,27.36,Hard,21,0,334.6,0
R00304,2025,miami,51,Max Verstappen,78.219,21.862,29.793,26.564,Hard,1,0,324.4,0
R00304,2025,miami,56,Max Verstappen,78.762,22.028,29.885,26.849,Hard,6,0,328.0,0
R00167,2019,jeddah,1,Lewis Hamilton,78.253,21.823,29.703,26.727,Medium,1,0,321.2,0
R00167,2019,jeddah,6,Lewis Hamilton,78.93,21.977,29.939,27.014,Medium,6,1,329.9,0
R00167,2019,jeddah,11,Lewis Hamilton,79.551,22.213,30.229,27.109,Medium,11,1,335.3,0
R00167,2019,jeddah,16,Lewis Hamilton,79.917,22.339,30.32,27.258,Medium,16,1,322.2,0
R00167,2019,jeddah,21,Lewis Hamilton,80.704,22.578,30.693,27.433,Medium,21,1,339.1,0
R00167,2019,jeddah,26,Lewis Hamilton,78.15,21.825,29.735,26.59,Medium,1,1,322.4,0
R00167,2019,jeddah,31,Lewis Hamilton,78.781,22.144,29.964,26.673,Medium,6,1,351.7,0
R00167,2019,jeddah,36,Lewis Hamilton,79.508,22.28,30.259,26.969,Medium,11,1,322.2,0
R00167,2019,jeddah,41,Lewis Hamilton,80.013,22.379,30.367,27.267,Medium,16,1,318.6,0
R00167,2019,jeddah,46,Lewis Hamilton,80.829,22.534,30.767,27.528,Medium,21,1,326.8,0
R00254,2023,jeddah,1,Lewis Hamilton,83.718,23.441,31.786,28.491,Hard,1,0,345.7,0
R00254,2023,jeddah,6,Lewis Hamilton,84.74,23.729,32.169,28.842,Hard,6,1,323.7,0
R00254,2023,jeddah,11,Lewis Hamilton,85.159,23.788,32.415,28.956,Hard,11,1,296.6,0
R00254,2023,jeddah,16,Lewis Hamilton,85.907,24.119,32.613,29.175,Hard,16,1,309.6,0
R00254,2023,jeddah,21,Lewis Hamilton,86.532,24.247,32.877,29.408,Soft,21,1,339.7,0
R00254,2023,jeddah,26,Lewis Hamilton,84.139,23.546,31.995,28.598,Soft,1,1,348.5,0
R00254,2023,jeddah,31,Lewis Hamilton,84.683,23.7,32.163,28.82,Soft,6,1,329.9,0
R00254,2023,jeddah,36,Lewis Hamilton,85.111,23.824,32.28,29.007,Soft,11,1,338.9,0
R00254,2023,jeddah,41,Lewis Hamilton,85.901,23.965,32.669,29.267,Soft,16,1,320.9,0
R00254,2023,jeddah,46,Lewis Hamilton,86.903,24.356,32.963,29.584,Soft,21,1,339.0,0
R00279,2024,shanghai,1,Lando Norris,90.004,25.233,34.161,30.61,Intermediate,1,0,361.6,0
R00279,2024,shanghai,6,Lando Norris,90.394,25.269,34.426,30.699,Intermediate,6,0,343.1,0
R00279,2024,shanghai,11,Lando Norris,91.669,25.71,34.788,31.171,Intermediate,11,0,336.9,0
R00279,2024,shanghai,16,Lando Norris,92.163,25.918,35.046,31.199,Intermediate,16,0,330.7,0
R00279,2024,shanghai,21,Lando Norris,92.597,25.899,35.293,31.405,Intermediate,21,0,328.0,0
R00279,2024,shanghai,26,Lando Norris,90.193,25.212,34.247,30.734,Hard,1,0,324.2,0
R00279,2024,shanghai,31,Lando Norris,90.848,25.423,34.542,30.883,Hard,6,0,312.8,0
R00279,2024,shanghai,36,Lando Norris,91.401,25.579,34.71,31.112,Hard,11,0,338.4,1
R00279,2024,shanghai,41,Lando Norris,92.27,25.924,35.087,31.259,Hard,16,0,325.4,0
R00279,2024,shanghai,46,Lando Norris,92.658,25.959,35.167,31.532,Hard,21,0,337.0,0
R00279,2024,shanghai,51,Lando Norris,89.954,25.177,34.102,30.675,Hard,1,0,321.2,0
R00279,2024,shanghai,56,Lando Norris,90.666,25.412,34.471,30.783,Hard,6,0,325.2,0
R00180,2019,singapore,1,Charles Leclerc,73.767,20.658,28.008,25.101,Medium,1,0,344.8,0
R00180,2019,singapore,6,Charles Leclerc,74.325,20.83,28.275,25.22,Medium,6,1,329.0,0
R00180,2019,singapore,11,Charles Leclerc,74.361,20.851,28.216,25.294,Medium,11,1,331.9,0
R00180,2019,singapore,16,Charles Leclerc,75.257,21.132,28.574,25.551,Medium,16,1,309.1,0
R00180,2019,singapore,21,Charles Leclerc,75.824,21.281,28.905,25.638,Medium,21,1,352.0,1
R00180,2019,singapore,26,Charles Leclerc,73.357,20.617,27.858,24.882,Medium,1,1,334.1,0
R00180,2019,singapore,31,Charles Leclerc,74.187,20.792,28.145,25.25,Medium,6,1,336.2,0
R00180,2019,singapore,36,Charles Leclerc,74.668,20.858,28.388,25.422,Medium,11,1,314.7,0
R00180,2019,singapore,41,Charles Leclerc,75.26,21.05,28.572,25.638,Medium,16,1,346.2,0
R00180,2019,singapore,46,Charles Leclerc,75.9,21.267,28.851,25.782,Medium,21,1,334.0,0
R00180,2019,singapore,51,Charles Leclerc,73.789,20.679,27.965,25.145,Medium,1,1,336.9,0
R00180,2019,singapore,56,Charles Leclerc,74.118,20.793,28.227,25.098,Medium,6,1,331.6,0
R00180,2019,singapore,61,Charles Leclerc,74.852,20.928,28.45,25.474,Medium,11,1,334.8,0
R00102,2015,bahrain,1,Lewis Hamilton,78.673,22.068,29.872,26.733,Medium,1,0,307.4,0
R00102,2015,bahrain,6,Lewis Hamilton,79.265,22.184,30.131,26.95,Medium,6,1,313.4,0
R00102,2015,bahrain,11,Lewis Hamilton,79.507,22.239,30.149,27.119,Medium,11,1,345.8,0
R00102,2015,bahrain,16,Lewis Hamilton,80.495,22.575,30.604,27.316,Medium,16,1,333.6,0
R00102,2015,bahrain,21,Lewis Hamilton,80.842,22.562,30.705,27.575,Medium,21,1,330.0,0
R00102,2015,bahrain,26,Lewis Hamilton,78.39,21.955,29.833,26.602,Hard,1,1,314.2,0
R00102,2015,bahrain,31,Lewis Hamilton,79.018,22.145,30.027,26.846,Hard,6,1,317.3,0
R00102,2015,bahrain,36,Lewis Hamilton,79.768,22.245,30.278,27.245,Hard,11,1,320.8,0
R00102,2015,bahrain,41,Lewis Hamilton,80.628,22.472,30.662,27.494,Hard,16,1,335.1,0
R00102,2015,bahrain,46,Lewis Hamilton,81.053,22.711,30.796,27.546,Hard,21,1,339.0,0
R00102,2015,bahrain,51,Lewis Hamilton,78.426,21.916,29.766,26.744,Hard,1,1,332.6,0
R00102,2015,bahrain,56,Lewis Hamilton,79.432,22.192,30.206,27.034,Hard,6,1,333.2,0
R00014,2010,singapore,1,Charles Leclerc,70.669,19.768,26.853,24.048,Medium,1,0,318.6,0
R00014,2010,singapore,6,Charles Leclerc,71.16,19.863,27.083,24.214,Medium,6,1,339.2,0
R00014,2010,singapore,11,Charles Leclerc,71.706,20.207,27.331,24.168,Medium,11,1,321.3,0
R00014,2010,singapore,16,Charles Leclerc,72.208,20.224,27.479,24.505,Medium,16,1,319.0,0
R00014,2010,singapore,21,Charles Leclerc,72.576,20.367,27.672,24.537,Medium,21,1,327.4,1
R00014,2010,singapore,26,Charles Leclerc,70.656,19.855,26.794,24.007,Soft,1,1,308.5,0
R00014,2010,singapore,31,Charles Leclerc,71.002,19.909,27.002,24.091,Soft,6,1,320.9,0
R00014,2010,singapore,36,Charles Leclerc,71.478,19.91,27.156,24.412,Soft,11,1,325.3,0
R00014,2010,singapore,41,Charles Leclerc,72.167,20.212,27.394,24.561,Soft,16,1,334.5,0
R00014,2010,singapore,46,Charles Leclerc,72.997,20.51,27.74,24.747,Soft,21,1,334.1,0
R00014,2010,singapore,51,Charles Leclerc,70.741,19.754,26.891,24.096,Soft,1,1,318.5,0
R00014,2010,singapore,56,Charles Leclerc,71.259,19.926,27.029,24.304,Soft,6,1,318.4,0
R00014,2010,singapore,61,Charles Leclerc,71.654,20.067,27.177,24.41,Soft,11,1,343.9,0
R00200,2020,zandvoort,1,Lewis Hamilton,75.422,21.047,28.559,25.816,Hard,1,0,335.1,0
R00200,2020,zandvoort,6,Lewis Hamilton,75.822,21.198,28.872,25.752,Hard,6,1,323.7,0
R00200,2020,zandvoort,11,Lewis Hamilton,76.284,21.37,28.916,25.998,Hard,11,1,332.6,0
R00200,2020,zandvoort,16,Lewis Hamilton,77.388,21.753,29.383,26.252,Hard,16,1,315.2,0
R00200,2020,zandvoort,21,Lewis Hamilton,77.572,21.73,29.528,26.314,Hard,21,1,340.5,0
R00200,2020,zandvoort,26,Lewis Hamilton,75.683,21.248,28.737,25.698,Hard,1,1,331.8,0
R00200,2020,zandvoort,31,Lewis Hamilton,76.001,21.324,28.859,25.818,Medium,6,1,333.9,0
R00200,2020,zandvoort,36,Lewis Hamilton,76.544,21.459,29.101,25.984,Medium,11,1,345.8,0
R00200,2020,zandvoort,41,Lewis Hamilton,77.112,21.575,29.381,26.156,Medium,16,1,298.2,0
R00200,2020,zandvoort,46,Lewis Hamilton,77.651,21.704,29.533,26.414,Medium,21,1,322.8,1
R00200,2020,zandvoort,51,Lewis Hamilton,75.451,21.18,28.684,25.587,Medium,1,1,321.9,0
R00200,2020,zandvoort,56,Lewis Hamilton,76.1,21.269,28.906,25.925,Medium,6,1,345.3,0
R00200,2020,zandvoort,61,Lewis Hamilton,76.578,21.35,29.05,26.178,Medium,11,1,337.6,0
R00200,2020,zandvoort,66,Lewis Hamilton,77.057,21.533,29.279,26.245,Medium,16,1,325.1,0
R00200,2020,zandvoort,71,Lewis Hamilton,77.767,21.809,29.516,26.442,Medium,21,1,324.3,0
R00035,2011,brazil,1,Max Verstappen,72.118,20.21,27.346,24.562,Intermediate,1,0,331.5,0
R00035,2011,brazil,6,Max Verstappen,72.59,20.376,27.655,24.559,Intermediate,6,0,338.0,0
R00035,2011,brazil,11,Max Verstappen,73.173,20.473,27.903,24.797,Intermediate,11,0,321.2,0
R00035,2011,brazil,16,Max Verstappen,73.56,20.571,27.889,25.1,Intermediate,16,0,339.5,0
R00035,2011,brazil,21,Max Verstappen,73.955,20.686,28.142,25.127,Intermediate,21,0,320.9,0
R00035,2011,brazil,26,Max Verstappen,72.08,20.19,27.387,24.503,Intermediate,1,0,315.2,0
R00035,2011,brazil,31,Max Verstappen,72.657,20.335,27.609,24.713,Intermediate,6,0,309.9,0
R00035,2011,brazil,36,Max Verstappen,73.116,20.495,27.651,24.97,Intermediate,11,0,313.0,0
R00035,2011,brazil,41,Max Verstappen,73.813,20.63,28.044,25.139,Intermediate,16,0,334.3,0
R00035,2011,brazil,46,Max Verstappen,74.148,20.91,28.161,25.077,Intermediate,21,0,318.3,1
R00035,2011,brazil,51,Max Verstappen,71.794,20.097,27.276,24.421,Intermediate,1,0,330.9,0
R00035,2011,brazil,56,Max Verstappen,72.702,20.373,27.675,24.654,Intermediate,6,0,335.5,0
R00035,2011,brazil,61,Max Verstappen,73.189,20.482,27.844,24.863,Intermediate,11,0,323.0,0
R00035,2011,brazil,66,Max Verstappen,73.629,20.658,28.083,24.888,Intermediate,16,0,330.3,0
R00035,2011,brazil,71,Max Verstappen,74.244,20.792,28.214,25.238,Intermediate,21,0,335.1,0
R00197,2020,silverstone,1,Lewis Hamilton,74.05,20.797,28.115,25.138,Medium,1,0,339.4,0
R00197,2020,silverstone,6,Lewis Hamilton,74.763,20.924,28.432,25.407,Medium,6,1,349.9,0
R00197,2020,silverstone,11,Lewis Hamilton,75.287,21.095,28.605,25.587,Medium,11,1,379.4,0
R00197,2020,silverstone,16,Lewis Hamilton,75.706,21.209,28.765,25.732,Medium,16,1,337.9,0
R00197,2020,silverstone,21,Lewis Hamilton,76.423,21.411,29.082,25.93,Soft,21,1,325.2,0
R00197,2020,silverstone,26,Lewis Hamilton,73.953,20.711,28.109,25.133,Soft,1,1,336.7,0
R00197,2020,silverstone,31,Lewis Hamilton,74.83,20.955,28.37,25.505,Soft,6,1,356.3,0
R00197,2020,silverstone,36,Lewis Hamilton,75.425,21.031,28.68,25.714,Soft,11,1,322.6,0
R00197,2020,silverstone,41,Lewis Hamilton,75.865,21.178,28.865,25.822,Soft,16,1,321.9,0
R00197,2020,silverstone,46,Lewis Hamilton,76.509,21.441,29.062,26.006,Soft,21,1,333.4,0
R00197,2020,silverstone,51,Lewis Hamilton,74.547,20.856,28.336,25.355,Soft,1,1,335.3,0
R00311,2025,hungary,1,Max Verstappen,75.991,21.24,28.812,25.939,Hard,1,0,332.1,0
R00311,2025,hungary,6,Max Verstappen,76.918,21.544,29.191,26.183,Hard,6,1,311.1,0
R00311,2025,hungary,11,Max Verstappen,77.551,21.744,29.409,26.398,Hard,11,1,336.8,0
R00311,2025,hungary,16,Max Verstappen,78.108,21.878,29.772,26.458,Hard,16,1,321.6,0
R00311,2025,hungary,21,Max Verstappen,78.498,22.01,29.822,26.666,Hard,21,1,334.8,0
R00311,2025,hungary,26,Max Verstappen,76.622,21.479,29.194,25.949,Hard,1,1,339.0,0
R00311,2025,hungary,31,Max Verstappen,76.749,21.418,29.213,26.118,Hard,6,1,334.3,0
R00311,2025,hungary,36,Max Verstappen,77.445,21.638,29.387,26.42,Hard,11,1,336.1,0
R00311,2025,hungary,41,Max Verstappen,77.847,21.725,29.577,26.545,Hard,16,1,320.1,0
R00311,2025,hungary,46,Max Verstappen,78.855,21.997,30.016,26.842,Hard,21,1,315.9,0
R00311,2025,hungary,51,Max Verstappen,76.459,21.385,29.058,26.016,Hard,1,1,346.2,0
R00311,2025,hungary,56,Max Verstappen,76.989,21.525,29.178,26.286,Hard,6,1,337.7,0
R00311,2025,hungary,61,Max Verstappen,77.754,21.685,29.561,26.508,Hard,11,1,341.9,0
R00311,2025,hungary,66,Max Verstappen,78.148,21.968,29.723,26.457,Hard,16,1,324.6,0
R00139,2017,bahrain,1,Lewis Hamilton,78.388,21.943,29.795,26.65,Soft,1,0,338.7,0
R00139,2017,bahrain,6,Lewis Hamilton,78.734,22.052,29.909,26.773,Soft,6,1,331.6,0
R00139,2017,bahrain,11,Lewis Hamilton,79.207,22.256,30.084,26.867,Soft,11,1,349.2,0
R00139,2017,bahrain,16,Lewis Hamilton,79.912,22.4,30.401,27.111,Soft,16,1,336.9,0
R00139,2017,bahrain,21,Lewis Hamilton,80.472,22.59,30.526,27.356,Soft,21,1,328.0,0
R00139,2017,bahrain,26,Lewis Hamilton,77.959,21.823,29.65,26.486,Hard,1,1,314.9,0
R00139,2017,bahrain,31,Lewis Hamilton,78.529,22.022,29.771,26.736,Hard,6,1,300.6,0
R00139,2017,bahrain,36,Lewis Hamilton,79.262,22.227,30.069,26.966,Hard,11,1,332.5,0
R00139,2017,bahrain,41,Lewis Hamilton,79.935,22.482,30.357,27.096,Hard,16,1,318.9,0
R00139,2017,bahrain,46,Lewis Hamilton,80.676,22.593,30.684,27.399,Hard,21,1,323.9,0
R00139,2017,bahrain,51,Lewis Hamilton,78.01,21.816,29.66,26.534,Hard,1,1,335.6,0
R00139,2017,bahrain,56,Lewis Hamilton,78.302,21.907,29.814,26.581,Hard,6,1,332.3,0
R00127,2017,bahrain,1,Lewis Hamilton,83.585,23.414,31.805,28.366,Medium,1,0,321.3,0
R00127,2017,bahrain,6,Lewis Hamilton,84.147,23.618,31.89,28.639,Medium,6,1,319.1,0
R00127,2017,bahrain,11,Lewis Hamilton,84.711,23.815,32.13,28.766,Medium,11,1,322.9,0
R00127,2017,bahrain,16,Lewis Hamilton,85.696,23.895,32.557,29.244,Medium,16,1,319.7,0
R00127,2017,bahrain,21,Lewis Hamilton,86.104,24.134,32.725,29.245,Medium,21,1,340.0,0
R00127,2017,bahrain,26,Lewis Hamilton,83.558,23.381,31.727,28.45,Hard,1,1,321.5,0
R00127,2017,bahrain,31,Lewis Hamilton,84.057,23.464,31.897,28.696,Hard,6,1,317.5,0
R00127,2017,bahrain,36,Lewis Hamilton,84.79,23.645,32.234,28.911,Hard,11,1,336.5,0
R00127,2017,bahrain,41,Lewis Hamilton,85.477,23.793,32.493,29.191,Hard,16,1,345.3,0
R00127,2017,bahrain,46,Lewis Hamilton,86.034,24.199,32.689,29.146,Hard,21,1,301.7,0
R00127,2017,bahrain,51,Lewis Hamilton,83.354,23.335,31.741,28.278,Hard,1,1,361.9,0
R00127,2017,bahrain,56,Lewis Hamilton,83.858,23.436,31.756,28.666,Hard,6,1,332.1,0
R00070,2013,bahrain,1,Max Verstappen,75.422,21.118,28.61,25.694,Soft,1,0,348.3,0
R00070,2013,bahrain,6,Max Verstappen,75.973,21.191,28.885,25.897,Soft,6,1,328.2,0
R00070,2013,bahrain,11,Max Verstappen,76.682,21.531,29.107,26.044,Soft,11,1,326.6,0
R00070,2013,bahrain,16,Max Verstappen,77.28,21.687,29.265,26.328,Soft,16,1,330.0,0
R00070,2013,bahrain,21,Max Verstappen,77.888,21.843,29.512,26.533,Soft,21,1,345.3,0
R00070,2013,bahrain,26,Max Verstappen,75.73,21.219,28.754,25.757,Soft,1,1,328.2,0
R00070,2013,bahrain,31,Max Verstappen,75.967,21.217,28.86,25.89,Soft,6,1,318.7,0
R00070,2013,bahrain,36,Max Verstappen,76.688,21.409,29.123,26.156,Soft,11,1,333.7,0
R00070,2013,bahrain,41,Max Verstappen,76.892,21.456,29.235,26.201,Soft,16,1,322.5,0
R00070,2013,bahrain,46,Max Verstappen,77.95,21.812,29.66,26.478,Soft,21,1,320.1,0
R00070,2013,bahrain,51,Max Verstappen,75.473,21.107,28.714,25.652,Soft,1,1,337.4,0
R00070,2013,bahrain,56,Max Verstappen,76.092,21.305,28.9,25.887,Soft,6,1,339.1,0
R00023,2011,spain,1,Lando Norris,76.373,21.382,28.969,26.022,Soft,1,0,334.0,0
R00023,2011,spain,6,Lando Norris,77.035,21.503,29.32,26.212,Soft,6,1,335.8,0
R00023,2011,spain,11,Lando Norris,77.911,21.808,29.606,26.497,Soft,11,1,319.5,0
R00023,2011,spain,16,Lando Norris,78.383,21.961,29.859,26.563,Soft,16,1,322.7,0
R00023,2011,spain,21,Lando Norris,78.921,22.058,29.952,26.911,Soft,21,1,331.8,0
R00023,2011,spain,26,Lando Norris,76.749,21.439,29.21,26.1,Soft,1,1,324.3,0
R00023,2011,spain,31,Lando Norris,77.322,21.642,29.493,26.187,Hard,6,1,322.2,0
R00023,2011,spain,36,Lando Norris,77.922,21.755,29.64,26.527,Hard,11,1,327.7,0
R00023,2011,spain,41,Lando Norris,78.575,22.059,29.832,26.684,Hard,16,1,332.8,0
R00023,2011,spain,46,Lando Norris,79.063,22.112,29.923,27.028,Hard,21,1,326.7,0
R00023,2011,spain,51,Lando Norris,76.933,21.519,29.2,26.214,Hard,1,1,326.8,0
R00023,2011,spain,56,Lando Norris,77.349,21.646,29.405,26.298,Hard,6,1,332.5,0
R00023,2011,spain,61,Lando Norris,77.708,21.7,29.484,26.524,Hard,11,1,328.2,0
R00023,2011,spain,66,Lando Norris,78.392,22.021,29.834,26.537,Hard,16,1,303.5,0
R00177,2019,spa,1,Max Verstappen,84.911,23.773,32.243,28.895,Medium,1,0,320.2,0
R00177,2019,spa,6,Max Verstappen,85.067,23.864,32.428,28.775,Medium,6,1,333.5,0
R00177,2019,spa,11,Max Verstappen,85.971,24.156,32.563,29.252,Medium,11,1,321.8,0
R00177,2019,spa,16,Max Verstappen,86.756,24.373,32.932,29.451,Medium,16,1,333.4,0
R00177,2019,spa,21,Max Verstappen,87.079,24.431,33.103,29.545,Hard,21,1,318.2,0
R00177,2019,spa,26,Max Verstappen,84.571,23.688,32.106,28.777,Hard,1,1,322.2,0
R00177,2019,spa,31,Max Verstappen,84.793,23.74,32.266,28.787,Hard,6,1,322.6,0
R00177,2019,spa,36,Max Verstappen,86.098,24.096,32.775,29.227,Hard,11,1,331.5,0
R00177,2019,spa,41,Max Verstappen,86.349,24.142,32.817,29.39,Hard,16,1,356.7,0
R00249,2022,mexico,1,Max Verstappen,71.53,20.02,27.16,24.35,Hard,1,0,323.6,0
R00249,2022,mexico,6,Max Verstappen,72.268,20.204,27.498,24.566,Hard,6,1,317.1,0
R00249,2022,mexico,11,Max Verstappen,72.66,20.354,27.565,24.741,Hard,11,1,330.2,0
R00249,2022,mexico,16,Max Verstappen,73.199,20.548,27.88,24.771,Hard,16,1,327.0,0
R00249,2022,mexico,21,Max Verstappen,74.056,20.802,28.142,25.112,Hard,21,1,316.9,0
R00249,2022,mexico,26,Max Verstappen,71.684,20.074,27.236,24.374,Hard,1,1,335.9,0
R00249,2022,mexico,31,Max Verstappen,72.424,20.351,27.552,24.521,Soft,6,1,349.1,0
R00249,2022,mexico,36,Max Verstappen,72.626,20.359,27.629,24.638,Soft,11,1,339.8,0
R00249,2022,mexico,41,Max Verstappen,73.189,20.529,27.84,24.82,Soft,16,1,325.4,0
R00249,2022,mexico,46,Max Verstappen,73.894,20.623,28.086,25.185,Soft,21,1,335.3,1
R00249,2022,mexico,51,Max Verstappen,71.651,20.103,27.284,24.264,Soft,1,1,314.0,0
R00249,2022,mexico,56,Max Verstappen,72.369,20.321,27.567,24.481,Soft,6,1,318.2,0
R00249,2022,mexico,61,Max Verstappen,72.715,20.351,27.738,24.626,Soft,11,1,322.2,0
R00249,2022,mexico,66,Max Verstappen,73.105,20.521,27.703,24.881,Soft,16,1,337.9,0
R00249,2022,mexico,71,Max Verstappen,73.885,20.734,28.129,25.022,Soft,21,1,329.4,0
R00206,2020,mexico,1,Lewis Hamilton,74.894,20.88,28.442,25.572,Medium,1,0,345.7,0
R00206,2020,mexico,6,Lewis Hamilton,75.884,21.158,28.777,25.949,Medium,6,1,343.3,0
R00206,2020,mexico,11,Lewis Hamilton,76.342,21.349,28.999,25.994,Medium,11,1,330.0,0
R00206,2020,mexico,16,Lewis Hamilton,76.977,21.54,29.269,26.168,Medium,16,1,329.3,0
R00206,2020,mexico,21,Lewis Hamilton,77.425,21.723,29.416,26.286,Medium,21,1,314.3,0
R00206,2020,mexico,26,Lewis Hamilton,74.956,20.944,28.51,25.502,Medium,1,1,310.2,0
R00206,2020,mexico,31,Lewis Hamilton,75.561,21.206,28.766,25.589,Soft,6,1,337.6,0
R00206,2020,mexico,36,Lewis Hamilton,76.245,21.446,28.972,25.827,Soft,11,1,323.8,0
R00206,2020,mexico,41,Lewis Hamilton,76.855,21.411,29.274,26.17,Soft,16,1,338.7,0
R00206,2020,mexico,46,Lewis Hamilton,77.172,21.723,29.291,26.158,Soft,21,1,303.2,1
R00206,2020,mexico,51,Lewis Hamilton,75.255,21.038,28.619,25.598,Soft,1,1,318.3,0
R00206,2020,mexico,56,Lewis Hamilton,75.729,21.23,28.83,25.669,Soft,6,1,299.1,0
R00206,2020,mexico,61,Lewis Hamilton,76.244,21.354,28.997,25.893,Soft,11,1,324.0,0
R00206,2020,mexico,66,Lewis Hamilton,76.89,21.558,29.243,26.089,Soft,16,1,326.3,0
R00206,2020,mexico,71,Lewis Hamilton,77.356,21.733,29.413,26.21,Soft,21,1,333.7,0
R00308,2025,spain,1,Lando Norris,75.334,21.045,28.629,25.66,Medium,1,0,327.0,0
R00308,2025,spain,6,Lando Norris,75.902,21.237,28.807,25.858,Medium,6,1,339.0,0
R00308,2025,spain,11,Lando Norris,76.393,21.314,29.095,25.984,Medium,11,1,315.7,0
R00308,2025,spain,16,Lando Norris,77.065,21.633,29.309,26.123,Medium,16,1,315.9,0
R00308,2025,spain,21,Lando Norris,77.775,21.866,29.598,26.311,Medium,21,1,316.4,0
R00308,2025,spain,26,Lando Norris,75.2,21.08,28.606,25.514,Medium,1,1,332.7,0
R00308,2025,spain,31,Lando Norris,76.161,21.332,28.936,25.893,Hard,6,1,322.0,0
R00308,2025,spain,36,Lando Norris,76.658,21.511,29.039,26.108,Hard,11,1,313.4,0
R00308,2025,spain,41,Lando Norris,77.265,21.596,29.362,26.307,Hard,16,1,319.7,0
R00308,2025,spain,46,Lando Norris,77.646,21.712,29.464,26.47,Hard,21,1,342.7,0
R00308,2025,spain,51,Lando Norris,75.41,21.077,28.696,25.637,Hard,1,1,329.3,0
R00308,2025,spain,56,Lando Norris,76.208,21.359,28.964,25.885,Hard,6,1,320.0,0
R00308,2025,spain,61,Lando Norris,76.625,21.43,29.091,26.104,Hard,11,1,340.7,0
R00308,2025,spain,66,Lando Norris,77.057,21.558,29.267,26.232,Hard,16,1,321.2,0
R00257,2023,miami,1,Max Verstappen,66.745,18.662,25.374,22.709,Medium,1,0,322.1,0
R00257,2023,miami,6,Max Verstappen,67.125,18.813,25.4,22.912,Medium,6,1,337.7,0
R00257,2023,miami,11,Max Verstappen,67.592,18.904,25.656,23.032,Medium,11,1,328.7,0
R00257,2023,miami,16,Max Verstappen,68.14,19.123,25.928,23.089,Medium,16,1,301.6,0
R00257,2023,miami,21,Max Verstappen,68.718,19.164,26.15,23.404,Medium,21,1,330.6,0
R00257,2023,miami,26,Max Verstappen,66.664,18.56,25.268,22.836,Medium,1,1,313.7,0
R00257,2023,miami,31,Max Verstappen,67.186,18.822,25.521,22.843,Medium,6,1,324.5,0
R00257,2023,miami,36,Max Verstappen,67.808,18.943,25.828,23.037,Medium,11,1,320.6,0
R00257,2023,miami,41,Max Verstappen,68.118,19.09,25.834,23.194,Medium,16,1,333.7,0
R00257,2023,miami,46,Max Verstappen,68.575,19.249,26.103,23.223,Medium,21,1,341.2,0
R00257,2023,miami,51,Max Verstappen,66.587,18.712,25.286,22.589,Medium,1,1,341.4,0
R00257,2023,miami,56,Max Verstappen,67.045,18.736,25.495,22.814,Medium,6,1,333.3,0
R00316,2025,singapore,1,Max Verstappen,73.333,20.579,27.982,24.772,Soft,1,0,314.0,0
R00316,2025,singapore,6,Max Verstappen,73.727,20.669,28.017,25.041,Soft,6,1,310.4,0
R00316,2025,singapore,11,Max Verstappen,74.328,20.83,28.257,25.241,Soft,11,1,345.6,0
R00316,2025,singapore,16,Max Verstappen,74.712,20.98,28.316,25.416,Soft,16,1,330.9,0
R00316,2025,singapore,21,Max Verstappen,75.54,21.108,28.713,25.719,Soft,21,1,338.9,1
R00316,2025,singapore,26,Max Verstappen,73.573,20.648,27.932,24.993,Hard,1,1,324.9,0
R00316,2025,singapore,31,Max Verstappen,73.598,20.677,27.939,24.982,Hard,6,1,317.3,0
R00316,2025,singapore,36,Max Verstappen,74.428,20.864,28.218,25.346,Hard,11,1,322.1,0
R00316,2025,singapore,41,Max Verstappen,74.774,20.997,28.366,25.411,Hard,16,1,326.6,0
R00316,2025,singapore,46,Max Verstappen,75.774,21.16,28.902,25.712,Hard,21,1,319.5,0
R00316,2025,singapore,51,Max Verstappen,72.857,20.37,27.606,24.881,Hard,1,1,342.0,0
R00316,2025,singapore,56,Max Verstappen,73.607,20.557,27.959,25.091,Hard,6,1,337.2,0
R00316,2025,singapore,61,Max Verstappen,74.221,20.803,28.304,25.114,Hard,11,1,355.0,0
R00245,2022,singapore,1,Max Verstappen,82.683,23.055,31.375,28.253,Soft,1,0,314.2,0
R00245,2022,singapore,6,Max Verstappen,83.358,23.473,31.6,28.285,Soft,6,1,343.4,0
R00245,2022,singapore,11,Max Verstappen,83.825,23.474,31.758,28.593,Soft,11,1,323.1,0
R00245,2022,singapore,16,Max Verstappen,84.509,23.588,32.145,28.776,Soft,16,1,322.1,0
R00245,2022,singapore,21,Max Verstappen,84.813,23.746,32.227,28.84,Soft,21,1,329.8,1
R00245,2022,singapore,26,Max Verstappen,82.768,23.1,31.431,28.237,Hard,1,1,316.1,0
R00245,2022,singapore,31,Max Verstappen,83.074,23.238,31.495,28.341,Hard,6,1,310.9,0
R00245,2022,singapore,36,Max Verstappen,83.582,23.415,31.76,28.407,Hard,11,1,333.8,0
R00245,2022,singapore,41,Max Verstappen,84.521,23.757,32.14,28.624,Hard,16,1,344.0,0
R00245,2022,singapore,46,Max Verstappen,85.253,23.822,32.363,29.068,Hard,21,1,324.3,0
R00245,2022,singapore,51,Max Verstappen,82.482,23.115,31.336,28.031,Hard,1,1,334.8,0
R00245,2022,singapore,56,Max Verstappen,82.809,23.268,31.444,28.097,Hard,6,1,314.9,0
R00245,2022,singapore,61,Max Verstappen,83.92,23.553,31.953,28.414,Hard,11,1,330.5,0
R00107,2015,brazil,1,Lewis Hamilton,78.078,21.854,29.689,26.535,Soft,1,0,329.0,0
R00107,2015,brazil,6,Lewis Hamilton,79.039,22.119,30.109,26.811,Soft,6,1,325.2,0
R00107,2015,brazil,11,Lewis Hamilton,79.318,22.231,30.16,26.927,Soft,11,1,333.7,0
R00107,2015,brazil,16,Lewis Hamilton,79.909,22.369,30.331,27.209,Soft,16,1,325.5,0
R00107,2015,brazil,21,Lewis Hamilton,80.737,22.636,30.716,27.385,Soft,21,1,329.1,0
R00107,2015,brazil,26,Lewis Hamilton,78.207,21.877,29.739,26.591,Soft,1,1,331.1,0
R00107,2015,brazil,31,Lewis Hamilton,79.033,22.219,30.046,26.768,Soft,6,1,329.7,0
R00107,2015,brazil,36,Lewis Hamilton,79.293,22.299,30.181,26.813,Soft,11,1,342.8,0
R00107,2015,brazil,41,Lewis Hamilton,79.808,22.279,30.296,27.233,Soft,16,1,313.8,0
R00107,2015,brazil,46,Lewis Hamilton,80.655,22.549,30.587,27.519,Soft,21,1,321.3,1
R00107,2015,brazil,51,Lewis Hamilton,78.225,21.926,29.657,26.642,Soft,1,1,341.8,0
R00107,2015,brazil,56,Lewis Hamilton,78.846,22.09,29.975,26.781,Soft,6,1,312.1,0
R00107,2015,brazil,61,Lewis Hamilton,79.471,22.235,30.159,27.077,Soft,11,1,316.7,0
R00107,2015,brazil,66,Lewis Hamilton,80.175,22.475,30.528,27.172,Soft,16,1,328.5,0
R00107,2015,brazil,71,Lewis Hamilton,80.59,22.569,30.675,27.346,Soft,21,1,338.3,0
R00187,2019,abu_dhabi,1,Lewis Hamilton,81.932,22.9,31.182,27.85,Soft,1,0,337.0,0
R00187,2019,abu_dhabi,6,Lewis Hamilton,82.364,23.041,31.293,28.03,Soft,6,1,317.5,0
R00187,2019,abu_dhabi,11,Lewis Hamilton,82.827,23.145,31.505,28.177,Soft,11,1,329.9,0
R00187,2019,abu_dhabi,16,Lewis Hamilton,83.909,23.536,31.836,28.537,Soft,16,1,330.2,0
R00187,2019,abu_dhabi,21,Lewis Hamilton,83.882,23.509,31.866,28.507,Soft,21,1,332.4,0
R00187,2019,abu_dhabi,26,Lewis Hamilton,81.844,23.02,31.055,27.769,Hard,1,1,316.5,0
R00187,2019,abu_dhabi,31,Lewis Hamilton,82.441,23.077,31.375,27.989,Hard,6,1,333.7,0
R00187,2019,abu_dhabi,36,Lewis Hamilton,82.917,23.164,31.484,28.269,Hard,11,1,334.1,0
R00187,2019,abu_dhabi,41,Lewis Hamilton,83.431,23.414,31.644,28.373,Hard,16,1,329.1,0
R00187,2019,abu_dhabi,46,Lewis Hamilton,84.137,23.548,32.011,28.578,Hard,21,1,326.9,0
R00187,2019,abu_dhabi,51,Lewis Hamilton,82.189,23.016,31.173,28.0,Hard,1,1,345.3,0
R00187,2019,abu_dhabi,56,Lewis Hamilton,82.461,23.083,31.314,28.064,Hard,6,1,307.0,0
R00122,2016,singapore,1,Lewis Hamilton,87.441,24.498,33.286,29.657,Hard,1,0,330.9,0
R00122,2016,singapore,6,Lewis Hamilton,88.17,24.696,33.527,29.947,Hard,6,1,347.4,0
R00122,2016,singapore,11,Lewis Hamilton,88.745,24.931,33.724,30.09,Hard,11,1,320.4,0
R00122,2016,singapore,16,Lewis Hamilton,89.208,24.892,33.925,30.391,Hard,16,1,335.0,0
R00122,2016,singapore,21,Lewis Hamilton,90.014,25.132,34.258,30.624,Hard,21,1,327.6,1
R00122,2016,singapore,26,Lewis Hamilton,87.796,24.609,33.328,29.859,Soft,1,1,333.7,0
R00122,2016,singapore,31,Lewis Hamilton,88.236,24.723,33.556,29.957,Soft,6,1,352.9,0
R00122,2016,singapore,36,Lewis Hamilton,88.639,24.767,33.719,30.153,Soft,11,1,333.4,0
R00122,2016,singapore,41,Lewis Hamilton,89.578,25.12,34.102,30.356,Soft,16,1,358.1,0
R00122,2016,singapore,46,Lewis Hamilton,90.086,25.2,34.23,30.656,Soft,21,1,313.3,0
R00122,2016,singapore,51,Lewis Hamilton,87.811,24.648,33.371,29.792,Soft,1,1,295.2,0
R00122,2016,singapore,56,Lewis Hamilton,88.453,24.75,33.617,30.086,Soft,6,1,327.3,0
R00122,2016,singapore,61,Lewis Hamilton,88.922,24.783,33.762,30.377,Soft,11,1,313.2,0
R00285,2024,austria,1,Yuki Tsunoda,84.589,23.759,32.192,28.638,Intermediate,1,0,316.8,0
R00285,2024,austria,6,Yuki Tsunoda,85.136,23.905,32.329,28.902,Intermediate,6,0,345.5,0
R00285,2024,austria,11,Yuki Tsunoda,85.833,23.938,32.629,29.266,Intermediate,11,0,338.5,0
R00285,2024,austria,16,Yuki Tsunoda,86.672,24.248,32.948,29.476,Intermediate,16,0,322.9,0
R00285,2024,austria,21,Yuki Tsunoda,87.253,24.477,33.073,29.703,Intermediate,21,0,326.1,0
R00285,2024,austria,26,Yuki Tsunoda,84.52,23.738,32.071,28.711,Intermediate,1,0,318.8,0
R00285,2024,austria,31,Yuki Tsunoda,85.082,23.83,32.394,28.858,Soft,6,0,324.7,0
R00285,2024,austria,36,Yuki Tsunoda,85.65,23.975,32.51,29.165,Soft,11,0,338.5,0
R00285,2024,austria,41,Yuki Tsunoda,86.321,24.097,32.784,29.44,Soft,16,0,331.3,0
R00285,2024,austria,46,Yuki Tsunoda,87.278,24.379,33.162,29.737,Soft,21,0,326.0,1
R00285,2024,austria,51,Yuki Tsunoda,84.606,23.65,32.173,28.783,Soft,1,0,339.9,0
R00285,2024,austria,56,Yuki Tsunoda,85.096,23.764,32.39,28.942,Soft,6,0,351.3,0
R00285,2024,austria,61,Yuki Tsunoda,85.9,24.05,32.69,29.16,Soft,11,0,354.0,0
R00285,2024,austria,66,Yuki Tsunoda,86.096,24.088,32.712,29.296,Soft,16,0,314.4,0
R00285,2024,austria,71,Yuki Tsunoda,86.918,24.388,32.966,29.564,Soft,21,0,342.0,0
R00260,2023,canada,1,Charles Leclerc,89.562,25.016,34.029,30.517,Hard,1,0,330.3,0
R00260,2023,canada,6,Charles Leclerc,89.971,25.186,34.133,30.652,Hard,6,1,333.1,0
R00260,2023,canada,11,Charles Leclerc,90.7,25.359,34.57,30.771,Hard,11,1,317.0,0
R00260,2023,canada,16,Charles Leclerc,91.408,25.698,34.747,30.963,Hard,16,1,326.4,0
R00260,2023,canada,21,Charles Leclerc,92.45,25.886,35.169,31.395,Hard,21,1,313.5,0
R00260,2023,canada,26,Charles Leclerc,89.414,25.04,33.999,30.375,Hard,1,1,342.2,0
R00260,2023,canada,31,Charles Leclerc,89.97,25.191,34.125,30.654,Medium,6,1,319.3,0
R00260,2023,canada,36,Charles Leclerc,90.828,25.356,34.52,30.952,Medium,11,1,329.6,0
R00260,2023,canada,41,Charles Leclerc,91.316,25.564,34.755,30.997,Medium,16,1,353.8,0
R00260,2023,canada,46,Charles Leclerc,92.098,25.841,34.935,31.322,Medium,21,1,325.0,0
R00260,2023,canada,51,Charles Leclerc,89.564,25.14,33.885,30.539,Medium,1,1,335.1,0
R00260,2023,canada,56,Charles Leclerc,89.78,25.106,34.072,30.602,Medium,6,1,322.3,0
R00260,2023,canada,61,Charles Leclerc,90.86,25.39,34.488,30.982,Medium,11,1,330.6,0
R00260,2023,canada,66,Charles Leclerc,91.719,25.716,34.771,31.232,Medium,16,1,319.8,0
R00051,2012,bahrain,1,Max Verstappen,72.504,20.361,27.558,24.585,Medium,1,0,327.3,0
R00051,2012,bahrain,6,Max Verstappen,73.118,20.477,27.707,24.934,Medium,6,1,309.7,0
R00051,2012,bahrain,11,Max Verstappen,73.754,20.649,28.042,25.063,Medium,11,1,331.9,0
R00051,2012,bahrain,16,Max Verstappen,74.078,20.697,28.138,25.243,Medium,16,1,308.2,0
R00051,2012,bahrain,21,Max Verstappen,74.822,20.897,28.395,25.53,Medium,21,1,314.5,0
R00051,2012,bahrain,26,Max Verstappen,72.33,20.27,27.495,24.565,Medium,1,1,342.3,0
R00051,2012,bahrain,31,Max Verstappen,72.802,20.478,27.642,24.682,Medium,6,1,331.6,0
R00051,2012,bahrain,36,Max Verstappen,73.514,20.472,28.008,25.034,Medium,11,1,352.5,0
R00051,2012,bahrain,41,Max Verstappen,74.122,20.756,28.182,25.184,Medium,16,1,319.4,0
R00051,2012,bahrain,46,Max Verstappen,74.627,20.918,28.344,25.365,Medium,21,1,328.1,0
R00051,2012,bahrain,51,Max Verstappen,72.676,20.419,27.646,24.611,Medium,1,1,310.3,0
R00051,2012,bahrain,56,Max Verstappen,73.002,20.437,27.721,24.844,Medium,6,1,337.4,0
R00276,2024,jeddah,1,Max Verstappen,86.445,24.206,32.794,29.445,Soft,1,0,326.1,0
R00276,2024,jeddah,6,Max Verstappen,87.039,24.387,32.983,29.669,Soft,6,1,331.6,0
R00276,2024,jeddah,11,Max Verstappen,87.58,24.523,33.361,29.696,Soft,11,1,331.7,0
R00276,2024,jeddah,16,Max Verstappen,88.038,24.692,33.461,29.885,Soft,16,1,343.4,0
R00276,2024,jeddah,21,Max Verstappen,88.619,24.733,33.586,30.3,Soft,21,1,333.1,0
R00276,2024,jeddah,26,Max Verstappen,85.983,23.98,32.679,29.324,Soft,1,1,331.8,0
R00276,2024,jeddah,31,Max Verstappen,86.685,24.24,32.931,29.514,Soft,6,1,330.2,0
R00276,2024,jeddah,36,Max Verstappen,87.544,24.445,33.217,29.882,Soft,11,1,345.2,0
R00276,2024,jeddah,41,Max Verstappen,88.241,24.729,33.458,30.054,Soft,16,1,327.1,0
R00276,2024,jeddah,46,Max Verstappen,88.833,24.894,33.764,30.175,Soft,21,1,339.8,0
R00218,2021,bahrain,1,Max Verstappen,91.05,25.54,34.537,30.973,Medium,1,0,321.3,0
R00218,2021,bahrain,6,Max Verstappen,91.776,25.819,34.864,31.093,Medium,6,1,339.4,0
R00218,2021,bahrain,11,Max Verstappen,92.357,25.842,35.126,31.389,Medium,11,1,323.4,0
R00218,2021,bahrain,16,Max Verstappen,92.594,25.875,35.161,31.558,Medium,16,1,356.8,0
R00218,2021,bahrain,21,Max Verstappen,93.328,26.076,35.449,31.803,Medium,21,1,333.6,0
R00218,2021,bahrain,26,Max Verstappen,90.923,25.499,34.622,30.802,Soft,1,1,321.6,0
R00218,2021,bahrain,31,Max Verstappen,91.318,25.623,34.662,31.033,Soft,6,1,347.1,0
R00218,2021,bahrain,36,Max Verstappen,92.089,25.869,34.965,31.255,Soft,11,1,322.1,0
R00218,2021,bahrain,41,Max Verstappen,92.871,26.039,35.285,31.547,Soft,16,1,334.1,0
R00218,2021,bahrain,46,Max Verstappen,93.428,26.173,35.559,31.696,Soft,21,1,338.3,0
R00218,2021,bahrain,51,Max Verstappen,90.498,25.293,34.351,30.854,Soft,1,1,332.0,0
R00218,2021,bahrain,56,Max Verstappen,91.46,25.653,34.754,31.053,Soft,6,1,331.7,0
R00203,2020,suzuka,1,Lewis Hamilton,78.209,21.964,29.704,26.541,Soft,1,0,309.7,0
R00203,2020,suzuka,6,Lewis Hamilton,79.02,22.094,30.03,26.896,Soft,6,1,328.5,0
R00203,2020,suzuka,11,Lewis Hamilton,79.534,22.286,30.214,27.034,Soft,11,1,319.2,0
R00203,2020,suzuka,16,Lewis Hamilton,79.968,22.386,30.352,27.23,Soft,16,1,314.2,0
R00203,2020,suzuka,21,Lewis Hamilton,80.522,22.442,30.563,27.517,Soft,21,1,335.3,0
R00203,2020,suzuka,26,Lewis Hamilton,78.112,21.911,29.58,26.621,Medium,1,1,314.8,0
R00203,2020,suzuka,31,Lewis Hamilton,78.634,22.0,29.856,26.778,Medium,6,1,339.7,0
R00203,2020,suzuka,36,Lewis Hamilton,79.318,22.184,30.157,26.977,Medium,11,1,323.9,0
R00203,2020,suzuka,41,Lewis Hamilton,79.981,22.337,30.428,27.216,Medium,16,1,327.7,0
R00203,2020,suzuka,46,Lewis Hamilton,80.578,22.613,30.597,27.368,Medium,21,1,320.6,0
R00203,2020,suzuka,51,Lewis Hamilton,78.361,22.023,29.826,26.512,Medium,1,1,336.2,0
R00193,2020,monaco,1,Lewis Hamilton,84.185,23.507,31.973,28.705,Medium,1,0,329.0,0
R00193,2020,monaco,6,Lewis Hamilton,84.824,23.773,32.291,28.76,Medium,6,1,339.0,0
R00193,2020,monaco,11,Lewis Hamilton,85.4,23.88,32.485,29.035,Medium,11,1,324.6,0
R00193,2020,monaco,16,Lewis Hamilton,86.256,24.172,32.86,29.224,Medium,16,1,329.6,0
R00193,2020,monaco,21,Lewis Hamilton,86.728,24.226,32.995,29.507,Medium,21,1,341.3,0
R00193,2020,monaco,26,Lewis Hamilton,84.351,23.636,32.053,28.662,Medium,1,1,340.5,0
R00193,2020,monaco,31,Lewis Hamilton,84.773,23.738,32.193,28.842,Medium,6,1,339.3,0
R00193,2020,monaco,36,Lewis Hamilton,85.699,24.014,32.556,29.129,Medium,11,1,337.9,0
R00193,2020,monaco,41,Lewis Hamilton,86.446,24.128,32.793,29.525,Medium,16,1,324.3,0
R00193,2020,monaco,46,Lewis Hamilton,86.759,24.285,32.969,29.505,Medium,21,1,342.4,0
R00193,2020,monaco,51,Lewis Hamilton,84.157,23.57,31.956,28.631,Medium,1,1,320.0,0
R00193,2020,monaco,56,Lewis Hamilton,84.925,23.818,32.256,28.851,Medium,6,1,328.3,0
R00193,2020,monaco,61,Lewis Hamilton,85.474,23.93,32.502,29.042,Medium,11,1,349.6,0
R00193,2020,monaco,66,Lewis Hamilton,86.194,24.15,32.683,29.361,Medium,16,1,329.0,0
R00193,2020,monaco,71,Lewis Hamilton,86.856,24.288,33.074,29.494,Medium,21,1,327.8,0
R00193,2020,monaco,76,Lewis Hamilton,84.19,23.601,32.018,28.571,Medium,1,1,321.6,0
R00255,2023,albert_park,1,Max Verstappen,80.319,22.453,30.566,27.3,Hard,1,0,348.8,0
R00255,2023,albert_park,6,Max Verstappen,80.837,22.592,30.7,27.545,Hard,6,1,316.4,0
R00255,2023,albert_park,11,Max Verstappen,81.713,22.9,31.116,27.697,Hard,11,1,319.1,0
R00255,2023,albert_park,16,Max Verstappen,82.238,23.036,31.294,27.908,Hard,16,1,358.1,0
R00255,2023,albert_park,21,Max Verstappen,82.876,23.199,31.471,28.206,Hard,21,1,316.9,0
R00255,2023,albert_park,26,Max Verstappen,80.307,22.517,30.462,27.328,Medium,1,1,322.0,0
R00255,2023,albert_park,31,Max Verstappen,81.517,22.866,30.964,27.687,Medium,6,1,307.4,0
R00255,2023,albert_park,36,Max Verstappen,81.579,22.823,31.016,27.74,Medium,11,1,309.5,0
R00255,2023,albert_park,41,Max Verstappen,82.071,22.949,31.219,27.903,Medium,16,1,337.2,0
R00255,2023,albert_park,46,Max Verstappen,82.806,23.246,31.397,28.163,Medium,21,1,311.8,0
R00255,2023,albert_park,51,Max Verstappen,80.573,22.5,30.612,27.461,Medium,1,1,335.2,0
R00255,2023,albert_park,56,Max Verstappen,81.035,22.712,30.831,27.492,Medium,6,1,323.7,0
R00248,2022,cota,1,Max Verstappen,86.469,24.074,32.897,29.498,Hard,1,0,322.1,0
R00248,2022,cota,6,Max Verstappen,87.257,24.439,33.171,29.647,Hard,6,1,335.0,0
R00248,2022,cota,11,Max Verstappen,87.811,24.58,33.431,29.8,Hard,11,1,310.3,0
R00248,2022,cota,16,Max Verstappen,88.825,24.867,33.763,30.195,Hard,16,1,336.4,0
R00248,2022,cota,21,Max Verstappen,88.975,24.843,33.8,30.332,Hard,21,1,361.1,0
R00248,2022,cota,26,Max Verstappen,86.735,24.159,32.982,29.594,Soft,1,1,313.7,0
R00248,2022,cota,31,Max Verstappen,87.35,24.49,33.131,29.729,Soft,6,1,334.4,0
R00248,2022,cota,36,Max Verstappen,87.94,24.606,33.369,29.965,Soft,11,1,335.1,1
R00248,2022,cota,41,Max Verstappen,88.458,24.813,33.617,30.028,Soft,16,1,332.5,0
R00248,2022,cota,46,Max Verstappen,89.416,25.084,33.931,30.401,Soft,21,1,330.7,0
R00248,2022,cota,51,Max Verstappen,86.636,24.192,32.928,29.516,Soft,1,1,331.5,0
R00248,2022,cota,56,Max Verstappen,87.392,24.444,33.164,29.784,Soft,6,1,328.3,0
R00085,2014,bahrain,1,Lewis Hamilton,88.033,24.675,33.396,29.962,Soft,1,0,331.4,0
R00085,2014,bahrain,6,Lewis Hamilton,88.334,24.708,33.63,29.996,Soft,6,1,349.4,0
R00085,2014,bahrain,11,Lewis Hamilton,89.018,24.978,33.841,30.199,Soft,11,1,347.2,0
R00085,2014,bahrain,16,Lewis Hamilton,89.768,25.146,34.115,30.507,Soft,16,1,336.7,0
R00085,2014,bahrain,21,Lewis Hamilton,90.412,25.409,34.304,30.699,Soft,21,1,338.3,0
R00085,2014,bahrain,26,Lewis Hamilton,87.976,24.66,33.409,29.907,Medium,1,1,325.4,0
R00085,2014,bahrain,31,Lewis Hamilton,88.673,24.867,33.561,30.245,Medium,6,1,325.9,0
R00085,2014,bahrain,36,Lewis Hamilton,89.082,24.924,33.906,30.252,Medium,11,1,334.0,0
R00085,2014,bahrain,41,Lewis Hamilton,89.799,25.147,34.062,30.59,Medium,16,1,343.7,0
R00085,2014,bahrain,46,Lewis Hamilton,90.694,25.367,34.437,30.89,Medium,21,1,337.5,0
R00085,2014,bahrain,51,Lewis Hamilton,87.787,24.524,33.437,29.826,Medium,1,1,326.1,0
R00085,2014,bahrain,56,Lewis Hamilton,88.601,24.684,33.681,30.236,Medium,6,1,331.1,0
R00165,2018,abu_dhabi,1,Lewis Hamilton,72.642,20.445,27.614,24.583,Hard,1,0,327.1,0
R00165,2018,abu_dhabi,6,Lewis Hamilton,72.913,20.406,27.586,24.921,Hard,6,1,316.5,0
R00165,2018,abu_dhabi,11,Lewis Hamilton,73.702,20.636,27.976,25.09,Hard,11,1,323.4,0
R00165,2018,abu_dhabi,16,Lewis Hamilton,74.137,20.731,28.093,25.313,Hard,16,1,318.0,0
R00165,2018,abu_dhabi,21,Lewis Hamilton,75.084,21.04,28.537,25.507,Hard,21,1,335.1,0
R00165,2018,abu_dhabi,26,Lewis Hamilton,72.879,20.454,27.711,24.714,Soft,1,1,331.7,0
R00165,2018,abu_dhabi,31,Lewis Hamilton,72.937,20.456,27.735,24.746,Soft,6,1,318.6,0
R00165,2018,abu_dhabi,36,Lewis Hamilton,73.622,20.742,28.011,24.869,Soft,11,1,340.9,0
R00165,2018,abu_dhabi,41,Lewis Hamilton,74.141,20.695,28.101,25.345,Soft,16,1,324.0,0
R00165,2018,abu_dhabi,46,Lewis Hamilton,74.775,21.029,28.414,25.332,Soft,21,1,324.0,0
R00165,2018,abu_dhabi,51,Lewis Hamilton,72.561,20.369,27.562,24.63,Soft,1,1,330.4,0
R00165,2018,abu_dhabi,56,Lewis Hamilton,73.239,20.496,27.892,24.851,Soft,6,1,333.1,0
R00126,2016,abu_dhabi,1,Lewis Hamilton,86.296,24.223,32.871,29.202,Hard,1,0,332.9,0
R00126,2016,abu_dhabi,6,Lewis Hamilton,86.69,24.197,33.008,29.485,Hard,6,1,337.3,0
R00126,2016,abu_dhabi,11,Lewis Hamilton,87.395,24.464,33.212,29.719,Hard,11,1,319.0,0
R00126,2016,abu_dhabi,16,Lewis Hamilton,87.516,24.47,33.269,29.777,Hard,16,1,313.4,0
R00126,2016,abu_dhabi,21,Lewis Hamilton,88.538,24.835,33.595,30.108,Hard,21,1,344.7,0
R00126,2016,abu_dhabi,26,Lewis Hamilton,85.773,24.0,32.587,29.186,Medium,1,1,332.0,0
R00126,2016,abu_dhabi,31,Lewis Hamilton,86.354,24.128,32.832,29.394,Medium,6,1,324.9,0
R00126,2016,abu_dhabi,36,Lewis Hamilton,87.233,24.488,33.148,29.597,Medium,11,1,325.6,0
R00126,2016,abu_dhabi,41,Lewis Hamilton,87.938,24.732,33.454,29.752,Medium,16,1,342.6,0
R00126,2016,abu_dhabi,46,Lewis Hamilton,88.33,24.769,33.575,29.986,Medium,21,1,329.6,0
R00126,2016,abu_dhabi,51,Lewis Hamilton,86.11,24.112,32.74,29.258,Medium,1,1,308.3,0
R00126,2016,abu_dhabi,56,Lewis Hamilton,86.636,24.289,32.885,29.462,Medium,6,1,317.7,0
R00220,2021,bahrain,1,Lewis Hamilton,80.764,22.643,30.756,27.365,Soft,1,0,322.0,0
R00220,2021,bahrain,6,Lewis Hamilton,81.507,22.864,31.03,27.613,Soft,6,1,309.5,0
R00220,2021,bahrain,11,Lewis Hamilton,82.228,23.041,31.252,27.935,Soft,11,1,332.4,0
R00220,2021,bahrain,16,Lewis Hamilton,82.702,23.16,31.338,28.204,Soft,16,1,307.9,0
R00220,2021,bahrain,21,Lewis Hamilton,83.212,23.253,31.615,28.344,Soft,21,1,340.5,0
R00220,2021,bahrain,26,Lewis Hamilton,80.468,22.54,30.471,27.457,Soft,1,1,332.1,0
R00220,2021,bahrain,31,Lewis Hamilton,81.204,22.68,30.844,27.68,Soft,6,1,360.5,0
R00220,2021,bahrain,36,Lewis Hamilton,82.089,23.04,31.147,27.902,Soft,11,1,342.7,0
R00220,2021,bahrain,41,Lewis Hamilton,82.647,23.176,31.401,28.07,Soft,16,1,321.8,0
R00220,2021,bahrain,46,Lewis Hamilton,83.151,23.315,31.562,28.274,Soft,21,1,339.6,0
R00220,2021,bahrain,51,Lewis Hamilton,80.888,22.702,30.707,27.479,Soft,1,1,327.3,0
R00220,2021,bahrain,56,Lewis Hamilton,81.385,22.78,30.978,27.627,Soft,6,1,340.8,0
R00259,2023,spain,1,Max Verstappen,79.109,22.073,30.036,27.0,Soft,1,0,325.9,0
R00259,2023,spain,6,Max Verstappen,79.453,22.189,30.192,27.072,Soft,6,1,363.6,0
R00259,2023,spain,11,Max Verstappen,80.297,22.512,30.527,27.258,Soft,11,1,340.5,0
R00259,2023,spain,16,Max Verstappen,80.904,22.687,30.776,27.441,Soft,16,1,326.9,0
R00259,2023,spain,21,Max Verstappen,81.446,22.786,30.959,27.701,Soft,21,1,336.5,0
R00259,2023,spain,26,Max Verstappen,79.157,22.148,30.053,26.956,Soft,1,1,322.0,0
R00259,2023,spain,31,Max Verstappen,79.682,22.292,30.272,27.118,Medium,6,1,314.9,0
R00259,2023,spain,36,Max Verstappen,80.562,22.621,30.539,27.402,Medium,11,1,324.8,0
R00259,2023,spain,41,Max Verstappen,80.727,22.63,30.622,27.475,Medium,16,1,318.4,0
R00259,2023,spain,46,Max Verstappen,81.346,22.817,30.926,27.603,Medium,21,1,311.2,0
R00259,2023,spain,51,Max Verstappen,78.949,22.091,29.971,26.887,Medium,1,1,350.0,0
R00259,2023,spain,56,Max Verstappen,79.772,22.392,30.268,27.112,Medium,6,1,333.7,0
R00259,2023,spain,61,Max Verstappen,80.351,22.47,30.487,27.394,Medium,11,1,338.1,0
R00259,2023,spain,66,Max Verstappen,80.894,22.637,30.78,27.477,Medium,16,1,323.1,0
R00154,2018,bahrain,1,Charles Leclerc,80.135,22.416,30.547,27.172,Medium,1,0,326.2,0
R00154,2018,bahrain,6,Charles Leclerc,80.568,22.544,30.627,27.397,Medium,6,1,343.4,0
R00154,2018,bahrain,11,Charles Leclerc,80.921,22.684,30.786,27.451,Medium,11,1,322.7,0
R00154,2018,bahrain,16,Charles Leclerc,81.588,22.887,31.018,27.683,Medium,16,1,332.5,0
R00154,2018,bahrain,21,Charles Leclerc,82.338,23.084,31.31,27.944,Medium,21,1,332.8,0
R00154,2018,bahrain,26,Charles Leclerc,80.05,22.431,30.42,27.199,Hard,1,1,333.1,0
R00154,2018,bahrain,31,Charles Leclerc,80.61,22.499,30.549,27.562,Hard,6,1,352.5,0
R00154,2018,bahrain,36,Charles Leclerc,81.181,22.706,30.909,27.566,Hard,11,1,319.2,0
R00154,2018,bahrain,41,Charles Leclerc,81.813,22.895,31.013,27.905,Hard,16,1,337.8,0
R00154,2018,bahrain,46,Charles Leclerc,82.316,23.021,31.35,27.945,Hard,21,1,340.5,0
R00154,2018,bahrain,51,Charles Leclerc,80.054,22.383,30.38,27.291,Hard,1,1,336.2,0
R00154,2018,bahrain,56,Charles Leclerc,80.561,22.525,30.575,27.461,Hard,6,1,316.3,0
R00141,2017,bahrain,1,Max Verstappen,78.735,22.105,29.912,26.718,Soft,1,0,323.9,0
R00141,2017,bahrain,6,Max Verstappen,79.311,22.234,30.134,26.943,Soft,6,1,339.1,0
R00141,2017,bahrain,11,Max Verstappen,80.177,22.523,30.383,27.271,Soft,11,1,315.5,0
R00141,2017,bahrain,16,Max Verstappen,80.669,22.603,30.577,27.489,Soft,16,1,329.2,0
R00141,2017,bahrain,21,Max Verstappen,81.444,22.812,30.956,27.676,Soft,21,1,313.7,0
R00141,2017,bahrain,26,Max Verstappen,79.195,22.106,30.128,26.961,Medium,1,1,336.1,0
R00141,2017,bahrain,31,Max Verstappen,79.257,22.184,30.117,26.956,Medium,6,1,314.6,0
R00141,2017,bahrain,36,Max Verstappen,80.084,22.454,30.501,27.129,Medium,11,1,315.6,0
R00141,2017,bahrain,41,Max Verstappen,80.833,22.671,30.724,27.438,Medium,16,1,323.4,0
R00141,2017,bahrain,46,Max Verstappen,81.391,22.763,30.918,27.71,Medium,21,1,352.5,0
R00141,2017,bahrain,51,Max Verstappen,79.032,22.175,30.128,26.729,Medium,1,1,340.0,0
R00141,2017,bahrain,56,Max Verstappen,79.765,22.371,30.257,27.137,Medium,6,1,326.4,0
R00250,2022,brazil,1,Charles Leclerc,73.554,20.712,27.991,24.851,Intermediate,1,0,324.3,0
R00250,2022,brazil,6,Charles Leclerc,74.057,20.776,28.117,25.164,Intermediate,6,0,333.0,0
R00250,2022,brazil,11,Charles Leclerc,74.74,20.914,28.439,25.387,Intermediate,11,0,338.8,0
R00250,2022,brazil,16,Charles Leclerc,75.025,20.975,28.497,25.553,Intermediate,16,0,326.8,0
R00250,2022,brazil,21,Charles Leclerc,75.682,21.167,28.768,25.747,Intermediate,21,0,294.9,0
R00250,2022,brazil,26,Charles Leclerc,73.627,20.64,27.975,25.012,Intermediate,1,0,324.1,0
R00250,2022,brazil,31,Charles Leclerc,73.907,20.644,28.114,25.149,Soft,6,0,326.6,0
R00250,2022,brazil,36,Charles Leclerc,74.665,20.962,28.34,25.363,Soft,11,0,331.4,0
R00250,2022,brazil,41,Charles Leclerc,74.962,20.971,28.384,25.607,Soft,16,0,322.5,0
R00250,2022,brazil,46,Charles Leclerc,75.393,21.161,28.642,25.59,Soft,21,0,339.4,1
R00250,2022,brazil,51,Charles Leclerc,73.429,20.579,27.934,24.916,Soft,1,0,343.9,0
R00250,2022,brazil,56,Charles Leclerc,73.954,20.816,28.097,25.041,Soft,6,0,337.5,0
R00250,2022,brazil,61,Charles Leclerc,74.535,20.866,28.315,25.354,Soft,11,0,327.9,0
R00250,2022,brazil,66,Charles Leclerc,75.271,21.1,28.685,25.486,Soft,16,0,328.1,0
R00250,2022,brazil,71,Charles Leclerc,75.628,21.254,28.762,25.612,Soft,21,0,320.5,0
R00111,2016,bahrain,1,Lewis Hamilton,75.162,21.141,28.542,25.479,Soft,1,0,305.8,0
R00111,2016,bahrain,6,Lewis Hamilton,75.653,21.145,28.839,25.669,Soft,6,1,325.7,0
R00111,2016,bahrain,11,Lewis Hamilton,76.098,21.273,28.912,25.913,Soft,11,1,345.0,0
R00111,2016,bahrain,16,Lewis Hamilton,76.647,21.441,29.145,26.061,Soft,16,1,352.8,0
R00111,2016,bahrain,21,Lewis Hamilton,77.194,21.659,29.329,26.206,Soft,21,1,335.5,0
R00111,2016,bahrain,26,Lewis Hamilton,75.022,21.004,28.501,25.517,Medium,1,1,323.8,0
R00111,2016,bahrain,31,Lewis Hamilton,75.861,21.268,28.908,25.685,Medium,6,1,326.7,0
R00111,2016,bahrain,36,Lewis Hamilton,76.275,21.281,29.07,25.924,Medium,11,1,327.1,0
R00111,2016,bahrain,41,Lewis Hamilton,76.763,21.525,29.147,26.091,Medium,16,1,330.2,0
R00111,2016,bahrain,46,Lewis Hamilton,77.41,21.663,29.403,26.344,Medium,21,1,340.6,0
R00111,2016,bahrain,51,Lewis Hamilton,75.29,21.099,28.633,25.558,Medium,1,1,324.4,0
R00111,2016,bahrain,56,Lewis Hamilton,75.809,21.172,28.879,25.758,Medium,6,1,318.1,0
R00030,2011,bahrain,1,Max Verstappen,73.743,20.611,28.036,25.096,Medium,1,0,310.5,0
R00030,2011,bahrain,6,Max Verstappen,74.385,20.955,28.264,25.166,Medium,6,1,324.2,0
R00030,2011,bahrain,11,Max Verstappen,74.807,20.956,28.512,25.339,Medium,11,1,326.2,0
R00030,2011,bahrain,16,Max Verstappen,75.316,21.139,28.754,25.423,Medium,16,1,336.1,0
R00030,2011,bahrain,21,Max Verstappen,76.037,21.24,28.891,25.906,Medium,21,1,334.0,0
R00030,2011,bahrain,26,Max Verstappen,73.879,20.743,28.054,25.082,Soft,1,1,322.7,0
R00030,2011,bahrain,31,Max Verstappen,74.2,20.883,28.081,25.236,Soft,6,1,351.5,0
R00030,2011,bahrain,36,Max Verstappen,74.908,20.949,28.434,25.525,Soft,11,1,339.2,0
R00030,2011,bahrain,41,Max Verstappen,75.549,21.115,28.668,25.766,Soft,16,1,328.5,0
R00030,2011,bahrain,46,Max Verstappen,76.2,21.394,28.988,25.818,Soft,21,1,353.7,0
R00030,2011,bahrain,51,Max Verstappen,73.848,20.677,28.011,25.16,Soft,1,1,327.1,0
R00030,2011,bahrain,56,Max Verstappen,74.559,20.908,28.339,25.312,Soft,6,1,334.9,0
R00224,2021,bahrain,1,Max Verstappen,84.012,23.518,31.904,28.59,Hard,1,0,325.1,0
R00224,2021,bahrain,6,Max Verstappen,84.79,23.832,32.142,28.816,Hard,6,1,321.1,0
R00224,2021,bahrain,11,Max Verstappen,85.274,23.974,32.468,28.832,Hard,11,1,330.5,0
R00224,2021,bahrain,16,Max Verstappen,85.92,24.129,32.611,29.18,Hard,16,1,325.0,0
R00224,2021,bahrain,21,Max Verstappen,86.726,24.17,33.026,29.53,Hard,21,1,343.1,0
R00224,2021,bahrain,26,Max Verstappen,83.931,23.489,31.873,28.569,Hard,1,1,311.3,0
R00224,2021,bahrain,31,Max Verstappen,84.904,23.83,32.256,28.818,Hard,6,1,318.0,0
R00224,2021,bahrain,36,Max Verstappen,85.309,23.922,32.412,28.975,Hard,11,1,335.4,0
R00224,2021,bahrain,41,Max Verstappen,85.853,24.062,32.605,29.186,Hard,16,1,322.3,0
R00224,2021,bahrain,46,Max Verstappen,86.435,24.264,32.805,29.366,Hard,21,1,350.4,0
R00224,2021,bahrain,51,Max Verstappen,83.836,23.509,31.819,28.508,Hard,1,1,326.7,0
R00224,2021,bahrain,56,Max Verstappen,84.814,23.685,32.197,28.932,Hard,6,1,337.1,0
R00069,2013,bahrain,1,Max Verstappen,81.05,22.687,30.725,27.638,Medium,1,0,318.2,0
R00069,2013,bahrain,6,Max Verstappen,81.617,22.807,30.986,27.824,Medium,6,1,340.3,0
R00069,2013,bahrain,11,Max Verstappen,81.975,22.963,31.177,27.835,Medium,11,1,316.2,0
R00069,2013,bahrain,16,Max Verstappen,82.707,23.074,31.437,28.196,Medium,16,1,336.1,0
R00069,2013,bahrain,21,Max Verstappen,83.501,23.429,31.742,28.33,Medium,21,1,324.6,0
R00069,2013,bahrain,26,Max Verstappen,81.343,22.711,30.936,27.696,Medium,1,1,343.2,0
R00069,2013,bahrain,31,Max Verstappen,81.675,22.897,31.016,27.762,Medium,6,1,338.5,0
R00069,2013,bahrain,36,Max Verstappen,82.324,23.109,31.299,27.916,Medium,11,1,353.3,0
R00069,2013,bahrain,41,Max Verstappen,82.703,23.155,31.392,28.156,Medium,16,1,325.0,0
R00069,2013,bahrain,46,Max Verstappen,83.496,23.377,31.669,28.45,Medium,21,1,316.1,0
R00069,2013,bahrain,51,Max Verstappen,80.894,22.652,30.739,27.503,Medium,1,1,322.3,0
R00069,2013,bahrain,56,Max Verstappen,81.526,22.84,31.118,27.568,Medium,6,1,327.7,0
R00236,2022,monaco,1,Charles Leclerc,83.305,23.368,31.623,28.314,Hard,1,0,320.6,0
R00236,2022,monaco,6,Charles Leclerc,83.947,23.474,31.911,28.562,Hard,6,1,319.1,0
R00236,2022,monaco,11,Charles Leclerc,84.655,23.696,32.166,28.793,Hard,11,1,321.5,0
R00236,2022,monaco,16,Charles Leclerc,84.999,23.832,32.404,28.763,Hard,16,1,316.9,0
R00236,2022,monaco,21,Charles Leclerc,85.997,24.091,32.651,29.255,Hard,21,1,347.8,0
R00236,2022,monaco,26,Charles Leclerc,83.304,23.306,31.647,28.351,Hard,1,1,332.8,0
R00236,2022,monaco,31,Charles Leclerc,84.0,23.506,31.837,28.657,Hard,6,1,302.7,0
R00236,2022,monaco,36,Charles Leclerc,84.683,23.74,32.216,28.727,Hard,11,1,332.6,0
R00236,2022,monaco,41,Charles Leclerc,85.503,24.001,32.498,29.004,Hard,16,1,333.2,0
R00236,2022,monaco,46,Charles Leclerc,85.565,24.044,32.529,28.992,Hard,21,1,333.4,0
R00236,2022,monaco,51,Charles Leclerc,83.449,23.253,31.683,28.513,Hard,1,1,343.5,0
R00236,2022,monaco,56,Charles Leclerc,83.976,23.515,31.913,28.548,Hard,6,1,313.3,0
R00236,2022,monaco,61,Charles Leclerc,84.863,23.768,32.251,28.844,Hard,11,1,323.1,0
R00236,2022,monaco,66,Charles Leclerc,85.171,23.786,32.366,29.019,Hard,16,1,330.4,0
R00236,2022,monaco,71,Charles Leclerc,86.076,24.139,32.674,29.263,Hard,21,1,326.6,0
R00236,2022,monaco,76,Charles Leclerc,82.991,23.211,31.551,28.229,Hard,1,1,333.0,0
R00312,2025,spa,1,Max Verstappen,85.32,23.879,32.39,29.051,Intermediate,1,0,331.6,0
R00312,2025,spa,6,Max Verstappen,85.98,24.169,32.684,29.127,Intermediate,6,0,331.4,0
R00312,2025,spa,11,Max Verstappen,86.768,24.339,32.971,29.458,Intermediate,11,0,333.1,0
R00312,2025,spa,16,Max Verstappen,87.477,24.457,33.228,29.792,Intermediate,16,0,346.8,0
R00312,2025,spa,21,Max Verstappen,88.43,24.777,33.556,30.097,Medium,21,0,342.7,0
R00312,2025,spa,26,Max Verstappen,85.457,23.934,32.455,29.068,Medium,1,0,320.8,0
R00312,2025,spa,31,Max Verstappen,86.277,24.142,32.795,29.34,Medium,6,0,337.3,0
R00312,2025,spa,36,Max Verstappen,86.778,24.276,33.012,29.49,Medium,11,0,337.2,0
R00312,2025,spa,41,Max Verstappen,87.36,24.533,33.222,29.605,Medium,16,0,348.6,0
R00036,2011,abu_dhabi,1,Max Verstappen,69.037,19.287,26.273,23.477,Hard,1,0,343.5,0
R00036,2011,abu_dhabi,6,Max Verstappen,69.318,19.471,26.29,23.557,Hard,6,1,324.9,0
R00036,2011,abu_dhabi,11,Max Verstappen,69.78,19.577,26.506,23.697,Hard,11,1,321.1,0
R00036,2011,abu_dhabi,16,Max Verstappen,70.238,19.77,26.661,23.807,Hard,16,1,336.2,0
R00036,2011,abu_dhabi,21,Max Verstappen,70.926,19.857,26.964,24.105,Hard,21,1,331.1,0
R00036,2011,abu_dhabi,26,Max Verstappen,68.847,19.174,26.215,23.458,Medium,1,1,331.1,0
R00036,2011,abu_dhabi,31,Max Verstappen,69.596,19.529,26.447,23.62,Medium,6,1,331.9,0
R00036,2011,abu_dhabi,36,Max Verstappen,69.95,19.594,26.551,23.805,Medium,11,1,317.1,0
R00036,2011,abu_dhabi,41,Max Verstappen,70.189,19.628,26.649,23.912,Medium,16,1,325.5,0
R00036,2011,abu_dhabi,46,Max Verstappen,71.031,19.85,26.944,24.237,Medium,21,1,342.7,0
R00036,2011,abu_dhabi,51,Max Verstappen,69.059,19.279,26.234,23.546,Medium,1,1,321.7,0
R00036,2011,abu_dhabi,56,Max Verstappen,69.265,19.444,26.343,23.478,Medium,6,1,304.1,0
R00100,2015,bahrain,1,Lewis Hamilton,81.388,22.857,30.871,27.66,Hard,1,0,344.7,0
R00100,2015,bahrain,6,Lewis Hamilton,82.04,22.882,31.23,27.928,Hard,6,1,329.6,0
R00100,2015,bahrain,11,Lewis Hamilton,82.756,23.135,31.5,28.121,Hard,11,1,329.4,0
R00100,2015,bahrain,16,Lewis Hamilton,83.247,23.253,31.584,28.41,Hard,16,1,335.8,0
R00100,2015,bahrain,21,Lewis Hamilton,84.017,23.535,31.901,28.581,Hard,21,1,316.3,0
R00100,2015,bahrain,26,Lewis Hamilton,81.402,22.789,30.857,27.756,Medium,1,1,310.9,0
R00100,2015,bahrain,31,Lewis Hamilton,81.994,22.847,31.185,27.962,Medium,6,1,342.8,0
R00100,2015,bahrain,36,Lewis Hamilton,83.028,23.176,31.569,28.283,Medium,11,1,328.9,0
R00100,2015,bahrain,41,Lewis Hamilton,83.119,23.307,31.578,28.234,Medium,16,1,321.5,0
R00100,2015,bahrain,46,Lewis Hamilton,83.65,23.378,31.867,28.405,Medium,21,1,339.1,0
R00100,2015,bahrain,51,Lewis Hamilton,81.35,22.78,30.991,27.579,Medium,1,1,324.6,0
R00100,2015,bahrain,56,Lewis Hamilton,82.259,23.059,31.208,27.992,Medium,6,1,322.5,0
R00244,2022,monza,1,Charles Leclerc,70.054,19.567,26.551,23.936,Soft,1,0,344.5,0
R00244,2022,monza,6,Charles Leclerc,70.884,19.8,26.902,24.182,Soft,6,1,319.3,0
R00244,2022,monza,11,Charles Leclerc,71.086,19.894,27.015,24.177,Soft,11,1,317.7,0
R00244,2022,monza,16,Charles Leclerc,71.785,20.09,27.276,24.419,Soft,16,1,337.0,0
R00244,2022,monza,21,Charles Leclerc,72.336,20.217,27.492,24.627,Soft,21,1,341.5,0
R00244,2022,monza,26,Charles Leclerc,70.742,19.887,26.818,24.037,Hard,1,1,331.1,0
R00244,2022,monza,31,Charles Leclerc,71.14,19.916,26.911,24.313,Hard,6,1,318.9,0
R00244,2022,monza,36,Charles Leclerc,71.483,20.041,27.213,24.229,Hard,11,1,319.9,0
R00244,2022,monza,41,Charles Leclerc,72.031,20.161,27.33,24.54,Hard,16,1,333.6,0
R00244,2022,monza,46,Charles Leclerc,72.571,20.306,27.617,24.648,Hard,21,1,313.7,0
R00244,2022,monza,51,Charles Leclerc,70.53,19.698,26.832,24.0,Hard,1,1,322.0,0
R00261,2023,austria,1,Charles Leclerc,73.025,20.368,27.726,24.931,Medium,1,0,351.8,0
R00261,2023,austria,6,Charles Leclerc,73.586,20.561,27.975,25.05,Medium,6,1,338.2,0
R00261,2023,austria,11,Charles Leclerc,74.132,20.812,28.173,25.147,Medium,11,1,317.2,0
R00261,2023,austria,16,Charles Leclerc,74.536,20.881,28.364,25.291,Medium,16,1,328.1,0
R00261,2023,austria,21,Charles Leclerc,74.899,20.927,28.525,25.447,Medium,21,1,363.7,0
R00261,2023,austria,26,Charles Leclerc,72.676,20.38,27.62,24.676,Medium,1,1,325.6,0
R00261,2023,austria,31,Charles Leclerc,73.456,20.614,27.976,24.866,Hard,6,1,348.7,0
R00261,2023,austria,36,Charles Leclerc,73.681,20.657,27.918,25.106,Hard,11,1,334.8,0
R00261,2023,austria,41,Charles Leclerc,74.508,20.835,28.253,25.42,Hard,16,1,338.8,0
R00261,2023,austria,46,Charles Leclerc,74.797,20.846,28.369,25.582,Hard,21,1,340.4,1
R00261,2023,austria,51,Charles Leclerc,72.693,20.323,27.605,24.765,Hard,1,1,342.6,0
R00261,2023,austria,56,Charles Leclerc,73.432,20.562,27.888,24.982,Hard,6,1,337.5,0
R00261,2023,austria,61,Charles Leclerc,73.998,20.654,28.128,25.216,Hard,11,1,313.1,0
R00261,2023,austria,66,Charles Leclerc,74.542,20.921,28.227,25.394,Hard,16,1,341.2,0
R00261,2023,austria,71,Charles Leclerc,74.845,20.929,28.464,25.452,Hard,21,1,332.8,0
R00168,2019,albert_park,1,Lando Norris,90.398,25.361,34.327,30.71,Intermediate,1,0,313.9,0
R00168,2019,albert_park,6,Lando Norris,90.794,25.487,34.47,30.837,Intermediate,6,0,334.4,0
R00168,2019,albert_park,11,Lando Norris,91.616,25.639,34.777,31.2,Intermediate,11,0,323.5,0
R00168,2019,albert_park,16,Lando Norris,91.986,25.726,34.9,31.36,Intermediate,16,0,323.5,0
R00168,2019,albert_park,21,Lando Norris,92.607,25.887,35.139,31.581,Intermediate,21,0,319.0,0
R00168,2019,albert_park,26,Lando Norris,89.762,25.146,34.106,30.51,Soft,1,0,329.9,0
R00168,2019,albert_park,31,Lando Norris,90.791,25.376,34.397,31.018,Soft,6,0,341.8,0
R00168,2019,albert_park,36,Lando Norris,91.873,25.871,34.807,31.195,Soft,11,0,343.5,0
R00168,2019,albert_park,41,Lando Norris,92.211,25.784,34.874,31.553,Soft,16,0,330.6,0
R00168,2019,albert_park,46,Lando Norris,92.922,25.988,35.284,31.65,Soft,21,0,347.1,0
R00168,2019,albert_park,51,Lando Norris,89.914,25.18,34.118,30.616,Soft,1,0,341.2,0
R00168,2019,albert_park,56,Lando Norris,90.784,25.437,34.571,30.776,Soft,6,0,327.2,0
R00153,2018,austria,1,Lewis Hamilton,78.722,21.988,29.982,26.752,Hard,1,0,322.6,0
R00153,2018,austria,6,Lewis Hamilton,78.9,22.042,29.989,26.869,Hard,6,1,315.5,0
R00153,2018,austria,11,Lewis Hamilton,79.848,22.443,30.285,27.12,Hard,11,1,334.8,0
R00153,2018,austria,16,Lewis Hamilton,80.37,22.451,30.553,27.366,Hard,16,1,326.6,0
R00153,2018,austria,21,Lewis Hamilton,80.537,22.604,30.657,27.276,Hard,21,1,342.7,0
R00153,2018,austria,26,Lewis Hamilton,78.333,21.924,29.856,26.553,Hard,1,1,313.4,0
R00153,2018,austria,31,Lewis Hamilton,79.033,22.236,30.014,26.783,Soft,6,1,334.3,0
R00153,2018,austria,36,Lewis Hamilton,79.81,22.361,30.261,27.188,Soft,11,1,313.1,0
R00153,2018,austria,41,Lewis Hamilton,80.133,22.489,30.477,27.167,Soft,16,1,343.8,0
R00153,2018,austria,46,Lewis Hamilton,80.953,22.609,30.749,27.595,Soft,21,1,319.3,1
R00153,2018,austria,51,Lewis Hamilton,78.771,22.034,29.87,26.867,Soft,1,1,321.3,0
R00153,2018,austria,56,Lewis Hamilton,79.111,22.07,29.996,27.045,Soft,6,1,328.9,0
R00153,2018,austria,61,Lewis Hamilton,79.86,22.346,30.392,27.122,Soft,11,1,322.4,0
R00153,2018,austria,66,Lewis Hamilton,80.311,22.561,30.588,27.162,Soft,16,1,335.2,0
R00153,2018,austria,71,Lewis Hamilton,81.001,22.701,30.718,27.582,Soft,21,1,327.5,0
R00063,2013,bahrain,1,Max Verstappen,87.943,24.576,33.323,30.044,Medium,1,0,325.1,0
R00063,2013,bahrain,6,Max Verstappen,89.018,25.006,33.757,30.255,Medium,6,1,325.7,0
R00063,2013,bahrain,11,Max Verstappen,89.253,24.948,33.922,30.383,Medium,11,1,329.5,0
R00063,2013,bahrain,16,Max Verstappen,90.02,25.291,34.239,30.49,Medium,16,1,311.5,0
R00063,2013,bahrain,21,Max Verstappen,90.891,25.42,34.606,30.865,Medium,21,1,337.3,0
R00063,2013,bahrain,26,Max Verstappen,87.731,24.622,33.348,29.761,Soft,1,1,337.2,0
R00063,2013,bahrain,31,Max Verstappen,88.416,24.658,33.661,30.097,Soft,6,1,333.3,0
R00063,2013,bahrain,36,Max Verstappen,89.343,24.995,33.972,30.376,Soft,11,1,343.7,0
R00063,2013,bahrain,41,Max Verstappen,89.889,25.203,34.217,30.469,Soft,16,1,327.4,0
R00063,2013,bahrain,46,Max Verstappen,90.271,25.25,34.329,30.692,Soft,21,1,354.1,0
R00063,2013,bahrain,51,Max Verstappen,88.054,24.554,33.49,30.01,Soft,1,1,328.4,0
R00063,2013,bahrain,56,Max Verstappen,88.799,24.8,33.761,30.238,Soft,6,1,350.9,0
R00271,2023,mexico,1,Max Verstappen,78.728,22.126,29.944,26.658,Soft,1,0,337.4,0
R00271,2023,mexico,6,Max Verstappen,79.285,22.28,30.115,26.89,Soft,6,1,308.7,0
R00271,2023,mexico,11,Max Verstappen,80.026,22.484,30.448,27.094,Soft,11,1,313.0,0
R00271,2023,mexico,16,Max Verstappen,80.653,22.599,30.575,27.479,Soft,16,1,334.2,0
R00271,2023,mexico,21,Max Verstappen,80.816,22.683,30.701,27.432,Soft,21,1,325.1,0
R00271,2023,mexico,26,Max Verstappen,78.732,22.025,29.918,26.789,Soft,1,1,327.3,0
R00271,2023,mexico,31,Max Verstappen,79.348,22.141,30.258,26.949,Soft,6,1,316.8,0
R00271,2023,mexico,36,Max Verstappen,79.714,22.362,30.28,27.072,Soft,11,1,329.1,0
R00271,2023,mexico,41,Max Verstappen,80.229,22.463,30.474,27.292,Soft,16,1,316.5,0
R00271,2023,mexico,46,Max Verstappen,81.12,22.645,30.835,27.64,Soft,21,1,327.0,1
R00271,2023,mexico,51,Max Verstappen,78.706,22.002,29.959,26.745,Soft,1,1,331.9,0
R00271,2023,mexico,56,Max Verstappen,79.272,22.218,30.049,27.005,Soft,6,1,352.2,0
R00271,2023,mexico,61,Max Verstappen,79.878,22.364,30.339,27.175,Soft,11,1,330.2,0
R00271,2023,mexico,66,Max Verstappen,80.574,22.644,30.657,27.273,Soft,16,1,331.4,0
R00271,2023,mexico,71,Max Verstappen,80.986,22.723,30.755,27.508,Soft,21,1,344.1,0
R00282,2024,monaco,1,Charles Leclerc,74.014,20.734,28.182,25.098,Soft,1,0,325.2,0
R00282,2024,monaco,6,Charles Leclerc,74.343,20.741,28.263,25.339,Soft,6,1,330.7,0
R00282,2024,monaco,11,Charles Leclerc,75.277,21.008,28.57,25.699,Soft,11,1,315.4,0
R00282,2024,monaco,16,Charles Leclerc,75.505,21.117,28.628,25.76,Soft,16,1,313.2,0
R00282,2024,monaco,21,Charles Leclerc,76.142,21.264,28.952,25.926,Soft,21,1,313.0,0
R00282,2024,monaco,26,Charles Leclerc,73.482,20.594,27.867,25.021,Soft,1,1,315.9,0
R00282,2024,monaco,31,Charles Leclerc,74.315,20.887,28.268,25.16,Soft,6,1,329.5,0
R00282,2024,monaco,36,Charles Leclerc,74.853,21.042,28.457,25.354,Hard,11,1,332.5,0
R00282,2024,monaco,41,Charles Leclerc,75.513,21.2,28.673,25.64,Hard,16,1,316.0,0
R00282,2024,monaco,46,Charles Leclerc,75.83,21.21,28.787,25.833,Hard,21,1,320.0,0
R00282,2024,monaco,51,Charles Leclerc,73.923,20.739,28.194,24.99,Hard,1,1,310.3,0
R00282,2024,monaco,56,Charles Leclerc,74.625,20.953,28.423,25.249,Hard,6,1,327.1,0
R00282,2024,monaco,61,Charles Leclerc,74.766,20.902,28.452,25.412,Hard,11,1,323.8,0
R00282,2024,monaco,66,Charles Leclerc,75.534,21.112,28.702,25.72,Hard,16,1,334.5,0
R00282,2024,monaco,71,Charles Leclerc,76.236,21.387,28.957,25.892,Hard,21,1,342.5,0
R00282,2024,monaco,76,Charles Leclerc,74.044,20.843,28.138,25.063,Hard,1,1,326.7,0
R00034,2011,bahrain,1,Max Verstappen,82.662,23.207,31.536,27.919,Medium,1,0,315.5,0
R00034,2011,bahrain,6,Max Verstappen,83.433,23.298,31.707,28.428,Medium,6,1,335.7,0
R00034,2011,bahrain,11,Max Verstappen,84.149,23.539,31.991,28.619,Medium,11,1,313.7,0
R00034,2011,bahrain,16,Max Verstappen,84.239,23.577,31.976,28.686,Medium,16,1,336.8,0
R00034,2011,bahrain,21,Max Verstappen,85.224,23.901,32.366,28.957,Medium,21,1,354.9,0
R00034,2011,bahrain,26,Max Verstappen,83.05,23.248,31.48,28.322,Medium,1,1,356.3,0
R00034,2011,bahrain,31,Max Verstappen,83.268,23.182,31.758,28.328,Medium,6,1,332.4,0
R00034,2011,bahrain,36,Max Verstappen,83.994,23.564,31.963,28.467,Medium,11,1,303.4,0
R00034,2011,bahrain,41,Max Verstappen,84.875,23.712,32.275,28.888,Medium,16,1,316.7,0
R00034,2011,bahrain,46,Max Verstappen,84.961,23.712,32.342,28.907,Medium,21,1,350.2,0
R00034,2011,bahrain,51,Max Verstappen,82.898,23.217,31.509,28.172,Medium,1,1,335.6,0
R00034,2011,bahrain,56,Max Verstappen,83.395,23.315,31.677,28.403,Medium,6,1,327.3,0
R00294,2024,mexico,1,Lewis Hamilton,73.777,20.662,28.02,25.095,Medium,1,0,322.8,0
R00294,2024,mexico,6,Lewis Hamilton,74.507,20.891,28.324,25.292,Medium,6,1,344.1,0
R00294,2024,mexico,11,Lewis Hamilton,75.205,21.117,28.549,25.539,Medium,11,1,347.5,0
R00294,2024,mexico,16,Lewis Hamilton,75.399,21.172,28.808,25.419,Medium,16,1,321.7,0
R00294,2024,mexico,21,Lewis Hamilton,76.065,21.232,28.893,25.94,Medium,21,1,337.2,0
R00294,2024,mexico,26,Lewis Hamilton,73.897,20.734,28.058,25.105,Medium,1,1,342.8,0
R00294,2024,mexico,31,Lewis Hamilton,74.34,20.74,28.213,25.387,Medium,6,1,333.2,0
R00294,2024,mexico,36,Lewis Hamilton,75.143,21.074,28.602,25.467,Medium,11,1,317.2,0
R00294,2024,mexico,41,Lewis Hamilton,75.74,21.145,28.8,25.795,Medium,16,1,319.5,0
R00294,2024,mexico,46,Lewis Hamilton,76.139,21.318,28.946,25.875,Medium,21,1,318.4,1
R00294,2024,mexico,51,Lewis Hamilton,73.917,20.687,28.105,25.125,Medium,1,1,340.2,0
R00294,2024,mexico,56,Lewis Hamilton,74.286,20.842,28.22,25.224,Medium,6,1,311.2,0
R00294,2024,mexico,61,Lewis Hamilton,75.04,21.076,28.496,25.468,Medium,11,1,328.3,0
R00294,2024,mexico,66,Lewis Hamilton,75.582,21.279,28.761,25.542,Medium,16,1,327.8,0
R00294,2024,mexico,71,Lewis Hamilton,76.496,21.371,28.953,26.172,Medium,21,1,326.9,0
R00012,2010,bahrain,1,Max Verstappen,80.709,22.668,30.714,27.327,Hard,1,0,312.0,0
R00012,2010,bahrain,6,Max Verstappen,81.548,22.793,30.972,27.783,Hard,6,1,322.6,0
R00012,2010,bahrain,11,Max Verstappen,82.14,22.98,31.269,27.891,Hard,11,1,350.5,0
R00012,2010,bahrain,16,Max Verstappen,82.758,23.155,31.42,28.183,Hard,16,1,328.3,0
R00012,2010,bahrain,21,Max Verstappen,83.482,23.332,31.666,28.484,Hard,21,1,321.6,0
R00012,2010,bahrain,26,Max Verstappen,81.081,22.759,30.898,27.424,Soft,1,1,336.4,0
R00012,2010,bahrain,31,Max Verstappen,81.522,22.723,30.945,27.854,Soft,6,1,338.7,0
R00012,2010,bahrain,36,Max Verstappen,82.267,23.112,31.26,27.895,Soft,11,1,339.2,0
R00012,2010,bahrain,41,Max Verstappen,82.421,23.131,31.34,27.95,Soft,16,1,300.7,0
R00012,2010,bahrain,46,Max Verstappen,83.285,23.356,31.661,28.268,Soft,21,1,322.7,0
R00012,2010,bahrain,51,Max Verstappen,80.741,22.696,30.661,27.384,Soft,1,1,330.9,0
R00012,2010,bahrain,56,Max Verstappen,81.18,22.654,30.827,27.699,Soft,6,1,331.1,0
R00039,2012,bahrain,1,Lando Norris,76.937,21.448,29.197,26.292,Hard,1,0,321.4,0
R00039,2012,bahrain,6,Lando Norris,76.886,21.506,29.151,26.229,Hard,6,1,328.7,0
R00039,2012,bahrain,11,Lando Norris,78.107,21.818,29.847,26.442,Hard,11,1,334.5,0
R00039,2012,bahrain,16,Lando Norris,78.473,22.051,29.801,26.621,Hard,16,1,347.4,0
R00039,2012,bahrain,21,Lando Norris,79.067,22.12,30.016,26.931,Hard,21,1,342.2,0
R00039,2012,bahrain,26,Lando Norris,76.888,21.602,29.231,26.055,Hard,1,1,323.0,0
R00039,2012,bahrain,31,Lando Norris,77.179,21.582,29.265,26.332,Hard,6,1,338.5,0
R00039,2012,bahrain,36,Lando Norris,78.012,21.823,29.69,26.499,Hard,11,1,326.3,0
R00039,2012,bahrain,41,Lando Norris,78.582,22.039,29.943,26.6,Hard,16,1,315.6,0
R00039,2012,bahrain,46,Lando Norris,79.021,22.229,29.975,26.817,Hard,21,1,328.3,0
R00039,2012,bahrain,51,Lando Norris,76.835,21.499,29.24,26.096,Hard,1,1,324.4,0
R00039,2012,bahrain,56,Lando Norris,77.332,21.71,29.361,26.261,Hard,6,1,326.7,0
R00086,2014,singapore,1,Lewis Hamilton,85.478,23.954,32.443,29.081,Hard,1,0,339.3,0
R00086,2014,singapore,6,Lewis Hamilton,85.832,23.997,32.511,29.324,Hard,6,1,346.7,0
R00086,2014,singapore,11,Lewis Hamilton,86.618,24.252,32.922,29.444,Hard,11,1,315.7,0
R00086,2014,singapore,16,Lewis Hamilton,87.332,24.41,33.05,29.872,Hard,16,1,343.5,0
R00086,2014,singapore,21,Lewis Hamilton,87.665,24.521,33.286,29.858,Hard,21,1,343.4,1
R00086,2014,singapore,26,Lewis Hamilton,85.209,23.836,32.304,29.069,Medium,1,1,324.6,0
R00086,2014,singapore,31,Lewis Hamilton,86.065,24.122,32.661,29.282,Medium,6,1,317.9,0
R00086,2014,singapore,36,Lewis Hamilton,86.45,24.164,32.996,29.29,Medium,11,1,326.6,0
R00086,2014,singapore,41,Lewis Hamilton,87.109,24.439,33.164,29.506,Medium,16,1,327.0,0
R00086,2014,singapore,46,Lewis Hamilton,87.788,24.609,33.363,29.816,Medium,21,1,316.6,0
R00086,2014,singapore,51,Lewis Hamilton,85.341,23.887,32.418,29.036,Medium,1,1,352.9,0
R00086,2014,singapore,56,Lewis Hamilton,85.931,23.985,32.701,29.245,Medium,6,1,336.5,0
R00086,2014,singapore,61,Lewis Hamilton,86.417,24.187,32.812,29.418,Medium,11,1,329.4,0
R00084,2014,bahrain,1,Carlos Sainz,86.354,24.204,32.804,29.346,Intermediate,1,0,322.6,0
R00084,2014,bahrain,6,Carlos Sainz,86.93,24.432,33.094,29.404,Intermediate,6,0,337.8,0
R00084,2014,bahrain,11,Carlos Sainz,87.288,24.462,33.125,29.701,Intermediate,11,0,324.9,0
R00084,2014,bahrain,16,Carlos Sainz,87.968,24.636,33.442,29.89,Intermediate,16,0,323.7,0
R00084,2014,bahrain,21,Carlos Sainz,88.747,24.823,33.763,30.161,Intermediate,21,0,338.9,0
R00084,2014,bahrain,26,Carlos Sainz,86.219,24.189,32.788,29.242,Soft,1,0,336.9,0
R00084,2014,bahrain,31,Carlos Sainz,86.901,24.366,33.078,29.457,Soft,6,0,323.5,0
R00084,2014,bahrain,36,Carlos Sainz,87.683,24.451,33.339,29.893,Soft,11,0,340.6,0
R00084,2014,bahrain,41,Carlos Sainz,88.116,24.764,33.511,29.841,Soft,16,0,321.1,0
R00084,2014,bahrain,46,Carlos Sainz,88.825,24.837,33.763,30.225,Soft,21,0,335.7,0
R00084,2014,bahrain,51,Carlos Sainz,86.211,24.088,32.759,29.364,Soft,1,0,317.6,0
R00084,2014,bahrain,56,Carlos Sainz,86.868,24.32,32.974,29.574,Soft,6,0,329.4,0
R00251,2022,las_vegas,1,Charles Leclerc,79.211,22.246,30.114,26.851,Soft,1,0,326.2,0
R00251,2022,las_vegas,6,Charles Leclerc,79.917,22.362,30.37,27.185,Soft,6,1,333.1,0
R00251,2022,las_vegas,11,Charles Leclerc,80.679,22.564,30.698,27.417,Soft,11,1,338.3,0
R00251,2022,las_vegas,16,Charles Leclerc,81.057,22.657,30.738,27.662,Soft,16,1,327.8,0
R00251,2022,las_vegas,21,Charles Leclerc,82.012,22.986,31.239,27.787,Hard,21,1,313.0,0
R00251,2022,las_vegas,26,Charles Leclerc,78.95,22.085,29.974,26.891,Hard,1,1,330.1,0
R00251,2022,las_vegas,31,Charles Leclerc,79.761,22.316,30.36,27.085,Hard,6,1,351.5,0
R00251,2022,las_vegas,36,Charles Leclerc,80.469,22.454,30.591,27.424,Hard,11,1,338.1,0
R00251,2022,las_vegas,41,Charles Leclerc,80.665,22.697,30.565,27.403,Hard,16,1,335.0,0
R00251,2022,las_vegas,46,Charles Leclerc,81.628,22.897,30.973,27.758,Hard,21,1,333.5,0
R00300,2025,jeddah,1,Max Verstappen,83.657,23.463,31.857,28.337,Soft,1,0,343.2,0
R00300,2025,jeddah,6,Max Verstappen,84.443,23.645,32.024,28.774,Soft,6,1,320.2,0
R00300,2025,jeddah,11,Max Verstappen,85.156,23.812,32.377,28.967,Soft,11,1,326.1,0
R00300,2025,jeddah,16,Max Verstappen,85.849,24.017,32.759,29.073,Soft,16,1,337.5,0
R00300,2025,jeddah,21,Max Verstappen,86.476,24.2,32.85,29.426,Soft,21,1,325.4,0
R00300,2025,jeddah,26,Max Verstappen,83.471,23.337,31.737,28.397,Soft,1,1,328.0,0
R00300,2025,jeddah,31,Max Verstappen,84.526,23.685,32.213,28.628,Soft,6,1,307.2,0
R00300,2025,jeddah,36,Max Verstappen,85.105,23.81,32.279,29.016,Soft,11,1,322.6,0
R00300,2025,jeddah,41,Max Verstappen,85.671,24.001,32.53,29.14,Soft,16,1,326.8,0
R00300,2025,jeddah,46,Max Verstappen,86.28,24.126,32.719,29.435,Soft,21,1,334.6,0
R00061,2013,canada,1,Max Verstappen,80.975,22.701,30.733,27.541,Soft,1,0,334.5,0
R00061,2013,canada,6,Max Verstappen,81.536,22.779,30.968,27.789,Soft,6,1,315.6,0
R00061,2013,canada,11,Max Verstappen,82.595,23.197,31.457,27.941,Soft,11,1,348.6,0
R00061,2013,canada,16,Max Verstappen,82.918,23.262,31.516,28.14,Soft,16,1,330.2,0
R00061,2013,canada,21,Max Verstappen,83.371,23.415,31.689,28.267,Soft,21,1,324.5,0
R00061,2013,canada,26,Max Verstappen,81.175,22.795,30.819,27.561,Soft,1,1,332.5,0
R00061,2013,canada,31,Max Verstappen,81.688,22.825,31.116,27.747,Hard,6,1,348.3,0
R00061,2013,canada,36,Max Verstappen,82.093,22.991,31.214,27.888,Hard,11,1,303.7,0
R00061,2013,canada,41,Max Verstappen,82.778,23.197,31.433,28.148,Hard,16,1,350.3,0
R00061,2013,canada,46,Max Verstappen,83.4,23.316,31.677,28.407,Hard,21,1,336.1,0
R00061,2013,canada,51,Max Verstappen,80.868,22.508,30.703,27.657,Hard,1,1,342.7,0
R00061,2013,canada,56,Max Verstappen,81.68,22.862,31.016,27.802,Hard,6,1,325.2,0
R00061,2013,canada,61,Max Verstappen,82.201,22.975,31.205,28.021,Hard,11,1,323.6,0
R00061,2013,canada,66,Max Verstappen,82.799,23.208,31.392,28.199,Hard,16,1,364.3,0
R00295,2024,brazil,1,Lewis Hamilton,80.307,22.469,30.512,27.326,Intermediate,1,0,332.8,0
R00295,2024,brazil,6,Lewis Hamilton,81.575,22.906,30.951,27.718,Intermediate,6,0,318.1,0
R00295,2024,brazil,11,Lewis Hamilton,81.894,22.863,31.092,27.939,Intermediate,11,0,347.0,0
R00295,2024,brazil,16,Lewis Hamilton,82.445,23.075,31.387,27.983,Intermediate,16,0,310.3,0
R00295,2024,brazil,21,Lewis Hamilton,82.979,23.315,31.519,28.145,Intermediate,21,0,334.1,0
R00295,2024,brazil,26,Lewis Hamilton,80.566,22.571,30.611,27.384,Intermediate,1,0,348.9,0
R00295,2024,brazil,31,Lewis Hamilton,81.106,22.663,30.733,27.71,Medium,6,0,343.9,0
R00295,2024,brazil,36,Lewis Hamilton,81.994,22.967,31.167,27.86,Medium,11,0,300.9,0
R00295,2024,brazil,41,Lewis Hamilton,82.124,23.007,31.117,28.0,Medium,16,0,312.3,0
R00295,2024,brazil,46,Lewis Hamilton,83.12,23.282,31.582,28.256,Medium,21,0,317.7,1
R00295,2024,brazil,51,Lewis Hamilton,80.522,22.572,30.589,27.361,Medium,1,0,358.5,0
R00295,2024,brazil,56,Lewis Hamilton,81.378,22.754,30.847,27.777,Medium,6,0,337.9,0
R00295,2024,brazil,61,Lewis Hamilton,81.789,22.911,31.048,27.83,Medium,11,0,330.6,0
R00295,2024,brazil,66,Lewis Hamilton,82.236,22.948,31.179,28.109,Medium,16,0,334.7,0
R00295,2024,brazil,71,Lewis Hamilton,82.962,23.252,31.523,28.187,Medium,21,0,354.5,0
R00201,2020,monza,1,Lewis Hamilton,79.698,22.329,30.232,27.137,Hard,1,0,326.0,0
R00201,2020,monza,6,Lewis Hamilton,80.503,22.609,30.607,27.287,Hard,6,1,344.7,0
R00201,2020,monza,11,Lewis Hamilton,80.496,22.503,30.544,27.449,Hard,11,1,346.0,0
R00201,2020,monza,16,Lewis Hamilton,81.588,22.816,31.024,27.748,Hard,16,1,295.6,0
R00201,2020,monza,21,Lewis Hamilton,81.622,22.849,31.012,27.761,Hard,21,1,326.5,0
R00201,2020,monza,26,Lewis Hamilton,79.566,22.212,30.22,27.134,Hard,1,1,336.6,0
R00201,2020,monza,31,Lewis Hamilton,80.078,22.459,30.45,27.169,Hard,6,1,326.3,0
R00201,2020,monza,36,Lewis Hamilton,80.718,22.646,30.637,27.435,Hard,11,1,331.3,0
R00201,2020,monza,41,Lewis Hamilton,81.49,22.839,31.01,27.641,Hard,16,1,360.5,0
R00201,2020,monza,46,Lewis Hamilton,81.835,22.856,31.076,27.903,Hard,21,1,334.4,0
R00201,2020,monza,51,Lewis Hamilton,79.764,22.334,30.324,27.106,Hard,1,1,329.5,0
R00215,2021,baku,1,Max Verstappen,75.123,21.007,28.553,25.563,Soft,1,0,329.8,0
R00215,2021,baku,6,Max Verstappen,75.681,21.181,28.792,25.708,Soft,6,1,316.7,0
R00215,2021,baku,11,Max Verstappen,76.246,21.295,28.9,26.051,Soft,11,1,345.2,0
R00215,2021,baku,16,Max Verstappen,76.808,21.428,29.146,26.234,Soft,16,1,329.3,0
R00215,2021,baku,21,Max Verstappen,77.513,21.654,29.558,26.301,Hard,21,1,317.6,0
R00215,2021,baku,26,Max Verstappen,75.316,21.067,28.586,25.663,Hard,1,1,334.5,0
R00215,2021,baku,31,Max Verstappen,75.674,21.175,28.784,25.715,Hard,6,1,339.1,0
R00215,2021,baku,36,Max Verstappen,76.162,21.31,28.937,25.915,Hard,11,1,346.7,0
R00215,2021,baku,41,Max Verstappen,76.868,21.468,29.304,26.096,Hard,16,1,346.5,0
R00215,2021,baku,46,Max Verstappen,77.214,21.587,29.346,26.281,Hard,21,1,311.3,0
R00215,2021,baku,51,Max Verstappen,75.321,21.105,28.631,25.585,Hard,1,1,332.3,0
R00007,2010,canada,1,Max Verstappen,83.378,23.319,31.739,28.32,Medium,1,0,317.6,0
R00007,2010,canada,6,Max Verstappen,84.223,23.592,32.042,28.589,Medium,6,1,322.7,0
R00007,2010,canada,11,Max Verstappen,84.687,23.795,32.195,28.697,Medium,11,1,347.8,0
R00007,2010,canada,16,Max Verstappen,85.511,23.916,32.511,29.084,Medium,16,1,328.4,0
R00007,2010,canada,21,Max Verstappen,86.042,24.039,32.863,29.14,Medium,21,1,326.2,0
R00007,2010,canada,26,Max Verstappen,83.642,23.363,31.706,28.573,Medium,1,1,344.4,0
R00007,2010,canada,31,Max Verstappen,84.304,23.511,32.123,28.67,Soft,6,1,318.2,0
R00007,2010,canada,36,Max Verstappen,84.605,23.664,32.131,28.81,Soft,11,1,323.8,0
R00007,2010,canada,41,Max Verstappen,85.43,23.878,32.428,29.124,Soft,16,1,342.4,0
R00007,2010,canada,46,Max Verstappen,86.15,24.134,32.765,29.251,Soft,21,1,331.7,0
R00007,2010,canada,51,Max Verstappen,83.567,23.421,31.743,28.403,Soft,1,1,361.7,0
R00007,2010,canada,56,Max Verstappen,84.285,23.648,32.059,28.578,Soft,6,1,333.6,0
R00007,2010,canada,61,Max Verstappen,84.805,23.844,32.248,28.713,Soft,11,1,336.3,0
R00007,2010,canada,66,Max Verstappen,85.335,23.905,32.499,28.931,Soft,16,1,335.8,0
R00333,2026,silverstone,1,Lando Norris,75.366,21.077,28.643,25.646,Hard,1,0,347.8,0
R00333,2026,silverstone,6,Lando Norris,76.069,21.239,28.967,25.863,Hard,6,1,329.1,0
R00333,2026,silverstone,11,Lando Norris,76.526,21.559,29.152,25.815,Hard,11,1,345.9,0
R00333,2026,silverstone,16,Lando Norris,77.252,21.637,29.324,26.291,Hard,16,1,336.5,0
R00333,2026,silverstone,21,Lando Norris,77.781,21.75,29.539,26.492,Soft,21,1,336.8,0
R00333,2026,silverstone,26,Lando Norris,75.416,21.071,28.621,25.724,Soft,1,1,316.2,0
R00333,2026,silverstone,31,Lando Norris,76.124,21.281,28.94,25.903,Soft,6,1,324.4,0
R00333,2026,silverstone,36,Lando Norris,76.503,21.433,29.086,25.984,Soft,11,1,321.3,0
R00333,2026,silverstone,41,Lando Norris,77.057,21.607,29.219,26.231,Soft,16,1,320.4,0
R00333,2026,silverstone,46,Lando Norris,77.791,21.717,29.56,26.514,Soft,21,1,329.3,0
R00333,2026,silverstone,51,Lando Norris,75.346,21.039,28.65,25.657,Soft,1,1,318.5,0
R00044,2012,bahrain,1,Charles Leclerc,74.141,20.764,28.122,25.255,Medium,1,0,333.8,0
R00044,2012,bahrain,6,Charles Leclerc,75.101,21.042,28.524,25.535,Medium,6,1,348.2,0
R00044,2012,bahrain,11,Charles Leclerc,75.424,21.153,28.728,25.543,Medium,11,1,320.9,0
R00044,2012,bahrain,16,Charles Leclerc,76.215,21.351,28.986,25.878,Medium,16,1,306.9,0
R00044,2012,bahrain,21,Charles Leclerc,76.525,21.394,28.993,26.138,Medium,21,1,330.9,0
R00044,2012,bahrain,26,Charles Leclerc,74.669,20.9,28.359,25.41,Soft,1,1,307.8,0
R00044,2012,bahrain,31,Charles Leclerc,75.326,21.097,28.547,25.682,Soft,6,1,360.6,0
R00044,2012,bahrain,36,Charles Leclerc,75.404,21.103,28.586,25.715,Soft,11,1,310.7,0
R00044,2012,bahrain,41,Charles Leclerc,76.129,21.359,28.862,25.908,Soft,16,1,338.4,0
R00044,2012,bahrain,46,Charles Leclerc,76.663,21.472,29.159,26.032,Soft,21,1,321.7,0
R00044,2012,bahrain,51,Charles Leclerc,74.431,20.834,28.215,25.382,Soft,1,1,329.9,0
R00044,2012,bahrain,56,Charles Leclerc,74.85,20.968,28.461,25.421,Soft,6,1,343.5,0
R00019,2011,bahrain,1,Max Verstappen,76.15,21.368,29.002,25.78,Soft,1,0,304.1,0
R00019,2011,bahrain,6,Max Verstappen,76.673,21.437,29.052,26.184,Soft,6,1,327.2,0
R00019,2011,bahrain,11,Max Verstappen,76.979,21.522,29.17,26.287,Soft,11,1,321.8,0
R00019,2011,bahrain,16,Max Verstappen,77.756,21.821,29.474,26.461,Soft,16,1,341.5,0
R00019,2011,bahrain,21,Max Verstappen,78.203,21.821,29.655,26.727,Soft,21,1,318.5,0
R00019,2011,bahrain,26,Max Verstappen,76.186,21.324,28.946,25.916,Medium,1,1,316.2,0
R00019,2011,bahrain,31,Max Verstappen,76.805,21.528,29.089,26.188,Medium,6,1,311.0,0
R00019,2011,bahrain,36,Max Verstappen,76.971,21.49,29.185,26.296,Medium,11,1,337.6,0
R00019,2011,bahrain,41,Max Verstappen,77.509,21.71,29.385,26.414,Medium,16,1,327.7,0
R00019,2011,bahrain,46,Max Verstappen,78.104,21.848,29.78,26.476,Medium,21,1,348.3,0
R00019,2011,bahrain,51,Max Verstappen,75.954,21.308,28.835,25.811,Medium,1,1,318.9,0
R00019,2011,bahrain,56,Max Verstappen,76.45,21.539,29.018,25.893,Medium,6,1,314.6,0
R00172,2019,spain,1,Lewis Hamilton,80.139,22.452,30.422,27.265,Intermediate,1,0,330.1,0
R00172,2019,spain,6,Lewis Hamilton,80.343,22.511,30.61,27.222,Intermediate,6,0,355.7,0
R00172,2019,spain,11,Lewis Hamilton,81.041,22.784,30.734,27.523,Intermediate,11,0,337.0,0
R00172,2019,spain,16,Lewis Hamilton,81.558,22.843,30.994,27.721,Intermediate,16,0,327.3,0
R00172,2019,spain,21,Lewis Hamilton,82.235,23.013,31.332,27.89,Intermediate,21,0,311.0,0
R00172,2019,spain,26,Lewis Hamilton,79.868,22.338,30.271,27.259,Intermediate,1,0,340.4,0
R00172,2019,spain,31,Lewis Hamilton,80.538,22.628,30.701,27.209,Hard,6,0,316.2,0
R00172,2019,spain,36,Lewis Hamilton,80.997,22.608,30.785,27.604,Hard,11,0,335.5,0
R00172,2019,spain,41,Lewis Hamilton,81.508,22.795,30.886,27.827,Hard,16,0,328.2,0
R00172,2019,spain,46,Lewis Hamilton,82.201,23.035,31.216,27.95,Hard,21,0,338.1,0
R00172,2019,spain,51,Lewis Hamilton,80.157,22.517,30.459,27.181,Hard,1,0,317.3,0
R00172,2019,spain,56,Lewis Hamilton,80.588,22.587,30.633,27.368,Hard,6,0,338.6,0
R00172,2019,spain,61,Lewis Hamilton,80.96,22.69,30.83,27.44,Hard,11,0,316.3,0
R00172,2019,spain,66,Lewis Hamilton,81.658,22.915,30.988,27.755,Hard,16,0,307.3,0
R00326,2026,suzuka,1,Lewis Hamilton,76.284,21.369,28.996,25.919,Soft,1,0,321.9,0
R00326,2026,suzuka,6,Lewis Hamilton,76.801,21.515,29.045,26.241,Soft,6,1,321.0,0
R00326,2026,suzuka,11,Lewis Hamilton,77.667,21.812,29.515,26.34,Soft,11,1,329.5,0
R00326,2026,suzuka,16,Lewis Hamilton,78.393,21.992,29.766,26.635,Soft,16,1,298.7,0
R00326,2026,suzuka,21,Lewis Hamilton,78.431,22.023,29.751,26.657,Soft,21,1,337.1,0
R00326,2026,suzuka,26,Lewis Hamilton,76.455,21.419,29.053,25.983,Medium,1,1,324.4,0
R00326,2026,suzuka,31,Lewis Hamilton,76.808,21.514,29.253,26.041,Medium,6,1,336.0,0
R00326,2026,suzuka,36,Lewis Hamilton,77.508,21.761,29.442,26.305,Medium,11,1,311.3,0
R00326,2026,suzuka,41,Lewis Hamilton,78.007,21.802,29.541,26.664,Medium,16,1,321.4,0
R00326,2026,suzuka,46,Lewis Hamilton,78.344,21.864,29.776,26.704,Medium,21,1,335.1,0
R00326,2026,suzuka,51,Lewis Hamilton,76.692,21.479,29.12,26.093,Medium,1,1,343.2,0
R00256,2023,baku,1,Charles Leclerc,87.211,24.444,33.156,29.611,Soft,1,0,330.4,0
R00256,2023,baku,6,Charles Leclerc,87.561,24.498,33.337,29.726,Soft,6,1,305.0,0
R00256,2023,baku,11,Charles Leclerc,88.346,24.728,33.619,29.999,Soft,11,1,343.9,0
R00256,2023,baku,16,Charles Leclerc,88.528,24.764,33.648,30.116,Soft,16,1,330.2,0
R00256,2023,baku,21,Charles Leclerc,89.281,25.013,33.92,30.348,Hard,21,1,329.7,0
R00256,2023,baku,26,Charles Leclerc,86.867,24.392,33.02,29.455,Hard,1,1,300.9,0
R00256,2023,baku,31,Charles Leclerc,87.392,24.417,33.186,29.789,Hard,6,1,326.5,0
R00256,2023,baku,36,Charles Leclerc,88.116,24.714,33.494,29.908,Hard,11,1,331.8,0
R00256,2023,baku,41,Charles Leclerc,88.799,24.86,33.824,30.115,Hard,16,1,318.7,0
R00256,2023,baku,46,Charles Leclerc,90.059,25.165,34.243,30.651,Hard,21,1,323.2,0
R00256,2023,baku,51,Charles Leclerc,86.69,24.258,32.961,29.471,Hard,1,1,323.3,0
R00306,2025,monaco,1,Charles Leclerc,84.141,23.547,32.007,28.587,Intermediate,1,0,332.9,0
R00306,2025,monaco,6,Charles Leclerc,84.982,23.766,32.294,28.922,Intermediate,6,0,318.2,0
R00306,2025,monaco,11,Charles Leclerc,85.843,24.09,32.662,29.091,Intermediate,11,0,347.8,0
R00306,2025,monaco,16,Charles Leclerc,86.352,24.175,32.77,29.407,Intermediate,16,0,334.4,0
R00306,2025,monaco,21,Charles Leclerc,87.313,24.469,33.228,29.616,Intermediate,21,0,322.2,0
R00306,2025,monaco,26,Charles Leclerc,84.509,23.68,32.11,28.719,Intermediate,1,0,326.7,0
R00306,2025,monaco,31,Charles Leclerc,84.787,23.696,32.221,28.87,Intermediate,6,0,340.3,0
R00306,2025,monaco,36,Charles Leclerc,85.514,23.989,32.466,29.059,Intermediate,11,0,325.7,0
R00306,2025,monaco,41,Charles Leclerc,86.236,24.126,32.781,29.329,Intermediate,16,0,312.9,0
R00306,2025,monaco,46,Charles Leclerc,86.926,24.265,32.961,29.7,Intermediate,21,0,328.9,0
R00306,2025,monaco,51,Charles Leclerc,84.226,23.536,31.995,28.695,Intermediate,1,0,328.2,0
R00306,2025,monaco,56,Charles Leclerc,84.961,23.863,32.212,28.886,Intermediate,6,0,348.6,0
R00306,2025,monaco,61,Charles Leclerc,85.457,23.904,32.426,29.127,Intermediate,11,0,326.6,0
R00306,2025,monaco,66,Charles Leclerc,85.972,24.058,32.688,29.226,Intermediate,16,0,336.2,0
R00306,2025,monaco,71,Charles Leclerc,86.574,24.163,33.005,29.406,Intermediate,21,0,337.1,0
R00306,2025,monaco,76,Charles Leclerc,84.559,23.732,32.131,28.696,Intermediate,1,0,334.1,0
R00178,2019,zandvoort,1,Max Verstappen,88.604,24.818,33.628,30.158,Intermediate,1,0,321.8,0
R00178,2019,zandvoort,6,Max Verstappen,89.374,25.03,33.942,30.402,Intermediate,6,0,334.6,0
R00178,2019,zandvoort,11,Max Verstappen,89.914,25.219,34.216,30.479,Intermediate,11,0,322.4,0
R00178,2019,zandvoort,16,Max Verstappen,90.385,25.299,34.402,30.684,Intermediate,16,0,346.4,0
R00178,2019,zandvoort,21,Max Verstappen,91.373,25.688,34.621,31.064,Intermediate,21,0,316.9,0
R00178,2019,zandvoort,26,Max Verstappen,88.863,24.862,33.863,30.138,Intermediate,1,0,314.8,0
R00178,2019,zandvoort,31,Max Verstappen,89.445,25.028,33.998,30.419,Intermediate,6,0,342.3,0
R00178,2019,zandvoort,36,Max Verstappen,90.019,25.186,34.224,30.609,Intermediate,11,0,333.4,0
R00178,2019,zandvoort,41,Max Verstappen,90.619,25.391,34.372,30.856,Intermediate,16,0,334.7,0
R00178,2019,zandvoort,46,Max Verstappen,91.14,25.496,34.633,31.011,Intermediate,21,0,350.1,1
R00178,2019,zandvoort,51,Max Verstappen,88.566,24.786,33.665,30.115,Intermediate,1,0,339.9,0
R00178,2019,zandvoort,56,Max Verstappen,89.398,25.103,33.901,30.394,Intermediate,6,0,319.9,0
R00178,2019,zandvoort,61,Max Verstappen,90.084,25.182,34.295,30.607,Intermediate,11,0,331.5,0
R00178,2019,zandvoort,66,Max Verstappen,90.564,25.301,34.427,30.836,Intermediate,16,0,345.2,0
R00178,2019,zandvoort,71,Max Verstappen,91.312,25.538,34.641,31.133,Intermediate,21,0,321.4,0
R00156,2018,hungary,1,Lewis Hamilton,75.012,20.969,28.474,25.569,Intermediate,1,0,322.8,0
R00156,2018,hungary,6,Lewis Hamilton,75.478,21.074,28.712,25.692,Intermediate,6,0,340.2,0
R00156,2018,hungary,11,Lewis Hamilton,75.861,21.243,28.779,25.839,Intermediate,11,0,358.3,0
R00156,2018,hungary,16,Lewis Hamilton,76.837,21.508,29.169,26.16,Intermediate,16,0,336.0,0
R00156,2018,hungary,21,Lewis Hamilton,77.416,21.673,29.44,26.303,Intermediate,21,0,334.2,0
R00156,2018,hungary,26,Lewis Hamilton,74.774,20.99,28.376,25.408,Intermediate,1,0,355.0,0
R00156,2018,hungary,31,Lewis Hamilton,75.633,21.257,28.775,25.601,Medium,6,0,304.2,0
R00156,2018,hungary,36,Lewis Hamilton,75.825,21.293,28.747,25.785,Medium,11,0,324.4,0
R00156,2018,hungary,41,Lewis Hamilton,76.193,21.242,28.912,26.039,Medium,16,0,332.1,0
R00156,2018,hungary,46,Lewis Hamilton,77.142,21.67,29.38,26.092,Medium,21,0,322.9,0
R00156,2018,hungary,51,Lewis Hamilton,74.864,20.966,28.461,25.437,Medium,1,0,335.3,0
R00156,2018,hungary,56,Lewis Hamilton,75.442,21.15,28.667,25.625,Medium,6,0,316.3,0
R00156,2018,hungary,61,Lewis Hamilton,76.021,21.35,28.875,25.796,Medium,11,0,311.4,0
R00156,2018,hungary,66,Lewis Hamilton,76.389,21.404,29.053,25.932,Medium,16,0,352.7,0
R00229,2021,bahrain,1,Max Verstappen,66.924,18.698,25.461,22.765,Medium,1,0,311.4,0
R00229,2021,bahrain,6,Max Verstappen,67.407,18.892,25.629,22.886,Medium,6,1,321.7,0
R00229,2021,bahrain,11,Max Verstappen,67.89,19.086,25.719,23.085,Medium,11,1,336.0,0
R00229,2021,bahrain,16,Max Verstappen,68.579,19.215,26.102,23.262,Medium,16,1,325.6,0
R00229,2021,bahrain,21,Max Verstappen,68.801,19.246,26.112,23.443,Medium,21,1,324.9,0
R00229,2021,bahrain,26,Max Verstappen,66.814,18.673,25.409,22.732,Medium,1,1,340.1,0
R00229,2021,bahrain,31,Max Verstappen,67.429,18.891,25.645,22.893,Medium,6,1,329.6,0
R00229,2021,bahrain,36,Max Verstappen,67.84,18.967,25.898,22.975,Medium,11,1,335.3,0
R00229,2021,bahrain,41,Max Verstappen,68.238,19.106,25.934,23.198,Medium,16,1,294.0,0
R00229,2021,bahrain,46,Max Verstappen,68.867,19.319,26.165,23.383,Medium,21,1,327.1,0
R00229,2021,bahrain,51,Max Verstappen,66.701,18.65,25.299,22.752,Medium,1,1,337.9,0
R00229,2021,bahrain,56,Max Verstappen,67.237,18.898,25.6,22.739,Medium,6,1,326.9,0
R00024,2011,monaco,1,Charles Leclerc,79.617,22.24,30.275,27.102,Soft,1,0,305.0,0
R00024,2011,monaco,6,Charles Leclerc,79.952,22.392,30.379,27.181,Soft,6,1,330.9,0
R00024,2011,monaco,11,Charles Leclerc,81.055,22.667,30.841,27.547,Soft,11,1,355.8,0
R00024,2011,monaco,16,Charles Leclerc,81.241,22.818,30.856,27.567,Soft,16,1,313.9,0
R00024,2011,monaco,21,Charles Leclerc,82.031,23.009,31.253,27.769,Soft,21,1,329.2,0
R00024,2011,monaco,26,Charles Leclerc,79.796,22.472,30.278,27.046,Soft,1,1,326.9,0
R00024,2011,monaco,31,Charles Leclerc,80.171,22.473,30.419,27.279,Soft,6,1,335.0,0
R00024,2011,monaco,36,Charles Leclerc,80.818,22.61,30.691,27.517,Medium,11,1,327.3,0
R00024,2011,monaco,41,Charles Leclerc,81.203,22.743,30.81,27.65,Medium,16,1,320.1,0
R00024,2011,monaco,46,Charles Leclerc,81.902,22.944,31.131,27.827,Medium,21,1,326.2,0
R00024,2011,monaco,51,Charles Leclerc,79.502,22.324,30.233,26.945,Medium,1,1,320.8,0
R00024,2011,monaco,56,Charles Leclerc,79.993,22.43,30.422,27.141,Medium,6,1,341.3,0
R00024,2011,monaco,61,Charles Leclerc,80.488,22.516,30.541,27.431,Medium,11,1,321.6,0
R00024,2011,monaco,66,Charles Leclerc,81.136,22.637,30.888,27.611,Medium,16,1,328.3,0
R00024,2011,monaco,71,Charles Leclerc,81.929,22.918,31.213,27.798,Medium,21,1,359.8,0
R00024,2011,monaco,76,Charles Leclerc,79.804,22.31,30.313,27.181,Medium,1,1,329.1,0
R00056,2013,bahrain,1,Max Verstappen,84.896,23.768,32.299,28.829,Medium,1,0,322.6,0
R00056,2013,bahrain,6,Max Verstappen,85.426,23.855,32.37,29.201,Medium,6,1,336.9,0
R00056,2013,bahrain,11,Max Verstappen,86.289,24.203,32.742,29.344,Medium,11,1,319.6,0
R00056,2013,bahrain,16,Max Verstappen,86.619,24.23,32.825,29.564,Medium,16,1,338.0,0
R00056,2013,bahrain,21,Max Verstappen,87.396,24.497,33.307,29.592,Medium,21,1,318.5,0
R00056,2013,bahrain,26,Max Verstappen,84.83,23.769,32.285,28.776,Hard,1,1,351.5,0
R00056,2013,bahrain,31,Max Verstappen,85.682,23.979,32.529,29.174,Hard,6,1,321.5,0
R00056,2013,bahrain,36,Max Verstappen,86.102,24.083,32.659,29.36,Hard,11,1,324.8,0
R00056,2013,bahrain,41,Max Verstappen,86.543,24.257,32.871,29.415,Hard,16,1,314.8,0
R00056,2013,bahrain,46,Max Verstappen,87.326,24.568,33.225,29.533,Hard,21,1,331.8,0
R00056,2013,bahrain,51,Max Verstappen,84.736,23.745,32.13,28.861,Hard,1,1,343.1,0
R00056,2013,bahrain,56,Max Verstappen,85.368,23.926,32.429,29.013,Hard,6,1,330.6,0
R00281,2024,imola,1,Lewis Hamilton,93.227,26.066,35.456,31.705,Intermediate,1,0,331.4,0
R00281,2024,imola,6,Lewis Hamilton,93.816,26.209,35.572,32.035,Intermediate,6,0,328.7,0
R00281,2024,imola,11,Lewis Hamilton,94.773,26.606,36.042,32.125,Intermediate,11,0,323.5,0
R00281,2024,imola,16,Lewis Hamilton,95.638,26.771,36.236,32.631,Intermediate,16,0,345.0,0
R00281,2024,imola,21,Lewis Hamilton,95.984,26.973,36.492,32.519,Intermediate,21,0,334.9,0
R00281,2024,imola,26,Lewis Hamilton,93.309,26.099,35.438,31.772,Medium,1,0,345.7,0
R00281,2024,imola,31,Lewis Hamilton,94.018,26.321,35.674,32.023,Medium,6,0,332.0,0
R00281,2024,imola,36,Lewis Hamilton,94.803,26.572,36.017,32.214,Medium,11,0,328.2,0
R00281,2024,imola,41,Lewis Hamilton,95.396,26.694,36.233,32.469,Medium,16,0,329.0,0
R00281,2024,imola,46,Lewis Hamilton,95.974,26.893,36.486,32.595,Medium,21,0,337.3,0
R00281,2024,imola,51,Lewis Hamilton,93.083,26.005,35.352,31.726,Medium,1,0,335.7,0
R00281,2024,imola,56,Lewis Hamilton,93.858,26.254,35.657,31.947,Medium,6,0,338.6,0
R00281,2024,imola,61,Lewis Hamilton,94.629,26.477,35.977,32.175,Medium,11,0,334.9,0
R00026,2011,bahrain,1,Max Verstappen,75.012,20.96,28.538,25.514,Hard,1,0,310.4,0
R00026,2011,bahrain,6,Max Verstappen,75.44,21.087,28.625,25.728,Hard,6,1,331.4,0
R00026,2011,bahrain,11,Max Verstappen,76.012,21.282,28.838,25.892,Hard,11,1,344.6,0
R00026,2011,bahrain,16,Max Verstappen,76.476,21.43,29.06,25.986,Hard,16,1,307.2,0
R00026,2011,bahrain,21,Max Verstappen,76.965,21.503,29.241,26.221,Hard,21,1,315.8,0
R00026,2011,bahrain,26,Max Verstappen,74.966,21.012,28.439,25.515,Soft,1,1,336.7,0
R00026,2011,bahrain,31,Max Verstappen,75.501,21.153,28.766,25.582,Soft,6,1,315.4,0
R00026,2011,bahrain,36,Max Verstappen,75.615,21.176,28.65,25.789,Soft,11,1,316.7,0
R00026,2011,bahrain,41,Max Verstappen,76.584,21.447,29.158,25.979,Soft,16,1,299.1,0
R00026,2011,bahrain,46,Max Verstappen,76.858,21.505,29.152,26.201,Soft,21,1,333.5,0
R00026,2011,bahrain,51,Max Verstappen,74.951,20.988,28.394,25.569,Soft,1,1,335.4,0
R00026,2011,bahrain,56,Max Verstappen,75.456,21.127,28.777,25.552,Soft,6,1,324.1,0
R00231,2022,bahrain,1,Max Verstappen,74.446,20.859,28.307,25.28,Medium,1,0,328.6,0
R00231,2022,bahrain,6,Max Verstappen,75.607,21.241,28.784,25.582,Medium,6,1,315.9,0
R00231,2022,bahrain,11,Max Verstappen,76.108,21.305,28.967,25.836,Medium,11,1,319.9,0
R00231,2022,bahrain,16,Max Verstappen,76.573,21.467,29.258,25.848,Medium,16,1,316.5,0
R00231,2022,bahrain,21,Max Verstappen,77.348,21.695,29.488,26.165,Medium,21,1,328.4,0
R00231,2022,bahrain,26,Max Verstappen,75.004,20.962,28.482,25.56,Medium,1,1,321.1,0
R00231,2022,bahrain,31,Max Verstappen,75.187,21.02,28.592,25.575,Medium,6,1,340.8,0
R00231,2022,bahrain,36,Max Verstappen,75.864,21.25,28.893,25.721,Medium,11,1,338.9,0
R00231,2022,bahrain,41,Max Verstappen,76.322,21.367,28.984,25.971,Medium,16,1,330.4,0
R00231,2022,bahrain,46,Max Verstappen,76.917,21.513,29.211,26.193,Medium,21,1,343.2,0
R00231,2022,bahrain,51,Max Verstappen,75.019,21.002,28.448,25.569,Medium,1,1,334.2,0
R00231,2022,bahrain,56,Max Verstappen,75.388,21.169,28.637,25.582,Medium,6,1,322.2,0
R00073,2014,bahrain,1,Lewis Hamilton,80.888,22.685,30.702,27.501,Hard,1,0,342.5,0
R00073,2014,bahrain,6,Lewis Hamilton,81.323,22.882,30.921,27.52,Hard,6,1,333.0,0
R00073,2014,bahrain,11,Lewis Hamilton,81.879,22.923,31.033,27.923,Hard,11,1,329.7,0
R00073,2014,bahrain,16,Lewis Hamilton,82.705,23.239,31.468,27.998,Hard,16,1,339.8,0
R00073,2014,bahrain,21,Lewis Hamilton,83.339,23.317,31.73,28.292,Hard,21,1,315.9,0
R00073,2014,bahrain,26,Lewis Hamilton,80.533,22.558,30.64,27.335,Hard,1,1,326.6,0
R00073,2014,bahrain,31,Lewis Hamilton,81.382,22.803,30.937,27.642,Hard,6,1,331.3,0
R00073,2014,bahrain,36,Lewis Hamilton,81.999,23.0,31.144,27.855,Hard,11,1,329.5,0
R00073,2014,bahrain,41,Lewis Hamilton,82.491,23.185,31.305,28.001,Hard,16,1,318.6,0
R00073,2014,bahrain,46,Lewis Hamilton,83.371,23.348,31.668,28.355,Hard,21,1,325.6,0
R00073,2014,bahrain,51,Lewis Hamilton,80.921,22.667,30.631,27.623,Hard,1,1,350.0,0
R00073,2014,bahrain,56,Lewis Hamilton,81.202,22.707,30.857,27.638,Hard,6,1,333.4,0
R00151,2018,canada,1,Lewis Hamilton,78.826,22.089,30.065,26.672,Medium,1,0,353.8,0
R00151,2018,canada,6,Lewis Hamilton,79.362,22.2,30.171,26.991,Medium,6,1,326.8,0
R00151,2018,canada,11,Lewis Hamilton,79.914,22.395,30.31,27.209,Medium,11,1,322.1,0
R00151,2018,canada,16,Lewis Hamilton,80.521,22.611,30.639,27.271,Medium,16,1,327.0,0
R00151,2018,canada,21,Lewis Hamilton,81.032,22.717,30.807,27.508,Medium,21,1,313.0,0
R00151,2018,canada,26,Lewis Hamilton,78.904,22.171,29.972,26.761,Medium,1,1,307.8,0
R00151,2018,canada,31,Lewis Hamilton,79.239,22.205,30.144,26.89,Soft,6,1,338.5,0
R00151,2018,canada,36,Lewis Hamilton,80.028,22.37,30.451,27.207,Soft,11,1,315.4,0
R00151,2018,canada,41,Lewis Hamilton,80.727,22.555,30.692,27.48,Soft,16,1,333.7,0
R00151,2018,canada,46,Lewis Hamilton,81.287,22.794,30.913,27.58,Soft,21,1,321.7,0
R00151,2018,canada,51,Lewis Hamilton,78.508,22.005,29.815,26.688,Soft,1,1,343.6,0
R00151,2018,canada,56,Lewis Hamilton,79.537,22.232,30.148,27.157,Soft,6,1,345.4,0
R00151,2018,canada,61,Lewis Hamilton,80.108,22.455,30.43,27.223,Soft,11,1,329.3,0
R00151,2018,canada,66,Lewis Hamilton,80.682,22.593,30.744,27.345,Soft,16,1,318.1,0
R00066,2013,bahrain,1,Max Verstappen,75.875,21.279,28.855,25.741,Hard,1,0,319.4,0
R00066,2013,bahrain,6,Max Verstappen,76.167,21.264,28.898,26.005,Hard,6,1,326.5,0
R00066,2013,bahrain,11,Max Verstappen,76.657,21.497,29.057,26.103,Hard,11,1,331.9,0
R00066,2013,bahrain,16,Max Verstappen,77.194,21.67,29.404,26.12,Hard,16,1,350.0,0
R00066,2013,bahrain,21,Max Verstappen,77.671,21.793,29.507,26.371,Hard,21,1,320.7,0
R00066,2013,bahrain,26,Max Verstappen,75.642,21.17,28.833,25.639,Medium,1,1,335.9,0
R00066,2013,bahrain,31,Max Verstappen,76.331,21.391,29.015,25.925,Medium,6,1,342.7,0
R00066,2013,bahrain,36,Max Verstappen,76.716,21.558,29.047,26.111,Medium,11,1,324.9,0
R00066,2013,bahrain,41,Max Verstappen,77.448,21.674,29.457,26.317,Medium,16,1,343.2,0
R00066,2013,bahrain,46,Max Verstappen,78.189,21.928,29.731,26.53,Medium,21,1,338.4,0
R00066,2013,bahrain,51,Max Verstappen,75.58,21.211,28.61,25.759,Medium,1,1,330.9,0
R00066,2013,bahrain,56,Max Verstappen,75.951,21.199,28.918,25.834,Medium,6,1,354.9,0
R00099,2015,bahrain,1,Lewis Hamilton,85.802,24.105,32.6,29.097,Soft,1,0,337.6,0
R00099,2015,bahrain,6,Lewis Hamilton,86.413,24.19,32.817,29.406,Soft,6,1,307.3,0
R00099,2015,bahrain,11,Lewis Hamilton,86.877,24.357,33.027,29.493,Soft,11,1,350.8,0
R00099,2015,bahrain,16,Lewis Hamilton,87.703,24.622,33.376,29.705,Soft,16,1,335.6,0
R00099,2015,bahrain,21,Lewis Hamilton,88.461,24.747,33.694,30.02,Soft,21,1,359.7,0
R00099,2015,bahrain,26,Lewis Hamilton,85.611,23.963,32.549,29.099,Hard,1,1,321.0,0
R00099,2015,bahrain,31,Lewis Hamilton,86.229,24.082,32.826,29.321,Hard,6,1,334.0,0
R00099,2015,bahrain,36,Lewis Hamilton,87.076,24.359,33.12,29.597,Hard,11,1,344.5,0
R00099,2015,bahrain,41,Lewis Hamilton,88.073,24.676,33.53,29.867,Hard,16,1,332.9,0
R00099,2015,bahrain,46,Lewis Hamilton,88.687,24.79,33.609,30.288,Hard,21,1,350.5,0
R00099,2015,bahrain,51,Lewis Hamilton,86.018,23.999,32.593,29.426,Hard,1,1,330.5,0
R00099,2015,bahrain,56,Lewis Hamilton,86.49,24.236,32.804,29.45,Hard,6,1,327.4,0
R00185,2019,brazil,1,Lewis Hamilton,74.797,20.984,28.419,25.394,Hard,1,0,338.9,0
R00185,2019,brazil,6,Lewis Hamilton,75.021,21.022,28.514,25.485,Hard,6,1,329.0,0
R00185,2019,brazil,11,Lewis Hamilton,75.807,21.182,28.841,25.784,Hard,11,1,348.5,0
R00185,2019,brazil,16,Lewis Hamilton,76.321,21.398,29.037,25.886,Hard,16,1,333.6,0
R00185,2019,brazil,21,Lewis Hamilton,76.841,21.422,29.302,26.117,Hard,21,1,330.8,0
R00185,2019,brazil,26,Lewis Hamilton,74.475,20.926,28.276,25.273,Hard,1,1,346.2,0
R00185,2019,brazil,31,Lewis Hamilton,75.072,21.078,28.479,25.515,Medium,6,1,325.3,0
R00185,2019,brazil,36,Lewis Hamilton,75.567,21.097,28.712,25.758,Medium,11,1,332.7,0
R00185,2019,brazil,41,Lewis Hamilton,76.159,21.297,28.941,25.921,Medium,16,1,319.6,0
R00185,2019,brazil,46,Lewis Hamilton,76.791,21.544,29.243,26.004,Medium,21,1,336.1,1
R00185,2019,brazil,51,Lewis Hamilton,74.423,20.857,28.33,25.236,Medium,1,1,334.6,0
R00185,2019,brazil,56,Lewis Hamilton,75.09,21.021,28.515,25.554,Medium,6,1,353.3,0
R00185,2019,brazil,61,Lewis Hamilton,75.414,21.095,28.67,25.649,Medium,11,1,348.9,0
R00185,2019,brazil,66,Lewis Hamilton,76.335,21.283,28.981,26.071,Medium,16,1,332.3,0
R00185,2019,brazil,71,Lewis Hamilton,76.735,21.518,29.252,25.965,Medium,21,1,342.3,0
R00112,2016,bahrain,1,Lewis Hamilton,76.824,21.557,29.233,26.034,Soft,1,0,337.2,0
R00112,2016,bahrain,6,Lewis Hamilton,77.501,21.67,29.56,26.271,Soft,6,1,329.7,0
R00112,2016,bahrain,11,Lewis Hamilton,78.023,21.883,29.598,26.542,Soft,11,1,318.6,0
R00112,2016,bahrain,16,Lewis Hamilton,78.257,22.001,29.764,26.492,Soft,16,1,328.0,0
R00112,2016,bahrain,21,Lewis Hamilton,79.322,22.322,30.161,26.839,Soft,21,1,329.2,0
R00112,2016,bahrain,26,Lewis Hamilton,76.864,21.523,29.218,26.123,Medium,1,1,322.8,0
R00112,2016,bahrain,31,Lewis Hamilton,77.29,21.693,29.409,26.188,Medium,6,1,318.5,0
R00112,2016,bahrain,36,Lewis Hamilton,78.009,21.885,29.67,26.454,Medium,11,1,314.0,0
R00112,2016,bahrain,41,Lewis Hamilton,78.623,22.044,29.846,26.733,Medium,16,1,316.4,0
R00112,2016,bahrain,46,Lewis Hamilton,79.139,22.115,30.068,26.956,Medium,21,1,330.5,0
R00112,2016,bahrain,51,Lewis Hamilton,76.809,21.542,29.223,26.044,Medium,1,1,308.3,0
R00112,2016,bahrain,56,Lewis Hamilton,77.621,21.782,29.458,26.381,Medium,6,1,332.2,0
R00204,2020,qatar,1,Max Verstappen,84.298,23.672,32.058,28.568,Soft,1,0,312.7,0
R00204,2020,qatar,6,Max Verstappen,84.498,23.709,32.117,28.672,Soft,6,1,323.2,0
R00204,2020,qatar,11,Max Verstappen,85.325,23.807,32.368,29.15,Soft,11,1,335.5,0
R00204,2020,qatar,16,Max Verstappen,86.153,24.084,32.658,29.411,Soft,16,1,335.7,0
R00204,2020,qatar,21,Max Verstappen,86.81,24.41,33.061,29.339,Soft,21,1,330.4,0
R00204,2020,qatar,26,Max Verstappen,84.097,23.612,31.965,28.52,Soft,1,1,332.2,0
R00204,2020,qatar,31,Max Verstappen,84.68,23.808,32.214,28.658,Soft,6,1,332.2,0
R00204,2020,qatar,36,Max Verstappen,85.157,23.808,32.334,29.015,Soft,11,1,340.9,0
R00204,2020,qatar,41,Max Verstappen,85.767,23.979,32.497,29.291,Soft,16,1,360.7,0
R00204,2020,qatar,46,Max Verstappen,86.824,24.213,32.961,29.65,Soft,21,1,324.7,0
R00204,2020,qatar,51,Max Verstappen,84.043,23.579,31.885,28.579,Soft,1,1,346.2,0
R00204,2020,qatar,56,Max Verstappen,84.697,23.8,32.247,28.65,Soft,6,1,297.1,0
R00234,2022,baku,1,Charles Leclerc,87.709,24.53,33.283,29.896,Intermediate,1,0,312.1,0
R00234,2022,baku,6,Charles Leclerc,88.162,24.72,33.498,29.944,Intermediate,6,0,334.7,0
R00234,2022,baku,11,Charles Leclerc,88.707,24.733,33.628,30.346,Intermediate,11,0,329.2,0
R00234,2022,baku,16,Charles Leclerc,89.289,24.961,33.982,30.346,Intermediate,16,0,342.5,0
R00234,2022,baku,21,Charles Leclerc,90.204,25.249,34.243,30.712,Soft,21,0,329.6,0
R00234,2022,baku,26,Charles Leclerc,87.543,24.567,33.349,29.627,Soft,1,0,348.6,0
R00234,2022,baku,31,Charles Leclerc,88.126,24.65,33.494,29.982,Soft,6,0,340.0,0
R00234,2022,baku,36,Charles Leclerc,88.844,24.847,33.703,30.294,Soft,11,0,339.0,0
R00234,2022,baku,41,Charles Leclerc,89.455,25.074,33.976,30.405,Soft,16,0,323.1,0
R00234,2022,baku,46,Charles Leclerc,90.104,25.274,34.208,30.622,Soft,21,0,332.5,0
R00234,2022,baku,51,Charles Leclerc,87.716,24.547,33.309,29.86,Soft,1,0,327.0,0
R00287,2024,hungary,1,Lando Norris,82.961,23.206,31.525,28.23,Soft,1,0,347.5,0
R00287,2024,hungary,6,Lando Norris,83.967,23.489,31.916,28.562,Soft,6,1,325.1,0
R00287,2024,hungary,11,Lando Norris,84.359,23.583,32.034,28.742,Soft,11,1,335.9,0
R00287,2024,hungary,16,Lando Norris,84.995,23.859,32.333,28.803,Soft,16,1,353.4,0
R00287,2024,hungary,21,Lando Norris,86.153,24.119,32.691,29.343,Soft,21,1,329.2,0
R00287,2024,hungary,26,Lando Norris,83.174,23.262,31.636,28.276,Soft,1,1,337.2,0
R00287,2024,hungary,31,Lando Norris,83.989,23.5,31.877,28.612,Soft,6,1,342.1,0
R00287,2024,hungary,36,Lando Norris,84.641,23.662,32.204,28.775,Soft,11,1,323.2,0
R00287,2024,hungary,41,Lando Norris,84.774,23.757,32.215,28.802,Soft,16,1,346.9,0
R00287,2024,hungary,46,Lando Norris,85.612,23.913,32.521,29.178,Soft,21,1,323.1,0
R00287,2024,hungary,51,Lando Norris,82.976,23.36,31.548,28.068,Soft,1,1,328.0,0
R00287,2024,hungary,56,Lando Norris,83.719,23.398,31.834,28.487,Soft,6,1,301.3,0
R00287,2024,hungary,61,Lando Norris,84.286,23.622,32.108,28.556,Soft,11,1,340.6,0
R00287,2024,hungary,66,Lando Norris,84.996,23.798,32.34,28.858,Soft,16,1,304.3,0
R00078,2014,monaco,1,Lewis Hamilton,89.503,25.092,33.981,30.43,Intermediate,1,0,317.0,0
R00078,2014,monaco,6,Lewis Hamilton,90.076,25.166,34.248,30.662,Intermediate,6,0,322.8,0
R00078,2014,monaco,11,Lewis Hamilton,91.067,25.439,34.678,30.95,Intermediate,11,0,338.5,0
R00078,2014,monaco,16,Lewis Hamilton,91.506,25.524,34.819,31.163,Intermediate,16,0,323.4,0
R00078,2014,monaco,21,Lewis Hamilton,92.228,25.913,35.046,31.269,Intermediate,21,0,318.3,0
R00078,2014,monaco,26,Lewis Hamilton,89.48,24.997,34.027,30.456,Intermediate,1,0,324.8,0
R00078,2014,monaco,31,Lewis Hamilton,90.019,25.179,34.216,30.624,Intermediate,6,0,308.6,0
R00078,2014,monaco,36,Lewis Hamilton,90.693,25.385,34.433,30.875,Intermediate,11,0,335.8,0
R00078,2014,monaco,41,Lewis Hamilton,91.373,25.539,34.822,31.012,Intermediate,16,0,323.8,0
R00078,2014,monaco,46,Lewis Hamilton,92.104,25.825,35.007,31.272,Intermediate,21,0,325.5,0
R00078,2014,monaco,51,Lewis Hamilton,89.317,24.912,33.973,30.432,Intermediate,1,0,329.5,0
R00078,2014,monaco,56,Lewis Hamilton,90.112,25.169,34.295,30.648,Intermediate,6,0,341.6,0
R00078,2014,monaco,61,Lewis Hamilton,90.747,25.524,34.463,30.76,Intermediate,11,0,330.4,0
R00078,2014,monaco,66,Lewis Hamilton,91.313,25.634,34.703,30.976,Intermediate,16,0,315.1,0
R00078,2014,monaco,71,Lewis Hamilton,92.162,25.778,35.004,31.38,Intermediate,21,0,318.8,0
R00078,2014,monaco,76,Lewis Hamilton,89.464,25.064,33.929,30.471,Intermediate,1,0,330.7,0
R00247,2022,qatar,1,Fernando Alonso,75.254,21.035,28.58,25.639,Soft,1,0,324.2,0
R00247,2022,qatar,6,Fernando Alonso,75.537,21.082,28.689,25.766,Soft,6,1,332.7,0
R00247,2022,qatar,11,Fernando Alonso,76.324,21.353,29.038,25.933,Soft,11,1,325.4,0
R00247,2022,qatar,16,Fernando Alonso,76.799,21.477,29.17,26.152,Soft,16,1,330.9,0
R00247,2022,qatar,21,Fernando Alonso,77.187,21.55,29.44,26.197,Soft,21,1,343.8,0
R00247,2022,qatar,26,Fernando Alonso,75.048,21.004,28.468,25.576,Soft,1,1,334.2,0
R00247,2022,qatar,31,Fernando Alonso,75.711,21.171,28.842,25.698,Soft,6,1,359.4,0
R00247,2022,qatar,36,Fernando Alonso,76.204,21.283,28.956,25.965,Soft,11,1,326.6,0
R00247,2022,qatar,41,Fernando Alonso,76.532,21.368,29.092,26.072,Soft,16,1,351.3,0
R00247,2022,qatar,46,Fernando Alonso,77.171,21.559,29.356,26.256,Soft,21,1,323.8,0
R00247,2022,qatar,51,Fernando Alonso,75.335,21.026,28.572,25.737,Soft,1,1,332.7,0
R00247,2022,qatar,56,Fernando Alonso,75.522,21.094,28.708,25.72,Soft,6,1,324.8,0
R00018,2010,abu_dhabi,1,Lando Norris,71.23,19.943,27.126,24.161,Soft,1,0,327.8,0
R00018,2010,abu_dhabi,6,Lando Norris,71.809,19.998,27.328,24.483,Soft,6,1,320.4,0
R00018,2010,abu_dhabi,11,Lando Norris,72.42,20.225,27.595,24.6,Soft,11,1,314.6,0
R00018,2010,abu_dhabi,16,Lando Norris,72.921,20.419,27.617,24.885,Soft,16,1,332.5,0
R00018,2010,abu_dhabi,21,Lando Norris,73.261,20.67,27.847,24.744,Soft,21,1,311.4,0
R00018,2010,abu_dhabi,26,Lando Norris,71.39,20.032,27.133,24.225,Medium,1,1,324.1,0
R00018,2010,abu_dhabi,31,Lando Norris,71.657,20.083,27.272,24.302,Medium,6,1,318.4,0
R00018,2010,abu_dhabi,36,Lando Norris,72.341,20.236,27.614,24.491,Medium,11,1,293.7,0
R00018,2010,abu_dhabi,41,Lando Norris,73.07,20.472,27.757,24.841,Medium,16,1,324.7,0
R00018,2010,abu_dhabi,46,Lando Norris,73.418,20.55,27.893,24.975,Medium,21,1,340.3,0
R00018,2010,abu_dhabi,51,Lando Norris,71.114,19.876,26.997,24.241,Medium,1,1,326.6,0
R00018,2010,abu_dhabi,56,Lando Norris,71.784,20.082,27.294,24.408,Medium,6,1,309.4,0
R00284,2024,spain,1,Max Verstappen,69.731,19.484,26.579,23.668,Soft,1,0,315.4,0
R00284,2024,spain,6,Max Verstappen,70.485,19.633,26.742,24.11,Soft,6,1,341.1,0
R00284,2024,spain,11,Max Verstappen,70.621,19.718,26.863,24.04,Soft,11,1,314.9,0
R00284,2024,spain,16,Max Verstappen,71.489,20.034,27.204,24.251,Soft,16,1,335.4,0
R00284,2024,spain,21,Max Verstappen,71.901,20.158,27.319,24.424,Soft,21,1,319.0,0
R00284,2024,spain,26,Max Verstappen,69.985,19.579,26.667,23.739,Soft,1,1,326.1,0
R00284,2024,spain,31,Max Verstappen,70.309,19.721,26.813,23.775,Medium,6,1,320.1,0
R00284,2024,spain,36,Max Verstappen,70.727,19.843,26.933,23.951,Medium,11,1,317.2,0
R00284,2024,spain,41,Max Verstappen,71.429,19.948,27.069,24.412,Medium,16,1,333.4,0
R00284,2024,spain,46,Max Verstappen,72.061,20.166,27.358,24.537,Medium,21,1,333.4,0
R00284,2024,spain,51,Max Verstappen,69.798,19.523,26.56,23.715,Medium,1,1,336.1,0
R00284,2024,spain,56,Max Verstappen,70.267,19.719,26.661,23.887,Medium,6,1,320.2,0
R00284,2024,spain,61,Max Verstappen,70.804,19.903,26.904,23.997,Medium,11,1,327.0,0
R00284,2024,spain,66,Max Verstappen,71.355,19.996,27.104,24.255,Medium,16,1,325.9,0
R00091,2015,bahrain,1,Lewis Hamilton,80.072,22.399,30.467,27.206,Medium,1,0,327.5,0
R00091,2015,bahrain,6,Lewis Hamilton,80.984,22.512,30.816,27.656,Medium,6,1,328.3,0
R00091,2015,bahrain,11,Lewis Hamilton,81.648,22.803,31.098,27.747,Medium,11,1,324.0,0
R00091,2015,bahrain,16,Lewis Hamilton,82.374,23.112,31.421,27.841,Medium,16,1,304.7,0
R00091,2015,bahrain,21,Lewis Hamilton,82.93,23.154,31.633,28.143,Medium,21,1,331.6,0
R00091,2015,bahrain,26,Lewis Hamilton,80.217,22.411,30.518,27.288,Medium,1,1,318.2,0
R00091,2015,bahrain,31,Lewis Hamilton,81.092,22.645,30.829,27.618,Medium,6,1,314.3,0
R00091,2015,bahrain,36,Lewis Hamilton,81.407,22.822,30.919,27.666,Medium,11,1,330.4,0
R00091,2015,bahrain,41,Lewis Hamilton,82.13,23.005,31.174,27.951,Medium,16,1,334.1,0
R00091,2015,bahrain,46,Lewis Hamilton,82.714,23.166,31.437,28.111,Medium,21,1,347.9,0
R00091,2015,bahrain,51,Lewis Hamilton,80.663,22.58,30.698,27.385,Medium,1,1,310.7,0
R00091,2015,bahrain,56,Lewis Hamilton,80.85,22.652,30.725,27.473,Medium,6,1,343.4,0
R00008,2010,bahrain,1,Max Verstappen,75.659,21.327,28.852,25.48,Hard,1,0,340.9,0
R00008,2010,bahrain,6,Max Verstappen,75.757,21.181,28.803,25.773,Hard,6,1,319.1,0
R00008,2010,bahrain,11,Max Verstappen,76.37,21.402,28.999,25.969,Hard,11,1,332.3,0
R00008,2010,bahrain,16,Max Verstappen,77.278,21.555,29.494,26.229,Hard,16,1,318.7,0
R00008,2010,bahrain,21,Max Verstappen,77.864,21.778,29.695,26.391,Hard,21,1,324.1,0
R00008,2010,bahrain,26,Max Verstappen,75.665,21.128,28.745,25.792,Medium,1,1,320.4,0
R00008,2010,bahrain,31,Max Verstappen,75.854,21.309,28.836,25.709,Medium,6,1,350.3,0
R00008,2010,bahrain,36,Max Verstappen,76.349,21.331,29.054,25.964,Medium,11,1,324.6,0
R00008,2010,bahrain,41,Max Verstappen,77.284,21.669,29.392,26.223,Medium,16,1,335.7,0
R00008,2010,bahrain,46,Max Verstappen,77.566,21.66,29.511,26.395,Medium,21,1,336.0,0
R00008,2010,bahrain,51,Max Verstappen,75.262,21.15,28.588,25.524,Medium,1,1,348.6,0
R00008,2010,bahrain,56,Max Verstappen,76.123,21.381,28.912,25.83,Medium,6,1,344.3,0
R00246,2022,suzuka,1,Max Verstappen,74.756,20.989,28.454,25.313,Soft,1,0,341.2,0
R00246,2022,suzuka,6,Max Verstappen,75.363,21.086,28.646,25.631,Soft,6,1,325.2,0
R00246,2022,suzuka,11,Max Verstappen,75.722,21.224,28.772,25.726,Soft,11,1,302.0,0
R00246,2022,suzuka,16,Max Verstappen,76.333,21.334,29.084,25.915,Soft,16,1,325.9,0
R00246,2022,suzuka,21,Max Verstappen,77.044,21.619,29.259,26.166,Soft,21,1,317.3,0
R00246,2022,suzuka,26,Max Verstappen,74.62,20.879,28.395,25.346,Medium,1,1,340.5,0
R00246,2022,suzuka,31,Max Verstappen,75.461,21.133,28.661,25.667,Medium,6,1,313.7,0
R00246,2022,suzuka,36,Max Verstappen,75.801,21.292,28.782,25.727,Medium,11,1,346.1,0
R00246,2022,suzuka,41,Max Verstappen,76.399,21.355,28.992,26.052,Medium,16,1,325.8,0
R00246,2022,suzuka,46,Max Verstappen,76.996,21.647,29.276,26.073,Medium,21,1,316.3,0
R00246,2022,suzuka,51,Max Verstappen,74.819,20.927,28.387,25.505,Medium,1,1,339.6,0
R00136,2017,bahrain,1,Max Verstappen,78.113,21.865,29.636,26.612,Medium,1,0,332.3,0
R00136,2017,bahrain,6,Max Verstappen,78.617,22.045,29.797,26.775,Medium,6,1,322.6,0
R00136,2017,bahrain,11,Max Verstappen,78.883,22.095,30.011,26.777,Medium,11,1,321.7,0
R00136,2017,bahrain,16,Max Verstappen,79.982,22.363,30.553,27.066,Medium,16,1,321.6,0
R00136,2017,bahrain,21,Max Verstappen,80.241,22.434,30.494,27.313,Medium,21,1,339.4,0
R00136,2017,bahrain,26,Max Verstappen,77.865,21.792,29.565,26.508,Hard,1,1,318.4,0
R00136,2017,bahrain,31,Max Verstappen,78.345,21.944,29.805,26.596,Hard,6,1,322.4,0
R00136,2017,bahrain,36,Max Verstappen,78.968,22.054,30.008,26.906,Hard,11,1,334.8,0
R00136,2017,bahrain,41,Max Verstappen,79.51,22.295,30.211,27.004,Hard,16,1,307.1,0
R00136,2017,bahrain,46,Max Verstappen,80.312,22.432,30.471,27.409,Hard,21,1,306.5,0
R00136,2017,bahrain,51,Max Verstappen,77.762,21.745,29.536,26.481,Hard,1,1,315.7,0
R00136,2017,bahrain,56,Max Verstappen,78.193,21.86,29.721,26.612,Hard,6,1,326.4,0
R00216,2021,bahrain,1,Esteban Ocon,81.078,22.748,30.84,27.49,Intermediate,1,0,308.8,0
R00216,2021,bahrain,6,Esteban Ocon,81.46,22.78,30.887,27.793,Intermediate,6,0,342.8,0
R00216,2021,bahrain,11,Esteban Ocon,82.072,23.003,31.164,27.905,Intermediate,11,0,348.9,0
R00216,2021,bahrain,16,Esteban Ocon,82.432,23.068,31.283,28.081,Intermediate,16,0,324.1,0
R00216,2021,bahrain,21,Esteban Ocon,83.425,23.375,31.71,28.34,Intermediate,21,0,315.7,0
R00216,2021,bahrain,26,Esteban Ocon,80.864,22.574,30.713,27.577,Soft,1,0,319.4,0
R00216,2021,bahrain,31,Esteban Ocon,81.395,22.865,30.922,27.608,Soft,6,0,336.4,0
R00216,2021,bahrain,36,Esteban Ocon,81.984,22.969,31.058,27.957,Soft,11,0,346.2,0
R00216,2021,bahrain,41,Esteban Ocon,82.538,23.189,31.422,27.927,Soft,16,0,332.1,0
R00216,2021,bahrain,46,Esteban Ocon,83.276,23.413,31.754,28.109,Soft,21,0,329.9,0
R00216,2021,bahrain,51,Esteban Ocon,81.263,22.723,30.946,27.594,Soft,1,0,336.2,0
R00216,2021,bahrain,56,Esteban Ocon,81.398,22.784,30.958,27.656,Soft,6,0,327.4,0
R00210,2021,bahrain,1,Charles Leclerc,77.585,21.647,29.428,26.51,Soft,1,0,339.2,0
R00210,2021,bahrain,6,Charles Leclerc,78.511,22.014,29.921,26.576,Soft,6,1,328.3,0
R00210,2021,bahrain,11,Charles Leclerc,78.791,22.117,29.972,26.702,Soft,11,1,324.6,0
R00210,2021,bahrain,16,Charles Leclerc,79.209,22.135,30.165,26.909,Soft,16,1,317.1,0
R00210,2021,bahrain,21,Charles Leclerc,80.116,22.379,30.388,27.349,Soft,21,1,334.3,0
R00210,2021,bahrain,26,Charles Leclerc,77.545,21.637,29.435,26.473,Medium,1,1,313.3,0
R00210,2021,bahrain,31,Charles Leclerc,78.355,21.878,29.797,26.68,Medium,6,1,332.3,0
R00210,2021,bahrain,36,Charles Leclerc,78.661,22.013,29.836,26.812,Medium,11,1,334.8,0
R00210,2021,bahrain,41,Charles Leclerc,79.203,22.217,30.134,26.852,Medium,16,1,338.8,0
R00210,2021,bahrain,46,Charles Leclerc,80.146,22.506,30.498,27.142,Medium,21,1,350.7,0
R00210,2021,bahrain,51,Charles Leclerc,77.649,21.767,29.511,26.371,Medium,1,1,314.3,0
R00210,2021,bahrain,56,Charles Leclerc,78.167,21.902,29.761,26.504,Medium,6,1,337.9,0
R00114,2016,monaco,1,Lewis Hamilton,73.263,20.45,27.805,25.008,Medium,1,0,319.9,0
R00114,2016,monaco,6,Lewis Hamilton,74.047,20.743,28.142,25.162,Medium,6,1,350.6,0
R00114,2016,monaco,11,Lewis Hamilton,74.422,20.863,28.299,25.26,Medium,11,1,325.2,0
R00114,2016,monaco,16,Lewis Hamilton,75.078,21.004,28.547,25.527,Medium,16,1,339.2,0
R00114,2016,monaco,21,Lewis Hamilton,75.458,21.154,28.689,25.615,Medium,21,1,355.2,0
R00114,2016,monaco,26,Lewis Hamilton,73.705,20.61,28.002,25.093,Medium,1,1,337.1,0
R00114,2016,monaco,31,Lewis Hamilton,73.95,20.822,28.017,25.111,Medium,6,1,327.4,0
R00114,2016,monaco,36,Lewis Hamilton,74.42,20.98,28.303,25.137,Soft,11,1,336.3,0
R00114,2016,monaco,41,Lewis Hamilton,75.121,21.066,28.533,25.522,Soft,16,1,328.5,0
R00114,2016,monaco,46,Lewis Hamilton,75.789,21.291,28.867,25.631,Soft,21,1,335.9,0
R00114,2016,monaco,51,Lewis Hamilton,73.335,20.536,27.951,24.848,Soft,1,1,349.0,0
R00114,2016,monaco,56,Lewis Hamilton,74.08,20.737,28.267,25.076,Soft,6,1,328.9,0
R00114,2016,monaco,61,Lewis Hamilton,74.45,20.866,28.291,25.293,Soft,11,1,338.9,0
R00114,2016,monaco,66,Lewis Hamilton,75.356,21.1,28.617,25.639,Soft,16,1,331.8,0
R00114,2016,monaco,71,Lewis Hamilton,75.541,21.155,28.724,25.662,Soft,21,1,326.8,0
R00114,2016,monaco,76,Lewis Hamilton,73.572,20.566,27.959,25.047,Soft,1,1,339.1,0
R00195,2020,canada,1,Yuki Tsunoda,73.844,20.735,28.027,25.082,Medium,1,0,342.7,0
R00195,2020,canada,6,Yuki Tsunoda,74.288,20.84,28.257,25.191,Medium,6,1,319.5,0
R00195,2020,canada,11,Yuki Tsunoda,74.749,20.96,28.391,25.398,Medium,11,1,323.1,0
R00195,2020,canada,16,Yuki Tsunoda,75.426,21.151,28.687,25.588,Medium,16,1,336.1,0
R00195,2020,canada,21,Yuki Tsunoda,75.919,21.208,28.836,25.875,Medium,21,1,357.1,0
R00195,2020,canada,26,Yuki Tsunoda,73.843,20.718,28.147,24.978,Medium,1,1,328.1,0
R00195,2020,canada,31,Yuki Tsunoda,74.127,20.677,28.184,25.266,Soft,6,1,297.8,0
R00195,2020,canada,36,Yuki Tsunoda,74.902,20.976,28.322,25.604,Soft,11,1,330.3,0
R00195,2020,canada,41,Yuki Tsunoda,75.376,21.174,28.71,25.492,Soft,16,1,308.6,0
R00195,2020,canada,46,Yuki Tsunoda,75.936,21.311,28.879,25.746,Soft,21,1,347.1,0
R00195,2020,canada,51,Yuki Tsunoda,73.824,20.699,28.126,24.999,Soft,1,1,309.8,0
R00195,2020,canada,56,Yuki Tsunoda,74.271,20.711,28.162,25.398,Soft,6,1,344.0,0
R00195,2020,canada,61,Yuki Tsunoda,75.07,21.11,28.501,25.459,Soft,11,1,318.9,0
R00195,2020,canada,66,Yuki Tsunoda,75.41,21.151,28.668,25.591,Soft,16,1,329.6,0
R00040,2012,bahrain,1,Esteban Ocon,75.93,21.278,28.894,25.758,Hard,1,0,325.1,0
R00040,2012,bahrain,6,Esteban Ocon,76.422,21.471,29.052,25.899,Hard,6,1,328.4,0
R00040,2012,bahrain,11,Esteban Ocon,77.074,21.569,29.282,26.223,Hard,11,1,331.0,0
R00040,2012,bahrain,16,Esteban Ocon,77.618,21.783,29.537,26.298,Hard,16,1,320.2,0
R00040,2012,bahrain,21,Esteban Ocon,78.158,21.887,29.669,26.602,Hard,21,1,318.3,0
R00040,2012,bahrain,26,Esteban Ocon,75.581,21.161,28.774,25.646,Hard,1,1,310.7,0
R00040,2012,bahrain,31,Esteban Ocon,76.584,21.362,29.225,25.997,Hard,6,1,332.4,0
R00040,2012,bahrain,36,Esteban Ocon,76.978,21.496,29.205,26.277,Hard,11,1,342.1,0
R00040,2012,bahrain,41,Esteban Ocon,77.267,21.601,29.338,26.328,Hard,16,1,329.3,0
R00040,2012,bahrain,46,Esteban Ocon,78.142,21.911,29.733,26.498,Hard,21,1,345.3,0
R00040,2012,bahrain,51,Esteban Ocon,76.134,21.243,28.891,26.0,Hard,1,1,320.8,0
R00040,2012,bahrain,56,Esteban Ocon,76.561,21.41,29.106,26.045,Hard,6,1,322.5,0
R00175,2019,silverstone,1,Lewis Hamilton,77.187,21.658,29.192,26.337,Medium,1,0,346.5,0
R00175,2019,silverstone,6,Lewis Hamilton,77.695,21.757,29.517,26.421,Medium,6,1,326.1,0
R00175,2019,silverstone,11,Lewis Hamilton,78.287,21.907,29.781,26.599,Medium,11,1,340.8,0
R00175,2019,silverstone,16,Lewis Hamilton,78.62,21.983,29.95,26.687,Medium,16,1,339.5,0
R00175,2019,silverstone,21,Lewis Hamilton,79.494,22.362,30.219,26.913,Hard,21,1,337.7,0
R00175,2019,silverstone,26,Lewis Hamilton,77.252,21.608,29.307,26.337,Hard,1,1,330.7,0
R00175,2019,silverstone,31,Lewis Hamilton,77.823,21.771,29.564,26.488,Hard,6,1,325.0,0
R00175,2019,silverstone,36,Lewis Hamilton,78.192,21.882,29.729,26.581,Hard,11,1,343.5,0
R00175,2019,silverstone,41,Lewis Hamilton,78.906,22.217,29.875,26.814,Hard,16,1,317.7,0
R00175,2019,silverstone,46,Lewis Hamilton,79.085,22.2,30.119,26.766,Hard,21,1,345.6,0
R00175,2019,silverstone,51,Lewis Hamilton,77.162,21.644,29.354,26.164,Hard,1,1,337.9,0
R00110,2016,bahrain,1,Lewis Hamilton,80.228,22.476,30.456,27.296,Medium,1,0,324.5,0
R00110,2016,bahrain,6,Lewis Hamilton,80.711,22.627,30.722,27.362,Medium,6,1,353.5,0
R00110,2016,bahrain,11,Lewis Hamilton,81.532,22.869,30.938,27.725,Medium,11,1,320.1,0
R00110,2016,bahrain,16,Lewis Hamilton,81.974,22.954,31.116,27.904,Medium,16,1,340.6,0
R00110,2016,bahrain,21,Lewis Hamilton,82.506,23.159,31.332,28.015,Medium,21,1,349.9,0
R00110,2016,bahrain,26,Lewis Hamilton,80.012,22.4,30.45,27.162,Medium,1,1,340.2,0
R00110,2016,bahrain,31,Lewis Hamilton,80.809,22.56,30.655,27.594,Medium,6,1,362.7,0
R00110,2016,bahrain,36,Lewis Hamilton,81.448,22.821,30.874,27.753,Medium,11,1,335.3,0
R00110,2016,bahrain,41,Lewis Hamilton,82.039,22.961,31.196,27.882,Medium,16,1,326.0,0
R00110,2016,bahrain,46,Lewis Hamilton,82.658,23.076,31.457,28.125,Medium,21,1,319.1,0
R00110,2016,bahrain,51,Lewis Hamilton,79.987,22.451,30.328,27.208,Medium,1,1,338.6,0
R00110,2016,bahrain,56,Lewis Hamilton,80.837,22.677,30.713,27.447,Medium,6,1,313.6,0
R00157,2018,bahrain,1,Charles Leclerc,87.261,24.491,33.172,29.598,Soft,1,0,343.3,0
R00157,2018,bahrain,6,Charles Leclerc,88.072,24.671,33.325,30.076,Soft,6,1,331.6,0
R00157,2018,bahrain,11,Charles Leclerc,88.496,24.723,33.587,30.186,Soft,11,1,326.2,0
R00157,2018,bahrain,16,Charles Leclerc,89.228,24.96,33.86,30.408,Soft,16,1,327.7,0
R00157,2018,bahrain,21,Charles Leclerc,89.891,25.144,34.177,30.57,Soft,21,1,334.1,0
R00157,2018,bahrain,26,Charles Leclerc,86.826,24.285,33.052,29.489,Hard,1,1,344.9,0
R00157,2018,bahrain,31,Charles Leclerc,87.896,24.676,33.345,29.875,Hard,6,1,332.5,0
R00157,2018,bahrain,36,Charles Leclerc,88.334,24.772,33.589,29.973,Hard,11,1,327.9,0
R00157,2018,bahrain,41,Charles Leclerc,89.004,24.886,33.836,30.282,Hard,16,1,354.1,0
R00157,2018,bahrain,46,Charles Leclerc,89.766,25.129,34.197,30.44,Hard,21,1,317.7,0
R00157,2018,bahrain,51,Charles Leclerc,86.998,24.363,33.067,29.568,Hard,1,1,349.9,0
R00157,2018,bahrain,56,Charles Leclerc,87.938,24.646,33.38,29.912,Hard,6,1,339.4,0
R00155,2018,bahrain,1,Lewis Hamilton,71.209,19.924,27.131,24.154,Hard,1,0,327.6,0
R00155,2018,bahrain,6,Lewis Hamilton,71.831,20.154,27.249,24.428,Hard,6,1,333.6,0
R00155,2018,bahrain,11,Lewis Hamilton,71.963,20.161,27.319,24.483,Hard,11,1,325.3,0
R00155,2018,bahrain,16,Lewis Hamilton,72.669,20.252,27.633,24.784,Hard,16,1,338.2,0
R00155,2018,bahrain,21,Lewis Hamilton,72.996,20.458,27.767,24.771,Hard,21,1,307.1,0
R00155,2018,bahrain,26,Lewis Hamilton,70.899,19.883,26.935,24.081,Soft,1,1,320.0,0
R00155,2018,bahrain,31,Lewis Hamilton,71.432,20.013,27.136,24.283,Soft,6,1,350.3,0
R00155,2018,bahrain,36,Lewis Hamilton,72.063,20.184,27.417,24.462,Soft,11,1,335.6,0
R00155,2018,bahrain,41,Lewis Hamilton,72.715,20.332,27.69,24.693,Soft,16,1,328.5,0
R00155,2018,bahrain,46,Lewis Hamilton,73.449,20.574,27.887,24.988,Soft,21,1,321.6,0
R00155,2018,bahrain,51,Lewis Hamilton,71.072,19.819,27.045,24.208,Soft,1,1,324.5,0
R00155,2018,bahrain,56,Lewis Hamilton,71.761,20.124,27.328,24.309,Soft,6,1,340.0,0
R00233,2022,albert_park,1,Charles Leclerc,77.778,21.781,29.654,26.343,Soft,1,0,333.2,0
R00233,2022,albert_park,6,Charles Leclerc,78.242,21.951,29.694,26.597,Soft,6,1,324.7,0
R00233,2022,albert_park,11,Charles Leclerc,78.77,22.011,29.952,26.807,Soft,11,1,329.7,0
R00233,2022,albert_park,16,Charles Leclerc,79.529,22.217,30.126,27.186,Soft,16,1,337.1,0
R00233,2022,albert_park,21,Charles Leclerc,80.098,22.344,30.39,27.364,Soft,21,1,316.7,0
R00233,2022,albert_park,26,Charles Leclerc,77.965,21.818,29.636,26.511,Soft,1,1,313.0,0
R00233,2022,albert_park,31,Charles Leclerc,78.486,21.921,29.791,26.774,Soft,6,1,337.0,0
R00233,2022,albert_park,36,Charles Leclerc,79.274,22.179,30.067,27.028,Soft,11,1,315.2,0
R00233,2022,albert_park,41,Charles Leclerc,79.466,22.316,30.163,26.987,Soft,16,1,333.2,0
R00233,2022,albert_park,46,Charles Leclerc,79.906,22.355,30.437,27.114,Soft,21,1,343.4,0
R00233,2022,albert_park,51,Charles Leclerc,77.531,21.723,29.422,26.386,Soft,1,1,323.1,0
R00233,2022,albert_park,56,Charles Leclerc,78.431,21.869,29.799,26.763,Soft,6,1,343.1,0
R00120,2016,bahrain,1,Lewis Hamilton,76.883,21.541,29.291,26.051,Hard,1,0,321.1,0
R00120,2016,bahrain,6,Lewis Hamilton,77.389,21.724,29.326,26.339,Hard,6,1,319.6,0
R00120,2016,bahrain,11,Lewis Hamilton,77.799,21.822,29.629,26.348,Hard,11,1,316.4,0
R00120,2016,bahrain,16,Lewis Hamilton,78.328,21.881,29.802,26.645,Hard,16,1,331.1,0
R00120,2016,bahrain,21,Lewis Hamilton,79.139,22.071,30.006,27.062,Hard,21,1,340.3,0
R00120,2016,bahrain,26,Lewis Hamilton,76.49,21.568,29.13,25.792,Hard,1,1,337.3,0
R00120,2016,bahrain,31,Lewis Hamilton,77.5,21.756,29.409,26.335,Hard,6,1,343.3,0
R00120,2016,bahrain,36,Lewis Hamilton,78.099,21.92,29.631,26.548,Hard,11,1,342.1,0
R00120,2016,bahrain,41,Lewis Hamilton,78.563,22.012,29.786,26.765,Hard,16,1,341.8,0
R00120,2016,bahrain,46,Lewis Hamilton,79.119,22.16,30.025,26.934,Hard,21,1,344.8,0
R00120,2016,bahrain,51,Lewis Hamilton,77.023,21.528,29.222,26.273,Hard,1,1,324.9,0
R00120,2016,bahrain,56,Lewis Hamilton,77.321,21.585,29.462,26.274,Hard,6,1,326.5,0
R00162,2018,bahrain,1,Lewis Hamilton,75.18,21.008,28.596,25.576,Soft,1,0,342.5,0
R00162,2018,bahrain,6,Lewis Hamilton,75.559,21.201,28.641,25.717,Soft,6,1,304.7,0
R00162,2018,bahrain,11,Lewis Hamilton,76.168,21.439,28.907,25.822,Soft,11,1,342.1,0
R00162,2018,bahrain,16,Lewis Hamilton,76.502,21.432,29.062,26.008,Soft,16,1,335.6,0
R00162,2018,bahrain,21,Lewis Hamilton,77.31,21.609,29.369,26.332,Soft,21,1,334.1,0
R00162,2018,bahrain,26,Lewis Hamilton,75.049,21.009,28.522,25.518,Soft,1,1,325.6,0
R00162,2018,bahrain,31,Lewis Hamilton,75.498,21.066,28.67,25.762,Soft,6,1,328.1,0
R00162,2018,bahrain,36,Lewis Hamilton,76.127,21.38,28.985,25.762,Soft,11,1,324.0,0
R00162,2018,bahrain,41,Lewis Hamilton,76.572,21.423,29.11,26.039,Soft,16,1,316.2,0
R00162,2018,bahrain,46,Lewis Hamilton,77.239,21.616,29.314,26.309,Soft,21,1,357.1,0
R00162,2018,bahrain,51,Lewis Hamilton,75.03,21.005,28.471,25.554,Soft,1,1,326.8,0
R00162,2018,bahrain,56,Lewis Hamilton,75.548,21.125,28.755,25.668,Soft,6,1,353.3,0
R00097,2015,canada,1,Lewis Hamilton,85.304,23.861,32.272,29.171,Soft,1,0,307.6,0
R00097,2015,canada,6,Lewis Hamilton,86.189,24.129,32.761,29.299,Soft,6,1,342.3,0
R00097,2015,canada,11,Lewis Hamilton,86.587,24.282,32.907,29.398,Soft,11,1,325.8,0
R00097,2015,canada,16,Lewis Hamilton,87.212,24.397,33.17,29.645,Soft,16,1,326.6,0
R00097,2015,canada,21,Lewis Hamilton,87.637,24.498,33.35,29.789,Soft,21,1,340.4,0
R00097,2015,canada,26,Lewis Hamilton,85.58,23.918,32.522,29.14,Soft,1,1,329.2,0
R00097,2015,canada,31,Lewis Hamilton,85.685,23.952,32.495,29.238,Medium,6,1,337.9,0
R00097,2015,canada,36,Lewis Hamilton,86.466,24.229,32.817,29.42,Medium,11,1,336.6,0
R00097,2015,canada,41,Lewis Hamilton,87.07,24.341,33.13,29.599,Medium,16,1,328.5,0
R00097,2015,canada,46,Lewis Hamilton,87.678,24.574,33.302,29.802,Medium,21,1,328.0,0
R00097,2015,canada,51,Lewis Hamilton,85.324,23.94,32.399,28.985,Medium,1,1,330.4,0
R00097,2015,canada,56,Lewis Hamilton,86.208,24.219,32.786,29.203,Medium,6,1,314.9,0
R00097,2015,canada,61,Lewis Hamilton,86.43,24.238,32.815,29.377,Medium,11,1,320.9,0
R00097,2015,canada,66,Lewis Hamilton,86.935,24.252,33.064,29.619,Medium,16,1,347.6,0
R00025,2011,canada,1,Lando Norris,73.39,20.598,27.813,24.979,Hard,1,0,322.9,0
R00025,2011,canada,6,Lando Norris,73.95,20.783,28.101,25.066,Hard,6,1,344.5,0
R00025,2011,canada,11,Lando Norris,74.345,20.862,28.215,25.268,Hard,11,1,307.9,0
R00025,2011,canada,16,Lando Norris,75.048,21.039,28.508,25.501,Hard,16,1,312.0,0
R00025,2011,canada,21,Lando Norris,75.449,21.079,28.644,25.726,Hard,21,1,337.6,0
R00025,2011,canada,26,Lando Norris,73.379,20.512,27.968,24.899,Hard,1,1,344.9,0
R00025,2011,canada,31,Lando Norris,74.163,20.74,28.185,25.238,Hard,6,1,329.9,0
R00025,2011,canada,36,Lando Norris,74.364,20.791,28.291,25.282,Hard,11,1,344.5,0
R00025,2011,canada,41,Lando Norris,74.889,21.001,28.455,25.433,Hard,16,1,351.4,0
R00025,2011,canada,46,Lando Norris,75.768,21.252,28.764,25.752,Hard,21,1,322.0,0
R00025,2011,canada,51,Lando Norris,73.477,20.611,28.011,24.855,Hard,1,1,332.2,0
R00025,2011,canada,56,Lando Norris,73.886,20.703,27.979,25.204,Hard,6,1,332.1,0
R00025,2011,canada,61,Lando Norris,74.542,20.88,28.311,25.351,Hard,11,1,333.4,0
R00025,2011,canada,66,Lando Norris,74.928,21.01,28.399,25.519,Hard,16,1,336.7,0
R00142,2017,bahrain,1,Charles Leclerc,73.95,20.662,28.072,25.216,Hard,1,0,326.6,0
R00142,2017,bahrain,6,Charles Leclerc,74.85,20.929,28.425,25.496,Hard,6,1,317.4,0
R00142,2017,bahrain,11,Charles Leclerc,75.376,21.219,28.579,25.578,Hard,11,1,337.8,0
R00142,2017,bahrain,16,Charles Leclerc,76.14,21.271,28.934,25.935,Hard,16,1,311.6,0
R00142,2017,bahrain,21,Charles Leclerc,76.42,21.362,28.977,26.081,Hard,21,1,333.0,0
R00142,2017,bahrain,26,Charles Leclerc,73.854,20.716,28.106,25.032,Soft,1,1,335.9,0
R00142,2017,bahrain,31,Charles Leclerc,74.655,20.873,28.287,25.495,Soft,6,1,346.0,0
R00142,2017,bahrain,36,Charles Leclerc,75.436,21.13,28.717,25.589,Soft,11,1,331.7,0
R00142,2017,bahrain,41,Charles Leclerc,76.126,21.368,28.81,25.948,Soft,16,1,327.5,0
R00142,2017,bahrain,46,Charles Leclerc,76.307,21.336,28.966,26.005,Soft,21,1,335.9,0
R00142,2017,bahrain,51,Charles Leclerc,74.156,20.703,28.177,25.276,Soft,1,1,305.9,0
R00142,2017,bahrain,56,Charles Leclerc,74.633,20.949,28.393,25.291,Soft,6,1,354.6,0
R00317,2025,cota,1,Lando Norris,82.797,23.171,31.443,28.183,Hard,1,0,347.7,0
R00317,2025,cota,6,Lando Norris,83.575,23.469,31.811,28.295,Hard,6,1,317.3,0
R00317,2025,cota,11,Lando Norris,83.965,23.547,31.935,28.483,Hard,11,1,333.3,0
R00317,2025,cota,16,Lando Norris,84.832,23.751,32.19,28.891,Hard,16,1,328.0,0
R00317,2025,cota,21,Lando Norris,85.144,23.805,32.285,29.054,Hard,21,1,325.7,0
R00317,2025,cota,26,Lando Norris,82.466,23.09,31.395,27.981,Soft,1,1,320.1,0
R00317,2025,cota,31,Lando Norris,83.62,23.399,31.773,28.448,Soft,6,1,321.2,0
R00317,2025,cota,36,Lando Norris,83.972,23.519,31.934,28.519,Soft,11,1,340.4,1
R00317,2025,cota,41,Lando Norris,84.475,23.69,32.081,28.704,Soft,16,1,317.1,0
R00317,2025,cota,46,Lando Norris,85.423,23.929,32.466,29.028,Soft,21,1,330.3,0
R00317,2025,cota,51,Lando Norris,82.882,23.172,31.477,28.233,Soft,1,1,336.2,0
R00317,2025,cota,56,Lando Norris,83.407,23.369,31.604,28.434,Soft,6,1,320.5,0
R00286,2024,silverstone,1,Charles Leclerc,75.347,21.169,28.65,25.528,Medium,1,0,315.1,0
R00286,2024,silverstone,6,Charles Leclerc,75.609,21.167,28.721,25.721,Medium,6,1,320.3,0
R00286,2024,silverstone,11,Charles Leclerc,76.069,21.29,28.857,25.922,Medium,11,1,333.0,0
R00286,2024,silverstone,16,Charles Leclerc,76.778,21.611,29.156,26.011,Medium,16,1,337.2,0
R00286,2024,silverstone,21,Charles Leclerc,77.353,21.59,29.305,26.458,Hard,21,1,335.1,0
R00286,2024,silverstone,26,Charles Leclerc,74.992,21.052,28.513,25.427,Hard,1,1,351.9,0
R00286,2024,silverstone,31,Charles Leclerc,75.446,21.19,28.696,25.56,Hard,6,1,335.9,0
R00286,2024,silverstone,36,Charles Leclerc,76.24,21.263,28.996,25.981,Hard,11,1,320.2,0
R00286,2024,silverstone,41,Charles Leclerc,76.89,21.479,29.217,26.194,Hard,16,1,324.8,0
R00286,2024,silverstone,46,Charles Leclerc,77.234,21.684,29.366,26.184,Hard,21,1,313.7,0
R00286,2024,silverstone,51,Charles Leclerc,75.254,21.076,28.565,25.613,Hard,1,1,332.6,0
R00016,2010,bahrain,1,Lando Norris,77.305,21.675,29.352,26.278,Soft,1,0,356.1,0
R00016,2010,bahrain,6,Lando Norris,77.99,21.863,29.577,26.55,Soft,6,1,329.0,0
R00016,2010,bahrain,11,Lando Norris,78.432,22.004,29.825,26.603,Soft,11,1,329.1,0
R00016,2010,bahrain,16,Lando Norris,79.225,22.144,30.134,26.947,Soft,16,1,339.1,0
R00016,2010,bahrain,21,Lando Norris,79.84,22.298,30.399,27.143,Soft,21,1,328.4,0
R00016,2010,bahrain,26,Lando Norris,77.319,21.583,29.29,26.446,Medium,1,1,322.2,0
R00016,2010,bahrain,31,Lando Norris,77.798,21.728,29.653,26.417,Medium,6,1,309.8,0
R00016,2010,bahrain,36,Lando Norris,78.719,21.96,29.839,26.92,Medium,11,1,353.1,0
R00016,2010,bahrain,41,Lando Norris,79.053,21.996,30.012,27.045,Medium,16,1,345.0,0
R00016,2010,bahrain,46,Lando Norris,79.866,22.364,30.251,27.251,Medium,21,1,353.3,0
R00016,2010,bahrain,51,Lando Norris,77.537,21.641,29.57,26.326,Medium,1,1,338.5,0
R00016,2010,bahrain,56,Lando Norris,77.943,21.831,29.601,26.511,Medium,6,1,325.0,0
R00182,2019,qatar,1,Lewis Hamilton,72.736,20.278,27.629,24.829,Soft,1,0,316.7,0
R00182,2019,qatar,6,Lewis Hamilton,73.178,20.382,27.857,24.939,Soft,6,1,328.3,0
R00182,2019,qatar,11,Lewis Hamilton,73.587,20.616,27.908,25.063,Soft,11,1,341.3,0
R00182,2019,qatar,16,Lewis Hamilton,74.413,20.785,28.283,25.345,Soft,16,1,334.2,0
R00182,2019,qatar,21,Lewis Hamilton,74.915,20.997,28.439,25.479,Soft,21,1,336.1,0
R00182,2019,qatar,26,Lewis Hamilton,72.727,20.361,27.7,24.666,Medium,1,1,329.6,0
R00182,2019,qatar,31,Lewis Hamilton,73.079,20.475,27.792,24.812,Medium,6,1,343.8,0
R00182,2019,qatar,36,Lewis Hamilton,73.827,20.739,28.079,25.009,Medium,11,1,301.2,0
R00182,2019,qatar,41,Lewis Hamilton,74.175,20.686,28.203,25.286,Medium,16,1,304.6,0
R00182,2019,qatar,46,Lewis Hamilton,74.848,20.879,28.453,25.516,Medium,21,1,336.9,0
R00182,2019,qatar,51,Lewis Hamilton,72.804,20.405,27.672,24.727,Medium,1,1,309.7,0
R00182,2019,qatar,56,Lewis Hamilton,73.002,20.515,27.783,24.704,Medium,6,1,324.8,0
R00055,2013,bahrain,1,Max Verstappen,87.326,24.391,33.214,29.721,Medium,1,0,350.4,0
R00055,2013,bahrain,6,Max Verstappen,87.766,24.695,33.368,29.703,Medium,6,1,330.1,0
R00055,2013,bahrain,11,Max Verstappen,88.444,24.713,33.597,30.134,Medium,11,1,340.0,0
R00055,2013,bahrain,16,Max Verstappen,89.346,24.991,33.925,30.43,Medium,16,1,325.7,0
R00055,2013,bahrain,21,Max Verstappen,90.022,25.226,34.132,30.664,Medium,21,1,331.7,0
R00055,2013,bahrain,26,Max Verstappen,87.427,24.398,33.276,29.753,Hard,1,1,343.9,0
R00055,2013,bahrain,31,Max Verstappen,87.77,24.607,33.419,29.744,Hard,6,1,338.0,0
R00055,2013,bahrain,36,Max Verstappen,88.752,24.858,33.717,30.177,Hard,11,1,334.4,0
R00055,2013,bahrain,41,Max Verstappen,89.354,25.035,33.973,30.346,Hard,16,1,323.2,0
R00055,2013,bahrain,46,Max Verstappen,89.738,25.099,34.144,30.495,Hard,21,1,342.3,0
R00055,2013,bahrain,51,Max Verstappen,87.277,24.452,33.17,29.655,Hard,1,1,340.1,0
R00055,2013,bahrain,56,Max Verstappen,88.031,24.708,33.476,29.847,Hard,6,1,311.6,0
R00089,2014,brazil,1,Lewis Hamilton,89.129,24.971,33.795,30.363,Intermediate,1,0,339.5,0
R00089,2014,brazil,6,Lewis Hamilton,89.791,25.102,34.101,30.588,Intermediate,6,0,336.8,0
R00089,2014,brazil,11,Lewis Hamilton,90.838,25.515,34.487,30.836,Intermediate,11,0,326.2,0
R00089,2014,brazil,16,Lewis Hamilton,91.5,25.722,34.802,30.976,Intermediate,16,0,321.9,0
R00089,2014,brazil,21,Lewis Hamilton,91.545,25.659,34.847,31.039,Intermediate,21,0,343.1,0
R00089,2014,brazil,26,Lewis Hamilton,89.293,24.943,33.989,30.361,Intermediate,1,0,334.4,0
R00089,2014,brazil,31,Lewis Hamilton,90.143,25.22,34.194,30.729,Hard,6,0,343.5,0
R00089,2014,brazil,36,Lewis Hamilton,90.703,25.366,34.457,30.88,Hard,11,0,299.3,0
R00089,2014,brazil,41,Lewis Hamilton,91.317,25.545,34.649,31.123,Hard,16,0,330.5,0
R00089,2014,brazil,46,Lewis Hamilton,91.721,25.663,34.802,31.256,Hard,21,0,329.6,1
R00089,2014,brazil,51,Lewis Hamilton,89.112,24.843,33.833,30.436,Hard,1,0,330.7,0
R00089,2014,brazil,56,Lewis Hamilton,89.774,25.06,34.136,30.578,Hard,6,0,325.2,0
R00089,2014,brazil,61,Lewis Hamilton,90.73,25.451,34.51,30.769,Hard,11,0,334.8,0
R00089,2014,brazil,66,Lewis Hamilton,91.166,25.479,34.695,30.992,Hard,16,0,325.2,0
R00089,2014,brazil,71,Lewis Hamilton,92.323,25.906,35.091,31.326,Hard,21,0,317.6,0
R00020,2011,bahrain,1,Max Verstappen,86.493,24.196,32.814,29.483,Soft,1,0,342.8,0
R00020,2011,bahrain,6,Max Verstappen,87.001,24.439,33.09,29.472,Soft,6,1,332.9,0
R00020,2011,bahrain,11,Max Verstappen,87.607,24.497,33.367,29.743,Soft,11,1,326.8,0
R00020,2011,bahrain,16,Max Verstappen,88.586,24.833,33.724,30.029,Soft,16,1,328.2,0
R00020,2011,bahrain,21,Max Verstappen,89.091,24.946,33.886,30.259,Soft,21,1,330.0,0
R00020,2011,bahrain,26,Max Verstappen,86.091,24.074,32.674,29.343,Medium,1,1,343.0,0
R00020,2011,bahrain,31,Max Verstappen,87.116,24.411,33.109,29.596,Medium,6,1,330.1,0
R00020,2011,bahrain,36,Max Verstappen,87.65,24.543,33.324,29.783,Medium,11,1,318.2,0
R00020,2011,bahrain,41,Max Verstappen,88.705,24.777,33.754,30.174,Medium,16,1,329.6,0
R00020,2011,bahrain,46,Max Verstappen,88.939,24.954,33.805,30.18,Medium,21,1,353.1,0
R00020,2011,bahrain,51,Max Verstappen,86.444,24.184,32.771,29.489,Medium,1,1,343.7,0
R00020,2011,bahrain,56,Max Verstappen,86.661,24.206,32.925,29.53,Medium,6,1,329.8,0
R00192,2020,miami,1,Yuki Tsunoda,76.612,21.488,29.083,26.041,Hard,1,0,339.7,0
R00192,2020,miami,6,Yuki Tsunoda,76.99,21.533,29.258,26.199,Hard,6,1,349.5,0
R00192,2020,miami,11,Yuki Tsunoda,77.297,21.677,29.395,26.225,Hard,11,1,333.8,0
R00192,2020,miami,16,Yuki Tsunoda,78.156,21.861,29.643,26.652,Hard,16,1,328.1,0
R00192,2020,miami,21,Yuki Tsunoda,78.554,21.971,29.76,26.823,Hard,21,1,317.3,0
R00192,2020,miami,26,Yuki Tsunoda,76.327,21.407,29.013,25.907,Medium,1,1,331.6,0
R00192,2020,miami,31,Yuki Tsunoda,76.918,21.587,29.252,26.079,Medium,6,1,312.7,0
R00192,2020,miami,36,Yuki Tsunoda,77.422,21.604,29.336,26.482,Medium,11,1,339.8,0
R00192,2020,miami,41,Yuki Tsunoda,77.965,21.821,29.614,26.53,Medium,16,1,328.7,0
R00192,2020,miami,46,Yuki Tsunoda,78.471,22.073,29.812,26.586,Medium,21,1,340.4,0
R00192,2020,miami,51,Yuki Tsunoda,76.398,21.402,29.078,25.918,Medium,1,1,337.8,0
R00192,2020,miami,56,Yuki Tsunoda,76.815,21.555,29.111,26.149,Medium,6,1,330.1,0
R00101,2015,hungary,1,Lewis Hamilton,86.384,24.246,32.897,29.241,Intermediate,1,0,325.6,0
R00101,2015,hungary,6,Lewis Hamilton,86.91,24.274,33.076,29.56,Intermediate,6,0,339.2,0
R00101,2015,hungary,11,Lewis Hamilton,87.443,24.525,33.128,29.79,Intermediate,11,0,333.0,0
R00101,2015,hungary,16,Lewis Hamilton,88.182,24.69,33.468,30.024,Intermediate,16,0,330.9,0
R00101,2015,hungary,21,Lewis Hamilton,88.804,24.83,33.663,30.311,Intermediate,21,0,326.7,0
R00101,2015,hungary,26,Lewis Hamilton,86.348,24.126,32.813,29.409,Intermediate,1,0,325.6,0
R00101,2015,hungary,31,Lewis Hamilton,87.255,24.445,33.13,29.68,Hard,6,0,330.3,0
R00101,2015,hungary,36,Lewis Hamilton,87.704,24.54,33.366,29.798,Hard,11,0,318.8,0
R00101,2015,hungary,41,Lewis Hamilton,88.325,24.817,33.643,29.865,Hard,16,0,323.0,0
R00101,2015,hungary,46,Lewis Hamilton,88.819,24.82,33.781,30.218,Hard,21,0,335.2,0
R00101,2015,hungary,51,Lewis Hamilton,86.643,24.256,33.023,29.364,Hard,1,0,351.4,0
R00101,2015,hungary,56,Lewis Hamilton,87.028,24.364,33.159,29.505,Hard,6,0,319.6,0
R00101,2015,hungary,61,Lewis Hamilton,87.868,24.537,33.39,29.941,Hard,11,0,327.0,0
R00101,2015,hungary,66,Lewis Hamilton,88.631,24.807,33.658,30.166,Hard,16,0,351.0,0
R00042,2012,monaco,1,Esteban Ocon,74.954,20.971,28.454,25.529,Intermediate,1,0,331.7,0
R00042,2012,monaco,6,Esteban Ocon,75.685,21.115,28.8,25.77,Intermediate,6,0,314.9,0
R00042,2012,monaco,11,Esteban Ocon,75.913,21.341,28.872,25.7,Intermediate,11,0,327.7,0
R00042,2012,monaco,16,Esteban Ocon,76.95,21.587,29.226,26.137,Intermediate,16,0,328.7,0
R00042,2012,monaco,21,Esteban Ocon,77.256,21.625,29.361,26.27,Intermediate,21,0,358.3,0
R00042,2012,monaco,26,Esteban Ocon,74.652,20.919,28.453,25.28,Intermediate,1,0,325.8,0
R00042,2012,monaco,31,Esteban Ocon,75.399,21.069,28.645,25.685,Intermediate,6,0,325.1,0
R00042,2012,monaco,36,Esteban Ocon,76.032,21.274,28.893,25.865,Intermediate,11,0,313.6,0
R00042,2012,monaco,41,Esteban Ocon,76.73,21.511,29.127,26.092,Intermediate,16,0,340.3,0
R00042,2012,monaco,46,Esteban Ocon,77.204,21.601,29.369,26.234,Intermediate,21,0,331.9,0
R00042,2012,monaco,51,Esteban Ocon,75.137,21.046,28.512,25.579,Intermediate,1,0,328.1,0
R00042,2012,monaco,56,Esteban Ocon,75.486,21.2,28.694,25.592,Intermediate,6,0,308.3,0
R00042,2012,monaco,61,Esteban Ocon,76.334,21.34,28.972,26.022,Intermediate,11,0,325.1,0
R00042,2012,monaco,66,Esteban Ocon,76.599,21.445,29.068,26.086,Intermediate,16,0,325.6,0
R00042,2012,monaco,71,Esteban Ocon,77.262,21.735,29.392,26.135,Intermediate,21,0,327.9,0
R00042,2012,monaco,76,Esteban Ocon,75.007,20.9,28.566,25.541,Intermediate,1,0,315.4,0
R00196,2020,austria,1,Lewis Hamilton,70.894,19.811,26.956,24.127,Medium,1,0,317.3,0
R00196,2020,austria,6,Lewis Hamilton,71.699,19.995,27.275,24.429,Medium,6,1,333.7,0
R00196,2020,austria,11,Lewis Hamilton,72.119,20.175,27.32,24.624,Medium,11,1,317.6,0
R00196,2020,austria,16,Lewis Hamilton,72.345,20.279,27.473,24.593,Medium,16,1,340.8,0
R00196,2020,austria,21,Lewis Hamilton,72.882,20.328,27.666,24.888,Medium,21,1,332.0,0
R00196,2020,austria,26,Lewis Hamilton,70.885,19.849,26.901,24.135,Medium,1,1,346.8,0
R00196,2020,austria,31,Lewis Hamilton,71.475,19.975,27.189,24.311,Medium,6,1,342.8,0
R00196,2020,austria,36,Lewis Hamilton,72.03,20.167,27.345,24.518,Medium,11,1,310.9,0
R00196,2020,austria,41,Lewis Hamilton,72.331,20.257,27.494,24.58,Medium,16,1,310.2,0
R00196,2020,austria,46,Lewis Hamilton,73.31,20.433,27.875,25.002,Medium,21,1,321.0,1
R00196,2020,austria,51,Lewis Hamilton,70.732,19.939,26.853,23.94,Medium,1,1,331.4,0
R00196,2020,austria,56,Lewis Hamilton,71.367,20.003,27.159,24.205,Medium,6,1,325.9,0
R00196,2020,austria,61,Lewis Hamilton,72.046,20.13,27.432,24.484,Medium,11,1,329.6,0
R00196,2020,austria,66,Lewis Hamilton,72.416,20.26,27.532,24.624,Medium,16,1,338.9,0
R00196,2020,austria,71,Lewis Hamilton,73.054,20.467,27.879,24.708,Medium,21,1,328.9,0
R00052,2012,bahrain,1,Lando Norris,82.476,23.104,31.44,27.932,Soft,1,0,312.5,0
R00052,2012,bahrain,6,Lando Norris,82.828,23.149,31.583,28.096,Soft,6,1,328.8,0
R00052,2012,bahrain,11,Lando Norris,83.572,23.403,31.71,28.459,Soft,11,1,323.1,0
R00052,2012,bahrain,16,Lando Norris,84.041,23.591,32.091,28.359,Soft,16,1,332.7,0
R00052,2012,bahrain,21,Lando Norris,84.979,23.789,32.339,28.851,Soft,21,1,337.0,0
R00052,2012,bahrain,26,Lando Norris,82.16,23.119,31.294,27.747,Medium,1,1,334.1,0
R00052,2012,bahrain,31,Lando Norris,82.46,23.183,31.252,28.025,Medium,6,1,331.9,0
R00052,2012,bahrain,36,Lando Norris,83.362,23.308,31.7,28.354,Medium,11,1,330.6,0
R00052,2012,bahrain,41,Lando Norris,84.343,23.675,32.074,28.594,Medium,16,1,328.8,0
R00052,2012,bahrain,46,Lando Norris,84.832,23.772,32.168,28.892,Medium,21,1,343.2,0
R00052,2012,bahrain,51,Lando Norris,82.711,23.147,31.429,28.135,Medium,1,1,316.8,0
R00052,2012,bahrain,56,Lando Norris,83.204,23.247,31.569,28.388,Medium,6,1,340.8,0
R00013,2010,bahrain,1,Esteban Ocon,81.317,22.688,30.943,27.686,Hard,1,0,328.1,0
R00013,2010,bahrain,6,Esteban Ocon,81.384,22.787,30.881,27.716,Hard,6,1,320.7,0
R00013,2010,bahrain,11,Esteban Ocon,82.106,23.028,31.236,27.842,Hard,11,1,345.9,0
R00013,2010,bahrain,16,Esteban Ocon,82.999,23.261,31.6,28.138,Hard,16,1,336.1,0
R00013,2010,bahrain,21,Esteban Ocon,83.495,23.403,31.683,28.409,Hard,21,1,326.7,0
R00013,2010,bahrain,26,Esteban Ocon,80.908,22.573,30.751,27.584,Medium,1,1,321.1,0
R00013,2010,bahrain,31,Esteban Ocon,81.496,22.842,30.962,27.692,Medium,6,1,341.9,0
R00013,2010,bahrain,36,Esteban Ocon,82.479,23.044,31.35,28.085,Medium,11,1,337.0,0
R00013,2010,bahrain,41,Esteban Ocon,82.777,23.167,31.45,28.16,Medium,16,1,321.8,0
R00013,2010,bahrain,46,Esteban Ocon,83.501,23.256,31.786,28.459,Medium,21,1,326.0,0
R00013,2010,bahrain,51,Esteban Ocon,81.065,22.629,30.825,27.611,Medium,1,1,352.9,0
R00013,2010,bahrain,56,Esteban Ocon,81.551,22.822,31.121,27.608,Medium,6,1,325.1,0
R00267,2023,singapore,1,Max Verstappen,81.372,22.836,30.914,27.622,Medium,1,0,343.8,0
R00267,2023,singapore,6,Max Verstappen,82.262,22.949,31.328,27.985,Medium,6,1,350.6,0
R00267,2023,singapore,11,Max Verstappen,82.734,23.188,31.467,28.079,Medium,11,1,334.9,0
R00267,2023,singapore,16,Max Verstappen,83.331,23.368,31.753,28.21,Medium,16,1,331.5,0
R00267,2023,singapore,21,Max Verstappen,84.085,23.418,31.963,28.704,Medium,21,1,329.3,1
R00267,2023,singapore,26,Max Verstappen,81.455,22.776,30.964,27.715,Hard,1,1,332.9,0
R00267,2023,singapore,31,Max Verstappen,81.945,22.987,31.136,27.822,Hard,6,1,332.9,0
R00267,2023,singapore,36,Max Verstappen,82.834,23.156,31.432,28.246,Hard,11,1,326.1,0
R00267,2023,singapore,41,Max Verstappen,83.522,23.434,31.714,28.374,Hard,16,1,363.8,0
R00267,2023,singapore,46,Max Verstappen,84.014,23.629,31.945,28.44,Hard,21,1,317.7,0
R00267,2023,singapore,51,Max Verstappen,81.574,22.878,30.923,27.773,Hard,1,1,322.3,0
R00267,2023,singapore,56,Max Verstappen,82.558,23.136,31.432,27.99,Hard,6,1,324.0,0
R00267,2023,singapore,61,Max Verstappen,82.954,23.321,31.493,28.14,Hard,11,1,339.3,0
R00227,2021,brazil,1,Charles Leclerc,81.915,22.972,31.116,27.827,Intermediate,1,0,325.6,0
R00227,2021,brazil,6,Charles Leclerc,82.669,23.064,31.377,28.228,Intermediate,6,0,326.9,0
R00227,2021,brazil,11,Charles Leclerc,82.981,23.25,31.64,28.091,Intermediate,11,0,338.1,0
R00227,2021,brazil,16,Charles Leclerc,83.825,23.493,31.859,28.473,Intermediate,16,0,344.5,0
R00227,2021,brazil,21,Charles Leclerc,84.5,23.614,32.118,28.768,Intermediate,21,0,343.9,0
R00227,2021,brazil,26,Charles Leclerc,81.96,22.794,31.021,28.145,Intermediate,1,0,323.5,0
R00227,2021,brazil,31,Charles Leclerc,82.764,23.175,31.423,28.166,Soft,6,0,319.5,0
R00227,2021,brazil,36,Charles Leclerc,83.053,23.276,31.582,28.195,Soft,11,0,325.8,0
R00227,2021,brazil,41,Charles Leclerc,83.709,23.465,31.735,28.509,Soft,16,0,328.6,0
R00227,2021,brazil,46,Charles Leclerc,84.409,23.574,32.189,28.646,Soft,21,0,347.7,1
R00227,2021,brazil,51,Charles Leclerc,81.663,22.843,30.973,27.847,Soft,1,0,337.3,0
R00227,2021,brazil,56,Charles Leclerc,82.481,23.106,31.388,27.987,Soft,6,0,338.1,0
R00227,2021,brazil,61,Charles Leclerc,83.385,23.412,31.691,28.282,Soft,11,0,293.1,0
R00227,2021,brazil,66,Charles Leclerc,83.551,23.328,31.763,28.46,Soft,16,0,321.4,0
R00227,2021,brazil,71,Charles Leclerc,84.651,23.605,32.188,28.858,Soft,21,0,336.7,0
R00131,2017,spain,1,Lewis Hamilton,72.387,20.393,27.558,24.436,Medium,1,0,333.0,0
R00131,2017,spain,6,Lewis Hamilton,73.123,20.385,27.779,24.959,Medium,6,1,330.1,0
R00131,2017,spain,11,Lewis Hamilton,73.683,20.62,27.938,25.125,Medium,11,1,356.6,0
R00131,2017,spain,16,Lewis Hamilton,74.448,20.784,28.229,25.435,Medium,16,1,323.9,0
R00131,2017,spain,21,Lewis Hamilton,74.822,20.934,28.363,25.525,Medium,21,1,348.1,0
R00131,2017,spain,26,Lewis Hamilton,72.892,20.429,27.725,24.738,Medium,1,1,325.6,0
R00131,2017,spain,31,Lewis Hamilton,73.243,20.526,27.788,24.929,Medium,6,1,330.5,0
R00131,2017,spain,36,Lewis Hamilton,73.779,20.696,28.015,25.068,Medium,11,1,340.2,0
R00131,2017,spain,41,Lewis Hamilton,74.359,20.792,28.297,25.27,Medium,16,1,331.6,0
R00131,2017,spain,46,Lewis Hamilton,74.806,20.882,28.434,25.49,Medium,21,1,336.1,0
R00131,2017,spain,51,Lewis Hamilton,72.499,20.178,27.538,24.783,Medium,1,1,332.3,0
R00131,2017,spain,56,Lewis Hamilton,73.234,20.405,27.884,24.945,Medium,6,1,334.0,0
R00131,2017,spain,61,Lewis Hamilton,73.856,20.617,28.064,25.175,Medium,11,1,318.6,0
R00131,2017,spain,66,Lewis Hamilton,74.429,20.847,28.299,25.283,Medium,16,1,330.7,0
R00108,2015,abu_dhabi,1,Lewis Hamilton,75.283,21.151,28.581,25.551,Medium,1,0,324.3,0
R00108,2015,abu_dhabi,6,Lewis Hamilton,75.955,21.354,28.722,25.879,Medium,6,1,322.7,0
R00108,2015,abu_dhabi,11,Lewis Hamilton,76.449,21.458,29.022,25.969,Medium,11,1,301.5,0
R00108,2015,abu_dhabi,16,Lewis Hamilton,76.921,21.597,29.265,26.059,Medium,16,1,287.7,0
R00108,2015,abu_dhabi,21,Lewis Hamilton,77.494,21.646,29.409,26.439,Medium,21,1,350.0,0
R00108,2015,abu_dhabi,26,Lewis Hamilton,75.215,21.083,28.594,25.538,Hard,1,1,322.4,0
R00108,2015,abu_dhabi,31,Lewis Hamilton,75.865,21.219,28.877,25.769,Hard,6,1,328.9,0
R00108,2015,abu_dhabi,36,Lewis Hamilton,76.441,21.449,29.116,25.876,Hard,11,1,315.6,0
R00108,2015,abu_dhabi,41,Lewis Hamilton,76.76,21.573,29.148,26.039,Hard,16,1,327.0,0
R00108,2015,abu_dhabi,46,Lewis Hamilton,77.511,21.644,29.533,26.334,Hard,21,1,326.1,0
R00108,2015,abu_dhabi,51,Lewis Hamilton,74.899,20.959,28.401,25.539,Hard,1,1,302.3,0
R00108,2015,abu_dhabi,56,Lewis Hamilton,75.836,21.284,28.746,25.806,Hard,6,1,348.5,0
R00161,2018,bahrain,1,Lewis Hamilton,80.117,22.448,30.528,27.141,Hard,1,0,348.6,0
R00161,2018,bahrain,6,Lewis Hamilton,80.843,22.614,30.827,27.402,Hard,6,1,338.8,0
R00161,2018,bahrain,11,Lewis Hamilton,81.241,22.726,30.966,27.549,Hard,11,1,341.4,0
R00161,2018,bahrain,16,Lewis Hamilton,81.998,22.965,31.148,27.885,Hard,16,1,307.3,0
R00161,2018,bahrain,21,Lewis Hamilton,82.309,23.12,31.263,27.926,Hard,21,1,337.3,0
R00161,2018,bahrain,26,Lewis Hamilton,80.039,22.469,30.405,27.165,Medium,1,1,328.7,0
R00161,2018,bahrain,31,Lewis Hamilton,80.585,22.64,30.687,27.258,Medium,6,1,315.8,0
R00161,2018,bahrain,36,Lewis Hamilton,81.275,22.749,30.79,27.736,Medium,11,1,315.8,0
R00161,2018,bahrain,41,Lewis Hamilton,81.88,22.855,31.026,27.999,Medium,16,1,312.0,0
R00161,2018,bahrain,46,Lewis Hamilton,82.109,23.042,31.205,27.862,Medium,21,1,311.7,0
R00161,2018,bahrain,51,Lewis Hamilton,80.042,22.375,30.376,27.291,Medium,1,1,345.7,0
R00161,2018,bahrain,56,Lewis Hamilton,80.344,22.482,30.568,27.294,Medium,6,1,341.4,0
R00329,2026,monaco,1,Charles Leclerc,84.555,23.688,32.124,28.743,Soft,1,0,334.9,0
R00329,2026,monaco,6,Charles Leclerc,85.247,23.841,32.395,29.011,Soft,6,1,330.4,0
R00329,2026,monaco,11,Charles Leclerc,85.477,23.959,32.426,29.092,Soft,11,1,333.4,0
R00329,2026,monaco,16,Charles Leclerc,86.443,24.321,32.813,29.309,Soft,16,1,346.8,0
R00329,2026,monaco,21,Charles Leclerc,87.146,24.408,33.145,29.593,Soft,21,1,337.1,0
R00329,2026,monaco,26,Charles Leclerc,84.388,23.566,32.11,28.712,Soft,1,1,330.4,0
R00329,2026,monaco,31,Charles Leclerc,85.104,23.832,32.316,28.956,Soft,6,1,338.8,0
R00329,2026,monaco,36,Charles Leclerc,85.988,23.987,32.688,29.313,Hard,11,1,313.8,0
R00329,2026,monaco,41,Charles Leclerc,86.401,24.275,32.802,29.324,Hard,16,1,317.5,0
R00329,2026,monaco,46,Charles Leclerc,87.206,24.377,33.115,29.714,Hard,21,1,311.4,0
R00329,2026,monaco,51,Charles Leclerc,84.397,23.637,32.064,28.696,Hard,1,1,326.4,0
R00329,2026,monaco,56,Charles Leclerc,85.32,23.865,32.448,29.007,Hard,6,1,328.3,0
R00329,2026,monaco,61,Charles Leclerc,85.703,23.995,32.601,29.107,Hard,11,1,325.8,0
R00329,2026,monaco,66,Charles Leclerc,85.995,24.073,32.675,29.247,Hard,16,1,343.7,0
R00329,2026,monaco,71,Charles Leclerc,87.469,24.507,33.219,29.743,Hard,21,1,343.1,0
R00329,2026,monaco,76,Charles Leclerc,84.516,23.675,32.169,28.672,Hard,1,1,320.6,0
R00144,2017,abu_dhabi,1,Lewis Hamilton,79.424,22.196,30.17,27.058,Medium,1,0,343.8,0
R00144,2017,abu_dhabi,6,Lewis Hamilton,79.979,22.396,30.337,27.246,Medium,6,1,352.0,0
R00144,2017,abu_dhabi,11,Lewis Hamilton,80.83,22.593,30.708,27.529,Medium,11,1,313.7,0
R00144,2017,abu_dhabi,16,Lewis Hamilton,81.146,22.701,30.834,27.611,Medium,16,1,334.8,0
R00144,2017,abu_dhabi,21,Lewis Hamilton,82.068,23.002,31.148,27.918,Medium,21,1,322.1,0
R00144,2017,abu_dhabi,26,Lewis Hamilton,79.483,22.284,30.221,26.978,Medium,1,1,327.2,0
R00144,2017,abu_dhabi,31,Lewis Hamilton,79.912,22.395,30.39,27.127,Medium,6,1,336.6,0
R00144,2017,abu_dhabi,36,Lewis Hamilton,80.497,22.577,30.6,27.32,Medium,11,1,321.6,0
R00144,2017,abu_dhabi,41,Lewis Hamilton,81.64,22.88,30.974,27.786,Medium,16,1,325.9,0
R00144,2017,abu_dhabi,46,Lewis Hamilton,81.202,22.654,30.873,27.675,Medium,21,1,307.4,0
R00144,2017,abu_dhabi,51,Lewis Hamilton,79.303,22.223,30.164,26.916,Medium,1,1,328.7,0
R00144,2017,abu_dhabi,56,Lewis Hamilton,80.233,22.428,30.489,27.316,Medium,6,1,338.6,0
R00290,2024,monza,1,Max Verstappen,75.109,21.088,28.554,25.467,Hard,1,0,333.2,0
R00290,2024,monza,6,Max Verstappen,75.765,21.206,28.785,25.774,Hard,6,1,337.5,0
R00290,2024,monza,11,Max Verstappen,76.089,21.318,28.914,25.857,Hard,11,1,348.0,0
R00290,2024,monza,16,Max Verstappen,76.846,21.501,29.252,26.093,Hard,16,1,329.5,0
R00290,2024,monza,21,Max Verstappen,77.502,21.674,29.474,26.354,Hard,21,1,327.0,0
R00290,2024,monza,26,Max Verstappen,75.386,21.092,28.64,25.654,Hard,1,1,340.5,0
R00290,2024,monza,31,Max Verstappen,75.827,21.249,28.882,25.696,Hard,6,1,332.4,0
R00290,2024,monza,36,Max Verstappen,76.703,21.532,29.161,26.01,Hard,11,1,356.0,0
R00290,2024,monza,41,Max Verstappen,76.846,21.479,29.165,26.202,Hard,16,1,330.7,0
R00290,2024,monza,46,Max Verstappen,77.53,21.73,29.511,26.289,Hard,21,1,322.0,0
R00290,2024,monza,51,Max Verstappen,75.531,21.146,28.73,25.655,Hard,1,1,348.9,0
R00315,2025,baku,1,Max Verstappen,84.525,23.651,32.071,28.803,Medium,1,0,325.8,0
R00315,2025,baku,6,Max Verstappen,85.328,23.947,32.415,28.966,Medium,6,1,339.6,0
R00315,2025,baku,11,Max Verstappen,85.691,23.98,32.52,29.191,Medium,11,1,328.5,0
R00315,2025,baku,16,Max Verstappen,86.474,24.358,32.796,29.32,Medium,16,1,325.8,0
R00315,2025,baku,21,Max Verstappen,86.778,24.429,32.965,29.384,Medium,21,1,331.1,0
R00315,2025,baku,26,Max Verstappen,84.408,23.711,32.092,28.605,Medium,1,1,324.9,0
R00315,2025,baku,31,Max Verstappen,85.238,23.861,32.385,28.992,Medium,6,1,311.7,0
R00315,2025,baku,36,Max Verstappen,85.996,24.104,32.603,29.289,Medium,11,1,326.4,0
R00315,2025,baku,41,Max Verstappen,86.238,24.116,32.799,29.323,Medium,16,1,344.1,0
R00315,2025,baku,46,Max Verstappen,86.786,24.258,32.98,29.548,Medium,21,1,319.8,0
R00315,2025,baku,51,Max Verstappen,84.406,23.555,32.078,28.773,Medium,1,1,338.5,0
R00049,2012,bahrain,1,Lando Norris,80.798,22.704,30.78,27.314,Hard,1,0,327.7,0
R00049,2012,bahrain,6,Lando Norris,81.278,22.705,30.815,27.758,Hard,6,1,326.6,0
R00049,2012,bahrain,11,Lando Norris,81.867,22.982,31.142,27.743,Hard,11,1,322.4,0
R00049,2012,bahrain,16,Lando Norris,82.699,23.165,31.417,28.117,Hard,16,1,352.4,0
R00049,2012,bahrain,21,Lando Norris,83.31,23.377,31.534,28.399,Hard,21,1,318.1,0
R00049,2012,bahrain,26,Lando Norris,80.977,22.714,30.805,27.458,Soft,1,1,330.6,0
R00049,2012,bahrain,31,Lando Norris,81.516,22.945,30.863,27.708,Soft,6,1,354.6,0
R00049,2012,bahrain,36,Lando Norris,81.983,22.954,31.117,27.912,Soft,11,1,317.3,0
R00049,2012,bahrain,41,Lando Norris,82.885,23.243,31.508,28.134,Soft,16,1,334.9,0
R00049,2012,bahrain,46,Lando Norris,83.225,23.318,31.664,28.243,Soft,21,1,322.8,0
R00049,2012,bahrain,51,Lando Norris,80.866,22.643,30.71,27.513,Soft,1,1,328.6,0
R00049,2012,bahrain,56,Lando Norris,81.301,22.756,30.899,27.646,Soft,6,1,319.6,0
R00090,2014,abu_dhabi,1,Lewis Hamilton,77.607,21.77,29.577,26.26,Medium,1,0,343.1,0
R00090,2014,abu_dhabi,6,Lewis Hamilton,78.374,21.962,29.754,26.658,Medium,6,1,343.6,0
R00090,2014,abu_dhabi,11,Lewis Hamilton,78.722,21.957,29.893,26.872,Medium,11,1,340.8,0
R00090,2014,abu_dhabi,16,Lewis Hamilton,79.645,22.223,30.277,27.145,Medium,16,1,324.2,0
R00090,2014,abu_dhabi,21,Lewis Hamilton,79.718,22.301,30.337,27.08,Medium,21,1,340.1,0
R00090,2014,abu_dhabi,26,Lewis Hamilton,77.835,21.82,29.561,26.454,Hard,1,1,322.4,0
R00090,2014,abu_dhabi,31,Lewis Hamilton,78.616,22.024,29.89,26.702,Hard,6,1,350.5,0
R00090,2014,abu_dhabi,36,Lewis Hamilton,78.85,22.096,29.885,26.869,Hard,11,1,316.6,0
R00090,2014,abu_dhabi,41,Lewis Hamilton,79.535,22.295,30.169,27.071,Hard,16,1,332.7,0
R00090,2014,abu_dhabi,46,Lewis Hamilton,80.107,22.454,30.471,27.182,Hard,21,1,318.7,0
R00090,2014,abu_dhabi,51,Lewis Hamilton,77.974,21.882,29.636,26.456,Hard,1,1,329.1,0
R00090,2014,abu_dhabi,56,Lewis Hamilton,78.662,21.998,29.836,26.828,Hard,6,1,327.6,0
R00323,2026,bahrain,1,Lando Norris,73.101,20.357,27.81,24.934,Medium,1,0,318.8,0
R00323,2026,bahrain,6,Lando Norris,73.535,20.633,27.926,24.976,Medium,6,1,340.9,0
R00323,2026,bahrain,11,Lando Norris,74.132,20.768,28.204,25.16,Medium,11,1,333.1,0
R00323,2026,bahrain,16,Lando Norris,74.546,20.796,28.245,25.505,Medium,16,1,339.9,0
R00323,2026,bahrain,21,Lando Norris,75.328,21.103,28.603,25.622,Medium,21,1,325.1,0
R00323,2026,bahrain,26,Lando Norris,73.041,20.522,27.803,24.716,Soft,1,1,330.5,0
R00323,2026,bahrain,31,Lando Norris,73.65,20.637,27.933,25.08,Soft,6,1,334.6,0
R00323,2026,bahrain,36,Lando Norris,74.227,20.848,28.169,25.21,Soft,11,1,330.3,0
R00323,2026,bahrain,41,Lando Norris,75.074,21.076,28.506,25.492,Soft,16,1,318.7,0
R00323,2026,bahrain,46,Lando Norris,75.397,21.115,28.636,25.646,Soft,21,1,340.0,0
R00323,2026,bahrain,51,Lando Norris,73.023,20.356,27.788,24.879,Soft,1,1,340.7,0
R00323,2026,bahrain,56,Lando Norris,73.812,20.724,27.962,25.126,Soft,6,1,324.1,0
R00222,2021,monza,1,Lewis Hamilton,79.932,22.281,30.319,27.332,Soft,1,0,310.8,0
R00222,2021,monza,6,Lewis Hamilton,80.51,22.534,30.621,27.355,Soft,6,1,324.6,0
R00222,2021,monza,11,Lewis Hamilton,81.348,22.819,30.921,27.608,Soft,11,1,338.5,0
R00222,2021,monza,16,Lewis Hamilton,81.682,22.894,31.06,27.728,Soft,16,1,344.9,0
R00222,2021,monza,21,Lewis Hamilton,82.743,23.197,31.351,28.195,Soft,21,1,328.5,0
R00222,2021,monza,26,Lewis Hamilton,80.08,22.406,30.472,27.202,Soft,1,1,309.0,0
R00222,2021,monza,31,Lewis Hamilton,80.503,22.488,30.624,27.391,Soft,6,1,331.8,0
R00222,2021,monza,36,Lewis Hamilton,81.208,22.662,30.878,27.668,Soft,11,1,353.9,0
R00222,2021,monza,41,Lewis Hamilton,81.645,22.756,31.025,27.864,Soft,16,1,332.6,0
R00222,2021,monza,46,Lewis Hamilton,82.361,23.091,31.315,27.955,Soft,21,1,346.9,0
R00222,2021,monza,51,Lewis Hamilton,80.054,22.375,30.461,27.218,Soft,1,1,329.0,0
R00067,2013,bahrain,1,Charles Leclerc,89.518,25.068,33.995,30.455,Intermediate,1,0,332.4,0
R00067,2013,bahrain,6,Charles Leclerc,90.205,25.25,34.349,30.606,Intermediate,6,0,341.9,0
R00067,2013,bahrain,11,Charles Leclerc,91.053,25.533,34.652,30.868,Intermediate,11,0,334.8,0
R00067,2013,bahrain,16,Charles Leclerc,91.65,25.759,34.889,31.002,Intermediate,16,0,343.2,0
R00067,2013,bahrain,21,Charles Leclerc,92.302,25.827,35.062,31.413,Intermediate,21,0,332.7,0
R00067,2013,bahrain,26,Charles Leclerc,89.942,25.144,34.218,30.58,Soft,1,0,328.6,0
R00067,2013,bahrain,31,Charles Leclerc,90.203,25.326,34.28,30.597,Soft,6,0,334.4,0
R00067,2013,bahrain,36,Charles Leclerc,91.041,25.532,34.629,30.88,Soft,11,0,306.5,0
R00067,2013,bahrain,41,Charles Leclerc,91.755,25.713,34.847,31.195,Soft,16,0,348.6,0
R00067,2013,bahrain,46,Charles Leclerc,92.174,25.873,35.069,31.232,Soft,21,0,335.5,0
R00067,2013,bahrain,51,Charles Leclerc,89.57,25.096,34.019,30.455,Soft,1,0,331.0,0
R00067,2013,bahrain,56,Charles Leclerc,90.336,25.261,34.367,30.708,Soft,6,0,327.5,0
R00065,2013,hungary,1,Max Verstappen,89.187,24.958,33.969,30.26,Intermediate,1,0,341.1,0
R00065,2013,hungary,6,Max Verstappen,89.738,25.095,34.178,30.465,Intermediate,6,0,340.0,0
R00065,2013,hungary,11,Max Verstappen,90.358,25.253,34.329,30.776,Intermediate,11,0,325.3,0
R00065,2013,hungary,16,Max Verstappen,90.874,25.444,34.544,30.886,Intermediate,16,0,338.6,0
R00065,2013,hungary,21,Max Verstappen,91.609,25.574,34.864,31.171,Intermediate,21,0,321.9,0
R00065,2013,hungary,26,Max Verstappen,89.227,25.026,33.907,30.294,Intermediate,1,0,325.7,0
R00065,2013,hungary,31,Max Verstappen,89.841,25.169,34.207,30.465,Intermediate,6,0,326.2,0
R00065,2013,hungary,36,Max Verstappen,90.338,25.277,34.255,30.806,Intermediate,11,0,327.8,0
R00065,2013,hungary,41,Max Verstappen,91.016,25.494,34.566,30.956,Intermediate,16,0,326.0,0
R00065,2013,hungary,46,Max Verstappen,91.906,25.743,34.912,31.251,Intermediate,21,0,320.5,0
R00065,2013,hungary,51,Max Verstappen,89.18,24.909,33.883,30.388,Intermediate,1,0,330.7,0
R00065,2013,hungary,56,Max Verstappen,89.518,25.053,33.923,30.542,Intermediate,6,0,322.0,0
R00065,2013,hungary,61,Max Verstappen,90.486,25.385,34.374,30.727,Intermediate,11,0,329.4,0
R00065,2013,hungary,66,Max Verstappen,90.896,25.516,34.555,30.825,Intermediate,16,0,325.1,0
R00214,2021,monaco,1,Max Verstappen,82.941,23.142,31.497,28.302,Soft,1,0,322.4,0
R00214,2021,monaco,6,Max Verstappen,83.663,23.436,31.805,28.422,Soft,6,1,348.7,0
R00214,2021,monaco,11,Max Verstappen,84.181,23.599,32.152,28.43,Soft,11,1,340.0,0
R00214,2021,monaco,16,Max Verstappen,84.882,23.801,32.216,28.865,Soft,16,1,320.4,0
R00214,2021,monaco,21,Max Verstappen,85.543,23.871,32.511,29.161,Soft,21,1,332.8,0
R00214,2021,monaco,26,Max Verstappen,82.918,23.291,31.51,28.117,Soft,1,1,311.2,0
R00214,2021,monaco,31,Max Verstappen,83.51,23.38,31.671,28.459,Soft,6,1,345.5,0
R00214,2021,monaco,36,Max Verstappen,84.224,23.634,31.982,28.608,Medium,11,1,343.0,0
R00214,2021,monaco,41,Max Verstappen,84.659,23.643,32.145,28.871,Medium,16,1,306.6,0
R00214,2021,monaco,46,Max Verstappen,85.385,23.891,32.441,29.053,Medium,21,1,318.6,0
R00214,2021,monaco,51,Max Verstappen,82.992,23.282,31.662,28.048,Medium,1,1,324.3,0
R00214,2021,monaco,56,Max Verstappen,83.362,23.343,31.681,28.338,Medium,6,1,335.0,0
R00214,2021,monaco,61,Max Verstappen,84.298,23.664,32.019,28.615,Medium,11,1,334.0,0
R00214,2021,monaco,66,Max Verstappen,84.984,23.915,32.373,28.696,Medium,16,1,327.6,0
R00214,2021,monaco,71,Max Verstappen,85.354,23.853,32.421,29.08,Medium,21,1,311.6,0
R00214,2021,monaco,76,Max Verstappen,82.823,23.191,31.484,28.148,Medium,1,1,330.4,0
R00109,2016,bahrain,1,Lewis Hamilton,73.854,20.671,28.019,25.164,Medium,1,0,300.7,0
R00109,2016,bahrain,6,Lewis Hamilton,74.122,20.829,28.17,25.123,Medium,6,1,342.5,0
R00109,2016,bahrain,11,Lewis Hamilton,74.681,20.892,28.396,25.393,Medium,11,1,326.1,0
R00109,2016,bahrain,16,Lewis Hamilton,75.211,21.143,28.67,25.398,Medium,16,1,311.0,0
R00109,2016,bahrain,21,Lewis Hamilton,75.906,21.216,28.826,25.864,Medium,21,1,321.4,0
R00109,2016,bahrain,26,Lewis Hamilton,73.789,20.645,28.002,25.142,Soft,1,1,326.3,0
R00109,2016,bahrain,31,Lewis Hamilton,74.309,20.761,28.216,25.332,Soft,6,1,333.7,0
R00109,2016,bahrain,36,Lewis Hamilton,74.881,20.997,28.477,25.407,Soft,11,1,335.7,0
R00109,2016,bahrain,41,Lewis Hamilton,75.307,21.129,28.654,25.524,Soft,16,1,328.0,0
R00109,2016,bahrain,46,Lewis Hamilton,76.055,21.343,28.86,25.852,Soft,21,1,316.8,0
R00109,2016,bahrain,51,Lewis Hamilton,73.711,20.726,28.043,24.942,Soft,1,1,331.2,0
R00109,2016,bahrain,56,Lewis Hamilton,74.388,20.764,28.286,25.338,Soft,6,1,328.8,0
R00221,2021,zandvoort,1,Lewis Hamilton,74.672,20.863,28.388,25.421,Medium,1,0,345.5,0
R00221,2021,zandvoort,6,Lewis Hamilton,75.505,21.13,28.743,25.632,Medium,6,1,324.5,0
R00221,2021,zandvoort,11,Lewis Hamilton,75.981,21.139,28.86,25.982,Medium,11,1,340.6,0
R00221,2021,zandvoort,16,Lewis Hamilton,76.445,21.396,29.045,26.004,Medium,16,1,348.5,0
R00221,2021,zandvoort,21,Lewis Hamilton,77.008,21.503,29.223,26.282,Medium,21,1,323.0,0
R00221,2021,zandvoort,26,Lewis Hamilton,74.863,20.983,28.487,25.393,Medium,1,1,323.3,0
R00221,2021,zandvoort,31,Lewis Hamilton,75.467,21.184,28.658,25.625,Soft,6,1,338.7,0
R00221,2021,zandvoort,36,Lewis Hamilton,76.173,21.38,28.92,25.873,Soft,11,1,332.6,0
R00221,2021,zandvoort,41,Lewis Hamilton,76.384,21.429,28.974,25.981,Soft,16,1,345.4,0
R00221,2021,zandvoort,46,Lewis Hamilton,77.015,21.506,29.305,26.204,Soft,21,1,303.8,1
R00221,2021,zandvoort,51,Lewis Hamilton,74.753,20.882,28.401,25.47,Soft,1,1,333.6,0
R00221,2021,zandvoort,56,Lewis Hamilton,75.289,21.139,28.609,25.541,Soft,6,1,326.8,0
R00221,2021,zandvoort,61,Lewis Hamilton,75.803,21.188,28.754,25.861,Soft,11,1,332.6,0
R00221,2021,zandvoort,66,Lewis Hamilton,76.445,21.454,29.066,25.925,Soft,16,1,322.3,0
R00221,2021,zandvoort,71,Lewis Hamilton,76.838,21.503,29.158,26.177,Soft,21,1,315.7,0
R00077,2014,spain,1,Lewis Hamilton,87.696,24.55,33.329,29.817,Medium,1,0,328.1,0
R00077,2014,spain,6,Lewis Hamilton,88.219,24.672,33.609,29.938,Medium,6,1,337.7,0
R00077,2014,spain,11,Lewis Hamilton,89.016,24.911,33.835,30.27,Medium,11,1,322.5,0
R00077,2014,spain,16,Lewis Hamilton,89.516,25.062,33.96,30.494,Medium,16,1,327.6,0
R00077,2014,spain,21,Lewis Hamilton,90.121,25.188,34.209,30.724,Medium,21,1,335.3,0
R00077,2014,spain,26,Lewis Hamilton,87.415,24.482,33.258,29.675,Medium,1,1,305.4,0
R00077,2014,spain,31,Lewis Hamilton,88.125,24.678,33.512,29.935,Medium,6,1,334.8,0
R00077,2014,spain,36,Lewis Hamilton,88.92,24.919,33.843,30.158,Medium,11,1,341.0,0
R00077,2014,spain,41,Lewis Hamilton,89.572,25.039,34.023,30.51,Medium,16,1,333.7,0
R00077,2014,spain,46,Lewis Hamilton,90.255,25.253,34.268,30.734,Medium,21,1,339.1,0
R00077,2014,spain,51,Lewis Hamilton,87.591,24.46,33.321,29.81,Medium,1,1,308.4,0
R00077,2014,spain,56,Lewis Hamilton,88.062,24.657,33.444,29.961,Medium,6,1,327.9,0
R00077,2014,spain,61,Lewis Hamilton,88.733,24.832,33.753,30.148,Medium,11,1,339.4,0
R00077,2014,spain,66,Lewis Hamilton,89.526,25.051,34.022,30.453,Medium,16,1,335.2,0
R00302,2025,suzuka,1,Lando Norris,74.897,20.966,28.407,25.524,Medium,1,0,339.2,0
R00302,2025,suzuka,6,Lando Norris,75.213,21.091,28.563,25.559,Medium,6,1,334.6,0
R00302,2025,suzuka,11,Lando Norris,75.996,21.272,28.796,25.928,Medium,11,1,337.3,0
R00302,2025,suzuka,16,Lando Norris,76.888,21.526,29.175,26.187,Medium,16,1,325.5,0
R00302,2025,suzuka,21,Lando Norris,77.249,21.557,29.374,26.318,Medium,21,1,311.3,0
R00302,2025,suzuka,26,Lando Norris,75.15,20.996,28.591,25.563,Hard,1,1,325.2,0
R00302,2025,suzuka,31,Lando Norris,75.611,21.195,28.773,25.643,Hard,6,1,332.4,0
R00302,2025,suzuka,36,Lando Norris,75.851,21.175,28.878,25.798,Hard,11,1,340.2,0
R00302,2025,suzuka,41,Lando Norris,76.478,21.526,28.982,25.97,Hard,16,1,345.3,0
R00302,2025,suzuka,46,Lando Norris,77.259,21.611,29.339,26.309,Hard,21,1,315.0,0
R00302,2025,suzuka,51,Lando Norris,75.134,20.978,28.593,25.563,Hard,1,1,313.8,0
R00320,2025,las_vegas,1,Lando Norris,79.605,22.185,30.2,27.22,Medium,1,0,340.6,0
R00320,2025,las_vegas,6,Lando Norris,80.359,22.517,30.547,27.295,Medium,6,1,326.7,0
R00320,2025,las_vegas,11,Lando Norris,81.031,22.638,30.822,27.571,Medium,11,1,324.2,0
R00320,2025,las_vegas,16,Lando Norris,81.76,22.888,31.091,27.781,Medium,16,1,325.8,0
R00320,2025,las_vegas,21,Lando Norris,82.197,23.046,31.265,27.886,Soft,21,1,313.6,0
R00320,2025,las_vegas,26,Lando Norris,79.935,22.343,30.416,27.176,Soft,1,1,337.3,0
R00320,2025,las_vegas,31,Lando Norris,80.429,22.521,30.546,27.362,Soft,6,1,306.9,0
R00320,2025,las_vegas,36,Lando Norris,81.098,22.718,30.825,27.555,Soft,11,1,322.1,0
R00320,2025,las_vegas,41,Lando Norris,81.491,22.823,30.973,27.695,Soft,16,1,339.3,0
R00320,2025,las_vegas,46,Lando Norris,82.244,23.022,31.298,27.924,Soft,21,1,343.5,0
R00239,2022,austria,1,Lewis Hamilton,67.778,18.973,25.831,22.974,Medium,1,0,328.9,0
R00239,2022,austria,6,Lewis Hamilton,68.275,19.083,25.926,23.266,Medium,6,1,332.1,0
R00239,2022,austria,11,Lewis Hamilton,68.858,19.318,26.157,23.383,Medium,11,1,329.1,0
R00239,2022,austria,16,Lewis Hamilton,69.111,19.253,26.251,23.607,Medium,16,1,346.9,0
R00239,2022,austria,21,Lewis Hamilton,69.784,19.534,26.554,23.696,Medium,21,1,300.2,0
R00239,2022,austria,26,Lewis Hamilton,67.847,19.023,25.836,22.988,Medium,1,1,332.5,0
R00239,2022,austria,31,Lewis Hamilton,68.374,19.075,25.824,23.475,Medium,6,1,324.2,0
R00239,2022,austria,36,Lewis Hamilton,68.952,19.35,26.281,23.321,Medium,11,1,327.1,0
R00239,2022,austria,41,Lewis Hamilton,69.169,19.395,26.281,23.493,Medium,16,1,330.6,0
R00239,2022,austria,46,Lewis Hamilton,69.881,19.581,26.525,23.775,Medium,21,1,349.1,1
R00239,2022,austria,51,Lewis Hamilton,67.644,18.884,25.616,23.144,Medium,1,1,299.0,0
R00239,2022,austria,56,Lewis Hamilton,68.404,19.192,25.947,23.265,Medium,6,1,335.8,0
R00239,2022,austria,61,Lewis Hamilton,68.703,19.244,26.049,23.41,Medium,11,1,319.8,0
R00239,2022,austria,66,Lewis Hamilton,69.307,19.481,26.364,23.462,Medium,16,1,337.4,0
R00239,2022,austria,71,Lewis Hamilton,69.847,19.67,26.456,23.721,Medium,21,1,332.1,0
R00094,2015,bahrain,1,Lewis Hamilton,70.425,19.76,26.8,23.865,Medium,1,0,337.6,0
R00094,2015,bahrain,6,Lewis Hamilton,71.466,19.99,27.089,24.387,Medium,6,1,343.7,0
R00094,2015,bahrain,11,Lewis Hamilton,71.781,20.096,27.222,24.463,Medium,11,1,343.5,0
R00094,2015,bahrain,16,Lewis Hamilton,72.217,20.271,27.414,24.532,Medium,16,1,332.4,0
R00094,2015,bahrain,21,Lewis Hamilton,72.597,20.263,27.651,24.683,Medium,21,1,323.6,0
R00094,2015,bahrain,26,Lewis Hamilton,70.426,19.696,26.693,24.037,Soft,1,1,344.5,0
R00094,2015,bahrain,31,Lewis Hamilton,71.054,19.815,27.049,24.19,Soft,6,1,323.5,0
R00094,2015,bahrain,36,Lewis Hamilton,71.647,20.116,27.229,24.302,Soft,11,1,321.5,0
R00094,2015,bahrain,41,Lewis Hamilton,71.909,20.182,27.367,24.36,Soft,16,1,333.9,0
R00094,2015,bahrain,46,Lewis Hamilton,72.948,20.415,27.756,24.777,Soft,21,1,327.1,0
R00094,2015,bahrain,51,Lewis Hamilton,70.754,19.824,26.801,24.129,Soft,1,1,331.6,0
R00094,2015,bahrain,56,Lewis Hamilton,70.959,19.834,27.018,24.107,Soft,6,1,339.5,0
R00273,2023,las_vegas,1,Lewis Hamilton,71.774,20.21,27.248,24.316,Soft,1,0,320.0,0
R00273,2023,las_vegas,6,Lewis Hamilton,72.0,20.205,27.385,24.41,Soft,6,1,328.8,0
R00273,2023,las_vegas,11,Lewis Hamilton,72.796,20.36,27.577,24.859,Soft,11,1,324.3,0
R00273,2023,las_vegas,16,Lewis Hamilton,73.036,20.464,27.831,24.741,Soft,16,1,317.6,0
R00273,2023,las_vegas,21,Lewis Hamilton,73.768,20.616,28.073,25.079,Soft,21,1,348.2,0
R00273,2023,las_vegas,26,Lewis Hamilton,71.768,20.102,27.304,24.362,Soft,1,1,330.6,0
R00273,2023,las_vegas,31,Lewis Hamilton,72.097,20.234,27.378,24.485,Soft,6,1,324.1,0
R00273,2023,las_vegas,36,Lewis Hamilton,72.84,20.308,27.674,24.858,Soft,11,1,346.4,0
R00273,2023,las_vegas,41,Lewis Hamilton,73.241,20.55,27.848,24.843,Soft,16,1,341.1,0
R00273,2023,las_vegas,46,Lewis Hamilton,73.896,20.608,28.054,25.234,Soft,21,1,331.6,0
R00194,2020,spain,1,Lewis Hamilton,86.325,24.293,32.746,29.286,Intermediate,1,0,314.9,0
R00194,2020,spain,6,Lewis Hamilton,86.945,24.317,33.142,29.486,Intermediate,6,0,329.1,0
R00194,2020,spain,11,Lewis Hamilton,87.812,24.639,33.325,29.848,Intermediate,11,0,329.4,0
R00194,2020,spain,16,Lewis Hamilton,88.616,24.864,33.718,30.034,Intermediate,16,0,331.7,0
R00194,2020,spain,21,Lewis Hamilton,88.782,24.799,33.763,30.22,Intermediate,21,0,327.8,0
R00194,2020,spain,26,Lewis Hamilton,86.466,24.249,33.061,29.156,Intermediate,1,0,331.4,0
R00194,2020,spain,31,Lewis Hamilton,86.783,24.317,33.008,29.458,Intermediate,6,0,325.6,0
R00194,2020,spain,36,Lewis Hamilton,87.679,24.557,33.305,29.817,Intermediate,11,0,335.6,0
R00194,2020,spain,41,Lewis Hamilton,88.222,24.724,33.478,30.02,Intermediate,16,0,331.2,0
R00194,2020,spain,46,Lewis Hamilton,89.004,24.903,33.77,30.331,Intermediate,21,0,358.1,0
R00194,2020,spain,51,Lewis Hamilton,86.161,24.052,32.741,29.368,Intermediate,1,0,354.0,0
R00194,2020,spain,56,Lewis Hamilton,87.111,24.33,33.111,29.67,Intermediate,6,0,314.4,0
R00194,2020,spain,61,Lewis Hamilton,87.565,24.508,33.286,29.771,Intermediate,11,0,294.0,0
R00194,2020,spain,66,Lewis Hamilton,87.973,24.662,33.451,29.86,Intermediate,16,0,317.1,0
R00092,2015,bahrain,1,Lewis Hamilton,83.577,23.46,31.749,28.368,Soft,1,0,329.7,0
R00092,2015,bahrain,6,Lewis Hamilton,83.729,23.361,31.88,28.488,Soft,6,1,327.3,0
R00092,2015,bahrain,11,Lewis Hamilton,84.371,23.567,32.091,28.713,Soft,11,1,341.8,0
R00092,2015,bahrain,16,Lewis Hamilton,85.284,23.833,32.32,29.131,Soft,16,1,318.8,0
R00092,2015,bahrain,21,Lewis Hamilton,86.156,24.154,32.817,29.185,Soft,21,1,328.4,0
R00092,2015,bahrain,26,Lewis Hamilton,83.347,23.345,31.544,28.458,Hard,1,1,347.7,0
R00092,2015,bahrain,31,Lewis Hamilton,83.754,23.373,31.793,28.588,Hard,6,1,330.1,0
R00092,2015,bahrain,36,Lewis Hamilton,84.522,23.707,32.176,28.639,Hard,11,1,333.5,0
R00092,2015,bahrain,41,Lewis Hamilton,85.142,23.852,32.436,28.854,Hard,16,1,320.2,0
R00092,2015,bahrain,46,Lewis Hamilton,86.036,24.119,32.645,29.272,Hard,21,1,331.4,0
R00092,2015,bahrain,51,Lewis Hamilton,83.647,23.443,31.724,28.48,Hard,1,1,342.4,0
R00092,2015,bahrain,56,Lewis Hamilton,84.107,23.493,32.007,28.607,Hard,6,1,331.6,0
R00124,2016,bahrain,1,Lewis Hamilton,79.166,22.12,30.115,26.931,Hard,1,0,337.6,0
R00124,2016,bahrain,6,Lewis Hamilton,79.322,22.143,30.085,27.094,Hard,6,1,333.8,0
R00124,2016,bahrain,11,Lewis Hamilton,80.189,22.364,30.458,27.367,Hard,11,1,324.9,0
R00124,2016,bahrain,16,Lewis Hamilton,80.868,22.676,30.777,27.415,Hard,16,1,321.9,0
R00124,2016,bahrain,21,Lewis Hamilton,81.539,22.892,30.956,27.691,Hard,21,1,326.0,0
R00124,2016,bahrain,26,Lewis Hamilton,78.945,22.083,29.938,26.924,Medium,1,1,338.9,0
R00124,2016,bahrain,31,Lewis Hamilton,79.558,22.268,30.29,27.0,Medium,6,1,324.0,0
R00124,2016,bahrain,36,Lewis Hamilton,80.193,22.44,30.527,27.226,Medium,11,1,341.1,0
R00124,2016,bahrain,41,Lewis Hamilton,80.824,22.665,30.741,27.418,Medium,16,1,320.1,0
R00124,2016,bahrain,46,Lewis Hamilton,81.384,22.798,30.902,27.684,Medium,21,1,346.7,0
R00124,2016,bahrain,51,Lewis Hamilton,78.804,22.049,29.868,26.887,Medium,1,1,324.8,0
R00124,2016,bahrain,56,Lewis Hamilton,79.395,22.223,30.156,27.016,Medium,6,1,339.3,0
R00265,2023,zandvoort,1,Lewis Hamilton,73.512,20.649,27.882,24.981,Hard,1,0,321.6,0
R00265,2023,zandvoort,6,Lewis Hamilton,73.942,20.698,28.166,25.078,Hard,6,1,337.5,0
R00265,2023,zandvoort,11,Lewis Hamilton,74.896,20.891,28.407,25.598,Hard,11,1,355.1,0
R00265,2023,zandvoort,16,Lewis Hamilton,75.092,20.928,28.592,25.572,Hard,16,1,324.0,0
R00265,2023,zandvoort,21,Lewis Hamilton,75.612,21.153,28.757,25.702,Hard,21,1,328.0,0
R00265,2023,zandvoort,26,Lewis Hamilton,73.549,20.588,27.971,24.99,Hard,1,1,337.1,0
R00265,2023,zandvoort,31,Lewis Hamilton,74.059,20.752,28.123,25.184,Hard,6,1,314.4,0
R00265,2023,zandvoort,36,Lewis Hamilton,74.689,20.856,28.368,25.465,Hard,11,1,316.8,0
R00265,2023,zandvoort,41,Lewis Hamilton,75.205,21.147,28.525,25.533,Hard,16,1,333.4,0
R00265,2023,zandvoort,46,Lewis Hamilton,75.589,21.17,28.771,25.648,Hard,21,1,330.9,1
R00265,2023,zandvoort,51,Lewis Hamilton,73.42,20.563,27.918,24.939,Hard,1,1,327.4,0
R00265,2023,zandvoort,56,Lewis Hamilton,73.89,20.667,28.016,25.207,Hard,6,1,314.7,0
R00265,2023,zandvoort,61,Lewis Hamilton,74.679,20.839,28.382,25.458,Hard,11,1,312.7,0
R00265,2023,zandvoort,66,Lewis Hamilton,75.259,21.022,28.533,25.704,Hard,16,1,328.1,0
R00265,2023,zandvoort,71,Lewis Hamilton,75.597,21.207,28.729,25.661,Hard,21,1,349.2,0
R00118,2016,bahrain,1,Max Verstappen,82.038,22.961,31.2,27.877,Medium,1,0,334.0,0
R00118,2016,bahrain,6,Max Verstappen,82.785,23.257,31.485,28.043,Medium,6,1,330.8,0
R00118,2016,bahrain,11,Max Verstappen,83.256,23.283,31.558,28.415,Medium,11,1,343.1,0
R00118,2016,bahrain,16,Max Verstappen,83.978,23.485,31.98,28.513,Medium,16,1,336.0,0
R00118,2016,bahrain,21,Max Verstappen,84.522,23.663,32.11,28.749,Medium,21,1,342.2,0
R00118,2016,bahrain,26,Max Verstappen,82.16,23.024,31.255,27.881,Medium,1,1,317.4,0
R00118,2016,bahrain,31,Max Verstappen,82.562,23.081,31.363,28.118,Medium,6,1,343.5,0
R00118,2016,bahrain,36,Max Verstappen,83.203,23.267,31.586,28.35,Medium,11,1,320.5,0
R00118,2016,bahrain,41,Max Verstappen,83.802,23.407,31.848,28.547,Medium,16,1,333.4,0
R00118,2016,bahrain,46,Max Verstappen,84.456,23.698,32.188,28.57,Medium,21,1,338.1,0
R00118,2016,bahrain,51,Max Verstappen,81.913,22.961,31.138,27.814,Medium,1,1,314.5,0
R00118,2016,bahrain,56,Max Verstappen,82.7,23.189,31.345,28.166,Medium,6,1,322.8,0
R00032,2011,singapore,1,Max Verstappen,76.114,21.423,28.887,25.804,Soft,1,0,335.7,0
R00032,2011,singapore,6,Max Verstappen,76.324,21.372,29.024,25.928,Soft,6,1,344.0,0
R00032,2011,singapore,11,Max Verstappen,77.184,21.631,29.304,26.249,Soft,11,1,320.9,0
R00032,2011,singapore,16,Max Verstappen,77.452,21.787,29.361,26.304,Soft,16,1,324.4,0
R00032,2011,singapore,21,Max Verstappen,78.104,21.873,29.606,26.625,Soft,21,1,324.5,1
R00032,2011,singapore,26,Max Verstappen,75.62,21.178,28.693,25.749,Soft,1,1,317.0,0
R00032,2011,singapore,31,Max Verstappen,76.486,21.359,29.044,26.083,Soft,6,1,331.5,0
R00032,2011,singapore,36,Max Verstappen,77.077,21.586,29.265,26.226,Soft,11,1,338.7,0
R00032,2011,singapore,41,Max Verstappen,77.817,21.759,29.487,26.571,Soft,16,1,319.5,0
R00032,2011,singapore,46,Max Verstappen,77.955,21.922,29.615,26.418,Soft,21,1,328.8,0
R00032,2011,singapore,51,Max Verstappen,76.212,21.312,29.05,25.85,Soft,1,1,331.9,0
R00032,2011,singapore,56,Max Verstappen,76.43,21.416,29.096,25.918,Soft,6,1,327.8,0
R00032,2011,singapore,61,Max Verstappen,76.963,21.536,29.28,26.147,Soft,11,1,317.6,0
R00060,2013,monaco,1,Max Verstappen,80.033,22.445,30.509,27.079,Hard,1,0,343.9,0
R00060,2013,monaco,6,Max Verstappen,80.544,22.473,30.601,27.47,Hard,6,1,326.7,0
R00060,2013,monaco,11,Max Verstappen,81.118,22.693,30.917,27.508,Hard,11,1,328.7,0
R00060,2013,monaco,16,Max Verstappen,81.601,22.863,31.012,27.726,Hard,16,1,326.8,0
R00060,2013,monaco,21,Max Verstappen,82.087,22.934,31.178,27.975,Hard,21,1,328.5,0
R00060,2013,monaco,26,Max Verstappen,79.984,22.424,30.492,27.068,Hard,1,1,319.9,0
R00060,2013,monaco,31,Max Verstappen,80.605,22.51,30.556,27.539,Hard,6,1,307.3,0
R00060,2013,monaco,36,Max Verstappen,81.107,22.622,30.862,27.623,Medium,11,1,354.6,0
R00060,2013,monaco,41,Max Verstappen,81.829,22.827,31.089,27.913,Medium,16,1,325.9,0
R00060,2013,monaco,46,Max Verstappen,82.628,23.113,31.357,28.158,Medium,21,1,327.6,0
R00060,2013,monaco,51,Max Verstappen,80.154,22.525,30.42,27.209,Medium,1,1,318.0,0
R00060,2013,monaco,56,Max Verstappen,80.305,22.426,30.586,27.293,Medium,6,1,331.2,0
R00060,2013,monaco,61,Max Verstappen,81.297,22.714,30.943,27.64,Medium,11,1,328.7,0
R00060,2013,monaco,66,Max Verstappen,82.042,23.026,31.245,27.771,Medium,16,1,335.1,0
R00060,2013,monaco,71,Max Verstappen,82.528,23.08,31.313,28.135,Medium,21,1,348.5,0
R00060,2013,monaco,76,Max Verstappen,79.904,22.297,30.366,27.241,Medium,1,1,326.9,0
R00159,2018,singapore,1,Lewis Hamilton,74.728,20.911,28.404,25.413,Hard,1,0,335.5,0
R00159,2018,singapore,6,Lewis Hamilton,75.419,21.177,28.552,25.69,Hard,6,1,324.2,0
R00159,2018,singapore,11,Lewis Hamilton,75.788,21.197,28.848,25.743,Hard,11,1,328.3,0
R00159,2018,singapore,16,Lewis Hamilton,76.618,21.545,29.162,25.911,Hard,16,1,331.6,0
R00159,2018,singapore,21,Lewis Hamilton,76.789,21.436,29.194,26.159,Hard,21,1,336.3,1
R00159,2018,singapore,26,Lewis Hamilton,74.921,20.981,28.515,25.425,Soft,1,1,326.1,0
R00159,2018,singapore,31,Lewis Hamilton,75.432,21.099,28.705,25.628,Soft,6,1,340.8,0
R00159,2018,singapore,36,Lewis Hamilton,75.848,21.236,28.827,25.785,Soft,11,1,297.4,0
R00159,2018,singapore,41,Lewis Hamilton,76.597,21.496,29.157,25.944,Soft,16,1,330.8,0
R00159,2018,singapore,46,Lewis Hamilton,77.2,21.612,29.297,26.291,Soft,21,1,336.1,0
R00159,2018,singapore,51,Lewis Hamilton,75.09,21.059,28.534,25.497,Soft,1,1,318.6,0
R00159,2018,singapore,56,Lewis Hamilton,75.049,21.007,28.488,25.554,Soft,6,1,329.1,0
R00159,2018,singapore,61,Lewis Hamilton,75.997,21.261,28.875,25.861,Soft,11,1,335.2,0
R00098,2015,bahrain,1,Lewis Hamilton,75.507,21.179,28.727,25.601,Soft,1,0,363.2,0
R00098,2015,bahrain,6,Lewis Hamilton,76.073,21.296,28.931,25.846,Soft,6,1,297.2,0
R00098,2015,bahrain,11,Lewis Hamilton,76.15,21.395,28.909,25.846,Soft,11,1,342.3,0
R00098,2015,bahrain,16,Lewis Hamilton,77.003,21.582,29.31,26.111,Soft,16,1,321.4,0
R00098,2015,bahrain,21,Lewis Hamilton,77.799,21.786,29.542,26.471,Soft,21,1,328.6,0
R00098,2015,bahrain,26,Lewis Hamilton,75.202,21.05,28.487,25.665,Hard,1,1,330.5,0
R00098,2015,bahrain,31,Lewis Hamilton,75.775,21.226,28.814,25.735,Hard,6,1,332.0,0
R00098,2015,bahrain,36,Lewis Hamilton,76.336,21.482,28.989,25.865,Hard,11,1,321.6,0
R00098,2015,bahrain,41,Lewis Hamilton,76.888,21.519,29.212,26.157,Hard,16,1,315.1,0
R00098,2015,bahrain,46,Lewis Hamilton,77.647,21.703,29.477,26.467,Hard,21,1,357.6,0
R00098,2015,bahrain,51,Lewis Hamilton,75.209,20.984,28.625,25.6,Hard,1,1,340.5,0
R00098,2015,bahrain,56,Lewis Hamilton,75.965,21.142,28.95,25.873,Hard,6,1,324.5,0
R00314,2025,monza,1,Lando Norris,78.932,22.109,29.997,26.826,Hard,1,0,339.5,0
R00314,2025,monza,6,Lando Norris,79.313,22.205,30.066,27.042,Hard,6,1,322.9,0
R00314,2025,monza,11,Lando Norris,80.112,22.398,30.464,27.25,Hard,11,1,332.0,0
R00314,2025,monza,16,Lando Norris,80.719,22.621,30.773,27.325,Hard,16,1,348.7,0
R00314,2025,monza,21,Lando Norris,81.018,22.556,30.765,27.697,Hard,21,1,334.3,0
R00314,2025,monza,26,Lando Norris,79.074,22.137,29.945,26.992,Soft,1,1,342.4,0
R00314,2025,monza,31,Lando Norris,79.355,22.293,30.165,26.897,Soft,6,1,313.2,0
R00314,2025,monza,36,Lando Norris,79.897,22.304,30.315,27.278,Soft,11,1,324.1,0
R00314,2025,monza,41,Lando Norris,80.639,22.564,30.628,27.447,Soft,16,1,318.5,0
R00314,2025,monza,46,Lando Norris,81.173,22.758,30.868,27.547,Soft,21,1,319.9,0
R00314,2025,monza,51,Lando Norris,78.939,22.113,29.998,26.828,Soft,1,1,326.8,0
R00058,2013,bahrain,1,Max Verstappen,77.216,21.614,29.311,26.291,Hard,1,0,326.9,0
R00058,2013,bahrain,6,Max Verstappen,77.76,21.762,29.54,26.458,Hard,6,1,345.9,0
R00058,2013,bahrain,11,Max Verstappen,78.634,21.959,29.865,26.81,Hard,11,1,332.6,0
R00058,2013,bahrain,16,Max Verstappen,78.988,22.087,30.096,26.805,Hard,16,1,336.7,0
R00058,2013,bahrain,21,Max Verstappen,79.612,22.226,30.28,27.106,Hard,21,1,325.2,0
R00058,2013,bahrain,26,Max Verstappen,77.424,21.721,29.474,26.229,Medium,1,1,326.7,0
R00058,2013,bahrain,31,Max Verstappen,77.807,21.794,29.572,26.441,Medium,6,1,331.6,0
R00058,2013,bahrain,36,Max Verstappen,78.636,21.915,29.853,26.868,Medium,11,1,332.8,0
R00058,2013,bahrain,41,Max Verstappen,78.965,22.107,29.898,26.96,Medium,16,1,345.0,0
R00058,2013,bahrain,46,Max Verstappen,79.595,22.246,30.319,27.03,Medium,21,1,322.7,0
R00058,2013,bahrain,51,Max Verstappen,77.334,21.622,29.351,26.361,Medium,1,1,332.1,0
R00058,2013,bahrain,56,Max Verstappen,77.817,21.787,29.614,26.416,Medium,6,1,308.8,0
R00274,2023,abu_dhabi,1,Max Verstappen,77.733,21.783,29.432,26.518,Hard,1,0,334.8,0
R00274,2023,abu_dhabi,6,Max Verstappen,78.182,21.958,29.686,26.538,Hard,6,1,327.9,0
R00274,2023,abu_dhabi,11,Max Verstappen,78.685,21.994,29.911,26.78,Hard,11,1,346.2,0
R00274,2023,abu_dhabi,16,Max Verstappen,79.331,22.244,30.15,26.937,Hard,16,1,339.7,0
R00274,2023,abu_dhabi,21,Max Verstappen,79.875,22.335,30.346,27.194,Hard,21,1,340.8,0
R00274,2023,abu_dhabi,26,Max Verstappen,77.91,21.827,29.573,26.51,Medium,1,1,317.2,0
R00274,2023,abu_dhabi,31,Max Verstappen,78.182,21.844,29.641,26.697,Medium,6,1,319.1,0
R00274,2023,abu_dhabi,36,Max Verstappen,78.631,22.072,29.889,26.67,Medium,11,1,322.1,0
R00274,2023,abu_dhabi,41,Max Verstappen,79.211,22.209,30.118,26.884,Medium,16,1,329.3,0
R00274,2023,abu_dhabi,46,Max Verstappen,80.043,22.49,30.34,27.213,Medium,21,1,336.0,0
R00274,2023,abu_dhabi,51,Max Verstappen,77.493,21.678,29.384,26.431,Medium,1,1,329.5,0
R00274,2023,abu_dhabi,56,Max Verstappen,78.209,21.89,29.751,26.568,Medium,6,1,313.6,0
R00134,2017,bahrain,1,Charles Leclerc,75.147,21.05,28.514,25.583,Medium,1,0,326.3,0
R00134,2017,bahrain,6,Charles Leclerc,75.958,21.362,28.966,25.63,Medium,6,1,327.0,0
R00134,2017,bahrain,11,Charles Leclerc,76.326,21.386,29.052,25.888,Medium,11,1,320.0,0
R00134,2017,bahrain,16,Charles Leclerc,76.903,21.544,29.197,26.162,Medium,16,1,326.1,0
R00134,2017,bahrain,21,Charles Leclerc,77.502,21.67,29.4,26.432,Medium,21,1,339.6,0
R00134,2017,bahrain,26,Charles Leclerc,75.153,21.051,28.565,25.537,Medium,1,1,333.0,0
R00134,2017,bahrain,31,Charles Leclerc,75.75,21.219,28.849,25.682,Medium,6,1,335.1,0
R00134,2017,bahrain,36,Charles Leclerc,76.262,21.288,29.019,25.955,Medium,11,1,328.4,0
R00134,2017,bahrain,41,Charles Leclerc,76.821,21.478,29.141,26.202,Medium,16,1,338.3,0
R00134,2017,bahrain,46,Charles Leclerc,77.408,21.72,29.324,26.364,Medium,21,1,349.3,0
R00134,2017,bahrain,51,Charles Leclerc,75.188,21.108,28.72,25.36,Medium,1,1,311.7,0
R00134,2017,bahrain,56,Charles Leclerc,75.737,21.288,28.753,25.696,Medium,6,1,317.5,0
R00266,2023,monza,1,Max Verstappen,83.108,23.294,31.57,28.244,Hard,1,0,347.9,0
R00266,2023,monza,6,Max Verstappen,83.784,23.412,31.797,28.575,Hard,6,1,333.7,0
R00266,2023,monza,11,Max Verstappen,84.535,23.709,32.082,28.744,Hard,11,1,324.3,0
R00266,2023,monza,16,Max Verstappen,85.415,23.906,32.511,28.998,Hard,16,1,320.4,0
R00266,2023,monza,21,Max Verstappen,85.815,24.046,32.666,29.103,Hard,21,1,307.1,0
R00266,2023,monza,26,Max Verstappen,83.101,23.221,31.571,28.309,Medium,1,1,326.8,0
R00266,2023,monza,31,Max Verstappen,83.718,23.462,31.842,28.414,Medium,6,1,312.1,0
R00266,2023,monza,36,Max Verstappen,84.558,23.678,32.148,28.732,Medium,11,1,315.3,0
R00266,2023,monza,41,Max Verstappen,85.128,23.849,32.189,29.09,Medium,16,1,327.8,0
R00266,2023,monza,46,Max Verstappen,85.847,24.029,32.574,29.244,Medium,21,1,337.6,0
R00266,2023,monza,51,Max Verstappen,82.981,23.266,31.582,28.133,Medium,1,1,296.4,0
R00145,2018,bahrain,1,Lewis Hamilton,72.307,20.318,27.498,24.491,Medium,1,0,319.5,0
R00145,2018,bahrain,6,Lewis Hamilton,73.025,20.323,27.692,25.01,Medium,6,1,325.4,0
R00145,2018,bahrain,11,Lewis Hamilton,73.607,20.645,27.951,25.011,Medium,11,1,354.3,0
R00145,2018,bahrain,16,Lewis Hamilton,73.847,20.645,28.072,25.13,Medium,16,1,345.1,0
R00145,2018,bahrain,21,Lewis Hamilton,74.322,20.798,28.188,25.336,Medium,21,1,342.9,0
R00145,2018,bahrain,26,Lewis Hamilton,72.544,20.272,27.598,24.674,Soft,1,1,326.9,0
R00145,2018,bahrain,31,Lewis Hamilton,72.953,20.457,27.676,24.82,Soft,6,1,336.3,0
R00145,2018,bahrain,36,Lewis Hamilton,73.709,20.628,28.004,25.077,Soft,11,1,325.2,0
R00145,2018,bahrain,41,Lewis Hamilton,74.28,20.719,28.223,25.338,Soft,16,1,313.8,0
R00145,2018,bahrain,46,Lewis Hamilton,74.63,20.945,28.287,25.398,Soft,21,1,342.9,0
R00145,2018,bahrain,51,Lewis Hamilton,72.577,20.38,27.583,24.614,Soft,1,1,317.2,0
R00145,2018,bahrain,56,Lewis Hamilton,72.998,20.477,27.726,24.795,Soft,6,1,339.4,0
R00325,2026,albert_park,1,Max Verstappen,72.295,20.181,27.553,24.561,Medium,1,0,347.2,0
R00325,2026,albert_park,6,Max Verstappen,72.68,20.27,27.568,24.842,Medium,6,1,331.5,0
R00325,2026,albert_park,11,Max Verstappen,73.188,20.49,27.785,24.913,Medium,11,1,332.3,0
R00325,2026,albert_park,16,Max Verstappen,73.663,20.623,27.982,25.058,Medium,16,1,308.8,0
R00325,2026,albert_park,21,Max Verstappen,74.349,20.842,28.156,25.351,Medium,21,1,331.1,0
R00325,2026,albert_park,26,Max Verstappen,72.043,20.259,27.331,24.453,Hard,1,1,353.8,0
R00325,2026,albert_park,31,Max Verstappen,72.577,20.322,27.586,24.669,Hard,6,1,333.4,0
R00325,2026,albert_park,36,Max Verstappen,73.045,20.399,27.753,24.893,Hard,11,1,319.5,0
R00325,2026,albert_park,41,Max Verstappen,73.779,20.559,28.103,25.117,Hard,16,1,351.1,0
R00325,2026,albert_park,46,Max Verstappen,74.196,20.775,28.254,25.167,Hard,21,1,315.1,0
R00325,2026,albert_park,51,Max Verstappen,72.071,20.238,27.41,24.423,Hard,1,1,326.5,0
R00325,2026,albert_park,56,Max Verstappen,72.763,20.367,27.618,24.778,Hard,6,1,336.6,0
R00029,2011,hungary,1,Max Verstappen,79.608,22.303,30.209,27.096,Medium,1,0,299.2,0
R00029,2011,hungary,6,Max Verstappen,80.335,22.568,30.514,27.253,Medium,6,1,325.8,0
R00029,2011,hungary,11,Max Verstappen,80.869,22.684,30.721,27.464,Medium,11,1,335.8,0
R00029,2011,hungary,16,Max Verstappen,81.531,22.787,31.039,27.705,Medium,16,1,335.1,0
R00029,2011,hungary,21,Max Verstappen,81.985,22.94,31.186,27.859,Medium,21,1,337.7,0
R00029,2011,hungary,26,Max Verstappen,79.857,22.389,30.304,27.164,Medium,1,1,336.6,0
R00029,2011,hungary,31,Max Verstappen,80.124,22.342,30.405,27.377,Soft,6,1,320.8,0
R00029,2011,hungary,36,Max Verstappen,80.662,22.58,30.637,27.445,Soft,11,1,321.8,0
R00029,2011,hungary,41,Max Verstappen,81.208,22.694,30.806,27.708,Soft,16,1,335.8,0
R00029,2011,hungary,46,Max Verstappen,82.065,22.921,31.24,27.904,Soft,21,1,339.8,0
R00029,2011,hungary,51,Max Verstappen,79.315,22.199,30.147,26.969,Soft,1,1,329.8,0
R00029,2011,hungary,56,Max Verstappen,80.335,22.466,30.516,27.353,Soft,6,1,324.7,0
R00029,2011,hungary,61,Max Verstappen,81.038,22.671,30.752,27.615,Soft,11,1,334.0,0
R00029,2011,hungary,66,Max Verstappen,81.129,22.719,30.726,27.684,Soft,16,1,342.5,0
R00230,2021,abu_dhabi,1,Lewis Hamilton,74.196,20.766,28.165,25.265,Hard,1,0,323.6,0
R00230,2021,abu_dhabi,6,Lewis Hamilton,74.626,20.843,28.279,25.504,Hard,6,1,314.9,0
R00230,2021,abu_dhabi,11,Lewis Hamilton,75.364,21.116,28.654,25.594,Hard,11,1,326.3,0
R00230,2021,abu_dhabi,16,Lewis Hamilton,75.703,21.285,28.677,25.741,Hard,16,1,326.5,0
R00230,2021,abu_dhabi,21,Lewis Hamilton,76.609,21.51,29.051,26.048,Hard,21,1,316.8,0
R00230,2021,abu_dhabi,26,Lewis Hamilton,74.426,20.799,28.338,25.289,Hard,1,1,342.4,0
R00230,2021,abu_dhabi,31,Lewis Hamilton,74.882,21.019,28.438,25.425,Hard,6,1,322.4,0
R00230,2021,abu_dhabi,36,Lewis Hamilton,75.213,21.012,28.579,25.622,Hard,11,1,317.0,0
R00230,2021,abu_dhabi,41,Lewis Hamilton,75.863,21.259,28.87,25.734,Hard,16,1,324.6,0
R00230,2021,abu_dhabi,46,Lewis Hamilton,76.476,21.352,29.016,26.108,Hard,21,1,293.6,0
R00230,2021,abu_dhabi,51,Lewis Hamilton,74.419,20.839,28.305,25.275,Hard,1,1,307.0,0
R00230,2021,abu_dhabi,56,Lewis Hamilton,74.758,20.988,28.333,25.437,Hard,6,1,318.1,0
R00072,2013,abu_dhabi,1,Max Verstappen,84.335,23.65,32.06,28.625,Medium,1,0,340.0,0
R00072,2013,abu_dhabi,6,Max Verstappen,84.67,23.646,32.184,28.84,Medium,6,1,324.9,0
R00072,2013,abu_dhabi,11,Max Verstappen,85.501,23.958,32.487,29.056,Medium,11,1,334.8,0
R00072,2013,abu_dhabi,16,Max Verstappen,86.115,24.165,32.7,29.25,Medium,16,1,332.0,0
R00072,2013,abu_dhabi,21,Max Verstappen,86.715,24.336,33.032,29.347,Medium,21,1,351.5,0
R00072,2013,abu_dhabi,26,Max Verstappen,84.138,23.555,31.967,28.616,Hard,1,1,334.7,0
R00072,2013,abu_dhabi,31,Max Verstappen,84.43,23.677,32.002,28.751,Hard,6,1,329.4,0
R00072,2013,abu_dhabi,36,Max Verstappen,85.247,23.743,32.411,29.093,Hard,11,1,331.1,0
R00072,2013,abu_dhabi,41,Max Verstappen,85.681,24.104,32.612,28.965,Hard,16,1,315.1,0
R00072,2013,abu_dhabi,46,Max Verstappen,86.825,24.36,32.993,29.472,Hard,21,1,323.0,0
R00072,2013,abu_dhabi,51,Max Verstappen,83.943,23.437,32.007,28.499,Hard,1,1,330.4,0
R00072,2013,abu_dhabi,56,Max Verstappen,84.855,23.727,32.25,28.878,Hard,6,1,338.8,0
R00199,2020,spa,1,Lando Norris,82.673,23.048,31.424,28.201,Soft,1,0,304.7,0
R00199,2020,spa,6,Lando Norris,83.443,23.376,31.731,28.336,Soft,6,1,352.5,0
R00199,2020,spa,11,Lando Norris,83.891,23.52,31.891,28.48,Soft,11,1,328.4,0
R00199,2020,spa,16,Lando Norris,84.87,23.672,32.256,28.942,Soft,16,1,331.1,0
R00199,2020,spa,21,Lando Norris,85.464,23.944,32.473,29.047,Medium,21,1,317.2,0
R00199,2020,spa,26,Lando Norris,83.011,23.216,31.621,28.174,Medium,1,1,345.3,0
R00199,2020,spa,31,Lando Norris,83.345,23.341,31.648,28.356,Medium,6,1,327.7,0
R00199,2020,spa,36,Lando Norris,83.919,23.576,31.871,28.472,Medium,11,1,355.6,0
R00199,2020,spa,41,Lando Norris,84.637,23.707,32.218,28.712,Medium,16,1,310.0,0
R00292,2024,singapore,1,Charles Leclerc,82.315,23.051,31.336,27.928,Medium,1,0,332.1,0
R00292,2024,singapore,6,Charles Leclerc,82.861,23.141,31.507,28.213,Medium,6,1,327.9,0
R00292,2024,singapore,11,Charles Leclerc,83.216,23.259,31.671,28.286,Medium,11,1,321.7,0
R00292,2024,singapore,16,Charles Leclerc,83.635,23.46,31.684,28.491,Medium,16,1,323.9,0
R00292,2024,singapore,21,Charles Leclerc,84.707,23.713,32.139,28.855,Medium,21,1,353.9,1
R00292,2024,singapore,26,Charles Leclerc,82.063,23.039,31.201,27.823,Medium,1,1,341.5,0
R00292,2024,singapore,31,Charles Leclerc,82.842,23.249,31.501,28.092,Medium,6,1,304.0,0
R00292,2024,singapore,36,Charles Leclerc,83.641,23.359,31.79,28.492,Medium,11,1,328.9,0
R00292,2024,singapore,41,Charles Leclerc,83.749,23.45,31.837,28.462,Medium,16,1,330.2,0
R00292,2024,singapore,46,Charles Leclerc,84.496,23.669,32.112,28.715,Medium,21,1,336.6,0
R00292,2024,singapore,51,Charles Leclerc,82.241,22.918,31.26,28.063,Medium,1,1,338.8,0
R00292,2024,singapore,56,Charles Leclerc,82.592,23.215,31.317,28.06,Medium,6,1,349.6,0
R00292,2024,singapore,61,Charles Leclerc,83.116,23.274,31.664,28.178,Medium,11,1,327.4,0
R00071,2013,brazil,1,Charles Leclerc,80.848,22.612,30.733,27.503,Soft,1,0,318.3,0
R00071,2013,brazil,6,Charles Leclerc,81.753,22.931,31.063,27.759,Soft,6,1,361.2,0
R00071,2013,brazil,11,Charles Leclerc,82.573,23.086,31.296,28.191,Soft,11,1,329.9,0
R00071,2013,brazil,16,Charles Leclerc,83.049,23.258,31.572,28.219,Soft,16,1,324.8,0
R00071,2013,brazil,21,Charles Leclerc,83.778,23.449,31.824,28.505,Soft,21,1,340.8,0
R00071,2013,brazil,26,Charles Leclerc,81.294,22.818,30.846,27.63,Soft,1,1,334.8,0
R00071,2013,brazil,31,Charles Leclerc,81.763,22.947,31.12,27.696,Medium,6,1,325.6,0
R00071,2013,brazil,36,Charles Leclerc,82.272,23.103,31.23,27.939,Medium,11,1,321.3,0
R00071,2013,brazil,41,Charles Leclerc,82.95,23.166,31.515,28.269,Medium,16,1,324.4,0
R00071,2013,brazil,46,Charles Leclerc,83.792,23.484,31.849,28.459,Medium,21,1,368.7,1
R00071,2013,brazil,51,Charles Leclerc,81.348,22.768,30.831,27.749,Medium,1,1,323.1,0
R00071,2013,brazil,56,Charles Leclerc,81.612,22.843,30.938,27.831,Medium,6,1,310.8,0
R00071,2013,brazil,61,Charles Leclerc,82.456,23.073,31.437,27.946,Medium,11,1,317.0,0
R00071,2013,brazil,66,Charles Leclerc,82.897,23.265,31.53,28.102,Medium,16,1,314.8,0
R00071,2013,brazil,71,Charles Leclerc,83.504,23.347,31.829,28.328,Medium,21,1,325.6,0
R00083,2014,hungary,1,Lewis Hamilton,81.496,22.834,30.927,27.735,Soft,1,0,323.1,0
R00083,2014,hungary,6,Lewis Hamilton,82.337,23.087,31.176,28.074,Soft,6,1,330.9,0
R00083,2014,hungary,11,Lewis Hamilton,82.878,23.201,31.481,28.196,Soft,11,1,324.8,0
R00083,2014,hungary,16,Lewis Hamilton,83.66,23.476,31.838,28.346,Soft,16,1,344.5,0
R00083,2014,hungary,21,Lewis Hamilton,84.059,23.471,31.931,28.657,Soft,21,1,319.6,0
R00083,2014,hungary,26,Lewis Hamilton,81.497,22.87,30.887,27.74,Soft,1,1,347.0,0
R00083,2014,hungary,31,Lewis Hamilton,82.331,23.091,31.315,27.925,Soft,6,1,362.5,0
R00083,2014,hungary,36,Lewis Hamilton,82.862,23.231,31.446,28.185,Soft,11,1,327.8,0
R00083,2014,hungary,41,Lewis Hamilton,83.412,23.341,31.723,28.348,Soft,16,1,334.3,0
R00083,2014,hungary,46,Lewis Hamilton,84.103,23.541,31.976,28.586,Soft,21,1,314.6,0
R00083,2014,hungary,51,Lewis Hamilton,81.317,22.806,30.917,27.594,Soft,1,1,328.0,0
R00083,2014,hungary,56,Lewis Hamilton,82.292,22.964,31.259,28.069,Soft,6,1,330.8,0
R00083,2014,hungary,61,Lewis Hamilton,82.792,23.148,31.49,28.154,Soft,11,1,325.9,0
R00083,2014,hungary,66,Lewis Hamilton,83.616,23.338,31.777,28.501,Soft,16,1,315.3,0
R00158,2018,bahrain,1,Charles Leclerc,81.271,22.693,30.892,27.686,Soft,1,0,328.3,0
R00158,2018,bahrain,6,Charles Leclerc,81.784,22.918,31.075,27.791,Soft,6,1,345.0,0
R00158,2018,bahrain,11,Charles Leclerc,82.301,23.02,31.338,27.943,Soft,11,1,320.0,0
R00158,2018,bahrain,16,Charles Leclerc,82.819,23.143,31.463,28.213,Soft,16,1,351.2,0
R00158,2018,bahrain,21,Charles Leclerc,83.438,23.347,31.635,28.456,Soft,21,1,338.8,0
R00158,2018,bahrain,26,Charles Leclerc,81.36,22.814,30.947,27.599,Medium,1,1,330.0,0
R00158,2018,bahrain,31,Charles Leclerc,81.734,22.879,31.076,27.779,Medium,6,1,335.9,0
R00158,2018,bahrain,36,Charles Leclerc,82.054,23.049,31.109,27.896,Medium,11,1,329.5,0
R00158,2018,bahrain,41,Charles Leclerc,82.724,23.116,31.357,28.251,Medium,16,1,329.9,0
R00158,2018,bahrain,46,Charles Leclerc,83.311,23.271,31.73,28.31,Medium,21,1,334.9,0
R00158,2018,bahrain,51,Charles Leclerc,80.84,22.624,30.724,27.492,Medium,1,1,339.3,0
R00158,2018,bahrain,56,Charles Leclerc,81.803,22.883,31.026,27.894,Medium,6,1,319.9,0
R00082,2014,bahrain,1,Lewis Hamilton,85.432,23.86,32.413,29.159,Hard,1,0,308.9,0
R00082,2014,bahrain,6,Lewis Hamilton,86.416,24.241,32.951,29.224,Hard,6,1,344.0,0
R00082,2014,bahrain,11,Lewis Hamilton,86.655,24.201,32.914,29.54,Hard,11,1,311.4,0
R00082,2014,bahrain,16,Lewis Hamilton,87.535,24.511,33.261,29.763,Hard,16,1,314.4,0
R00082,2014,bahrain,21,Lewis Hamilton,88.539,24.836,33.67,30.033,Hard,21,1,351.9,0
R00082,2014,bahrain,26,Lewis Hamilton,86.046,24.207,32.751,29.088,Medium,1,1,324.8,0
R00082,2014,bahrain,31,Lewis Hamilton,86.497,24.164,32.841,29.492,Medium,6,1,340.8,0
R00082,2014,bahrain,36,Lewis Hamilton,87.207,24.381,33.129,29.697,Medium,11,1,313.0,0
R00082,2014,bahrain,41,Lewis Hamilton,87.354,24.494,33.204,29.656,Medium,16,1,312.4,0
R00082,2014,bahrain,46,Lewis Hamilton,88.134,24.692,33.433,30.009,Medium,21,1,333.5,0
R00082,2014,bahrain,51,Lewis Hamilton,85.663,24.043,32.505,29.115,Medium,1,1,304.8,0
R00082,2014,bahrain,56,Lewis Hamilton,86.278,24.125,32.802,29.351,Medium,6,1,330.4,0
R00048,2012,bahrain,1,Lando Norris,74.992,21.082,28.42,25.49,Soft,1,0,329.6,0
R00048,2012,bahrain,6,Lando Norris,75.585,21.25,28.723,25.612,Soft,6,1,332.8,0
R00048,2012,bahrain,11,Lando Norris,76.276,21.423,28.957,25.896,Soft,11,1,327.3,0
R00048,2012,bahrain,16,Lando Norris,76.829,21.564,29.223,26.042,Soft,16,1,329.5,0
R00048,2012,bahrain,21,Lando Norris,77.25,21.65,29.233,26.367,Soft,21,1,332.6,0
R00048,2012,bahrain,26,Lando Norris,75.025,21.033,28.494,25.498,Medium,1,1,332.7,0
R00048,2012,bahrain,31,Lando Norris,75.095,21.013,28.51,25.572,Medium,6,1,342.6,0
R00048,2012,bahrain,36,Lando Norris,75.781,21.261,28.857,25.663,Medium,11,1,323.8,0
R00048,2012,bahrain,41,Lando Norris,76.543,21.507,29.082,25.954,Medium,16,1,315.6,0
R00048,2012,bahrain,46,Lando Norris,77.243,21.635,29.293,26.315,Medium,21,1,327.8,0
R00048,2012,bahrain,51,Lando Norris,74.981,20.933,28.454,25.594,Medium,1,1,326.4,0
R00048,2012,bahrain,56,Lando Norris,75.653,21.188,28.774,25.691,Medium,6,1,349.7,0
R00160,2018,bahrain,1,Lewis Hamilton,71.938,20.137,27.298,24.503,Soft,1,0,305.2,0
R00160,2018,bahrain,6,Lewis Hamilton,72.18,20.174,27.417,24.589,Soft,6,1,333.4,0
R00160,2018,bahrain,11,Lewis Hamilton,72.92,20.37,27.675,24.875,Soft,11,1,330.1,0
R00160,2018,bahrain,16,Lewis Hamilton,73.425,20.602,27.893,24.93,Soft,16,1,331.2,0
R00160,2018,bahrain,21,Lewis Hamilton,74.076,20.721,28.035,25.32,Soft,21,1,325.5,0
R00160,2018,bahrain,26,Lewis Hamilton,71.77,20.036,27.279,24.455,Medium,1,1,306.9,0
R00160,2018,bahrain,31,Lewis Hamilton,72.03,20.148,27.381,24.501,Medium,6,1,320.6,0
R00160,2018,bahrain,36,Lewis Hamilton,73.06,20.511,27.831,24.718,Medium,11,1,329.4,0
R00160,2018,bahrain,41,Lewis Hamilton,73.47,20.516,27.884,25.07,Medium,16,1,329.6,0
R00160,2018,bahrain,46,Lewis Hamilton,73.928,20.639,28.187,25.102,Medium,21,1,323.5,0
R00160,2018,bahrain,51,Lewis Hamilton,71.574,19.979,27.111,24.484,Medium,1,1,325.1,0
R00160,2018,bahrain,56,Lewis Hamilton,72.342,20.274,27.486,24.582,Medium,6,1,325.2,0
R00163,2018,mexico,1,Lewis Hamilton,78.98,22.101,30.012,26.867,Intermediate,1,0,325.9,0
R00163,2018,mexico,6,Lewis Hamilton,79.308,22.147,30.194,26.967,Intermediate,6,0,322.6,0
R00163,2018,mexico,11,Lewis Hamilton,80.194,22.441,30.441,27.312,Intermediate,11,0,337.4,0
R00163,2018,mexico,16,Lewis Hamilton,80.965,22.657,30.752,27.556,Intermediate,16,0,318.3,0
R00163,2018,mexico,21,Lewis Hamilton,81.1,22.756,30.774,27.57,Intermediate,21,0,351.7,0
R00163,2018,mexico,26,Lewis Hamilton,78.741,22.038,29.981,26.722,Intermediate,1,0,334.7,0
R00163,2018,mexico,31,Lewis Hamilton,79.686,22.303,30.317,27.066,Medium,6,0,328.5,0
R00163,2018,mexico,36,Lewis Hamilton,80.015,22.307,30.39,27.318,Medium,11,0,338.0,0
R00163,2018,mexico,41,Lewis Hamilton,80.63,22.546,30.604,27.48,Medium,16,0,342.1,0
R00163,2018,mexico,46,Lewis Hamilton,81.125,22.714,30.76,27.651,Medium,21,0,332.6,1
R00163,2018,mexico,51,Lewis Hamilton,78.867,22.003,29.997,26.867,Medium,1,0,340.3,0
R00163,2018,mexico,56,Lewis Hamilton,79.612,22.29,30.271,27.051,Medium,6,0,328.9,0
R00163,2018,mexico,61,Lewis Hamilton,79.968,22.311,30.341,27.316,Medium,11,0,310.9,0
R00163,2018,mexico,66,Lewis Hamilton,80.541,22.519,30.671,27.351,Medium,16,0,312.1,0
R00163,2018,mexico,71,Lewis Hamilton,81.149,22.723,30.854,27.572,Medium,21,0,349.6,0
R00096,2015,monaco,1,Lewis Hamilton,81.262,22.769,30.885,27.608,Intermediate,1,0,321.2,0
R00096,2015,monaco,6,Lewis Hamilton,81.806,22.938,31.048,27.82,Intermediate,6,0,332.0,0
R00096,2015,monaco,11,Lewis Hamilton,82.587,23.133,31.356,28.098,Intermediate,11,0,354.6,0
R00096,2015,monaco,16,Lewis Hamilton,83.161,23.219,31.593,28.349,Intermediate,16,0,321.8,0
R00096,2015,monaco,21,Lewis Hamilton,83.738,23.452,31.789,28.497,Intermediate,21,0,316.6,0
R00096,2015,monaco,26,Lewis Hamilton,81.502,22.843,30.915,27.744,Intermediate,1,0,360.7,0
R00096,2015,monaco,31,Lewis Hamilton,81.871,23.029,31.201,27.641,Intermediate,6,0,329.4,0
R00096,2015,monaco,36,Lewis Hamilton,82.56,23.145,31.318,28.097,Soft,11,0,323.5,0
R00096,2015,monaco,41,Lewis Hamilton,83.158,23.265,31.614,28.279,Soft,16,0,326.6,0
R00096,2015,monaco,46,Lewis Hamilton,83.81,23.344,31.75,28.716,Soft,21,0,336.9,0
R00096,2015,monaco,51,Lewis Hamilton,81.188,22.733,30.741,27.714,Soft,1,0,332.3,0
R00096,2015,monaco,56,Lewis Hamilton,81.828,22.928,31.083,27.817,Soft,6,0,333.6,0
R00096,2015,monaco,61,Lewis Hamilton,82.424,22.992,31.382,28.05,Soft,11,0,332.8,0
R00096,2015,monaco,66,Lewis Hamilton,83.115,23.386,31.504,28.225,Soft,16,0,308.0,0
R00096,2015,monaco,71,Lewis Hamilton,83.853,23.494,31.901,28.458,Soft,21,0,324.1,0
R00096,2015,monaco,76,Lewis Hamilton,81.319,22.697,30.885,27.737,Soft,1,0,304.2,0
R00130,2017,bahrain,1,Lewis Hamilton,74.604,20.817,28.409,25.378,Hard,1,0,321.9,0
R00130,2017,bahrain,6,Lewis Hamilton,75.097,21.036,28.55,25.511,Hard,6,1,348.5,0
R00130,2017,bahrain,11,Lewis Hamilton,75.818,21.32,28.858,25.64,Hard,11,1,318.1,0
R00130,2017,bahrain,16,Lewis Hamilton,76.385,21.339,29.051,25.995,Hard,16,1,327.1,0
R00130,2017,bahrain,21,Lewis Hamilton,76.954,21.399,29.179,26.376,Hard,21,1,313.7,0
R00130,2017,bahrain,26,Lewis Hamilton,74.73,20.893,28.395,25.442,Medium,1,1,360.8,0
R00130,2017,bahrain,31,Lewis Hamilton,75.253,21.102,28.701,25.45,Medium,6,1,326.3,0
R00130,2017,bahrain,36,Lewis Hamilton,76.122,21.346,28.885,25.891,Medium,11,1,338.6,0
R00130,2017,bahrain,41,Lewis Hamilton,76.255,21.308,28.982,25.965,Medium,16,1,323.2,0
R00130,2017,bahrain,46,Lewis Hamilton,76.852,21.581,29.124,26.147,Medium,21,1,324.1,0
R00130,2017,bahrain,51,Lewis Hamilton,74.56,20.924,28.288,25.348,Medium,1,1,303.5,0
R00130,2017,bahrain,56,Lewis Hamilton,75.253,21.077,28.546,25.63,Medium,6,1,320.6,0
R00047,2012,hungary,1,Charles Leclerc,81.607,22.959,31.012,27.636,Soft,1,0,341.9,0
R00047,2012,hungary,6,Charles Leclerc,82.408,23.063,31.297,28.048,Soft,6,1,317.6,0
R00047,2012,hungary,11,Charles Leclerc,83.015,23.213,31.561,28.241,Soft,11,1,318.6,0
R00047,2012,hungary,16,Charles Leclerc,83.291,23.289,31.65,28.352,Soft,16,1,322.1,0
R00047,2012,hungary,21,Charles Leclerc,83.98,23.541,31.903,28.536,Soft,21,1,327.6,0
R00047,2012,hungary,26,Charles Leclerc,81.669,22.848,31.16,27.661,Soft,1,1,318.5,0
R00047,2012,hungary,31,Charles Leclerc,81.707,22.888,30.964,27.855,Hard,6,1,316.2,0
R00047,2012,hungary,36,Charles Leclerc,82.561,23.055,31.354,28.152,Hard,11,1,339.1,0
R00047,2012,hungary,41,Charles Leclerc,83.262,23.336,31.698,28.228,Hard,16,1,338.5,0
R00047,2012,hungary,46,Charles Leclerc,83.742,23.451,31.838,28.453,Hard,21,1,339.5,0
R00047,2012,hungary,51,Charles Leclerc,81.677,22.835,31.033,27.809,Hard,1,1,322.7,0
R00047,2012,hungary,56,Charles Leclerc,82.237,23.051,31.252,27.934,Hard,6,1,343.0,0
R00047,2012,hungary,61,Charles Leclerc,82.85,23.17,31.464,28.216,Hard,11,1,322.1,0
R00047,2012,hungary,66,Charles Leclerc,83.473,23.306,31.731,28.436,Hard,16,1,332.3,0
R00280,2024,miami,1,Max Verstappen,78.117,21.773,29.679,26.665,Medium,1,0,349.1,0
R00280,2024,miami,6,Max Verstappen,78.603,22.016,29.833,26.754,Medium,6,1,312.8,0
R00280,2024,miami,11,Max Verstappen,79.271,22.255,30.092,26.924,Medium,11,1,320.1,0
R00280,2024,miami,16,Max Verstappen,79.785,22.318,30.337,27.13,Medium,16,1,326.9,0
R00280,2024,miami,21,Max Verstappen,80.214,22.547,30.486,27.181,Medium,21,1,330.1,0
R00280,2024,miami,26,Max Verstappen,77.683,21.68,29.431,26.572,Medium,1,1,322.7,0
R00280,2024,miami,31,Max Verstappen,78.536,22.125,29.83,26.581,Medium,6,1,326.2,0
R00280,2024,miami,36,Max Verstappen,79.034,22.154,30.007,26.873,Medium,11,1,329.4,0
R00280,2024,miami,41,Max Verstappen,79.924,22.3,30.402,27.222,Medium,16,1,333.9,0
R00280,2024,miami,46,Max Verstappen,80.263,22.459,30.528,27.276,Medium,21,1,351.4,0
R00280,2024,miami,51,Max Verstappen,77.815,21.742,29.575,26.498,Medium,1,1,331.0,0
R00280,2024,miami,56,Max Verstappen,78.454,22.033,29.719,26.702,Medium,6,1,316.8,0
R00133,2017,canada,1,Charles Leclerc,78.15,21.952,29.673,26.525,Hard,1,0,316.4,0
R00133,2017,canada,6,Charles Leclerc,78.851,22.023,29.953,26.875,Hard,6,1,324.2,0
R00133,2017,canada,11,Charles Leclerc,79.242,22.17,30.081,26.991,Hard,11,1,320.7,0
R00133,2017,canada,16,Charles Leclerc,79.952,22.378,30.358,27.216,Hard,16,1,327.2,0
R00133,2017,canada,21,Charles Leclerc,80.477,22.444,30.633,27.4,Hard,21,1,348.0,0
R00133,2017,canada,26,Charles Leclerc,78.22,21.741,29.742,26.737,Hard,1,1,322.1,0
R00133,2017,canada,31,Charles Leclerc,78.648,22.011,29.942,26.695,Hard,6,1,320.9,0
R00133,2017,canada,36,Charles Leclerc,79.216,22.266,30.067,26.883,Hard,11,1,335.8,0
R00133,2017,canada,41,Charles Leclerc,79.94,22.424,30.355,27.161,Hard,16,1,328.3,0
R00133,2017,canada,46,Charles Leclerc,80.479,22.494,30.576,27.409,Hard,21,1,342.4,0
R00133,2017,canada,51,Charles Leclerc,78.02,21.859,29.594,26.567,Hard,1,1,331.3,0
R00133,2017,canada,56,Charles Leclerc,78.652,21.987,29.845,26.82,Hard,6,1,311.4,0
R00133,2017,canada,61,Charles Leclerc,79.651,22.293,30.239,27.119,Hard,11,1,350.7,0
R00133,2017,canada,66,Charles Leclerc,79.966,22.455,30.381,27.13,Hard,16,1,317.7,0
R00298,2024,abu_dhabi,1,Max Verstappen,74.119,20.785,28.192,25.142,Hard,1,0,324.6,0
R00298,2024,abu_dhabi,6,Max Verstappen,74.412,20.882,28.255,25.275,Hard,6,1,330.8,0
R00298,2024,abu_dhabi,11,Max Verstappen,74.995,21.078,28.39,25.527,Hard,11,1,336.8,0
R00298,2024,abu_dhabi,16,Max Verstappen,75.575,21.108,28.773,25.694,Hard,16,1,339.1,0
R00298,2024,abu_dhabi,21,Max Verstappen,76.246,21.336,28.961,25.949,Hard,21,1,325.3,0
R00298,2024,abu_dhabi,26,Max Verstappen,73.862,20.704,28.059,25.099,Medium,1,1,327.0,0
R00298,2024,abu_dhabi,31,Max Verstappen,74.5,20.811,28.27,25.419,Medium,6,1,302.2,0
R00298,2024,abu_dhabi,36,Max Verstappen,75.126,21.081,28.581,25.464,Medium,11,1,329.4,0
R00298,2024,abu_dhabi,41,Max Verstappen,75.435,21.111,28.743,25.581,Medium,16,1,347.3,0
R00298,2024,abu_dhabi,46,Max Verstappen,76.222,21.319,29.051,25.852,Medium,21,1,323.2,0
R00298,2024,abu_dhabi,51,Max Verstappen,73.703,20.698,27.984,25.021,Medium,1,1,336.1,0
R00298,2024,abu_dhabi,56,Max Verstappen,74.589,20.851,28.309,25.429,Medium,6,1,331.1,0
R00186,2019,las_vegas,1,Lewis Hamilton,84.512,23.693,32.208,28.611,Intermediate,1,0,328.5,0
R00186,2019,las_vegas,6,Lewis Hamilton,85.043,23.8,32.348,28.895,Intermediate,6,0,329.3,0
R00186,2019,las_vegas,11,Lewis Hamilton,85.684,24.042,32.628,29.014,Intermediate,11,0,326.1,0
R00186,2019,las_vegas,16,Lewis Hamilton,86.596,24.229,32.929,29.438,Intermediate,16,0,326.8,0
R00186,2019,las_vegas,21,Lewis Hamilton,86.998,24.468,33.069,29.461,Soft,21,0,326.8,0
R00186,2019,las_vegas,26,Lewis Hamilton,84.63,23.655,32.147,28.828,Soft,1,0,318.6,0
R00186,2019,las_vegas,31,Lewis Hamilton,85.293,23.843,32.401,29.049,Soft,6,0,324.7,0
R00186,2019,las_vegas,36,Lewis Hamilton,85.717,24.006,32.544,29.167,Soft,11,0,327.2,0
R00186,2019,las_vegas,41,Lewis Hamilton,86.51,24.141,32.947,29.422,Soft,16,0,317.2,0
R00186,2019,las_vegas,46,Lewis Hamilton,87.327,24.523,33.183,29.621,Soft,21,0,315.8,0
R00017,2010,brazil,1,Max Verstappen,81.293,22.715,30.927,27.651,Soft,1,0,327.2,0
R00017,2010,brazil,6,Max Verstappen,81.759,22.785,31.144,27.83,Soft,6,1,328.3,0
R00017,2010,brazil,11,Max Verstappen,82.087,23.001,31.176,27.91,Soft,11,1,333.6,0
R00017,2010,brazil,16,Max Verstappen,83.048,23.178,31.58,28.29,Soft,16,1,343.6,0
R00017,2010,brazil,21,Max Verstappen,83.436,23.31,31.663,28.463,Soft,21,1,333.8,0
R00017,2010,brazil,26,Max Verstappen,81.119,22.705,30.799,27.615,Soft,1,1,326.5,0
R00017,2010,brazil,31,Max Verstappen,81.698,22.875,31.061,27.762,Medium,6,1,322.7,0
R00017,2010,brazil,36,Max Verstappen,82.222,23.039,31.239,27.944,Medium,11,1,312.7,0
R00017,2010,brazil,41,Max Verstappen,83.125,23.321,31.552,28.252,Medium,16,1,331.7,0
R00017,2010,brazil,46,Max Verstappen,83.424,23.369,31.713,28.342,Medium,21,1,307.6,1
R00017,2010,brazil,51,Max Verstappen,81.169,22.71,30.891,27.568,Medium,1,1,319.1,0
R00017,2010,brazil,56,Max Verstappen,81.664,22.888,30.958,27.818,Medium,6,1,331.4,0
R00017,2010,brazil,61,Max Verstappen,82.018,22.994,31.165,27.859,Medium,11,1,324.4,0
R00017,2010,brazil,66,Max Verstappen,82.768,23.162,31.473,28.133,Medium,16,1,323.2,0
R00017,2010,brazil,71,Max Verstappen,83.596,23.414,31.747,28.435,Medium,21,1,315.4,0
R00038,2012,bahrain,1,Esteban Ocon,77.823,21.841,29.633,26.349,Soft,1,0,303.2,0
R00038,2012,bahrain,6,Esteban Ocon,78.365,21.887,29.782,26.696,Soft,6,1,322.2,0
R00038,2012,bahrain,11,Esteban Ocon,79.29,22.232,30.06,26.998,Soft,11,1,334.3,0
R00038,2012,bahrain,16,Esteban Ocon,79.783,22.356,30.296,27.131,Soft,16,1,338.6,0
R00038,2012,bahrain,21,Esteban Ocon,79.981,22.409,30.244,27.328,Soft,21,1,347.4,0
R00038,2012,bahrain,26,Esteban Ocon,78.096,21.809,29.71,26.577,Soft,1,1,333.1,0
R00038,2012,bahrain,31,Esteban Ocon,78.347,21.936,29.816,26.595,Soft,6,1,334.6,0
R00038,2012,bahrain,36,Esteban Ocon,78.642,22.101,29.816,26.725,Soft,11,1,333.0,0
R00038,2012,bahrain,41,Esteban Ocon,79.39,22.271,30.208,26.911,Soft,16,1,347.1,0
R00038,2012,bahrain,46,Esteban Ocon,80.186,22.435,30.433,27.318,Soft,21,1,355.9,0
R00038,2012,bahrain,51,Esteban Ocon,77.766,21.743,29.569,26.454,Soft,1,1,345.2,0
R00038,2012,bahrain,56,Esteban Ocon,78.481,22.084,29.774,26.623,Soft,6,1,334.1,0
R00164,2018,brazil,1,Lewis Hamilton,81.566,22.842,31.039,27.685,Hard,1,0,327.8,0
R00164,2018,brazil,6,Lewis Hamilton,82.399,23.087,31.399,27.913,Hard,6,1,329.2,0
R00164,2018,brazil,11,Lewis Hamilton,82.91,23.236,31.489,28.185,Hard,11,1,323.8,0
R00164,2018,brazil,16,Lewis Hamilton,83.499,23.344,31.799,28.356,Hard,16,1,350.2,0
R00164,2018,brazil,21,Lewis Hamilton,84.358,23.586,32.116,28.656,Hard,21,1,329.2,0
R00164,2018,brazil,26,Lewis Hamilton,81.99,22.955,31.205,27.83,Hard,1,1,323.1,0
R00164,2018,brazil,31,Lewis Hamilton,82.35,23.088,31.332,27.93,Hard,6,1,341.8,0
R00164,2018,brazil,36,Lewis Hamilton,82.707,23.21,31.449,28.048,Hard,11,1,363.6,0
R00164,2018,brazil,41,Lewis Hamilton,83.426,23.348,31.716,28.362,Hard,16,1,321.0,0
R00164,2018,brazil,46,Lewis Hamilton,84.025,23.482,31.892,28.651,Hard,21,1,365.5,1
R00164,2018,brazil,51,Lewis Hamilton,81.595,22.883,31.016,27.696,Hard,1,1,314.1,0
R00164,2018,brazil,56,Lewis Hamilton,82.26,22.983,31.232,28.045,Hard,6,1,328.8,0
R00164,2018,brazil,61,Lewis Hamilton,82.865,23.225,31.597,28.043,Hard,11,1,341.0,0
R00164,2018,brazil,66,Lewis Hamilton,83.259,23.241,31.647,28.371,Hard,16,1,335.7,0
R00164,2018,brazil,71,Lewis Hamilton,83.872,23.484,31.979,28.409,Hard,21,1,328.0,0
R00278,2024,suzuka,1,Max Verstappen,77.719,21.732,29.615,26.372,Soft,1,0,353.1,0
R00278,2024,suzuka,6,Max Verstappen,78.366,21.976,29.685,26.705,Soft,6,1,333.2,0
R00278,2024,suzuka,11,Max Verstappen,78.962,22.05,29.982,26.93,Soft,11,1,315.2,0
R00278,2024,suzuka,16,Max Verstappen,79.367,22.159,30.17,27.038,Soft,16,1,330.6,0
R00278,2024,suzuka,21,Max Verstappen,79.905,22.368,30.424,27.113,Soft,21,1,316.5,0
R00278,2024,suzuka,26,Max Verstappen,77.668,21.729,29.496,26.443,Soft,1,1,308.5,0
R00278,2024,suzuka,31,Max Verstappen,78.275,21.914,29.631,26.73,Soft,6,1,315.5,0
R00278,2024,suzuka,36,Max Verstappen,78.986,22.1,30.04,26.846,Soft,11,1,321.0,0
R00278,2024,suzuka,41,Max Verstappen,79.46,22.296,30.337,26.827,Soft,16,1,316.0,0
R00278,2024,suzuka,46,Max Verstappen,80.196,22.473,30.506,27.217,Soft,21,1,341.9,0
R00278,2024,suzuka,51,Max Verstappen,77.772,21.791,29.488,26.493,Soft,1,1,311.2,0
R00169,2019,baku,1,Lewis Hamilton,75.584,21.147,28.697,25.74,Hard,1,0,304.7,0
R00169,2019,baku,6,Lewis Hamilton,76.003,21.275,28.853,25.875,Hard,6,1,330.6,0
R00169,2019,baku,11,Lewis Hamilton,76.655,21.481,29.094,26.08,Hard,11,1,326.2,0
R00169,2019,baku,16,Lewis Hamilton,77.243,21.603,29.306,26.334,Hard,16,1,339.7,0
R00169,2019,baku,21,Lewis Hamilton,77.864,21.788,29.561,26.515,Medium,21,1,324.6,0
R00169,2019,baku,26,Lewis Hamilton,75.415,21.125,28.658,25.632,Medium,1,1,340.0,0
R00169,2019,baku,31,Lewis Hamilton,76.005,21.301,28.884,25.82,Medium,6,1,313.0,0
R00169,2019,baku,36,Lewis Hamilton,76.702,21.399,29.093,26.21,Medium,11,1,324.2,0
R00169,2019,baku,41,Lewis Hamilton,77.307,21.606,29.315,26.386,Medium,16,1,338.0,0
R00169,2019,baku,46,Lewis Hamilton,77.958,21.885,29.587,26.486,Medium,21,1,328.3,0
R00169,2019,baku,51,Lewis Hamilton,75.661,21.146,28.78,25.735,Medium,1,1,352.3,0
R00324,2026,jeddah,1,Lando Norris,70.57,19.786,26.871,23.913,Hard,1,0,330.8,0
R00324,2026,jeddah,6,Lando Norris,71.16,19.961,26.997,24.202,Hard,6,1,348.0,0
R00324,2026,jeddah,11,Lando Norris,71.589,19.989,27.233,24.367,Hard,11,1,343.0,0
R00324,2026,jeddah,16,Lando Norris,72.134,20.229,27.447,24.458,Hard,16,1,315.3,0
R00324,2026,jeddah,21,Lando Norris,72.744,20.385,27.716,24.643,Soft,21,1,319.0,0
R00324,2026,jeddah,26,Lando Norris,70.742,19.802,26.851,24.089,Soft,1,1,346.7,0
R00324,2026,jeddah,31,Lando Norris,71.141,19.884,27.001,24.256,Soft,6,1,341.6,0
R00324,2026,jeddah,36,Lando Norris,71.627,20.018,27.21,24.399,Soft,11,1,316.5,0
R00324,2026,jeddah,41,Lando Norris,72.27,20.255,27.446,24.569,Soft,16,1,325.2,0
R00324,2026,jeddah,46,Lando Norris,72.593,20.348,27.538,24.707,Soft,21,1,329.0,0
R00003,2010,bahrain,1,Max Verstappen,74.55,20.858,28.407,25.285,Medium,1,0,336.1,0
R00003,2010,bahrain,6,Max Verstappen,75.09,21.026,28.64,25.424,Medium,6,1,320.5,0
R00003,2010,bahrain,11,Max Verstappen,75.937,21.257,28.917,25.763,Medium,11,1,340.4,0
R00003,2010,bahrain,16,Max Verstappen,76.346,21.373,29.031,25.942,Medium,16,1,337.6,0
R00003,2010,bahrain,21,Max Verstappen,77.107,21.665,29.37,26.072,Medium,21,1,335.1,0
R00003,2010,bahrain,26,Max Verstappen,74.841,20.906,28.475,25.46,Hard,1,1,314.6,0
R00003,2010,bahrain,31,Max Verstappen,74.759,20.857,28.335,25.567,Hard,6,1,330.7,0
R00003,2010,bahrain,36,Max Verstappen,75.463,21.145,28.695,25.623,Hard,11,1,339.2,0
R00003,2010,bahrain,41,Max Verstappen,76.29,21.304,28.946,26.04,Hard,16,1,308.0,0
R00003,2010,bahrain,46,Max Verstappen,76.665,21.46,29.174,26.031,Hard,21,1,342.7,0
R00003,2010,bahrain,51,Max Verstappen,74.462,20.767,28.152,25.543,Hard,1,1,324.1,0
R00003,2010,bahrain,56,Max Verstappen,74.878,20.999,28.53,25.349,Hard,6,1,338.3,0
R00313,2025,zandvoort,1,Max Verstappen,83.989,23.484,31.884,28.621,Intermediate,1,0,319.0,0
R00313,2025,zandvoort,6,Max Verstappen,84.853,23.756,32.262,28.835,Intermediate,6,0,316.4,0
R00313,2025,zandvoort,11,Max Verstappen,85.532,23.885,32.467,29.18,Intermediate,11,0,328.1,0
R00313,2025,zandvoort,16,Max Verstappen,86.102,24.082,32.721,29.299,Intermediate,16,0,326.3,0
R00313,2025,zandvoort,21,Max Verstappen,86.931,24.397,33.038,29.496,Intermediate,21,0,332.4,0
R00313,2025,zandvoort,26,Max Verstappen,83.659,23.482,31.803,28.374,Intermediate,1,0,321.7,0
R00313,2025,zandvoort,31,Max Verstappen,84.748,23.746,32.238,28.764,Intermediate,6,0,327.9,0
R00313,2025,zandvoort,36,Max Verstappen,85.464,23.797,32.483,29.184,Intermediate,11,0,324.3,0
R00313,2025,zandvoort,41,Max Verstappen,86.013,24.021,32.669,29.323,Intermediate,16,0,314.9,0
R00313,2025,zandvoort,46,Max Verstappen,86.68,24.263,32.894,29.523,Intermediate,21,0,355.6,1
R00313,2025,zandvoort,51,Max Verstappen,84.284,23.68,32.065,28.539,Intermediate,1,0,337.3,0
R00313,2025,zandvoort,56,Max Verstappen,85.007,23.769,32.332,28.906,Intermediate,6,0,339.0,0
R00313,2025,zandvoort,61,Max Verstappen,85.297,23.948,32.387,28.962,Intermediate,11,0,321.3,0
R00313,2025,zandvoort,66,Max Verstappen,85.963,24.177,32.66,29.126,Intermediate,16,0,353.7,0
R00313,2025,zandvoort,71,Max Verstappen,86.708,24.294,32.971,29.443,Intermediate,21,0,321.8,0
R00321,2025,qatar,1,Charles Leclerc,76.222,21.309,28.893,26.02,Soft,1,0,320.4,0
R00321,2025,qatar,6,Charles Leclerc,76.997,21.525,29.228,26.244,Soft,6,1,324.6,0
R00321,2025,qatar,11,Charles Leclerc,77.185,21.628,29.379,26.178,Soft,11,1,313.1,0
R00321,2025,qatar,16,Charles Leclerc,77.71,21.789,29.544,26.377,Soft,16,1,326.7,0
R00321,2025,qatar,21,Charles Leclerc,78.393,21.934,29.815,26.644,Soft,21,1,313.1,0
R00321,2025,qatar,26,Charles Leclerc,76.295,21.261,29.007,26.027,Medium,1,1,331.5,0
R00321,2025,qatar,31,Charles Leclerc,77.057,21.573,29.332,26.152,Medium,6,1,338.0,0
R00321,2025,qatar,36,Charles Leclerc,77.098,21.612,29.341,26.145,Medium,11,1,315.5,0
R00321,2025,qatar,41,Charles Leclerc,78.05,21.929,29.634,26.487,Medium,16,1,334.8,0
R00321,2025,qatar,46,Charles Leclerc,78.321,21.949,29.769,26.603,Medium,21,1,330.6,0
R00321,2025,qatar,51,Charles Leclerc,76.14,21.351,28.914,25.875,Medium,1,1,344.3,0
R00321,2025,qatar,56,Charles Leclerc,76.793,21.542,29.16,26.091,Medium,6,1,324.0,0
R00021,2011,bahrain,1,Max Verstappen,78.904,22.121,29.94,26.843,Hard,1,0,325.8,0
R00021,2011,bahrain,6,Max Verstappen,79.06,22.097,30.023,26.94,Hard,6,1,338.2,0
R00021,2011,bahrain,11,Max Verstappen,79.997,22.438,30.418,27.141,Hard,11,1,350.4,0
R00021,2011,bahrain,16,Max Verstappen,80.394,22.446,30.56,27.388,Hard,16,1,331.3,0
R00021,2011,bahrain,21,Max Verstappen,81.228,22.77,30.832,27.626,Hard,21,1,329.3,0
R00021,2011,bahrain,26,Max Verstappen,78.528,22.031,29.951,26.546,Medium,1,1,346.7,0
R00021,2011,bahrain,31,Max Verstappen,78.985,22.044,30.048,26.893,Medium,6,1,327.5,0
R00021,2011,bahrain,36,Max Verstappen,79.628,22.303,30.278,27.047,Medium,11,1,329.4,0
R00021,2011,bahrain,41,Max Verstappen,80.462,22.506,30.518,27.438,Medium,16,1,330.9,0
R00021,2011,bahrain,46,Max Verstappen,80.642,22.56,30.622,27.46,Medium,21,1,352.6,0
R00021,2011,bahrain,51,Max Verstappen,78.633,22.029,29.896,26.708,Medium,1,1,330.1,0
R00021,2011,bahrain,56,Max Verstappen,78.974,22.086,30.049,26.839,Medium,6,1,343.2,0
R00150,2018,monaco,1,Lewis Hamilton,79.72,22.348,30.343,27.029,Soft,1,0,327.7,0
R00150,2018,monaco,6,Lewis Hamilton,80.261,22.506,30.608,27.147,Soft,6,1,329.5,0
R00150,2018,monaco,11,Lewis Hamilton,80.699,22.657,30.696,27.346,Soft,11,1,329.2,0
R00150,2018,monaco,16,Lewis Hamilton,81.452,22.874,30.951,27.627,Soft,16,1,317.2,0
R00150,2018,monaco,21,Lewis Hamilton,81.907,23.026,31.149,27.732,Soft,21,1,332.0,0
R00150,2018,monaco,26,Lewis Hamilton,79.719,22.353,30.256,27.11,Soft,1,1,330.8,0
R00150,2018,monaco,31,Lewis Hamilton,79.996,22.401,30.382,27.213,Soft,6,1,325.9,0
R00150,2018,monaco,36,Lewis Hamilton,80.75,22.671,30.729,27.35,Hard,11,1,352.8,0
R00150,2018,monaco,41,Lewis Hamilton,81.273,22.724,30.914,27.635,Hard,16,1,346.4,0
R00150,2018,monaco,46,Lewis Hamilton,81.866,22.924,31.056,27.886,Hard,21,1,327.1,0
R00150,2018,monaco,51,Lewis Hamilton,79.531,22.252,30.229,27.05,Hard,1,1,337.6,0
R00150,2018,monaco,56,Lewis Hamilton,80.174,22.446,30.409,27.319,Hard,6,1,343.8,0
R00150,2018,monaco,61,Lewis Hamilton,80.619,22.561,30.674,27.384,Hard,11,1,338.9,0
R00150,2018,monaco,66,Lewis Hamilton,81.406,22.786,30.963,27.657,Hard,16,1,333.8,0
R00150,2018,monaco,71,Lewis Hamilton,81.982,22.855,31.19,27.937,Hard,21,1,322.3,0
R00150,2018,monaco,76,Lewis Hamilton,79.546,22.294,30.289,26.963,Hard,1,1,323.9,0
R00176,2019,hungary,1,Max Verstappen,76.206,21.306,29.022,25.878,Soft,1,0,343.1,0
R00176,2019,hungary,6,Max Verstappen,76.841,21.455,29.091,26.295,Soft,6,1,335.2,0
R00176,2019,hungary,11,Max Verstappen,77.647,21.757,29.47,26.42,Soft,11,1,339.2,0
R00176,2019,hungary,16,Max Verstappen,78.101,21.791,29.585,26.725,Soft,16,1,331.5,0
R00176,2019,hungary,21,Max Verstappen,78.469,21.941,29.829,26.699,Soft,21,1,311.1,0
R00176,2019,hungary,26,Max Verstappen,76.38,21.392,29.0,25.988,Soft,1,1,326.5,0
R00176,2019,hungary,31,Max Verstappen,76.761,21.48,29.134,26.147,Hard,6,1,339.0,0
R00176,2019,hungary,36,Max Verstappen,77.181,21.677,29.318,26.186,Hard,11,1,324.2,0
R00176,2019,hungary,41,Max Verstappen,78.208,21.913,29.778,26.517,Hard,16,1,336.3,0
R00176,2019,hungary,46,Max Verstappen,78.577,21.979,29.89,26.708,Hard,21,1,321.5,0
R00176,2019,hungary,51,Max Verstappen,76.11,21.247,28.946,25.917,Hard,1,1,330.0,0
R00176,2019,hungary,56,Max Verstappen,76.975,21.592,29.22,26.163,Hard,6,1,346.4,0
R00176,2019,hungary,61,Max Verstappen,77.465,21.806,29.381,26.278,Hard,11,1,315.7,0
R00176,2019,hungary,66,Max Verstappen,77.972,21.746,29.597,26.629,Hard,16,1,351.2,0
R00275,2024,bahrain,1,Lando Norris,79.763,22.388,30.27,27.105,Medium,1,0,334.9,0
R00275,2024,bahrain,6,Lando Norris,80.497,22.578,30.645,27.274,Medium,6,1,334.1,0
R00275,2024,bahrain,11,Lando Norris,81.405,22.83,30.965,27.61,Medium,11,1,317.4,0
R00275,2024,bahrain,16,Lando Norris,81.83,22.956,31.048,27.826,Medium,16,1,347.4,0
R00275,2024,bahrain,21,Lando Norris,82.472,23.017,31.268,28.187,Medium,21,1,321.6,0
R00275,2024,bahrain,26,Lando Norris,80.081,22.453,30.412,27.216,Hard,1,1,347.6,0
R00275,2024,bahrain,31,Lando Norris,80.485,22.583,30.654,27.248,Hard,6,1,315.8,0
R00275,2024,bahrain,36,Lando Norris,81.219,22.79,31.004,27.425,Hard,11,1,325.5,0
R00275,2024,bahrain,41,Lando Norris,81.644,22.798,31.003,27.843,Hard,16,1,311.3,0
R00275,2024,bahrain,46,Lando Norris,82.244,23.094,31.195,27.955,Hard,21,1,339.5,0
R00275,2024,bahrain,51,Lando Norris,80.004,22.4,30.442,27.162,Hard,1,1,326.9,0
R00275,2024,bahrain,56,Lando Norris,80.546,22.619,30.555,27.372,Hard,6,1,323.1,0
R00202,2020,singapore,1,Lewis Hamilton,71.611,20.046,27.164,24.401,Soft,1,0,322.6,0
R00202,2020,singapore,6,Lewis Hamilton,72.386,20.232,27.586,24.568,Soft,6,1,324.7,0
R00202,2020,singapore,11,Lewis Hamilton,72.9,20.39,27.711,24.799,Soft,11,1,341.3,0
R00202,2020,singapore,16,Lewis Hamilton,73.197,20.491,27.767,24.939,Soft,16,1,325.5,0
R00202,2020,singapore,21,Lewis Hamilton,73.735,20.68,28.104,24.951,Soft,21,1,338.4,1
R00202,2020,singapore,26,Lewis Hamilton,71.894,20.109,27.384,24.401,Medium,1,1,319.0,0
R00202,2020,singapore,31,Lewis Hamilton,72.08,20.171,27.454,24.455,Medium,6,1,345.5,0
R00202,2020,singapore,36,Lewis Hamilton,73.079,20.416,27.777,24.886,Medium,11,1,336.3,0
R00202,2020,singapore,41,Lewis Hamilton,73.371,20.466,27.838,25.067,Medium,16,1,333.8,0
R00202,2020,singapore,46,Lewis Hamilton,73.985,20.8,28.099,25.086,Medium,21,1,339.5,0
R00202,2020,singapore,51,Lewis Hamilton,71.862,20.118,27.247,24.497,Medium,1,1,339.5,0
R00202,2020,singapore,56,Lewis Hamilton,72.255,20.266,27.482,24.507,Medium,6,1,328.5,0
R00202,2020,singapore,61,Lewis Hamilton,72.866,20.332,27.61,24.924,Medium,11,1,322.4,0
R00140,2017,singapore,1,Max Verstappen,76.88,21.431,29.202,26.247,Medium,1,0,314.2,0
R00140,2017,singapore,6,Max Verstappen,77.573,21.743,29.433,26.397,Medium,6,1,331.3,0
R00140,2017,singapore,11,Max Verstappen,78.275,21.915,29.695,26.665,Medium,11,1,316.1,0
R00140,2017,singapore,16,Max Verstappen,78.788,22.021,29.893,26.874,Medium,16,1,342.4,0
R00140,2017,singapore,21,Max Verstappen,79.625,22.358,30.241,27.026,Medium,21,1,334.6,1
R00140,2017,singapore,26,Max Verstappen,77.319,21.63,29.335,26.354,Hard,1,1,338.1,0
R00140,2017,singapore,31,Max Verstappen,77.641,21.771,29.527,26.343,Hard,6,1,324.8,0
R00140,2017,singapore,36,Max Verstappen,78.108,21.841,29.689,26.578,Hard,11,1,321.4,0
R00140,2017,singapore,41,Max Verstappen,78.902,22.185,30.011,26.706,Hard,16,1,333.2,0
R00140,2017,singapore,46,Max Verstappen,79.596,22.289,30.296,27.011,Hard,21,1,317.8,0
R00140,2017,singapore,51,Max Verstappen,76.978,21.437,29.268,26.273,Hard,1,1,339.6,0
R00140,2017,singapore,56,Max Verstappen,77.858,21.802,29.685,26.371,Hard,6,1,339.7,0
R00140,2017,singapore,61,Max Verstappen,78.227,21.901,29.793,26.533,Hard,11,1,326.9,0
R00305,2025,imola,1,Yuki Tsunoda,79.306,22.101,30.16,27.045,Intermediate,1,0,340.1,0
R00305,2025,imola,6,Yuki Tsunoda,80.011,22.328,30.424,27.259,Intermediate,6,0,345.0,0
R00305,2025,imola,11,Yuki Tsunoda,80.293,22.383,30.574,27.336,Intermediate,11,0,325.6,0
R00305,2025,imola,16,Yuki Tsunoda,80.843,22.608,30.807,27.428,Intermediate,16,0,341.4,0
R00305,2025,imola,21,Yuki Tsunoda,81.552,22.821,31.038,27.693,Intermediate,21,0,319.2,0
R00305,2025,imola,26,Yuki Tsunoda,79.208,22.242,30.16,26.806,Hard,1,0,312.2,0
R00305,2025,imola,31,Yuki Tsunoda,79.789,22.345,30.287,27.157,Hard,6,0,353.4,0
R00305,2025,imola,36,Yuki Tsunoda,80.231,22.486,30.557,27.188,Hard,11,0,320.4,0
R00305,2025,imola,41,Yuki Tsunoda,81.044,22.696,30.819,27.529,Hard,16,0,304.7,0
R00305,2025,imola,46,Yuki Tsunoda,81.663,22.88,31.033,27.75,Hard,21,0,321.7,0
R00305,2025,imola,51,Yuki Tsunoda,79.157,22.205,30.065,26.887,Hard,1,0,313.7,0
R00305,2025,imola,56,Yuki Tsunoda,79.793,22.327,30.337,27.129,Hard,6,0,328.0,0
R00305,2025,imola,61,Yuki Tsunoda,80.576,22.59,30.621,27.365,Hard,11,0,316.5,0
R00002,2010,bahrain,1,Max Verstappen,78.032,21.833,29.621,26.578,Hard,1,0,329.0,0
R00002,2010,bahrain,6,Max Verstappen,78.833,22.057,29.966,26.81,Hard,6,1,325.6,0
R00002,2010,bahrain,11,Max Verstappen,79.284,22.14,30.084,27.06,Hard,11,1,303.5,0
R00002,2010,bahrain,16,Max Verstappen,79.987,22.297,30.427,27.263,Hard,16,1,326.4,0
R00002,2010,bahrain,21,Max Verstappen,80.839,22.77,30.618,27.451,Hard,21,1,341.5,0
R00002,2010,bahrain,26,Max Verstappen,78.025,21.928,29.694,26.403,Hard,1,1,324.9,0
R00002,2010,bahrain,31,Max Verstappen,78.958,22.066,30.067,26.825,Hard,6,1,341.8,0
R00002,2010,bahrain,36,Max Verstappen,79.448,22.271,30.152,27.025,Hard,11,1,347.4,0
R00002,2010,bahrain,41,Max Verstappen,80.197,22.508,30.473,27.216,Hard,16,1,328.4,0
R00002,2010,bahrain,46,Max Verstappen,80.513,22.5,30.595,27.418,Hard,21,1,328.9,0
R00002,2010,bahrain,51,Max Verstappen,78.271,21.923,29.732,26.616,Hard,1,1,327.9,0
R00002,2010,bahrain,56,Max Verstappen,78.875,21.98,29.935,26.96,Hard,6,1,329.0,0
R00011,2010,hungary,1,Max Verstappen,83.275,23.305,31.585,28.385,Medium,1,0,323.7,0
R00011,2010,hungary,6,Max Verstappen,83.702,23.418,31.771,28.513,Medium,6,1,321.5,0
R00011,2010,hungary,11,Max Verstappen,84.212,23.591,31.949,28.672,Medium,11,1,326.5,0
R00011,2010,hungary,16,Max Verstappen,84.917,23.843,32.241,28.833,Medium,16,1,320.9,0
R00011,2010,hungary,21,Max Verstappen,85.508,23.968,32.445,29.095,Medium,21,1,336.4,0
R00011,2010,hungary,26,Max Verstappen,83.115,23.243,31.602,28.27,Medium,1,1,320.3,0
R00011,2010,hungary,31,Max Verstappen,83.904,23.501,31.915,28.488,Medium,6,1,354.0,0
R00011,2010,hungary,36,Max Verstappen,84.694,23.721,32.174,28.799,Medium,11,1,315.3,0
R00011,2010,hungary,41,Max Verstappen,85.004,23.817,32.268,28.919,Medium,16,1,315.6,0
R00011,2010,hungary,46,Max Verstappen,85.853,24.063,32.607,29.183,Medium,21,1,314.3,0
R00011,2010,hungary,51,Max Verstappen,82.981,23.264,31.554,28.163,Medium,1,1,342.3,0
R00011,2010,hungary,56,Max Verstappen,83.6,23.42,31.776,28.404,Medium,6,1,336.3,0
R00011,2010,hungary,61,Max Verstappen,84.4,23.658,32.075,28.667,Medium,11,1,327.6,0
R00011,2010,hungary,66,Max Verstappen,85.147,23.84,32.376,28.931,Medium,16,1,331.2,0
R00322,2025,abu_dhabi,1,Lando Norris,68.487,19.161,26.028,23.298,Soft,1,0,305.1,0
R00322,2025,abu_dhabi,6,Lando Norris,69.433,19.467,26.327,23.639,Soft,6,1,329.2,0
R00322,2025,abu_dhabi,11,Lando Norris,69.468,19.491,26.364,23.613,Soft,11,1,318.0,0
R00322,2025,abu_dhabi,16,Lando Norris,70.502,19.84,26.766,23.896,Soft,16,1,305.3,0
R00322,2025,abu_dhabi,21,Lando Norris,70.831,19.809,26.921,24.101,Soft,21,1,319.4,0
R00322,2025,abu_dhabi,26,Lando Norris,68.778,19.275,26.188,23.315,Soft,1,1,343.9,0
R00322,2025,abu_dhabi,31,Lando Norris,69.133,19.332,26.3,23.501,Soft,6,1,328.5,0
R00322,2025,abu_dhabi,36,Lando Norris,69.97,19.538,26.599,23.833,Soft,11,1,319.8,0
R00322,2025,abu_dhabi,41,Lando Norris,70.455,19.676,26.824,23.955,Soft,16,1,338.3,0
R00322,2025,abu_dhabi,46,Lando Norris,70.87,19.784,26.902,24.184,Soft,21,1,325.5,0
R00322,2025,abu_dhabi,51,Lando Norris,68.674,19.244,26.064,23.366,Soft,1,1,313.6,0
R00322,2025,abu_dhabi,56,Lando Norris,69.016,19.361,26.147,23.508,Soft,6,1,326.2,0
R00240,2022,silverstone,1,Max Verstappen,79.278,22.231,30.04,27.007,Hard,1,0,312.3,0
R00240,2022,silverstone,6,Max Verstappen,79.623,22.312,30.24,27.071,Hard,6,1,342.1,0
R00240,2022,silverstone,11,Max Verstappen,80.498,22.472,30.516,27.51,Hard,11,1,311.7,0
R00240,2022,silverstone,16,Max Verstappen,81.252,22.722,30.887,27.643,Hard,16,1,333.5,0
R00240,2022,silverstone,21,Max Verstappen,81.582,22.734,30.948,27.9,Hard,21,1,329.8,0
R00240,2022,silverstone,26,Max Verstappen,79.251,22.213,30.111,26.927,Hard,1,1,338.5,0
R00240,2022,silverstone,31,Max Verstappen,80.175,22.377,30.365,27.433,Hard,6,1,318.1,0
R00240,2022,silverstone,36,Max Verstappen,80.435,22.594,30.571,27.27,Hard,11,1,330.1,0
R00240,2022,silverstone,41,Max Verstappen,81.114,22.731,30.909,27.474,Hard,16,1,344.9,0
R00240,2022,silverstone,46,Max Verstappen,81.926,22.889,31.073,27.964,Hard,21,1,308.8,0
R00240,2022,silverstone,51,Max Verstappen,79.379,22.27,30.156,26.953,Hard,1,1,337.5,0
R00050,2012,singapore,1,Max Verstappen,84.072,23.588,31.994,28.49,Medium,1,0,333.1,0
R00050,2012,singapore,6,Max Verstappen,84.827,23.752,32.149,28.926,Medium,6,1,330.7,0
R00050,2012,singapore,11,Max Verstappen,85.376,23.84,32.413,29.123,Medium,11,1,328.7,0
R00050,2012,singapore,16,Max Verstappen,86.227,24.152,32.704,29.371,Medium,16,1,320.7,0
R00050,2012,singapore,21,Max Verstappen,86.86,24.287,33.099,29.474,Medium,21,1,347.6,1
R00050,2012,singapore,26,Max Verstappen,84.23,23.605,32.051,28.574,Soft,1,1,306.2,0
R00050,2012,singapore,31,Max Verstappen,84.622,23.669,32.233,28.72,Soft,6,1,327.2,0
R00050,2012,singapore,36,Max Verstappen,85.626,23.969,32.564,29.093,Soft,11,1,330.7,0
R00050,2012,singapore,41,Max Verstappen,86.149,24.221,32.776,29.152,Soft,16,1,353.4,0
R00050,2012,singapore,46,Max Verstappen,86.758,24.313,32.993,29.452,Soft,21,1,330.1,0
R00050,2012,singapore,51,Max Verstappen,84.17,23.642,32.087,28.441,Soft,1,1,317.8,0
R00050,2012,singapore,56,Max Verstappen,84.909,23.732,32.318,28.859,Soft,6,1,350.8,0
R00050,2012,singapore,61,Max Verstappen,85.451,23.885,32.539,29.027,Soft,11,1,338.7,0
R00184,2019,mexico,1,Lewis Hamilton,72.653,20.297,27.611,24.745,Medium,1,0,329.0,0
R00184,2019,mexico,6,Lewis Hamilton,73.482,20.574,27.877,25.031,Medium,6,1,324.3,0
R00184,2019,mexico,11,Lewis Hamilton,74.374,20.827,28.247,25.3,Medium,11,1,346.3,0
R00184,2019,mexico,16,Lewis Hamilton,74.711,20.919,28.417,25.375,Medium,16,1,333.9,0
R00184,2019,mexico,21,Lewis Hamilton,75.179,21.032,28.639,25.508,Medium,21,1,340.2,0
R00184,2019,mexico,26,Lewis Hamilton,72.894,20.42,27.739,24.735,Medium,1,1,332.0,0
R00184,2019,mexico,31,Lewis Hamilton,73.341,20.467,27.906,24.968,Medium,6,1,324.9,0
R00184,2019,mexico,36,Lewis Hamilton,74.002,20.747,28.181,25.074,Medium,11,1,306.7,0
R00184,2019,mexico,41,Lewis Hamilton,74.65,20.974,28.492,25.184,Medium,16,1,344.8,0
R00184,2019,mexico,46,Lewis Hamilton,75.072,20.992,28.582,25.498,Medium,21,1,317.3,1
R00184,2019,mexico,51,Lewis Hamilton,73.242,20.62,27.836,24.786,Medium,1,1,334.6,0
R00184,2019,mexico,56,Lewis Hamilton,73.411,20.478,27.847,25.086,Medium,6,1,339.8,0
R00184,2019,mexico,61,Lewis Hamilton,73.917,20.732,28.178,25.007,Medium,11,1,350.3,0
R00184,2019,mexico,66,Lewis Hamilton,74.589,20.914,28.347,25.328,Medium,16,1,339.9,0
R00184,2019,mexico,71,Lewis Hamilton,75.096,21.015,28.468,25.613,Medium,21,1,332.1,0
R00117,2016,bahrain,1,Lewis Hamilton,80.77,22.633,30.704,27.433,Soft,1,0,322.9,0
R00117,2016,bahrain,6,Lewis Hamilton,81.584,22.753,31.043,27.788,Soft,6,1,312.9,0
R00117,2016,bahrain,11,Lewis Hamilton,82.159,23.06,31.186,27.913,Soft,11,1,332.6,0
R00117,2016,bahrain,16,Lewis Hamilton,82.413,22.951,31.364,28.098,Soft,16,1,320.1,0
R00117,2016,bahrain,21,Lewis Hamilton,83.095,23.355,31.505,28.235,Soft,21,1,316.4,0
R00117,2016,bahrain,26,Lewis Hamilton,80.41,22.546,30.537,27.327,Medium,1,1,331.7,0
R00117,2016,bahrain,31,Lewis Hamilton,81.25,22.745,30.887,27.618,Medium,6,1,333.8,0
R00117,2016,bahrain,36,Lewis Hamilton,82.425,23.018,31.293,28.114,Medium,11,1,337.7,0
R00117,2016,bahrain,41,Lewis Hamilton,82.952,23.146,31.556,28.25,Medium,16,1,323.7,0
R00117,2016,bahrain,46,Lewis Hamilton,83.461,23.382,31.727,28.352,Medium,21,1,325.2,0
R00117,2016,bahrain,51,Lewis Hamilton,80.972,22.634,30.797,27.541,Medium,1,1,316.1,0
R00117,2016,bahrain,56,Lewis Hamilton,81.332,22.741,30.886,27.705,Medium,6,1,331.9,0
R00319,2025,brazil,1,Lando Norris,88.871,24.904,33.806,30.161,Intermediate,1,0,334.1,0
R00319,2025,brazil,6,Lando Norris,89.917,25.131,34.14,30.646,Intermediate,6,0,325.3,0
R00319,2025,brazil,11,Lando Norris,90.634,25.471,34.439,30.724,Intermediate,11,0,326.8,0
R00319,2025,brazil,16,Lando Norris,91.102,25.517,34.548,31.037,Intermediate,16,0,325.3,0
R00319,2025,brazil,21,Lando Norris,91.699,25.683,34.911,31.105,Intermediate,21,0,314.1,0
R00319,2025,brazil,26,Lando Norris,89.011,24.932,33.771,30.308,Intermediate,1,0,332.3,0
R00319,2025,brazil,31,Lando Norris,89.779,25.183,34.095,30.501,Medium,6,0,311.7,0
R00319,2025,brazil,36,Lando Norris,90.656,25.398,34.387,30.871,Medium,11,0,311.1,0
R00319,2025,brazil,41,Lando Norris,91.442,25.486,34.756,31.2,Medium,16,0,303.3,0
R00319,2025,brazil,46,Lando Norris,92.161,25.698,35.091,31.372,Medium,21,0,332.8,1
R00319,2025,brazil,51,Lando Norris,89.504,25.113,33.981,30.41,Medium,1,0,328.6,0
R00319,2025,brazil,56,Lando Norris,89.665,25.151,34.128,30.386,Medium,6,0,323.1,0
R00319,2025,brazil,61,Lando Norris,90.542,25.362,34.383,30.797,Medium,11,0,335.3,0
R00319,2025,brazil,66,Lando Norris,90.917,25.471,34.481,30.965,Medium,16,0,324.6,0
R00319,2025,brazil,71,Lando Norris,92.055,25.795,34.985,31.275,Medium,21,0,331.1,0
R00219,2021,hungary,1,Max Verstappen,75.907,21.326,28.872,25.709,Soft,1,0,340.4,0
R00219,2021,hungary,6,Max Verstappen,76.338,21.406,29.041,25.891,Soft,6,1,299.2,0
R00219,2021,hungary,11,Max Verstappen,76.826,21.462,29.183,26.181,Soft,11,1,338.1,0
R00219,2021,hungary,16,Max Verstappen,77.473,21.827,29.428,26.218,Soft,16,1,320.8,0
R00219,2021,hungary,21,Max Verstappen,78.327,21.943,29.73,26.654,Soft,21,1,319.4,0
R00219,2021,hungary,26,Max Verstappen,75.872,21.219,28.801,25.852,Soft,1,1,319.4,0
R00219,2021,hungary,31,Max Verstappen,76.476,21.452,29.094,25.93,Medium,6,1,306.1,0
R00219,2021,hungary,36,Max Verstappen,77.254,21.588,29.272,26.394,Medium,11,1,341.1,0
R00219,2021,hungary,41,Max Verstappen,77.766,21.775,29.524,26.467,Medium,16,1,360.3,0
R00219,2021,hungary,46,Max Verstappen,78.095,21.827,29.677,26.591,Medium,21,1,328.8,0
R00219,2021,hungary,51,Max Verstappen,76.039,21.3,28.959,25.78,Medium,1,1,329.1,0
R00219,2021,hungary,56,Max Verstappen,76.385,21.373,28.921,26.091,Medium,6,1,322.6,0
R00219,2021,hungary,61,Max Verstappen,77.467,21.683,29.462,26.322,Medium,11,1,329.6,0
R00219,2021,hungary,66,Max Verstappen,77.869,21.824,29.611,26.434,Medium,16,1,331.8,0
R00272,2023,brazil,1,Max Verstappen,87.718,24.574,33.22,29.924,Intermediate,1,0,324.0,0
R00272,2023,brazil,6,Max Verstappen,88.456,24.753,33.589,30.114,Intermediate,6,0,338.6,0
R00272,2023,brazil,11,Max Verstappen,89.144,24.973,33.881,30.29,Intermediate,11,0,321.0,0
R00272,2023,brazil,16,Max Verstappen,89.618,25.017,33.977,30.624,Intermediate,16,0,331.9,0
R00272,2023,brazil,21,Max Verstappen,90.425,25.39,34.356,30.679,Intermediate,21,0,346.5,0
R00272,2023,brazil,26,Max Verstappen,87.648,24.468,33.326,29.854,Intermediate,1,0,303.7,0
R00272,2023,brazil,31,Max Verstappen,88.4,24.739,33.587,30.074,Medium,6,0,320.5,0
R00272,2023,brazil,36,Max Verstappen,89.246,25.013,33.893,30.34,Medium,11,0,344.7,0
R00272,2023,brazil,41,Max Verstappen,89.712,25.019,34.115,30.578,Medium,16,0,344.0,0
R00272,2023,brazil,46,Max Verstappen,90.057,25.24,34.193,30.624,Medium,21,0,320.0,1
R00272,2023,brazil,51,Max Verstappen,87.697,24.57,33.284,29.843,Medium,1,0,343.5,0
R00272,2023,brazil,56,Max Verstappen,88.352,24.796,33.67,29.886,Medium,6,0,334.6,0
R00272,2023,brazil,61,Max Verstappen,89.086,24.976,33.896,30.214,Medium,11,0,350.5,0
R00272,2023,brazil,66,Max Verstappen,89.587,25.051,33.991,30.545,Medium,16,0,338.1,0
R00272,2023,brazil,71,Max Verstappen,90.086,25.174,34.268,30.644,Medium,21,0,331.8,0
R00121,2016,bahrain,1,Lewis Hamilton,75.694,21.143,28.795,25.756,Hard,1,0,332.2,0
R00121,2016,bahrain,6,Lewis Hamilton,75.973,21.178,28.751,26.044,Hard,6,1,333.9,0
R00121,2016,bahrain,11,Lewis Hamilton,76.894,21.507,29.215,26.172,Hard,11,1,331.0,0
R00121,2016,bahrain,16,Lewis Hamilton,77.497,21.706,29.466,26.325,Hard,16,1,291.1,0
R00121,2016,bahrain,21,Lewis Hamilton,78.162,21.916,29.669,26.577,Hard,21,1,332.0,0
R00121,2016,bahrain,26,Lewis Hamilton,75.855,21.287,28.907,25.661,Medium,1,1,358.3,0
R00121,2016,bahrain,31,Lewis Hamilton,75.986,21.32,28.759,25.907,Medium,6,1,331.9,0
R00121,2016,bahrain,36,Lewis Hamilton,76.856,21.536,29.131,26.189,Medium,11,1,325.1,0
R00121,2016,bahrain,41,Lewis Hamilton,77.351,21.604,29.441,26.306,Medium,16,1,333.2,0
R00121,2016,bahrain,46,Lewis Hamilton,77.964,21.766,29.585,26.613,Medium,21,1,325.0,0
R00121,2016,bahrain,51,Lewis Hamilton,75.664,21.253,28.75,25.661,Medium,1,1,323.0,0
R00121,2016,bahrain,56,Lewis Hamilton,75.914,21.215,28.885,25.814,Medium,6,1,330.1,0
R00087,2014,bahrain,1,Lewis Hamilton,75.501,21.139,28.696,25.666,Hard,1,0,335.0,0
R00087,2014,bahrain,6,Lewis Hamilton,75.78,21.313,28.842,25.625,Hard,6,1,324.2,0
R00087,2014,bahrain,11,Lewis Hamilton,76.475,21.456,28.991,26.028,Hard,11,1,337.7,0
R00087,2014,bahrain,16,Lewis Hamilton,76.95,21.489,29.276,26.185,Hard,16,1,358.3,0
R00087,2014,bahrain,21,Lewis Hamilton,77.654,21.735,29.473,26.446,Hard,21,1,321.2,0
R00087,2014,bahrain,26,Lewis Hamilton,75.28,21.036,28.545,25.699,Hard,1,1,340.3,0
R00087,2014,bahrain,31,Lewis Hamilton,76.194,21.366,28.88,25.948,Hard,6,1,306.9,0
R00087,2014,bahrain,36,Lewis Hamilton,76.71,21.525,29.168,26.017,Hard,11,1,329.2,0
R00087,2014,bahrain,41,Lewis Hamilton,77.07,21.662,29.269,26.139,Hard,16,1,354.5,0
R00087,2014,bahrain,46,Lewis Hamilton,77.658,21.702,29.459,26.497,Hard,21,1,351.9,0
R00087,2014,bahrain,51,Lewis Hamilton,75.391,21.115,28.565,25.711,Hard,1,1,322.7,0
R00087,2014,bahrain,56,Lewis Hamilton,75.797,21.279,28.764,25.754,Hard,6,1,323.5,0
R00116,2016,bahrain,1,Lewis Hamilton,82.855,23.22,31.467,28.168,Hard,1,0,323.0,0
R00116,2016,bahrain,6,Lewis Hamilton,83.584,23.446,31.686,28.452,Hard,6,1,335.2,0
R00116,2016,bahrain,11,Lewis Hamilton,84.373,23.63,31.972,28.771,Hard,11,1,315.6,0
R00116,2016,bahrain,16,Lewis Hamilton,84.869,23.78,32.301,28.788,Hard,16,1,328.1,0
R00116,2016,bahrain,21,Lewis Hamilton,85.756,24.062,32.546,29.148,Hard,21,1,344.5,0
R00116,2016,bahrain,26,Lewis Hamilton,83.085,23.277,31.567,28.241,Soft,1,1,306.8,0
R00116,2016,bahrain,31,Lewis Hamilton,83.704,23.475,31.755,28.474,Soft,6,1,315.3,0
R00116,2016,bahrain,36,Lewis Hamilton,84.04,23.547,32.036,28.457,Soft,11,1,330.9,0
R00116,2016,bahrain,41,Lewis Hamilton,84.587,23.671,32.171,28.745,Soft,16,1,336.6,0
R00116,2016,bahrain,46,Lewis Hamilton,85.251,23.904,32.371,28.976,Soft,21,1,321.5,0
R00116,2016,bahrain,51,Lewis Hamilton,83.052,23.202,31.563,28.287,Soft,1,1,333.8,0
R00116,2016,bahrain,56,Lewis Hamilton,83.513,23.356,31.659,28.498,Soft,6,1,323.1,0
R00198,2020,hungary,1,Lewis Hamilton,79.279,22.163,30.138,26.978,Soft,1,0,325.9,0
R00198,2020,hungary,6,Lewis Hamilton,79.534,22.194,30.236,27.104,Soft,6,1,335.5,0
R00198,2020,hungary,11,Lewis Hamilton,79.907,22.325,30.392,27.19,Soft,11,1,328.8,0
R00198,2020,hungary,16,Lewis Hamilton,80.73,22.647,30.718,27.365,Soft,16,1,351.4,0
R00198,2020,hungary,21,Lewis Hamilton,81.284,22.772,30.904,27.608,Soft,21,1,304.1,0
R00198,2020,hungary,26,Lewis Hamilton,78.776,21.987,29.947,26.842,Soft,1,1,335.7,0
R00198,2020,hungary,31,Lewis Hamilton,79.907,22.386,30.363,27.158,Hard,6,1,314.5,0
R00198,2020,hungary,36,Lewis Hamilton,80.189,22.477,30.553,27.159,Hard,11,1,350.1,0
R00198,2020,hungary,41,Lewis Hamilton,80.959,22.681,30.81,27.468,Hard,16,1,330.6,0
R00198,2020,hungary,46,Lewis Hamilton,81.391,22.769,31.03,27.592,Hard,21,1,327.2,0
R00198,2020,hungary,51,Lewis Hamilton,79.256,22.151,30.054,27.051,Hard,1,1,319.5,0
R00198,2020,hungary,56,Lewis Hamilton,79.777,22.34,30.328,27.109,Hard,6,1,326.2,0
R00198,2020,hungary,61,Lewis Hamilton,80.048,22.399,30.413,27.236,Hard,11,1,321.1,0
R00198,2020,hungary,66,Lewis Hamilton,80.977,22.678,30.791,27.508,Hard,16,1,328.6,0
R00081,2014,bahrain,1,Lewis Hamilton,70.106,19.615,26.527,23.964,Soft,1,0,344.4,0
R00081,2014,bahrain,6,Lewis Hamilton,70.733,19.816,26.873,24.044,Soft,6,1,330.9,0
R00081,2014,bahrain,11,Lewis Hamilton,71.258,19.941,26.996,24.321,Soft,11,1,344.4,0
R00081,2014,bahrain,16,Lewis Hamilton,71.614,19.934,27.147,24.533,Soft,16,1,313.3,0
R00081,2014,bahrain,21,Lewis Hamilton,72.12,20.133,27.495,24.492,Soft,21,1,320.7,0
R00081,2014,bahrain,26,Lewis Hamilton,70.115,19.629,26.661,23.825,Hard,1,1,332.1,0
R00081,2014,bahrain,31,Lewis Hamilton,70.529,19.716,26.786,24.027,Hard,6,1,310.6,0
R00081,2014,bahrain,36,Lewis Hamilton,71.268,19.941,27.082,24.245,Hard,11,1,344.8,0
R00081,2014,bahrain,41,Lewis Hamilton,71.54,19.969,27.204,24.367,Hard,16,1,338.3,0
R00081,2014,bahrain,46,Lewis Hamilton,72.302,20.277,27.419,24.606,Hard,21,1,330.3,0
R00081,2014,bahrain,51,Lewis Hamilton,70.136,19.578,26.655,23.903,Hard,1,1,330.2,0
R00081,2014,bahrain,56,Lewis Hamilton,70.409,19.626,26.813,23.97,Hard,6,1,344.4,0
R00033,2011,bahrain,1,Max Verstappen,79.581,22.362,30.214,27.005,Soft,1,0,341.9,0
R00033,2011,bahrain,6,Max Verstappen,79.89,22.367,30.245,27.278,Soft,6,1,333.7,0
R00033,2011,bahrain,11,Max Verstappen,80.299,22.431,30.538,27.33,Soft,11,1,323.0,0
R00033,2011,bahrain,16,Max Verstappen,81.225,22.699,30.88,27.646,Soft,16,1,319.4,0
R00033,2011,bahrain,21,Max Verstappen,81.485,22.854,31.004,27.627,Soft,21,1,342.6,0
R00033,2011,bahrain,26,Max Verstappen,79.175,22.137,30.089,26.949,Soft,1,1,333.3,0
R00033,2011,bahrain,31,Max Verstappen,79.718,22.289,30.308,27.121,Soft,6,1,319.8,0
R00033,2011,bahrain,36,Max Verstappen,80.486,22.575,30.582,27.329,Soft,11,1,325.3,0
R00033,2011,bahrain,41,Max Verstappen,80.792,22.703,30.731,27.358,Soft,16,1,333.6,0
R00033,2011,bahrain,46,Max Verstappen,81.558,22.836,30.945,27.777,Soft,21,1,319.7,0
R00033,2011,bahrain,51,Max Verstappen,79.562,22.213,30.147,27.202,Soft,1,1,333.7,0
R00033,2011,bahrain,56,Max Verstappen,79.677,22.342,30.309,27.026,Soft,6,1,335.8,0
R00006,2010,monaco,1,Charles Leclerc,83.574,23.397,31.778,28.399,Medium,1,0,308.2,0
R00006,2010,monaco,6,Charles Leclerc,84.242,23.6,31.99,28.652,Medium,6,1,341.9,0
R00006,2010,monaco,11,Charles Leclerc,84.535,23.728,32.132,28.675,Medium,11,1,337.9,0
R00006,2010,monaco,16,Charles Leclerc,85.501,23.955,32.438,29.108,Medium,16,1,337.4,0
R00006,2010,monaco,21,Charles Leclerc,85.782,24.02,32.57,29.192,Medium,21,1,329.3,0
R00006,2010,monaco,26,Charles Leclerc,83.449,23.32,31.62,28.509,Medium,1,1,323.0,0
R00006,2010,monaco,31,Charles Leclerc,84.176,23.588,31.956,28.632,Medium,6,1,339.3,0
R00006,2010,monaco,36,Charles Leclerc,84.511,23.587,32.102,28.822,Medium,11,1,340.9,0
R00006,2010,monaco,41,Charles Leclerc,85.311,23.961,32.46,28.89,Medium,16,1,320.7,0
R00006,2010,monaco,46,Charles Leclerc,86.1,24.08,32.692,29.328,Medium,21,1,325.2,0
R00006,2010,monaco,51,Charles Leclerc,83.935,23.504,31.825,28.606,Medium,1,1,302.3,0
R00006,2010,monaco,56,Charles Leclerc,84.075,23.639,32.004,28.432,Medium,6,1,346.1,0
R00006,2010,monaco,61,Charles Leclerc,84.623,23.674,32.116,28.833,Medium,11,1,344.6,0
R00006,2010,monaco,66,Charles Leclerc,85.503,23.916,32.529,29.058,Medium,16,1,342.0,0
R00006,2010,monaco,71,Charles Leclerc,85.993,24.089,32.646,29.258,Medium,21,1,317.5,0
R00006,2010,monaco,76,Charles Leclerc,83.526,23.401,31.679,28.446,Medium,1,1,323.8,0
R00241,2022,hungary,1,Lando Norris,76.59,21.414,29.074,26.102,Hard,1,0,348.4,0
R00241,2022,hungary,6,Lando Norris,77.365,21.693,29.326,26.346,Hard,6,1,315.5,0
R00241,2022,hungary,11,Lando Norris,77.615,21.808,29.446,26.361,Hard,11,1,322.8,0
R00241,2022,hungary,16,Lando Norris,78.374,21.978,29.805,26.591,Hard,16,1,324.9,0
R00241,2022,hungary,21,Lando Norris,78.74,22.019,30.02,26.701,Hard,21,1,345.7,0
R00241,2022,hungary,26,Lando Norris,76.777,21.481,29.127,26.169,Hard,1,1,345.0,0
R00241,2022,hungary,31,Lando Norris,77.089,21.649,29.394,26.046,Hard,6,1,316.4,0
R00241,2022,hungary,36,Lando Norris,77.761,21.695,29.644,26.422,Hard,11,1,330.2,0
R00241,2022,hungary,41,Lando Norris,78.08,21.815,29.696,26.569,Hard,16,1,308.3,0
R00241,2022,hungary,46,Lando Norris,78.713,22.167,29.919,26.627,Hard,21,1,338.3,0
R00241,2022,hungary,51,Lando Norris,76.807,21.452,29.167,26.188,Hard,1,1,339.5,0
R00241,2022,hungary,56,Lando Norris,77.09,21.542,29.295,26.253,Hard,6,1,342.8,0
R00241,2022,hungary,61,Lando Norris,77.465,21.653,29.438,26.374,Hard,11,1,339.4,0
R00241,2022,hungary,66,Lando Norris,78.033,21.86,29.743,26.43,Hard,16,1,332.9,0
R00232,2022,jeddah,1,Charles Leclerc,73.195,20.482,27.79,24.923,Hard,1,0,330.8,0
R00232,2022,jeddah,6,Charles Leclerc,73.696,20.608,27.965,25.123,Hard,6,1,334.3,0
R00232,2022,jeddah,11,Charles Leclerc,74.168,20.72,28.157,25.291,Hard,11,1,336.9,0
R00232,2022,jeddah,16,Charles Leclerc,74.769,20.911,28.374,25.484,Hard,16,1,324.7,0
R00232,2022,jeddah,21,Charles Leclerc,75.209,21.137,28.588,25.484,Medium,21,1,326.9,0
R00232,2022,jeddah,26,Charles Leclerc,72.934,20.389,27.735,24.81,Medium,1,1,328.5,0
R00232,2022,jeddah,31,Charles Leclerc,73.478,20.621,27.935,24.922,Medium,6,1,320.2,0
R00232,2022,jeddah,36,Charles Leclerc,73.902,20.633,28.046,25.223,Medium,11,1,325.0,0
R00232,2022,jeddah,41,Charles Leclerc,74.801,20.929,28.399,25.473,Medium,16,1,319.1,0
R00232,2022,jeddah,46,Charles Leclerc,75.245,21.033,28.565,25.647,Medium,21,1,322.7,0
R00137,2017,hungary,1,Max Verstappen,74.027,20.679,28.175,25.173,Hard,1,0,338.9,0
R00137,2017,hungary,6,Max Verstappen,74.009,20.688,28.196,25.125,Hard,6,1,336.1,0
R00137,2017,hungary,11,Max Verstappen,74.913,20.952,28.39,25.571,Hard,11,1,314.8,0
R00137,2017,hungary,16,Max Verstappen,75.415,21.116,28.677,25.622,Hard,16,1,320.2,0
R00137,2017,hungary,21,Max Verstappen,76.11,21.235,28.965,25.91,Hard,21,1,329.5,0
R00137,2017,hungary,26,Max Verstappen,73.816,20.627,27.968,25.221,Hard,1,1,330.2,0
R00137,2017,hungary,31,Max Verstappen,74.21,20.805,28.139,25.266,Medium,6,1,327.0,0
R00137,2017,hungary,36,Max Verstappen,74.858,20.966,28.436,25.456,Medium,11,1,316.0,0
R00137,2017,hungary,41,Max Verstappen,75.678,21.14,28.783,25.755,Medium,16,1,334.8,0
R00137,2017,hungary,46,Max Verstappen,76.079,21.305,28.877,25.897,Medium,21,1,330.1,0
R00137,2017,hungary,51,Max Verstappen,73.734,20.589,28.06,25.085,Medium,1,1,332.3,0
R00137,2017,hungary,56,Max Verstappen,74.171,20.815,28.198,25.158,Medium,6,1,335.3,0
R00137,2017,hungary,61,Max Verstappen,74.771,20.797,28.398,25.576,Medium,11,1,334.6,0
R00137,2017,hungary,66,Max Verstappen,75.436,21.104,28.648,25.684,Medium,16,1,319.9,0
R00242,2022,spa,1,Lando Norris,75.516,21.214,28.711,25.591,Hard,1,0,331.8,0
R00242,2022,spa,6,Lando Norris,76.456,21.392,29.083,25.981,Hard,6,1,323.5,0
R00242,2022,spa,11,Lando Norris,76.756,21.456,29.188,26.112,Hard,11,1,320.8,0
R00242,2022,spa,16,Lando Norris,77.297,21.618,29.317,26.362,Hard,16,1,338.2,0
R00242,2022,spa,21,Lando Norris,78.019,21.853,29.641,26.525,Soft,21,1,330.7,0
R00242,2022,spa,26,Lando Norris,75.644,21.132,28.734,25.778,Soft,1,1,328.9,0
R00242,2022,spa,31,Lando Norris,76.645,21.525,29.185,25.935,Soft,6,1,344.5,0
R00242,2022,spa,36,Lando Norris,76.969,21.62,29.227,26.122,Soft,11,1,326.1,0
R00242,2022,spa,41,Lando Norris,77.596,21.743,29.535,26.318,Soft,16,1,319.8,0
R00132,2017,monaco,1,Lewis Hamilton,84.537,23.632,32.129,28.776,Soft,1,0,330.9,0
R00132,2017,monaco,6,Lewis Hamilton,85.545,23.88,32.556,29.109,Soft,6,1,329.8,0
R00132,2017,monaco,11,Lewis Hamilton,85.991,24.159,32.612,29.22,Soft,11,1,333.3,0
R00132,2017,monaco,16,Lewis Hamilton,86.87,24.3,32.927,29.643,Soft,16,1,331.8,0
R00132,2017,monaco,21,Lewis Hamilton,87.145,24.438,33.061,29.646,Soft,21,1,341.2,0
R00132,2017,monaco,26,Lewis Hamilton,84.651,23.666,32.148,28.837,Soft,1,1,339.5,0
R00132,2017,monaco,31,Lewis Hamilton,85.193,23.845,32.342,29.006,Soft,6,1,337.7,0
R00132,2017,monaco,36,Lewis Hamilton,86.242,24.216,32.792,29.234,Medium,11,1,316.1,0
R00132,2017,monaco,41,Lewis Hamilton,86.219,24.259,32.712,29.248,Medium,16,1,332.9,0
R00132,2017,monaco,46,Lewis Hamilton,87.344,24.533,33.278,29.533,Medium,21,1,323.2,0
R00132,2017,monaco,51,Lewis Hamilton,84.85,23.745,32.191,28.914,Medium,1,1,329.9,0
R00132,2017,monaco,56,Lewis Hamilton,85.333,23.813,32.443,29.077,Medium,6,1,298.9,0
R00132,2017,monaco,61,Lewis Hamilton,86.023,24.11,32.646,29.267,Medium,11,1,346.5,0
R00132,2017,monaco,66,Lewis Hamilton,86.447,24.296,32.824,29.327,Medium,16,1,334.6,0
R00132,2017,monaco,71,Lewis Hamilton,87.219,24.444,33.175,29.6,Medium,21,1,342.7,0
R00132,2017,monaco,76,Lewis Hamilton,84.703,23.713,32.247,28.743,Medium,1,1,330.8,0
R00146,2018,bahrain,1,Max Verstappen,84.787,23.74,32.288,28.759,Hard,1,0,333.6,0
R00146,2018,bahrain,6,Max Verstappen,85.278,23.85,32.471,28.957,Hard,6,1,327.0,0
R00146,2018,bahrain,11,Max Verstappen,86.148,24.138,32.748,29.262,Hard,11,1,313.4,0
R00146,2018,bahrain,16,Max Verstappen,86.844,24.254,32.964,29.626,Hard,16,1,336.6,0
R00146,2018,bahrain,21,Max Verstappen,87.102,24.293,33.028,29.781,Hard,21,1,333.2,0
R00146,2018,bahrain,26,Max Verstappen,84.642,23.819,32.131,28.692,Medium,1,1,316.9,0
R00146,2018,bahrain,31,Max Verstappen,85.423,23.942,32.497,28.984,Medium,6,1,347.1,0
R00146,2018,bahrain,36,Max Verstappen,85.933,24.09,32.676,29.167,Medium,11,1,354.4,0
R00146,2018,bahrain,41,Max Verstappen,86.812,24.302,32.984,29.526,Medium,16,1,338.7,0
R00146,2018,bahrain,46,Max Verstappen,87.156,24.315,33.091,29.75,Medium,21,1,332.5,0
R00146,2018,bahrain,51,Max Verstappen,84.776,23.779,32.226,28.771,Medium,1,1,313.2,0
R00146,2018,bahrain,56,Max Verstappen,85.432,23.887,32.411,29.134,Medium,6,1,311.3,0
R00046,2012,bahrain,1,Charles Leclerc,87.339,24.437,33.264,29.638,Hard,1,0,344.2,0
R00046,2012,bahrain,6,Charles Leclerc,87.985,24.617,33.507,29.861,Hard,6,1,323.1,0
R00046,2012,bahrain,11,Charles Leclerc,88.686,24.81,33.659,30.217,Hard,11,1,331.1,0
R00046,2012,bahrain,16,Charles Leclerc,88.932,25.001,33.862,30.069,Hard,16,1,337.4,0
R00046,2012,bahrain,21,Charles Leclerc,90.038,25.241,34.245,30.552,Hard,21,1,330.6,0
R00046,2012,bahrain,26,Charles Leclerc,87.312,24.411,33.145,29.756,Hard,1,1,330.4,0
R00046,2012,bahrain,31,Charles Leclerc,88.078,24.633,33.449,29.996,Hard,6,1,332.4,0
R00046,2012,bahrain,36,Charles Leclerc,88.97,24.984,33.87,30.116,Hard,11,1,325.2,0
R00046,2012,bahrain,41,Charles Leclerc,89.566,25.184,34.095,30.287,Hard,16,1,329.5,0
R00046,2012,bahrain,46,Charles Leclerc,90.14,25.194,34.16,30.786,Hard,21,1,332.4,0
R00046,2012,bahrain,51,Charles Leclerc,87.232,24.431,33.156,29.645,Hard,1,1,319.2,0
R00046,2012,bahrain,56,Charles Leclerc,87.994,24.713,33.385,29.896,Hard,6,1,316.9,0
R00135,2017,bahrain,1,Lewis Hamilton,90.033,25.246,34.19,30.597,Hard,1,0,338.3,0
R00135,2017,bahrain,6,Lewis Hamilton,90.985,25.517,34.64,30.828,Hard,6,1,310.9,0
R00135,2017,bahrain,11,Lewis Hamilton,91.679,25.754,34.842,31.083,Hard,11,1,340.8,0
R00135,2017,bahrain,16,Lewis Hamilton,92.188,25.804,35.11,31.274,Hard,16,1,339.7,0
R00135,2017,bahrain,21,Lewis Hamilton,92.803,25.988,35.313,31.502,Hard,21,1,338.4,0
R00135,2017,bahrain,26,Lewis Hamilton,90.322,25.331,34.336,30.655,Medium,1,1,345.6,0
R00135,2017,bahrain,31,Lewis Hamilton,90.568,25.417,34.463,30.688,Medium,6,1,329.0,0
R00135,2017,bahrain,36,Lewis Hamilton,91.398,25.607,34.725,31.066,Medium,11,1,314.7,0
R00135,2017,bahrain,41,Lewis Hamilton,91.894,25.794,34.911,31.189,Medium,16,1,329.2,0
R00135,2017,bahrain,46,Lewis Hamilton,92.735,25.849,35.198,31.688,Medium,21,1,334.6,0
R00135,2017,bahrain,51,Lewis Hamilton,89.915,25.197,34.181,30.537,Medium,1,1,297.0,0
R00135,2017,bahrain,56,Lewis Hamilton,90.743,25.498,34.558,30.687,Medium,6,1,340.4,0
R00189,2020,jeddah,1,Max Verstappen,75.196,21.103,28.548,25.545,Soft,1,0,316.8,0
R00189,2020,jeddah,6,Max Verstappen,75.701,21.126,28.795,25.78,Soft,6,1,332.7,0
R00189,2020,jeddah,11,Max Verstappen,76.364,21.4,29.038,25.926,Soft,11,1,347.0,0
R00189,2020,jeddah,16,Max Verstappen,76.772,21.38,29.247,26.145,Soft,16,1,338.7,0
R00189,2020,jeddah,21,Max Verstappen,77.562,21.736,29.522,26.304,Soft,21,1,334.9,0
R00189,2020,jeddah,26,Max Verstappen,75.44,21.067,28.674,25.699,Soft,1,1,329.7,0
R00189,2020,jeddah,31,Max Verstappen,75.946,21.26,28.906,25.78,Soft,6,1,312.2,0
R00189,2020,jeddah,36,Max Verstappen,76.311,21.384,28.945,25.982,Soft,11,1,327.1,0
R00189,2020,jeddah,41,Max Verstappen,76.86,21.611,29.082,26.167,Soft,16,1,330.3,0
R00189,2020,jeddah,46,Max Verstappen,77.627,21.744,29.491,26.392,Soft,21,1,300.9,0
R00173,2019,canada,1,Lewis Hamilton,82.814,23.171,31.448,28.195,Medium,1,0,348.1,0
R00173,2019,canada,6,Lewis Hamilton,83.106,23.262,31.552,28.292,Medium,6,1,345.2,0
R00173,2019,canada,11,Lewis Hamilton,83.998,23.573,31.986,28.439,Medium,11,1,336.4,0
R00173,2019,canada,16,Lewis Hamilton,84.524,23.666,32.042,28.816,Medium,16,1,326.6,0
R00173,2019,canada,21,Lewis Hamilton,85.074,23.9,32.248,28.926,Medium,21,1,349.8,0
R00173,2019,canada,26,Lewis Hamilton,82.738,23.222,31.483,28.033,Medium,1,1,318.6,0
R00173,2019,canada,31,Lewis Hamilton,83.224,23.353,31.593,28.278,Soft,6,1,317.6,0
R00173,2019,canada,36,Lewis Hamilton,84.162,23.627,31.953,28.582,Soft,11,1,328.9,0
R00173,2019,canada,41,Lewis Hamilton,84.655,23.608,32.224,28.823,Soft,16,1,364.9,0
R00173,2019,canada,46,Lewis Hamilton,85.352,23.963,32.487,28.902,Soft,21,1,327.4,0
R00173,2019,canada,51,Lewis Hamilton,82.473,23.112,31.323,28.038,Soft,1,1,327.3,0
R00173,2019,canada,56,Lewis Hamilton,83.173,23.263,31.667,28.243,Soft,6,1,347.6,0
R00173,2019,canada,61,Lewis Hamilton,83.944,23.562,31.791,28.591,Soft,11,1,323.2,0
R00173,2019,canada,66,Lewis Hamilton,84.566,23.698,32.104,28.764,Soft,16,1,316.0,0
R00022,2011,bahrain,1,Max Verstappen,82.295,22.993,31.312,27.99,Hard,1,0,328.9,0
R00022,2011,bahrain,6,Max Verstappen,83.277,23.265,31.73,28.282,Hard,6,1,345.0,0
R00022,2011,bahrain,11,Max Verstappen,83.693,23.466,31.871,28.356,Hard,11,1,318.4,0
R00022,2011,bahrain,16,Max Verstappen,84.41,23.699,32.085,28.626,Hard,16,1,342.5,0
R00022,2011,bahrain,21,Max Verstappen,84.876,23.804,32.246,28.826,Hard,21,1,326.4,0
R00022,2011,bahrain,26,Max Verstappen,82.286,23.0,31.254,28.032,Soft,1,1,336.6,0
R00022,2011,bahrain,31,Max Verstappen,83.035,23.288,31.567,28.18,Soft,6,1,356.1,0
R00022,2011,bahrain,36,Max Verstappen,83.928,23.511,31.933,28.484,Soft,11,1,340.3,0
R00022,2011,bahrain,41,Max Verstappen,84.355,23.543,31.973,28.839,Soft,16,1,313.1,0
R00022,2011,bahrain,46,Max Verstappen,85.077,23.782,32.339,28.956,Soft,21,1,321.2,0
R00022,2011,bahrain,51,Max Verstappen,82.282,23.079,31.333,27.87,Soft,1,1,329.2,0
R00022,2011,bahrain,56,Max Verstappen,83.002,23.342,31.488,28.172,Soft,6,1,347.2,0
R00332,2026,austria,1,Lando Norris,90.334,25.316,34.427,30.591,Intermediate,1,0,333.2,0
R00332,2026,austria,6,Lando Norris,90.871,25.421,34.496,30.954,Intermediate,6,0,361.0,0
R00332,2026,austria,11,Lando Norris,91.329,25.546,34.738,31.045,Intermediate,11,0,335.8,0
R00332,2026,austria,16,Lando Norris,91.63,25.738,34.888,31.004,Intermediate,16,0,327.7,0
R00332,2026,austria,21,Lando Norris,92.832,25.977,35.31,31.545,Intermediate,21,0,328.6,0
R00332,2026,austria,26,Lando Norris,90.177,25.28,34.294,30.603,Intermediate,1,0,345.0,0
R00332,2026,austria,31,Lando Norris,90.909,25.42,34.6,30.889,Medium,6,0,323.5,0
R00332,2026,austria,36,Lando Norris,91.892,25.738,34.959,31.195,Medium,11,0,337.0,0
R00332,2026,austria,41,Lando Norris,91.782,25.675,34.911,31.196,Medium,16,0,309.1,0
R00332,2026,austria,46,Lando Norris,92.644,25.929,35.199,31.516,Medium,21,0,340.3,1
R00332,2026,austria,51,Lando Norris,90.019,25.302,34.256,30.461,Medium,1,0,328.9,0
R00332,2026,austria,56,Lando Norris,90.997,25.478,34.543,30.976,Medium,6,0,337.2,0
R00332,2026,austria,61,Lando Norris,91.632,25.632,34.863,31.137,Medium,11,0,335.4,0
R00332,2026,austria,66,Lando Norris,92.522,25.884,35.243,31.395,Medium,16,0,326.1,0
R00332,2026,austria,71,Lando Norris,92.622,25.924,35.204,31.494,Medium,21,0,323.6,0
R00106,2015,bahrain,1,Charles Leclerc,78.056,21.883,29.612,26.561,Soft,1,0,327.4,0
R00106,2015,bahrain,6,Charles Leclerc,78.547,21.983,29.92,26.644,Soft,6,1,328.8,0
R00106,2015,bahrain,11,Charles Leclerc,79.179,22.084,30.121,26.974,Soft,11,1,328.6,0
R00106,2015,bahrain,16,Charles Leclerc,79.797,22.382,30.291,27.124,Soft,16,1,331.6,0
R00106,2015,bahrain,21,Charles Leclerc,80.38,22.616,30.565,27.199,Soft,21,1,318.1,0
R00106,2015,bahrain,26,Charles Leclerc,77.944,21.869,29.576,26.499,Hard,1,1,337.4,0
R00106,2015,bahrain,31,Charles Leclerc,78.367,21.897,29.795,26.675,Hard,6,1,317.9,0
R00106,2015,bahrain,36,Charles Leclerc,79.299,22.073,30.059,27.167,Hard,11,1,312.4,0
R00106,2015,bahrain,41,Charles Leclerc,79.87,22.306,30.314,27.25,Hard,16,1,328.2,0
R00106,2015,bahrain,46,Charles Leclerc,80.39,22.489,30.532,27.369,Hard,21,1,343.8,0
R00106,2015,bahrain,51,Charles Leclerc,78.017,21.912,29.632,26.473,Hard,1,1,325.3,0
R00106,2015,bahrain,56,Charles Leclerc,78.656,22.131,29.895,26.63,Hard,6,1,357.0,0
R00152,2018,bahrain,1,Lewis Hamilton,72.706,20.404,27.679,24.623,Medium,1,0,336.7,0
R00152,2018,bahrain,6,Lewis Hamilton,73.173,20.414,27.714,25.045,Medium,6,1,331.0,0
R00152,2018,bahrain,11,Lewis Hamilton,73.788,20.72,27.976,25.092,Medium,11,1,325.0,0
R00152,2018,bahrain,16,Lewis Hamilton,74.461,20.821,28.264,25.376,Medium,16,1,335.4,0
R00152,2018,bahrain,21,Lewis Hamilton,74.901,20.968,28.433,25.5,Medium,21,1,332.8,0
R00152,2018,bahrain,26,Lewis Hamilton,72.594,20.366,27.634,24.594,Soft,1,1,326.7,0
R00152,2018,bahrain,31,Lewis Hamilton,73.278,20.581,27.833,24.864,Soft,6,1,329.9,0
R00152,2018,bahrain,36,Lewis Hamilton,74.084,20.693,28.156,25.235,Soft,11,1,322.9,0
R00152,2018,bahrain,41,Lewis Hamilton,74.376,20.804,28.23,25.342,Soft,16,1,324.1,0
R00152,2018,bahrain,46,Lewis Hamilton,74.983,20.969,28.486,25.528,Soft,21,1,322.1,0
R00152,2018,bahrain,51,Lewis Hamilton,72.827,20.421,27.587,24.819,Soft,1,1,314.4,0
R00152,2018,bahrain,56,Lewis Hamilton,73.33,20.531,27.818,24.981,Soft,6,1,322.2,0
R00190,2020,albert_park,1,Lewis Hamilton,74.429,20.906,28.269,25.254,Hard,1,0,319.6,0
R00190,2020,albert_park,6,Lewis Hamilton,75.036,21.065,28.473,25.498,Hard,6,1,323.1,0
R00190,2020,albert_park,11,Lewis Hamilton,75.599,21.221,28.78,25.598,Hard,11,1,335.6,0
R00190,2020,albert_park,16,Lewis Hamilton,76.19,21.33,28.97,25.89,Hard,16,1,347.4,0
R00190,2020,albert_park,21,Lewis Hamilton,76.74,21.49,29.262,25.988,Hard,21,1,321.1,0
R00190,2020,albert_park,26,Lewis Hamilton,74.567,20.974,28.391,25.202,Soft,1,1,330.2,0
R00190,2020,albert_park,31,Lewis Hamilton,75.065,20.94,28.557,25.568,Soft,6,1,339.6,0
R00190,2020,albert_park,36,Lewis Hamilton,75.663,21.248,28.716,25.699,Soft,11,1,344.9,0
R00190,2020,albert_park,41,Lewis Hamilton,76.052,21.271,28.871,25.91,Soft,16,1,321.5,0
R00190,2020,albert_park,46,Lewis Hamilton,76.702,21.504,29.193,26.005,Soft,21,1,325.7,0
R00190,2020,albert_park,51,Lewis Hamilton,74.401,20.936,28.248,25.217,Soft,1,1,339.9,0
R00190,2020,albert_park,56,Lewis Hamilton,75.205,21.006,28.604,25.595,Soft,6,1,319.7,0
R00125,2016,brazil,1,Lewis Hamilton,75.918,21.292,28.717,25.909,Soft,1,0,329.9,0
R00125,2016,brazil,6,Lewis Hamilton,76.637,21.403,29.141,26.093,Soft,6,1,316.5,0
R00125,2016,brazil,11,Lewis Hamilton,76.882,21.513,29.238,26.131,Soft,11,1,322.2,0
R00125,2016,brazil,16,Lewis Hamilton,77.461,21.778,29.429,26.254,Soft,16,1,330.5,0
R00125,2016,brazil,21,Lewis Hamilton,77.914,21.84,29.504,26.57,Soft,21,1,320.7,0
R00125,2016,brazil,26,Lewis Hamilton,76.108,21.378,28.757,25.973,Soft,1,1,335.9,0
R00125,2016,brazil,31,Lewis Hamilton,76.59,21.541,29.071,25.978,Hard,6,1,351.0,0
R00125,2016,brazil,36,Lewis Hamilton,77.12,21.562,29.349,26.209,Hard,11,1,336.6,0
R00125,2016,brazil,41,Lewis Hamilton,77.475,21.715,29.423,26.337,Hard,16,1,328.6,0
R00125,2016,brazil,46,Lewis Hamilton,78.173,21.946,29.712,26.515,Hard,21,1,326.7,1
R00125,2016,brazil,51,Lewis Hamilton,75.725,21.13,28.712,25.883,Hard,1,1,344.8,0
R00125,2016,brazil,56,Lewis Hamilton,76.401,21.378,29.101,25.922,Hard,6,1,313.4,0
R00125,2016,brazil,61,Lewis Hamilton,77.039,21.562,29.268,26.209,Hard,11,1,343.6,0
R00125,2016,brazil,66,Lewis Hamilton,77.678,21.712,29.485,26.481,Hard,16,1,328.7,0
R00125,2016,brazil,71,Lewis Hamilton,78.19,21.828,29.63,26.732,Hard,21,1,317.3,0
R00041,2012,spain,1,Max Verstappen,76.939,21.592,29.297,26.05,Medium,1,0,320.8,0
R00041,2012,spain,6,Max Verstappen,77.252,21.583,29.42,26.249,Medium,6,1,343.4,0
R00041,2012,spain,11,Max Verstappen,77.911,21.787,29.602,26.522,Medium,11,1,345.9,0
R00041,2012,spain,16,Max Verstappen,78.408,21.936,29.801,26.671,Medium,16,1,354.0,0
R00041,2012,spain,21,Max Verstappen,79.232,22.294,30.056,26.882,Medium,21,1,340.1,0
R00041,2012,spain,26,Max Verstappen,76.938,21.562,29.257,26.119,Medium,1,1,344.8,0
R00041,2012,spain,31,Max Verstappen,77.384,21.638,29.395,26.351,Soft,6,1,335.0,0
R00041,2012,spain,36,Max Verstappen,77.853,21.845,29.579,26.429,Soft,11,1,307.4,0
R00041,2012,spain,41,Max Verstappen,78.557,22.023,29.888,26.646,Soft,16,1,313.0,0
R00041,2012,spain,46,Max Verstappen,78.927,22.093,30.103,26.731,Soft,21,1,305.3,0
R00041,2012,spain,51,Max Verstappen,76.674,21.4,29.102,26.172,Soft,1,1,333.9,0
R00041,2012,spain,56,Max Verstappen,77.48,21.758,29.537,26.185,Soft,6,1,329.4,0
R00041,2012,spain,61,Max Verstappen,78.071,21.893,29.611,26.567,Soft,11,1,328.9,0
R00041,2012,spain,66,Max Verstappen,78.451,21.992,29.77,26.689,Soft,16,1,344.0,0
R00054,2012,abu_dhabi,1,Lando Norris,75.612,21.13,28.697,25.785,Hard,1,0,332.8,0
R00054,2012,abu_dhabi,6,Lando Norris,76.351,21.332,28.992,26.027,Hard,6,1,328.8,0
R00054,2012,abu_dhabi,11,Lando Norris,76.988,21.599,29.381,26.008,Hard,11,1,331.3,0
R00054,2012,abu_dhabi,16,Lando Norris,77.5,21.703,29.496,26.301,Hard,16,1,356.0,0
R00054,2012,abu_dhabi,21,Lando Norris,78.112,21.81,29.714,26.588,Hard,21,1,336.2,0
R00054,2012,abu_dhabi,26,Lando Norris,75.947,21.291,29.008,25.648,Hard,1,1,345.7,0
R00054,2012,abu_dhabi,31,Lando Norris,76.413,21.327,29.121,25.965,Hard,6,1,323.8,0
R00054,2012,abu_dhabi,36,Lando Norris,76.943,21.559,29.278,26.106,Hard,11,1,324.2,0
R00054,2012,abu_dhabi,41,Lando Norris,77.704,21.8,29.525,26.379,Hard,16,1,320.2,0
R00054,2012,abu_dhabi,46,Lando Norris,78.25,21.943,29.794,26.513,Hard,21,1,333.9,0
R00054,2012,abu_dhabi,51,Lando Norris,76.058,21.327,28.905,25.826,Hard,1,1,319.7,0
R00054,2012,abu_dhabi,56,Lando Norris,76.236,21.244,28.93,26.062,Hard,6,1,349.5,0
R00004,2010,bahrain,1,Charles Leclerc,78.557,21.95,29.876,26.731,Hard,1,0,334.2,0
R00004,2010,bahrain,6,Charles Leclerc,79.354,22.202,30.197,26.955,Hard,6,1,318.1,0
R00004,2010,bahrain,11,Charles Leclerc,79.628,22.396,30.298,26.934,Hard,11,1,310.5,0
R00004,2010,bahrain,16,Charles Leclerc,80.285,22.46,30.466,27.359,Hard,16,1,330.9,0
R00004,2010,bahrain,21,Charles Leclerc,80.864,22.584,30.643,27.637,Hard,21,1,323.7,0
R00004,2010,bahrain,26,Charles Leclerc,78.811,22.073,29.995,26.743,Hard,1,1,305.7,0
R00004,2010,bahrain,31,Charles Leclerc,79.171,22.177,30.128,26.866,Hard,6,1,339.9,0
R00004,2010,bahrain,36,Charles Leclerc,79.912,22.319,30.306,27.287,Hard,11,1,317.8,0
R00004,2010,bahrain,41,Charles Leclerc,80.53,22.636,30.6,27.294,Hard,16,1,331.9,0
R00004,2010,bahrain,46,Charles Leclerc,81.219,22.724,30.887,27.608,Hard,21,1,316.8,0
R00004,2010,bahrain,51,Charles Leclerc,78.621,22.111,30.009,26.501,Hard,1,1,331.2,0
R00004,2010,bahrain,56,Charles Leclerc,79.258,22.151,30.048,27.059,Hard,6,1,313.0,0
R00043,2012,canada,1,Esteban Ocon,66.91,18.779,25.376,22.755,Hard,1,0,339.1,0
R00043,2012,canada,6,Esteban Ocon,67.272,18.906,25.499,22.867,Hard,6,1,316.6,0
R00043,2012,canada,11,Esteban Ocon,68.071,19.106,25.93,23.035,Hard,11,1,350.5,0
R00043,2012,canada,16,Esteban Ocon,68.319,19.069,25.953,23.297,Hard,16,1,344.6,0
R00043,2012,canada,21,Esteban Ocon,68.982,19.297,26.181,23.504,Hard,21,1,335.4,0
R00043,2012,canada,26,Esteban Ocon,67.169,18.783,25.539,22.847,Hard,1,1,337.1,0
R00043,2012,canada,31,Esteban Ocon,67.643,18.925,25.813,22.905,Hard,6,1,348.6,0
R00043,2012,canada,36,Esteban Ocon,67.841,18.923,25.853,23.065,Hard,11,1,347.9,0
R00043,2012,canada,41,Esteban Ocon,68.435,19.235,26.107,23.093,Hard,16,1,323.7,0
R00043,2012,canada,46,Esteban Ocon,68.893,19.306,26.171,23.416,Hard,21,1,338.4,0
R00043,2012,canada,51,Esteban Ocon,67.194,18.878,25.559,22.757,Hard,1,1,322.2,0
R00043,2012,canada,56,Esteban Ocon,67.392,18.9,25.649,22.843,Hard,6,1,339.2,0
R00043,2012,canada,61,Esteban Ocon,67.951,19.036,25.704,23.211,Hard,11,1,338.5,0
R00043,2012,canada,66,Esteban Ocon,68.592,19.174,26.05,23.368,Hard,16,1,321.7,0
R00217,2021,austria,1,Max Verstappen,77.889,21.749,29.577,26.563,Soft,1,0,330.4,0
R00217,2021,austria,6,Max Verstappen,78.095,21.964,29.73,26.401,Soft,6,1,348.0,0
R00217,2021,austria,11,Max Verstappen,78.994,22.087,30.026,26.881,Soft,11,1,342.3,0
R00217,2021,austria,16,Max Verstappen,79.274,22.254,30.16,26.86,Soft,16,1,318.6,0
R00217,2021,austria,21,Max Verstappen,79.769,22.373,30.275,27.121,Soft,21,1,335.8,0
R00217,2021,austria,26,Max Verstappen,77.988,21.798,29.671,26.519,Soft,1,1,338.8,0
R00217,2021,austria,31,Max Verstappen,78.309,21.973,29.845,26.491,Soft,6,1,327.4,0
R00217,2021,austria,36,Max Verstappen,79.184,22.134,30.014,27.036,Soft,11,1,324.9,0
R00217,2021,austria,41,Max Verstappen,79.324,22.223,30.172,26.929,Soft,16,1,329.6,0
R00217,2021,austria,46,Max Verstappen,80.083,22.51,30.375,27.198,Soft,21,1,323.4,1
R00217,2021,austria,51,Max Verstappen,77.728,21.738,29.525,26.465,Soft,1,1,307.2,0
R00217,2021,austria,56,Max Verstappen,78.201,21.863,29.685,26.653,Soft,6,1,321.7,0
R00217,2021,austria,61,Max Verstappen,78.82,21.99,29.945,26.885,Soft,11,1,322.5,0
R00217,2021,austria,66,Max Verstappen,79.23,22.205,30.194,26.831,Soft,16,1,318.9,0
R00217,2021,austria,71,Max Verstappen,79.796,22.319,30.386,27.091,Soft,21,1,313.6,0
R00171,2019,monaco,1,Lewis Hamilton,85.545,23.982,32.494,29.069,Soft,1,0,344.6,0
R00171,2019,monaco,6,Lewis Hamilton,86.076,24.125,32.731,29.22,Soft,6,1,327.2,0
R00171,2019,monaco,11,Lewis Hamilton,86.78,24.342,32.929,29.509,Soft,11,1,332.5,0
R00171,2019,monaco,16,Lewis Hamilton,87.107,24.393,33.104,29.61,Soft,16,1,335.0,0
R00171,2019,monaco,21,Lewis Hamilton,87.758,24.564,33.329,29.865,Soft,21,1,320.1,0
R00171,2019,monaco,26,Lewis Hamilton,85.282,23.902,32.418,28.962,Soft,1,1,323.0,0
R00171,2019,monaco,31,Lewis Hamilton,85.943,24.034,32.656,29.253,Soft,6,1,307.9,0
R00171,2019,monaco,36,Lewis Hamilton,86.345,24.102,32.784,29.459,Medium,11,1,336.7,0
R00171,2019,monaco,41,Lewis Hamilton,87.31,24.496,33.12,29.694,Medium,16,1,351.8,0
R00171,2019,monaco,46,Lewis Hamilton,88.065,24.675,33.539,29.851,Medium,21,1,337.9,0
R00171,2019,monaco,51,Lewis Hamilton,85.287,23.907,32.492,28.888,Medium,1,1,352.7,0
R00171,2019,monaco,56,Lewis Hamilton,85.865,23.967,32.618,29.28,Medium,6,1,342.4,0
R00171,2019,monaco,61,Lewis Hamilton,86.83,24.247,32.937,29.646,Medium,11,1,335.9,0
R00171,2019,monaco,66,Lewis Hamilton,87.464,24.473,33.244,29.747,Medium,16,1,323.8,0
R00171,2019,monaco,71,Lewis Hamilton,87.986,24.643,33.412,29.931,Medium,21,1,334.5,0
R00171,2019,monaco,76,Lewis Hamilton,85.498,23.937,32.566,28.995,Medium,1,1,325.4,0
R00212,2021,bahrain,1,Lewis Hamilton,76.757,21.512,29.191,26.054,Soft,1,0,321.8,0
R00212,2021,bahrain,6,Lewis Hamilton,76.891,21.494,29.115,26.282,Soft,6,1,341.1,0
R00212,2021,bahrain,11,Lewis Hamilton,77.566,21.764,29.463,26.339,Soft,11,1,330.7,0
R00212,2021,bahrain,16,Lewis Hamilton,78.408,21.929,29.776,26.703,Soft,16,1,345.9,0
R00212,2021,bahrain,21,Lewis Hamilton,78.663,22.125,29.954,26.584,Soft,21,1,328.9,0
R00212,2021,bahrain,26,Lewis Hamilton,76.288,21.308,28.972,26.008,Soft,1,1,336.6,0
R00212,2021,bahrain,31,Lewis Hamilton,77.21,21.624,29.318,26.268,Soft,6,1,317.3,0
R00212,2021,bahrain,36,Lewis Hamilton,77.899,21.826,29.596,26.477,Soft,11,1,317.8,0
R00212,2021,bahrain,41,Lewis Hamilton,78.236,21.889,29.723,26.624,Soft,16,1,343.0,0
R00212,2021,bahrain,46,Lewis Hamilton,79.01,22.078,29.989,26.943,Soft,21,1,316.5,0
R00212,2021,bahrain,51,Lewis Hamilton,76.645,21.499,29.202,25.944,Soft,1,1,311.4,0
R00212,2021,bahrain,56,Lewis Hamilton,76.798,21.483,29.153,26.162,Soft,6,1,327.9,0
R00129,2017,bahrain,1,Lewis Hamilton,85.356,23.837,32.422,29.097,Hard,1,0,325.3,0
R00129,2017,bahrain,6,Lewis Hamilton,85.852,24.081,32.669,29.102,Hard,6,1,333.9,0
R00129,2017,bahrain,11,Lewis Hamilton,86.685,24.286,33.02,29.379,Hard,11,1,327.2,0
R00129,2017,bahrain,16,Lewis Hamilton,87.274,24.384,33.199,29.691,Hard,16,1,317.8,0
R00129,2017,bahrain,21,Lewis Hamilton,87.625,24.539,33.313,29.773,Hard,21,1,335.4,0
R00129,2017,bahrain,26,Lewis Hamilton,85.196,23.84,32.417,28.939,Medium,1,1,312.4,0
R00129,2017,bahrain,31,Lewis Hamilton,85.702,24.037,32.508,29.157,Medium,6,1,347.3,0
R00129,2017,bahrain,36,Lewis Hamilton,86.541,24.285,32.999,29.257,Medium,11,1,316.1,0
R00129,2017,bahrain,41,Lewis Hamilton,87.221,24.453,33.165,29.603,Medium,16,1,311.0,0
R00129,2017,bahrain,46,Lewis Hamilton,87.881,24.595,33.327,29.959,Medium,21,1,313.0,0
R00129,2017,bahrain,51,Lewis Hamilton,84.685,23.728,32.208,28.749,Medium,1,1,342.3,0
R00129,2017,bahrain,56,Lewis Hamilton,85.796,24.0,32.568,29.228,Medium,6,1,313.7,0
R00264,2023,spa,1,Max Verstappen,81.767,22.948,31.122,27.697,Intermediate,1,0,327.1,0
R00264,2023,spa,6,Max Verstappen,82.763,23.185,31.482,28.096,Intermediate,6,0,310.7,0
R00264,2023,spa,11,Max Verstappen,83.044,23.248,31.548,28.248,Intermediate,11,0,353.2,0
R00264,2023,spa,16,Max Verstappen,83.743,23.459,31.848,28.436,Intermediate,16,0,324.6,0
R00264,2023,spa,21,Max Verstappen,84.214,23.589,31.976,28.649,Hard,21,0,333.9,0
R00264,2023,spa,26,Max Verstappen,81.85,22.918,30.977,27.955,Hard,1,0,320.1,0
R00264,2023,spa,31,Max Verstappen,82.639,23.152,31.446,28.041,Hard,6,0,333.1,0
R00264,2023,spa,36,Max Verstappen,83.064,23.182,31.548,28.334,Hard,11,0,360.0,0
R00264,2023,spa,41,Max Verstappen,83.81,23.495,31.801,28.514,Hard,16,0,346.2,0
R00318,2025,mexico,1,Charles Leclerc,77.291,21.628,29.26,26.403,Medium,1,0,352.7,0
R00318,2025,mexico,6,Charles Leclerc,77.865,21.809,29.568,26.488,Medium,6,1,350.8,0
R00318,2025,mexico,11,Charles Leclerc,78.814,22.058,30.008,26.748,Medium,11,1,335.2,0
R00318,2025,mexico,16,Charles Leclerc,79.282,22.157,30.079,27.046,Medium,16,1,329.4,0
R00318,2025,mexico,21,Charles Leclerc,79.984,22.405,30.455,27.124,Medium,21,1,320.2,0
R00318,2025,mexico,26,Charles Leclerc,77.504,21.703,29.438,26.363,Medium,1,1,334.8,0
R00318,2025,mexico,31,Charles Leclerc,78.212,21.902,29.804,26.506,Soft,6,1,331.1,0
R00318,2025,mexico,36,Charles Leclerc,78.443,21.944,29.765,26.734,Soft,11,1,328.8,0
R00318,2025,mexico,41,Charles Leclerc,79.348,22.205,30.101,27.042,Soft,16,1,327.5,0
R00318,2025,mexico,46,Charles Leclerc,79.825,22.393,30.311,27.121,Soft,21,1,320.8,1
R00318,2025,mexico,51,Charles Leclerc,77.532,21.723,29.479,26.33,Soft,1,1,324.5,0
R00318,2025,mexico,56,Charles Leclerc,78.154,21.859,29.701,26.594,Soft,6,1,343.1,0
R00318,2025,mexico,61,Charles Leclerc,78.842,22.055,30.002,26.785,Soft,11,1,333.5,0
R00318,2025,mexico,66,Charles Leclerc,78.961,22.145,29.993,26.823,Soft,16,1,323.5,0
R00318,2025,mexico,71,Charles Leclerc,79.651,22.276,30.251,27.124,Soft,21,1,330.1,0
R00057,2013,bahrain,1,Max Verstappen,78.211,21.908,29.725,26.578,Hard,1,0,313.8,0
R00057,2013,bahrain,6,Max Verstappen,78.498,21.947,29.791,26.76,Hard,6,1,336.8,0
R00057,2013,bahrain,11,Max Verstappen,79.107,22.124,30.132,26.851,Hard,11,1,319.7,0
R00057,2013,bahrain,16,Max Verstappen,79.69,22.358,30.264,27.068,Hard,16,1,309.3,0
R00057,2013,bahrain,21,Max Verstappen,80.187,22.413,30.54,27.234,Hard,21,1,331.8,0
R00057,2013,bahrain,26,Max Verstappen,78.283,21.89,29.861,26.532,Hard,1,1,321.5,0
R00057,2013,bahrain,31,Max Verstappen,78.254,21.827,29.719,26.708,Hard,6,1,333.8,0
R00057,2013,bahrain,36,Max Verstappen,79.156,22.13,29.991,27.035,Hard,11,1,323.0,0
R00057,2013,bahrain,41,Max Verstappen,79.468,22.256,30.216,26.996,Hard,16,1,328.4,0
R00057,2013,bahrain,46,Max Verstappen,79.907,22.406,30.297,27.204,Hard,21,1,332.6,0
R00057,2013,bahrain,51,Max Verstappen,77.968,21.785,29.565,26.618,Hard,1,1,316.6,0
R00057,2013,bahrain,56,Max Verstappen,78.384,22.004,29.751,26.629,Hard,6,1,339.7,0
R00205,2020,cota,1,Lewis Hamilton,79.081,22.136,30.046,26.899,Soft,1,0,346.6,0
R00205,2020,cota,6,Lewis Hamilton,79.841,22.258,30.354,27.229,Soft,6,1,348.0,0
R00205,2020,cota,11,Lewis Hamilton,80.4,22.445,30.577,27.378,Soft,11,1,329.9,0
R00205,2020,cota,16,Lewis Hamilton,80.763,22.593,30.704,27.466,Soft,16,1,328.6,0
R00205,2020,cota,21,Lewis Hamilton,81.623,22.886,31.02,27.717,Soft,21,1,328.8,0
R00205,2020,cota,26,Lewis Hamilton,78.993,22.189,30.048,26.756,Hard,1,1,327.9,0
R00205,2020,cota,31,Lewis Hamilton,79.744,22.367,30.319,27.058,Hard,6,1,316.0,0
R00205,2020,cota,36,Lewis Hamilton,80.643,22.643,30.606,27.394,Hard,11,1,324.6,1
R00205,2020,cota,41,Lewis Hamilton,81.169,22.73,30.729,27.71,Hard,16,1,328.0,0
R00205,2020,cota,46,Lewis Hamilton,81.761,22.879,31.002,27.88,Hard,21,1,324.7,0
R00205,2020,cota,51,Lewis Hamilton,79.156,22.204,30.128,26.824,Hard,1,1,333.8,0
R00205,2020,cota,56,Lewis Hamilton,79.704,22.295,30.258,27.151,Hard,6,1,329.7,0
R00179,2019,monza,1,Lewis Hamilton,81.782,22.934,31.099,27.749,Intermediate,1,0,333.9,0
R00179,2019,monza,6,Lewis Hamilton,82.183,23.022,31.355,27.806,Intermediate,6,0,309.3,0
R00179,2019,monza,11,Lewis Hamilton,83.2,23.308,31.553,28.339,Intermediate,11,0,335.1,0
R00179,2019,monza,16,Lewis Hamilton,83.675,23.418,31.79,28.467,Intermediate,16,0,342.7,0
R00179,2019,monza,21,Lewis Hamilton,84.266,23.521,32.074,28.671,Intermediate,21,0,329.7,0
R00179,2019,monza,26,Lewis Hamilton,81.791,22.943,31.025,27.823,Hard,1,0,342.5,0
R00179,2019,monza,31,Lewis Hamilton,82.25,23.039,31.198,28.013,Hard,6,0,322.7,0
R00179,2019,monza,36,Lewis Hamilton,83.011,23.326,31.528,28.157,Hard,11,0,340.5,0
R00179,2019,monza,41,Lewis Hamilton,83.428,23.398,31.73,28.3,Hard,16,0,323.1,0
R00179,2019,monza,46,Lewis Hamilton,84.413,23.65,32.135,28.628,Hard,21,0,322.9,0
R00179,2019,monza,51,Lewis Hamilton,81.979,22.918,31.258,27.803,Hard,1,0,320.6,0
R00209,2020,abu_dhabi,1,Lewis Hamilton,82.431,23.02,31.316,28.095,Soft,1,0,325.1,0
R00209,2020,abu_dhabi,6,Lewis Hamilton,82.904,23.11,31.448,28.346,Soft,6,1,334.9,0
R00209,2020,abu_dhabi,11,Lewis Hamilton,83.762,23.37,31.837,28.555,Soft,11,1,339.3,0
R00209,2020,abu_dhabi,16,Lewis Hamilton,84.571,23.643,32.236,28.692,Soft,16,1,332.1,0
R00209,2020,abu_dhabi,21,Lewis Hamilton,84.881,23.776,32.351,28.754,Soft,21,1,334.1,0
R00209,2020,abu_dhabi,26,Lewis Hamilton,82.427,23.088,31.314,28.025,Hard,1,1,339.3,0
R00209,2020,abu_dhabi,31,Lewis Hamilton,83.038,23.202,31.592,28.244,Hard,6,1,312.3,0
R00209,2020,abu_dhabi,36,Lewis Hamilton,83.764,23.429,31.817,28.518,Hard,11,1,336.1,0
R00209,2020,abu_dhabi,41,Lewis Hamilton,84.448,23.69,32.073,28.685,Hard,16,1,341.7,0
R00209,2020,abu_dhabi,46,Lewis Hamilton,84.774,23.738,32.154,28.882,Hard,21,1,307.3,0
R00209,2020,abu_dhabi,51,Lewis Hamilton,82.182,22.95,31.272,27.96,Hard,1,1,339.3,0
R00209,2020,abu_dhabi,56,Lewis Hamilton,82.986,23.275,31.454,28.257,Hard,6,1,339.9,0
R00015,2010,bahrain,1,Lando Norris,76.37,21.436,29.102,25.832,Soft,1,0,329.4,0
R00015,2010,bahrain,6,Lando Norris,76.644,21.511,29.149,25.984,Soft,6,1,325.0,0
R00015,2010,bahrain,11,Lando Norris,77.187,21.572,29.356,26.259,Soft,11,1,321.2,0
R00015,2010,bahrain,16,Lando Norris,77.914,21.84,29.582,26.492,Soft,16,1,329.2,0
R00015,2010,bahrain,21,Lando Norris,78.292,21.878,29.751,26.663,Soft,21,1,336.3,0
R00015,2010,bahrain,26,Lando Norris,76.338,21.365,29.002,25.971,Hard,1,1,324.2,0
R00015,2010,bahrain,31,Lando Norris,76.644,21.459,29.014,26.171,Hard,6,1,342.9,0
R00015,2010,bahrain,36,Lando Norris,77.305,21.579,29.433,26.293,Hard,11,1,334.5,0
R00015,2010,bahrain,41,Lando Norris,77.929,21.796,29.627,26.506,Hard,16,1,318.8,0
R00015,2010,bahrain,46,Lando Norris,78.439,21.89,29.827,26.722,Hard,21,1,315.2,0
R00015,2010,bahrain,51,Lando Norris,76.058,21.348,28.855,25.855,Hard,1,1,338.3,0
R00015,2010,bahrain,56,Lando Norris,76.482,21.404,29.039,26.039,Hard,6,1,313.9,0
R00228,2021,qatar,1,Lewis Hamilton,81.817,22.902,31.078,27.837,Intermediate,1,0,331.3,0
R00228,2021,qatar,6,Lewis Hamilton,82.573,23.132,31.317,28.124,Intermediate,6,0,330.9,0
R00228,2021,qatar,11,Lewis Hamilton,82.857,23.17,31.474,28.213,Intermediate,11,0,337.2,0
R00228,2021,qatar,16,Lewis Hamilton,83.769,23.484,31.864,28.421,Intermediate,16,0,312.5,0
R00228,2021,qatar,21,Lewis Hamilton,84.12,23.563,31.99,28.567,Intermediate,21,0,350.2,0
R00228,2021,qatar,26,Lewis Hamilton,81.823,22.872,31.041,27.91,Hard,1,0,353.7,0
R00228,2021,qatar,31,Lewis Hamilton,82.472,23.134,31.367,27.971,Hard,6,0,341.5,0
R00228,2021,qatar,36,Lewis Hamilton,83.293,23.324,31.73,28.239,Hard,11,0,307.0,0
R00228,2021,qatar,41,Lewis Hamilton,83.961,23.524,31.906,28.531,Hard,16,0,323.5,0
R00228,2021,qatar,46,Lewis Hamilton,84.447,23.662,32.044,28.741,Hard,21,0,332.5,0
R00228,2021,qatar,51,Lewis Hamilton,81.518,22.823,30.958,27.737,Hard,1,0,303.6,0
R00228,2021,qatar,56,Lewis Hamilton,82.648,23.143,31.383,28.122,Hard,6,0,317.4,0
R00238,2022,canada,1,Max Verstappen,85.587,23.914,32.596,29.077,Hard,1,0,355.4,0
R00238,2022,canada,6,Max Verstappen,86.357,24.154,32.747,29.456,Hard,6,1,342.4,0
R00238,2022,canada,11,Max Verstappen,87.038,24.359,33.13,29.549,Hard,11,1,311.4,0
R00238,2022,canada,16,Max Verstappen,87.809,24.588,33.379,29.842,Hard,16,1,305.1,0
R00238,2022,canada,21,Max Verstappen,88.234,24.695,33.504,30.035,Hard,21,1,305.0,0
R00238,2022,canada,26,Max Verstappen,85.715,24.027,32.48,29.208,Hard,1,1,343.9,0
R00238,2022,canada,31,Max Verstappen,86.35,24.195,32.772,29.383,Soft,6,1,318.2,0
R00238,2022,canada,36,Max Verstappen,86.902,24.374,32.96,29.568,Soft,11,1,335.3,0
R00238,2022,canada,41,Max Verstappen,87.481,24.52,33.318,29.643,Soft,16,1,334.0,0
R00238,2022,canada,46,Max Verstappen,87.98,24.598,33.445,29.937,Soft,21,1,354.9,0
R00238,2022,canada,51,Max Verstappen,85.695,24.056,32.583,29.056,Soft,1,1,308.8,0
R00238,2022,canada,56,Max Verstappen,86.705,24.226,32.999,29.48,Soft,6,1,321.6,0
R00238,2022,canada,61,Max Verstappen,86.946,24.292,33.02,29.634,Soft,11,1,329.6,0
R00238,2022,canada,66,Max Verstappen,87.586,24.536,33.227,29.823,Soft,16,1,352.3,0
R00211,2021,imola,1,Charles Leclerc,74.511,20.824,28.288,25.399,Hard,1,0,338.4,0
R00211,2021,imola,6,Charles Leclerc,75.232,21.008,28.484,25.74,Hard,6,1,331.8,0
R00211,2021,imola,11,Charles Leclerc,76.039,21.304,28.901,25.834,Hard,11,1,304.6,0
R00211,2021,imola,16,Charles Leclerc,76.247,21.33,28.989,25.928,Hard,16,1,329.7,0
R00211,2021,imola,21,Charles Leclerc,76.967,21.587,29.236,26.144,Hard,21,1,342.4,0
R00211,2021,imola,26,Charles Leclerc,74.478,20.824,28.269,25.385,Soft,1,1,328.7,0
R00211,2021,imola,31,Charles Leclerc,75.022,20.956,28.582,25.484,Soft,6,1,321.0,0
R00211,2021,imola,36,Charles Leclerc,75.71,21.157,28.776,25.777,Soft,11,1,324.4,0
R00211,2021,imola,41,Charles Leclerc,76.61,21.447,29.178,25.985,Soft,16,1,340.2,0
R00211,2021,imola,46,Charles Leclerc,76.987,21.603,29.235,26.149,Soft,21,1,354.1,0
R00211,2021,imola,51,Charles Leclerc,74.775,20.939,28.431,25.405,Soft,1,1,326.6,0
R00211,2021,imola,56,Charles Leclerc,75.187,21.022,28.545,25.62,Soft,6,1,365.4,0
R00211,2021,imola,61,Charles Leclerc,75.912,21.311,28.874,25.727,Soft,11,1,323.2,0
R00301,2025,albert_park,1,Max Verstappen,81.342,22.711,30.899,27.732,Hard,1,0,325.7,0
R00301,2025,albert_park,6,Max Verstappen,82.06,23.02,31.293,27.747,Hard,6,1,334.2,0
R00301,2025,albert_park,11,Max Verstappen,82.281,22.96,31.217,28.104,Hard,11,1,336.9,0
R00301,2025,albert_park,16,Max Verstappen,82.971,23.37,31.563,28.038,Hard,16,1,309.4,0
R00301,2025,albert_park,21,Max Verstappen,83.802,23.475,31.79,28.537,Hard,21,1,344.4,0
R00301,2025,albert_park,26,Max Verstappen,80.913,22.688,30.66,27.565,Soft,1,1,333.8,0
R00301,2025,albert_park,31,Max Verstappen,81.824,22.985,31.08,27.759,Soft,6,1,341.1,0
R00301,2025,albert_park,36,Max Verstappen,82.647,23.094,31.415,28.138,Soft,11,1,319.7,0
R00301,2025,albert_park,41,Max Verstappen,83.121,23.204,31.619,28.298,Soft,16,1,336.5,0
R00301,2025,albert_park,46,Max Verstappen,83.714,23.492,31.792,28.43,Soft,21,1,332.9,0
R00301,2025,albert_park,51,Max Verstappen,81.333,22.809,30.971,27.553,Soft,1,1,333.5,0
R00301,2025,albert_park,56,Max Verstappen,82.135,22.998,31.283,27.854,Soft,6,1,318.8,0
R00095,2015,spain,1,Charles Leclerc,82.704,23.122,31.406,28.176,Soft,1,0,340.4,0
R00095,2015,spain,6,Charles Leclerc,83.482,23.456,31.736,28.29,Soft,6,1,334.0,0
R00095,2015,spain,11,Charles Leclerc,84.111,23.618,31.999,28.494,Soft,11,1,317.0,0
R00095,2015,spain,16,Charles Leclerc,84.711,23.745,32.153,28.813,Soft,16,1,330.9,0
R00095,2015,spain,21,Charles Leclerc,85.258,23.921,32.349,28.988,Soft,21,1,338.4,0
R00095,2015,spain,26,Charles Leclerc,82.616,23.087,31.359,28.17,Soft,1,1,304.0,0
R00095,2015,spain,31,Charles Leclerc,83.499,23.318,31.643,28.538,Soft,6,1,335.7,0
R00095,2015,spain,36,Charles Leclerc,84.116,23.467,31.965,28.684,Soft,11,1,317.3,0
R00095,2015,spain,41,Charles Leclerc,84.629,23.633,32.218,28.778,Soft,16,1,319.9,0
R00095,2015,spain,46,Charles Leclerc,85.53,23.995,32.51,29.025,Soft,21,1,329.0,0
R00095,2015,spain,51,Charles Leclerc,82.771,23.238,31.523,28.01,Soft,1,1,314.2,0
R00095,2015,spain,56,Charles Leclerc,83.373,23.332,31.65,28.391,Soft,6,1,353.9,0
R00095,2015,spain,61,Charles Leclerc,83.961,23.59,31.923,28.448,Soft,11,1,330.4,0
R00095,2015,spain,66,Charles Leclerc,84.831,23.722,32.253,28.856,Soft,16,1,323.1,0
R00309,2025,austria,1,Charles Leclerc,78.428,21.907,29.785,26.736,Soft,1,0,331.7,0
R00309,2025,austria,6,Charles Leclerc,79.477,22.228,30.241,27.008,Soft,6,1,334.9,0
R00309,2025,austria,11,Charles Leclerc,80.055,22.408,30.383,27.264,Soft,11,1,329.3,0
R00309,2025,austria,16,Charles Leclerc,80.221,22.402,30.5,27.319,Soft,16,1,331.2,0
R00309,2025,austria,21,Charles Leclerc,80.975,22.644,30.814,27.517,Soft,21,1,337.8,0
R00309,2025,austria,26,Charles Leclerc,78.904,22.106,29.991,26.807,Soft,1,1,325.8,0
R00309,2025,austria,31,Charles Leclerc,79.284,22.208,30.15,26.926,Soft,6,1,331.9,0
R00309,2025,austria,36,Charles Leclerc,79.911,22.349,30.425,27.137,Soft,11,1,305.6,0
R00309,2025,austria,41,Charles Leclerc,80.619,22.597,30.713,27.309,Soft,16,1,340.5,0
R00309,2025,austria,46,Charles Leclerc,81.26,22.713,30.804,27.743,Soft,21,1,339.8,1
R00309,2025,austria,51,Charles Leclerc,78.495,21.992,29.861,26.642,Soft,1,1,327.1,0
R00309,2025,austria,56,Charles Leclerc,79.359,22.296,30.094,26.969,Soft,6,1,334.2,0
R00309,2025,austria,61,Charles Leclerc,79.741,22.347,30.341,27.053,Soft,11,1,342.4,0
R00309,2025,austria,66,Charles Leclerc,80.463,22.551,30.614,27.298,Soft,16,1,342.0,0
R00309,2025,austria,71,Charles Leclerc,81.141,22.794,30.872,27.475,Soft,21,1,335.3,0
R00037,2012,bahrain,1,Lando Norris,77.88,21.818,29.566,26.496,Hard,1,0,340.9,0
R00037,2012,bahrain,6,Lando Norris,78.156,21.912,29.688,26.556,Hard,6,1,326.5,0
R00037,2012,bahrain,11,Lando Norris,78.941,22.044,30.044,26.853,Hard,11,1,344.1,0
R00037,2012,bahrain,16,Lando Norris,79.381,22.222,30.163,26.996,Hard,16,1,314.8,0
R00037,2012,bahrain,21,Lando Norris,80.518,22.536,30.634,27.348,Hard,21,1,335.7,0
R00037,2012,bahrain,26,Lando Norris,77.639,21.713,29.485,26.441,Hard,1,1,332.7,0
R00037,2012,bahrain,31,Lando Norris,78.302,21.92,29.798,26.584,Hard,6,1,322.4,0
R00037,2012,bahrain,36,Lando Norris,78.678,21.989,29.812,26.877,Hard,11,1,318.8,0
R00037,2012,bahrain,41,Lando Norris,79.449,22.269,30.211,26.969,Hard,16,1,325.9,0
R00037,2012,bahrain,46,Lando Norris,79.862,22.385,30.317,27.16,Hard,21,1,339.5,0
R00037,2012,bahrain,51,Lando Norris,77.888,21.759,29.57,26.559,Hard,1,1,333.2,0
R00037,2012,bahrain,56,Lando Norris,77.939,21.751,29.603,26.585,Hard,6,1,327.8,0
R00207,2020,brazil,1,Lewis Hamilton,83.971,23.482,31.883,28.606,Medium,1,0,347.4,0
R00207,2020,brazil,6,Lewis Hamilton,84.553,23.651,32.081,28.821,Medium,6,1,322.7,0
R00207,2020,brazil,11,Lewis Hamilton,85.563,23.948,32.486,29.129,Medium,11,1,331.5,0
R00207,2020,brazil,16,Lewis Hamilton,85.82,24.067,32.537,29.216,Medium,16,1,320.8,0
R00207,2020,brazil,21,Lewis Hamilton,86.399,24.181,32.868,29.35,Medium,21,1,339.4,0
R00207,2020,brazil,26,Lewis Hamilton,83.874,23.491,31.908,28.475,Medium,1,1,333.1,0
R00207,2020,brazil,31,Lewis Hamilton,84.458,23.663,32.181,28.614,Soft,6,1,317.6,0
R00207,2020,brazil,36,Lewis Hamilton,85.519,23.902,32.595,29.022,Soft,11,1,322.3,0
R00207,2020,brazil,41,Lewis Hamilton,85.812,24.059,32.652,29.101,Soft,16,1,335.0,0
R00207,2020,brazil,46,Lewis Hamilton,86.132,24.086,32.681,29.365,Soft,21,1,312.9,1
R00207,2020,brazil,51,Lewis Hamilton,83.709,23.523,31.86,28.326,Soft,1,1,318.2,0
R00207,2020,brazil,56,Lewis Hamilton,84.442,23.686,32.092,28.664,Soft,6,1,338.3,0
R00207,2020,brazil,61,Lewis Hamilton,85.126,23.781,32.383,28.962,Soft,11,1,334.2,0
R00207,2020,brazil,66,Lewis Hamilton,85.806,24.103,32.642,29.061,Soft,16,1,311.3,0
R00207,2020,brazil,71,Lewis Hamilton,86.493,24.171,32.903,29.419,Soft,21,1,325.1,0
R00080,2014,bahrain,1,Lewis Hamilton,85.268,23.872,32.439,28.957,Medium,1,0,322.5,0
R00080,2014,bahrain,6,Lewis Hamilton,85.701,23.989,32.508,29.204,Medium,6,1,327.6,0
R00080,2014,bahrain,11,Lewis Hamilton,86.65,24.2,32.949,29.501,Medium,11,1,327.0,0
R00080,2014,bahrain,16,Lewis Hamilton,86.963,24.263,32.985,29.715,Medium,16,1,319.4,0
R00080,2014,bahrain,21,Lewis Hamilton,87.651,24.629,33.29,29.732,Medium,21,1,342.6,0
R00080,2014,bahrain,26,Lewis Hamilton,85.156,23.781,32.421,28.954,Medium,1,1,329.7,0
R00080,2014,bahrain,31,Lewis Hamilton,86.171,24.195,32.643,29.333,Medium,6,1,342.1,0
R00080,2014,bahrain,36,Lewis Hamilton,86.681,24.378,32.859,29.444,Medium,11,1,330.6,0
R00080,2014,bahrain,41,Lewis Hamilton,87.305,24.434,33.147,29.724,Medium,16,1,314.4,0
R00080,2014,bahrain,46,Lewis Hamilton,87.673,24.58,33.374,29.719,Medium,21,1,316.0,0
R00080,2014,bahrain,51,Lewis Hamilton,85.287,23.794,32.41,29.083,Medium,1,1,338.9,0
R00080,2014,bahrain,56,Lewis Hamilton,85.985,24.065,32.669,29.251,Medium,6,1,341.9,0
R00307,2025,canada,1,Lewis Hamilton,70.147,19.588,26.621,23.938,Hard,1,0,333.4,0
R00307,2025,canada,6,Lewis Hamilton,70.88,19.823,26.955,24.102,Hard,6,1,322.7,0
R00307,2025,canada,11,Lewis Hamilton,71.377,19.927,27.172,24.278,Hard,11,1,322.6,0
R00307,2025,canada,16,Lewis Hamilton,71.702,20.119,27.244,24.339,Hard,16,1,345.5,0
R00307,2025,canada,21,Lewis Hamilton,72.595,20.331,27.672,24.592,Hard,21,1,337.2,0
R00307,2025,canada,26,Lewis Hamilton,70.324,19.695,26.727,23.902,Hard,1,1,331.3,0
R00307,2025,canada,31,Lewis Hamilton,70.781,19.924,26.897,23.96,Medium,6,1,341.4,0
R00307,2025,canada,36,Lewis Hamilton,71.383,20.075,27.163,24.145,Medium,11,1,322.6,0
R00307,2025,canada,41,Lewis Hamilton,72.155,20.209,27.456,24.49,Medium,16,1,316.9,0
R00307,2025,canada,46,Lewis Hamilton,72.68,20.337,27.551,24.792,Medium,21,1,328.0,0
R00307,2025,canada,51,Lewis Hamilton,70.349,19.75,26.77,23.829,Medium,1,1,336.4,0
R00307,2025,canada,56,Lewis Hamilton,70.967,19.9,26.985,24.082,Medium,6,1,340.5,0
R00307,2025,canada,61,Lewis Hamilton,71.363,19.931,27.002,24.43,Medium,11,1,339.4,0
R00307,2025,canada,66,Lewis Hamilton,71.859,20.158,27.339,24.362,Medium,16,1,315.8,0
R00225,2021,cota,1,Max Verstappen,85.683,23.99,32.612,29.081,Hard,1,0,339.5,0
R00225,2021,cota,6,Max Verstappen,86.21,24.155,32.809,29.246,Hard,6,1,313.1,0
R00225,2021,cota,11,Max Verstappen,86.611,24.224,32.813,29.574,Hard,11,1,333.8,0
R00225,2021,cota,16,Max Verstappen,87.43,24.5,33.163,29.767,Hard,16,1,317.1,0
R00225,2021,cota,21,Max Verstappen,88.289,24.77,33.496,30.023,Hard,21,1,340.4,0
R00225,2021,cota,26,Max Verstappen,85.346,23.89,32.492,28.964,Soft,1,1,313.0,0
R00225,2021,cota,31,Max Verstappen,86.138,24.064,32.704,29.37,Soft,6,1,333.7,0
R00225,2021,cota,36,Max Verstappen,86.549,24.23,32.898,29.421,Soft,11,1,346.9,1
R00225,2021,cota,41,Max Verstappen,87.317,24.46,33.145,29.712,Soft,16,1,321.4,0
R00225,2021,cota,46,Max Verstappen,88.182,24.744,33.557,29.881,Soft,21,1,339.5,0
R00225,2021,cota,51,Max Verstappen,85.436,24.065,32.471,28.9,Soft,1,1,329.0,0
R00225,2021,cota,56,Max Verstappen,85.808,24.04,32.634,29.134,Soft,6,1,333.4,0
R00119,2016,hungary,1,Lewis Hamilton,88.596,24.876,33.708,30.012,Hard,1,0,328.0,0
R00119,2016,hungary,6,Lewis Hamilton,88.962,24.907,33.798,30.257,Hard,6,1,317.7,0
R00119,2016,hungary,11,Lewis Hamilton,90.325,25.34,34.385,30.6,Hard,11,1,346.0,0
R00119,2016,hungary,16,Lewis Hamilton,90.422,25.336,34.347,30.739,Hard,16,1,331.9,0
R00119,2016,hungary,21,Lewis Hamilton,91.151,25.553,34.618,30.98,Hard,21,1,310.1,0
R00119,2016,hungary,26,Lewis Hamilton,88.716,24.921,33.741,30.054,Hard,1,1,337.4,0
R00119,2016,hungary,31,Lewis Hamilton,89.189,25.003,33.964,30.222,Soft,6,1,309.8,0
R00119,2016,hungary,36,Lewis Hamilton,89.875,25.075,34.149,30.651,Soft,11,1,326.9,0
R00119,2016,hungary,41,Lewis Hamilton,90.469,25.345,34.456,30.668,Soft,16,1,328.3,0
R00119,2016,hungary,46,Lewis Hamilton,91.205,25.55,34.675,30.98,Soft,21,1,321.3,0
R00119,2016,hungary,51,Lewis Hamilton,88.899,24.89,33.733,30.276,Soft,1,1,336.4,0
R00119,2016,hungary,56,Lewis Hamilton,89.454,25.044,33.991,30.419,Soft,6,1,318.8,0
R00119,2016,hungary,61,Lewis Hamilton,89.788,25.114,34.12,30.554,Soft,11,1,348.6,0
R00119,2016,hungary,66,Lewis Hamilton,90.672,25.329,34.454,30.889,Soft,16,1,334.0,0
R00166,2019,bahrain,1,Max Verstappen,88.685,24.775,33.713,30.197,Hard,1,0,326.0,0
R00166,2019,bahrain,6,Max Verstappen,89.017,24.943,33.833,30.241,Hard,6,1,306.1,0
R00166,2019,bahrain,11,Max Verstappen,89.747,25.08,34.107,30.56,Hard,11,1,335.1,0
R00166,2019,bahrain,16,Max Verstappen,90.435,25.443,34.363,30.629,Hard,16,1,349.5,0
R00166,2019,bahrain,21,Max Verstappen,91.122,25.523,34.584,31.015,Hard,21,1,330.6,0
R00166,2019,bahrain,26,Max Verstappen,88.502,24.762,33.648,30.092,Medium,1,1,309.1,0
R00166,2019,bahrain,31,Max Verstappen,89.199,24.983,33.89,30.326,Medium,6,1,339.4,0
R00166,2019,bahrain,36,Max Verstappen,89.709,25.1,34.138,30.471,Medium,11,1,336.0,0
R00166,2019,bahrain,41,Max Verstappen,90.382,25.309,34.296,30.777,Medium,16,1,310.9,0
R00166,2019,bahrain,46,Max Verstappen,91.265,25.548,34.643,31.074,Medium,21,1,326.5,0
R00166,2019,bahrain,51,Max Verstappen,88.308,24.711,33.548,30.049,Medium,1,1,352.3,0
R00166,2019,bahrain,56,Max Verstappen,89.333,25.001,33.893,30.439,Medium,6,1,325.5,0
R00128,2017,bahrain,1,Lewis Hamilton,88.881,24.907,33.823,30.151,Medium,1,0,340.0,0
R00128,2017,bahrain,6,Lewis Hamilton,89.305,24.932,33.991,30.382,Medium,6,1,304.3,0
R00128,2017,bahrain,11,Lewis Hamilton,90.083,25.304,34.233,30.546,Medium,11,1,348.5,0
R00128,2017,bahrain,16,Lewis Hamilton,90.432,25.352,34.364,30.716,Medium,16,1,339.1,0
R00128,2017,bahrain,21,Lewis Hamilton,91.194,25.48,34.679,31.035,Medium,21,1,334.6,0
R00128,2017,bahrain,26,Lewis Hamilton,88.494,24.732,33.636,30.126,Soft,1,1,334.6,0
R00128,2017,bahrain,31,Lewis Hamilton,89.427,24.989,33.931,30.507,Soft,6,1,328.6,0
R00128,2017,bahrain,36,Lewis Hamilton,89.8,25.136,34.106,30.558,Soft,11,1,326.5,0
R00128,2017,bahrain,41,Lewis Hamilton,90.67,25.369,34.367,30.934,Soft,16,1,320.3,0
R00128,2017,bahrain,46,Lewis Hamilton,91.447,25.627,34.854,30.966,Soft,21,1,311.4,0
R00128,2017,bahrain,51,Lewis Hamilton,89.093,24.831,33.825,30.437,Soft,1,1,336.1,0
R00128,2017,bahrain,56,Lewis Hamilton,89.486,24.99,33.955,30.541,Soft,6,1,322.5,0
R00079,2014,canada,1,Lewis Hamilton,76.145,21.3,28.908,25.937,Hard,1,0,347.6,0
R00079,2014,canada,6,Lewis Hamilton,76.767,21.501,29.047,26.219,Hard,6,1,329.0,0
R00079,2014,canada,11,Lewis Hamilton,77.214,21.578,29.407,26.229,Hard,11,1,324.5,0
R00079,2014,canada,16,Lewis Hamilton,78.078,21.845,29.69,26.543,Hard,16,1,319.8,0
R00079,2014,canada,21,Lewis Hamilton,78.649,21.979,29.922,26.748,Hard,21,1,323.3,0
R00079,2014,canada,26,Lewis Hamilton,76.36,21.36,28.998,26.002,Hard,1,1,327.0,0
R00079,2014,canada,31,Lewis Hamilton,76.832,21.433,29.232,26.167,Soft,6,1,321.7,0
R00079,2014,canada,36,Lewis Hamilton,77.41,21.652,29.405,26.353,Soft,11,1,348.4,0
R00079,2014,canada,41,Lewis Hamilton,77.848,21.791,29.611,26.446,Soft,16,1,333.4,0
R00079,2014,canada,46,Lewis Hamilton,78.624,22.01,29.981,26.633,Soft,21,1,331.7,0
R00079,2014,canada,51,Lewis Hamilton,76.274,21.405,29.069,25.8,Soft,1,1,347.3,0
R00079,2014,canada,56,Lewis Hamilton,76.627,21.504,29.131,25.992,Soft,6,1,309.3,0
R00079,2014,canada,61,Lewis Hamilton,77.571,21.785,29.466,26.32,Soft,11,1,315.2,0
R00079,2014,canada,66,Lewis Hamilton,78.211,21.969,29.751,26.491,Soft,16,1,341.8,0
R00174,2019,austria,1,Lewis Hamilton,77.088,21.592,29.229,26.267,Hard,1,0,340.6,0
R00174,2019,austria,6,Lewis Hamilton,77.74,21.813,29.556,26.371,Hard,6,1,347.0,0
R00174,2019,austria,11,Lewis Hamilton,78.051,21.914,29.706,26.431,Hard,11,1,325.6,0
R00174,2019,austria,16,Lewis Hamilton,78.919,22.083,30.05,26.786,Hard,16,1,328.7,0
R00174,2019,austria,21,Lewis Hamilton,79.34,22.153,30.15,27.037,Hard,21,1,336.4,0
R00174,2019,austria,26,Lewis Hamilton,77.084,21.557,29.25,26.277,Hard,1,1,321.1,0
R00174,2019,austria,31,Lewis Hamilton,77.596,21.667,29.537,26.392,Medium,6,1,332.1,0
R00174,2019,austria,36,Lewis Hamilton,78.335,21.985,29.884,26.466,Medium,11,1,352.2,0
R00174,2019,austria,41,Lewis Hamilton,78.876,22.017,29.992,26.867,Medium,16,1,340.2,0
R00174,2019,austria,46,Lewis Hamilton,79.225,22.131,30.047,27.047,Medium,21,1,351.3,1
R00174,2019,austria,51,Lewis Hamilton,77.26,21.723,29.409,26.128,Medium,1,1,315.2,0
R00174,2019,austria,56,Lewis Hamilton,77.934,21.733,29.557,26.644,Medium,6,1,317.7,0
R00174,2019,austria,61,Lewis Hamilton,78.433,21.984,29.816,26.633,Medium,11,1,299.5,0
R00174,2019,austria,66,Lewis Hamilton,79.064,22.226,30.008,26.83,Medium,16,1,325.6,0
R00174,2019,austria,71,Lewis Hamilton,79.239,22.299,30.07,26.87,Medium,21,1,327.6,0
R00262,2023,silverstone,1,Max Verstappen,79.195,22.167,30.028,27.0,Medium,1,0,338.0,0
R00262,2023,silverstone,6,Max Verstappen,79.837,22.283,30.393,27.161,Medium,6,1,342.3,0
R00262,2023,silverstone,11,Max Verstappen,80.701,22.581,30.799,27.321,Medium,11,1,335.4,0
R00262,2023,silverstone,16,Max Verstappen,81.374,22.749,30.887,27.738,Medium,16,1,328.4,0
R00262,2023,silverstone,21,Max Verstappen,81.578,22.934,30.934,27.71,Hard,21,1,355.0,0
R00262,2023,silverstone,26,Max Verstappen,79.338,22.176,30.089,27.073,Hard,1,1,352.7,0
R00262,2023,silverstone,31,Max Verstappen,79.914,22.395,30.348,27.171,Hard,6,1,317.9,0
R00262,2023,silverstone,36,Max Verstappen,80.665,22.473,30.65,27.542,Hard,11,1,316.0,0
R00262,2023,silverstone,41,Max Verstappen,80.906,22.702,30.75,27.454,Hard,16,1,328.0,0
R00262,2023,silverstone,46,Max Verstappen,81.789,22.925,31.09,27.774,Hard,21,1,321.3,0
R00262,2023,silverstone,51,Max Verstappen,79.361,22.179,30.164,27.018,Hard,1,1,348.6,0
R00149,2018,spain,1,Lewis Hamilton,73.494,20.583,27.882,25.029,Soft,1,0,310.2,0
R00149,2018,spain,6,Lewis Hamilton,73.702,20.692,28.047,24.963,Soft,6,1,318.1,0
R00149,2018,spain,11,Lewis Hamilton,74.288,20.776,28.235,25.277,Soft,11,1,326.7,0
R00149,2018,spain,16,Lewis Hamilton,75.057,21.044,28.552,25.461,Soft,16,1,313.5,0
R00149,2018,spain,21,Lewis Hamilton,75.278,21.076,28.685,25.517,Soft,21,1,342.9,0
R00149,2018,spain,26,Lewis Hamilton,73.355,20.616,27.908,24.831,Soft,1,1,334.8,0
R00149,2018,spain,31,Lewis Hamilton,73.897,20.778,28.034,25.085,Hard,6,1,334.3,0
R00149,2018,spain,36,Lewis Hamilton,74.273,20.764,28.226,25.283,Hard,11,1,326.1,0
R00149,2018,spain,41,Lewis Hamilton,75.269,21.053,28.628,25.588,Hard,16,1,336.0,0
R00149,2018,spain,46,Lewis Hamilton,75.525,21.152,28.712,25.661,Hard,21,1,317.6,0
R00149,2018,spain,51,Lewis Hamilton,73.357,20.546,27.838,24.973,Hard,1,1,322.0,0
R00149,2018,spain,56,Lewis Hamilton,74.131,20.822,28.192,25.117,Hard,6,1,332.2,0
R00149,2018,spain,61,Lewis Hamilton,74.527,20.933,28.334,25.26,Hard,11,1,349.9,0
R00149,2018,spain,66,Lewis Hamilton,75.192,21.075,28.641,25.476,Hard,16,1,344.6,0
R00297,2024,qatar,1,Lando Norris,82.528,23.133,31.294,28.101,Hard,1,0,343.3,0
R00297,2024,qatar,6,Lando Norris,82.609,23.096,31.343,28.17,Hard,6,1,354.5,0
R00297,2024,qatar,11,Lando Norris,83.375,23.347,31.743,28.285,Hard,11,1,334.6,0
R00297,2024,qatar,16,Lando Norris,83.986,23.589,31.873,28.524,Hard,16,1,322.0,0
R00297,2024,qatar,21,Lando Norris,84.605,23.671,32.144,28.79,Hard,21,1,343.0,0
R00297,2024,qatar,26,Lando Norris,82.205,23.043,31.296,27.866,Hard,1,1,323.2,0
R00297,2024,qatar,31,Lando Norris,82.581,23.178,31.415,27.988,Hard,6,1,329.4,0
R00297,2024,qatar,36,Lando Norris,83.726,23.522,31.846,28.358,Hard,11,1,322.4,0
R00297,2024,qatar,41,Lando Norris,84.224,23.611,31.993,28.62,Hard,16,1,343.1,0
R00297,2024,qatar,46,Lando Norris,84.531,23.617,32.045,28.869,Hard,21,1,308.1,0
R00297,2024,qatar,51,Lando Norris,82.299,23.058,31.266,27.975,Hard,1,1,337.2,0
R00297,2024,qatar,56,Lando Norris,82.99,23.272,31.597,28.121,Hard,6,1,331.4,0
R00064,2013,bahrain,1,Max Verstappen,75.869,21.271,28.754,25.844,Hard,1,0,334.0,0
R00064,2013,bahrain,6,Max Verstappen,76.861,21.497,29.221,26.143,Hard,6,1,336.0,0
R00064,2013,bahrain,11,Max Verstappen,77.38,21.604,29.462,26.314,Hard,11,1,313.2,0
R00064,2013,bahrain,16,Max Verstappen,77.92,21.79,29.566,26.564,Hard,16,1,341.2,0
R00064,2013,bahrain,21,Max Verstappen,78.524,21.955,29.742,26.827,Hard,21,1,327.4,0
R00064,2013,bahrain,26,Max Verstappen,76.133,21.329,28.999,25.805,Soft,1,1,340.0,0
R00064,2013,bahrain,31,Max Verstappen,76.773,21.537,29.102,26.134,Soft,6,1,332.9,0
R00064,2013,bahrain,36,Max Verstappen,77.173,21.56,29.374,26.239,Soft,11,1,311.2,0
R00064,2013,bahrain,41,Max Verstappen,77.928,21.85,29.615,26.463,Soft,16,1,331.8,0
R00064,2013,bahrain,46,Max Verstappen,78.467,21.953,29.778,26.736,Soft,21,1,319.9,0
R00064,2013,bahrain,51,Max Verstappen,76.118,21.293,28.916,25.909,Soft,1,1,356.5,0
R00064,2013,bahrain,56,Max Verstappen,76.551,21.517,28.993,26.041,Soft,6,1,325.8,0
R00138,2017,bahrain,1,Lewis Hamilton,75.722,21.2,28.738,25.784,Soft,1,0,329.0,0
R00138,2017,bahrain,6,Lewis Hamilton,76.328,21.377,29.001,25.95,Soft,6,1,337.0,0
R00138,2017,bahrain,11,Lewis Hamilton,76.438,21.39,29.042,26.006,Soft,11,1,340.1,0
R00138,2017,bahrain,16,Lewis Hamilton,77.588,21.69,29.492,26.406,Soft,16,1,330.4,0
R00138,2017,bahrain,21,Lewis Hamilton,77.74,21.848,29.51,26.382,Soft,21,1,337.5,0
R00138,2017,bahrain,26,Lewis Hamilton,75.611,21.113,28.743,25.755,Soft,1,1,359.7,0
R00138,2017,bahrain,31,Lewis Hamilton,76.183,21.303,28.855,26.025,Soft,6,1,317.5,0
R00138,2017,bahrain,36,Lewis Hamilton,76.701,21.519,29.115,26.067,Soft,11,1,328.9,0
R00138,2017,bahrain,41,Lewis Hamilton,77.367,21.618,29.439,26.31,Soft,16,1,344.5,0
R00138,2017,bahrain,46,Lewis Hamilton,78.173,21.87,29.719,26.584,Soft,21,1,319.7,0
R00138,2017,bahrain,51,Lewis Hamilton,75.595,21.27,28.646,25.679,Soft,1,1,327.8,0
R00138,2017,bahrain,56,Lewis Hamilton,76.097,21.291,28.96,25.846,Soft,6,1,332.5,0
R00027,2011,bahrain,1,Esteban Ocon,76.024,21.226,28.972,25.826,Hard,1,0,317.6,0
R00027,2011,bahrain,6,Esteban Ocon,76.464,21.452,28.95,26.062,Hard,6,1,339.0,0
R00027,2011,bahrain,11,Esteban Ocon,76.883,21.458,29.173,26.252,Hard,11,1,321.8,0
R00027,2011,bahrain,16,Esteban Ocon,77.563,21.658,29.385,26.52,Hard,16,1,329.9,0
R00027,2011,bahrain,21,Esteban Ocon,78.472,22.027,29.84,26.605,Hard,21,1,329.0,0
R00027,2011,bahrain,26,Esteban Ocon,75.856,21.197,28.856,25.803,Medium,1,1,318.7,0
R00027,2011,bahrain,31,Esteban Ocon,76.73,21.486,29.153,26.091,Medium,6,1,329.5,0
R00027,2011,bahrain,36,Esteban Ocon,76.831,21.446,29.157,26.228,Medium,11,1,342.8,0
R00027,2011,bahrain,41,Esteban Ocon,77.643,21.832,29.469,26.342,Medium,16,1,327.1,0
R00027,2011,bahrain,46,Esteban Ocon,78.207,21.956,29.758,26.493,Medium,21,1,333.4,0
R00027,2011,bahrain,51,Esteban Ocon,75.651,21.093,28.72,25.838,Medium,1,1,348.4,0
R00027,2011,bahrain,56,Esteban Ocon,76.544,21.425,29.004,26.115,Medium,6,1,349.0,0
R00074,2014,bahrain,1,Lewis Hamilton,85.835,24.08,32.613,29.142,Soft,1,0,317.4,0
R00074,2014,bahrain,6,Lewis Hamilton,86.803,24.326,32.973,29.504,Soft,6,1,350.6,0
R00074,2014,bahrain,11,Lewis Hamilton,87.432,24.419,33.227,29.786,Soft,11,1,316.6,0
R00074,2014,bahrain,16,Lewis Hamilton,87.89,24.615,33.402,29.873,Soft,16,1,330.6,0
R00074,2014,bahrain,21,Lewis Hamilton,88.59,24.703,33.733,30.154,Soft,21,1,319.3,0
R00074,2014,bahrain,26,Lewis Hamilton,85.926,24.01,32.664,29.252,Hard,1,1,332.7,0
R00074,2014,bahrain,31,Lewis Hamilton,86.624,24.241,32.83,29.553,Hard,6,1,302.3,0
R00074,2014,bahrain,36,Lewis Hamilton,87.29,24.561,33.117,29.612,Hard,11,1,341.4,0
R00074,2014,bahrain,41,Lewis Hamilton,87.785,24.626,33.432,29.727,Hard,16,1,345.8,0
R00074,2014,bahrain,46,Lewis Hamilton,88.551,24.836,33.613,30.102,Hard,21,1,334.4,0
R00074,2014,bahrain,51,Lewis Hamilton,85.673,24.042,32.643,28.988,Hard,1,1,324.0,0
R00074,2014,bahrain,56,Lewis Hamilton,86.459,24.269,32.875,29.315,Hard,6,1,359.4,0
R00237,2022,spain,1,Max Verstappen,83.706,23.507,31.883,28.316,Soft,1,0,315.3,0
R00237,2022,spain,6,Max Verstappen,84.943,23.864,32.357,28.722,Soft,6,1,338.1,0
R00237,2022,spain,11,Max Verstappen,85.357,23.904,32.331,29.122,Soft,11,1,329.4,0
R00237,2022,spain,16,Max Verstappen,85.488,23.929,32.435,29.124,Soft,16,1,309.2,0
R00237,2022,spain,21,Max Verstappen,86.131,24.139,32.692,29.3,Soft,21,1,334.7,0
R00237,2022,spain,26,Max Verstappen,84.142,23.584,32.036,28.522,Soft,1,1,334.1,0
R00237,2022,spain,31,Max Verstappen,84.56,23.713,32.235,28.612,Hard,6,1,325.7,0
R00237,2022,spain,36,Max Verstappen,85.087,23.912,32.337,28.838,Hard,11,1,329.3,0
R00237,2022,spain,41,Max Verstappen,85.525,23.896,32.593,29.036,Hard,16,1,311.2,0
R00237,2022,spain,46,Max Verstappen,86.174,24.154,32.776,29.244,Hard,21,1,313.5,0
R00237,2022,spain,51,Max Verstappen,84.006,23.477,31.936,28.593,Hard,1,1,352.4,0
R00237,2022,spain,56,Max Verstappen,84.418,23.734,31.971,28.713,Hard,6,1,318.6,0
R00237,2022,spain,61,Max Verstappen,84.8,23.736,32.259,28.805,Hard,11,1,308.7,0
R00237,2022,spain,66,Max Verstappen,85.895,24.018,32.617,29.26,Hard,16,1,349.9,0
R00170,2019,miami,1,Lewis Hamilton,84.905,23.821,32.263,28.821,Hard,1,0,317.8,0
R00170,2019,miami,6,Lewis Hamilton,85.41,24.058,32.491,28.861,Hard,6,1,328.5,0
R00170,2019,miami,11,Lewis Hamilton,86.097,24.04,32.711,29.346,Hard,11,1,330.7,0
R00170,2019,miami,16,Lewis Hamilton,86.764,24.181,32.958,29.625,Hard,16,1,328.4,0
R00170,2019,miami,21,Lewis Hamilton,87.671,24.618,33.338,29.715,Hard,21,1,333.2,0
R00170,2019,miami,26,Lewis Hamilton,85.152,23.891,32.294,28.967,Hard,1,1,333.4,0
R00170,2019,miami,31,Lewis Hamilton,85.628,23.934,32.499,29.195,Hard,6,1,336.6,0
R00170,2019,miami,36,Lewis Hamilton,86.035,24.04,32.71,29.285,Hard,11,1,336.4,0
R00170,2019,miami,41,Lewis Hamilton,86.413,24.138,32.906,29.369,Hard,16,1,320.0,0
R00170,2019,miami,46,Lewis Hamilton,87.431,24.501,33.203,29.727,Hard,21,1,324.5,0
R00170,2019,miami,51,Lewis Hamilton,84.838,23.792,32.282,28.764,Hard,1,1,320.1,0
R00170,2019,miami,56,Lewis Hamilton,85.65,24.041,32.54,29.069,Hard,6,1,329.7,0
R00062,2013,bahrain,1,Max Verstappen,72.757,20.325,27.618,24.814,Medium,1,0,315.6,0
R00062,2013,bahrain,6,Max Verstappen,73.343,20.638,27.831,24.874,Medium,6,1,332.3,0
R00062,2013,bahrain,11,Max Verstappen,73.588,20.625,28.017,24.946,Medium,11,1,331.8,0
R00062,2013,bahrain,16,Max Verstappen,74.348,20.884,28.279,25.185,Medium,16,1,341.0,0
R00062,2013,bahrain,21,Max Verstappen,74.995,21.034,28.493,25.468,Medium,21,1,343.1,0
R00062,2013,bahrain,26,Max Verstappen,72.615,20.278,27.46,24.877,Hard,1,1,327.7,0
R00062,2013,bahrain,31,Max Verstappen,73.48,20.51,28.0,24.97,Hard,6,1,312.1,0
R00062,2013,bahrain,36,Max Verstappen,73.995,20.694,28.097,25.204,Hard,11,1,317.7,0
R00062,2013,bahrain,41,Max Verstappen,74.516,20.848,28.3,25.368,Hard,16,1,323.9,0
R00062,2013,bahrain,46,Max Verstappen,75.092,21.051,28.447,25.594,Hard,21,1,333.2,0
R00062,2013,bahrain,51,Max Verstappen,72.797,20.389,27.695,24.713,Hard,1,1,344.1,0
R00062,2013,bahrain,56,Max Verstappen,73.458,20.642,27.944,24.872,Hard,6,1,338.0,0
R00076,2014,bahrain,1,Carlos Sainz,74.726,20.92,28.395,25.411,Soft,1,0,337.2,0
R00076,2014,bahrain,6,Carlos Sainz,75.097,20.971,28.531,25.595,Soft,6,1,334.1,0
R00076,2014,bahrain,11,Carlos Sainz,75.931,21.227,28.814,25.89,Soft,11,1,317.3,0
R00076,2014,bahrain,16,Carlos Sainz,76.237,21.225,29.04,25.972,Soft,16,1,330.1,0
R00076,2014,bahrain,21,Carlos Sainz,77.076,21.602,29.222,26.252,Soft,21,1,335.3,0
R00076,2014,bahrain,26,Carlos Sainz,74.62,20.859,28.31,25.451,Medium,1,1,307.0,0
R00076,2014,bahrain,31,Carlos Sainz,75.32,21.069,28.59,25.661,Medium,6,1,327.8,0
R00076,2014,bahrain,36,Carlos Sainz,75.989,21.271,28.813,25.905,Medium,11,1,348.7,0
R00076,2014,bahrain,41,Carlos Sainz,76.371,21.373,29.055,25.943,Medium,16,1,331.0,0
R00076,2014,bahrain,46,Carlos Sainz,76.874,21.585,29.316,25.973,Medium,21,1,325.8,0
R00076,2014,bahrain,51,Carlos Sainz,74.763,20.896,28.37,25.497,Medium,1,1,345.8,0
R00076,2014,bahrain,56,Carlos Sainz,75.244,21.054,28.556,25.634,Medium,6,1,350.7,0
R00270,2023,cota,1,Max Verstappen,86.122,24.055,32.66,29.407,Soft,1,0,329.7,0
R00270,2023,cota,6,Max Verstappen,86.942,24.332,32.976,29.634,Soft,6,1,317.5,0
R00270,2023,cota,11,Max Verstappen,87.194,24.453,33.18,29.561,Soft,11,1,335.4,0
R00270,2023,cota,16,Max Verstappen,87.687,24.489,33.29,29.908,Soft,16,1,319.3,0
R00270,2023,cota,21,Max Verstappen,88.507,24.729,33.598,30.18,Soft,21,1,331.7,0
R00270,2023,cota,26,Max Verstappen,86.208,24.108,32.629,29.471,Soft,1,1,335.2,0
R00270,2023,cota,31,Max Verstappen,86.53,24.205,32.902,29.423,Soft,6,1,331.8,0
R00270,2023,cota,36,Max Verstappen,87.168,24.439,33.088,29.641,Soft,11,1,339.5,1
R00270,2023,cota,41,Max Verstappen,87.844,24.589,33.372,29.883,Soft,16,1,340.7,0
R00270,2023,cota,46,Max Verstappen,88.486,24.685,33.605,30.196,Soft,21,1,325.5,0
R00270,2023,cota,51,Max Verstappen,86.096,24.151,32.73,29.215,Soft,1,1,324.5,0
R00270,2023,cota,56,Max Verstappen,86.534,24.297,32.906,29.331,Soft,6,1,321.9,0
R00191,2020,baku,1,Lewis Hamilton,77.327,21.637,29.436,26.254,Soft,1,0,323.5,0
R00191,2020,baku,6,Lewis Hamilton,77.997,21.799,29.572,26.626,Soft,6,1,343.9,0
R00191,2020,baku,11,Lewis Hamilton,78.644,22.057,29.807,26.78,Soft,11,1,335.3,0
R00191,2020,baku,16,Lewis Hamilton,79.078,22.158,30.086,26.834,Soft,16,1,319.9,0
R00191,2020,baku,21,Lewis Hamilton,79.824,22.446,30.348,27.03,Soft,21,1,312.4,0
R00191,2020,baku,26,Lewis Hamilton,77.522,21.754,29.449,26.319,Soft,1,1,326.9,0
R00191,2020,baku,31,Lewis Hamilton,77.963,21.802,29.547,26.614,Soft,6,1,327.4,0
R00191,2020,baku,36,Lewis Hamilton,78.489,21.948,29.838,26.703,Soft,11,1,319.0,0
R00191,2020,baku,41,Lewis Hamilton,79.233,22.201,30.092,26.94,Soft,16,1,323.1,0
R00191,2020,baku,46,Lewis Hamilton,80.001,22.408,30.405,27.188,Soft,21,1,336.1,0
R00191,2020,baku,51,Lewis Hamilton,77.339,21.641,29.427,26.271,Soft,1,1,336.0,0
