race_id,season,round,circuit_id,qualifying_position,driver,team,q3_lap_time_s,q2_lap_time_s,q1_lap_time_s,gap_to_pole_s,tyre_compound,sector1_s,sector2_s,sector3_s,top_speed_kmh
R00002,2010,2,bahrain,1,Max Verstappen,Red Bull Racing,75.624,76.07914601654981,76.0563564576317,0.0,Medium,21.156,28.932,25.536,328.3
R00002,2010,2,bahrain,2,Driver_2,Team_2,75.949,76.10342490415637,76.24901351033955,0.163,Medium,21.15,28.908,25.891,328.2
R00002,2010,2,bahrain,3,Driver_3,Team_3,76.455,76.72373830100194,76.99484418085675,0.78,Medium,21.29,28.978,26.187,325.9
R00002,2010,2,bahrain,4,Driver_4,Team_4,76.766,77.10068758590563,77.6971929572599,1.501,Soft,21.563,29.121,26.082,332.0
R00002,2010,2,bahrain,5,Driver_5,Team_5,77.071,77.43235166748147,77.82387730259502,1.074,Medium,21.751,29.156,26.164,324.8
R00002,2010,2,bahrain,6,Driver_6,Team_6,77.676,77.84449186732482,78.02372099282047,2.7,Soft,21.738,29.516,26.422,327.7
R00002,2010,2,bahrain,7,Driver_7,Team_7,77.858,78.3142739482638,78.52654775901802,0.612,Soft,21.906,29.564,26.388,313.9
R00002,2010,2,bahrain,8,Driver_8,Team_8,77.642,77.90871331568638,78.00525386823338,0.928,Soft,21.705,29.432,26.505,308.6
R00002,2010,2,bahrain,9,Driver_9,Team_9,78.603,78.97094140575646,79.56146746322746,0.725,Soft,22.075,29.903,26.625,344.5
R00002,2010,2,bahrain,10,Driver_10,Team_10,78.663,79.15095329185648,79.53009263114058,5.092,Medium,22.012,29.651,27.0,329.7
R00003,2010,3,bahrain,1,Max Verstappen,Red Bull Racing,75.108,75.30107546044749,75.65233483944246,0.0,Soft,21.105,28.559,25.444,303.6
R00003,2010,3,bahrain,2,Driver_2,Team_2,75.479,75.97172672990617,76.19359300726772,0.586,Soft,21.194,28.525,25.76,335.5
R00003,2010,3,bahrain,3,Driver_3,Team_3,75.778,75.92347976926158,76.55876791842354,1.054,Soft,21.187,28.607,25.984,322.7
R00003,2010,3,bahrain,4,Driver_4,Team_4,76.699,77.13088708422403,77.45686153646768,0.51,Medium,21.286,29.002,26.411,353.6
R00003,2010,3,bahrain,5,Driver_5,Team_5,77.023,77.46119066138323,77.335667439706,1.205,Medium,21.577,29.393,26.053,324.7
R00003,2010,3,bahrain,6,Driver_6,Team_6,77.701,78.04816454209323,78.5293398420478,2.515,Medium,21.635,29.711,26.355,300.5
R00003,2010,3,bahrain,7,Driver_7,Team_7,77.792,78.28031376360215,78.74166396756263,1.002,Medium,21.657,29.477,26.658,330.6
R00003,2010,3,bahrain,8,Driver_8,Team_8,78.358,78.61085916525234,78.77015878500262,2.003,Soft,21.782,29.657,26.919,337.0
R00003,2010,3,bahrain,9,Driver_9,Team_9,79.007,79.11307028325798,79.64846108761172,4.038,Soft,22.173,29.976,26.858,296.5
R00003,2010,3,bahrain,10,Driver_10,Team_10,78.941,79.22082090778989,79.80815420570774,1.619,Medium,21.984,29.825,27.132,329.9
R00004,2010,4,bahrain,1,Charles Leclerc,Ferrari,75.772,76.01142736568481,76.13575087463127,0.0,Medium,21.187,28.748,25.837,322.2
R00004,2010,4,bahrain,2,Driver_2,Team_2,75.445,75.82654448816064,75.97982601825194,0.516,Medium,21.304,28.775,25.366,330.9
R00004,2010,4,bahrain,3,Driver_3,Team_3,76.622,77.11434107469124,77.20552134269268,0.716,Soft,21.318,28.97,26.334,339.2
R00004,2010,4,bahrain,4,Driver_4,Team_4,76.605,77.08038308600135,77.14638860723277,1.401,Soft,21.625,29.063,25.917,314.7
R00004,2010,4,bahrain,5,Driver_5,Team_5,76.721,76.96027347024739,77.24831128381526,1.392,Soft,21.416,29.096,26.209,306.4
R00004,2010,4,bahrain,6,Driver_6,Team_6,77.374,77.60668493479342,78.09077183139311,2.863,Soft,21.705,29.411,26.258,322.4
R00004,2010,4,bahrain,7,Driver_7,Team_7,77.468,77.71333919779067,77.89640064138058,2.5,Medium,21.658,29.336,26.474,318.0
R00004,2010,4,bahrain,8,Driver_8,Team_8,77.831,78.21992615227597,78.57525643793701,2.166,Medium,21.866,29.643,26.322,346.0
R00004,2010,4,bahrain,9,Driver_9,Team_9,79.106,79.36139382626784,80.08981244609774,2.2,Medium,22.15,30.058,26.898,345.3
R00004,2010,4,bahrain,10,Driver_10,Team_10,79.474,79.88945448840158,80.2198794525348,4.892,Soft,22.334,30.316,26.824,321.3
R00005,2010,5,spain,1,Max Verstappen,Red Bull Racing,75.489,75.5895710235018,76.23769236883695,0.0,Medium,21.049,28.757,25.683,311.5
R00005,2010,5,spain,2,Driver_2,Team_2,75.28,75.38032283251248,75.87753238264882,0.314,Medium,20.993,28.797,25.49,357.9
R00005,2010,5,spain,3,Driver_3,Team_3,76.134,76.5301825339724,76.71240556349184,0.905,Medium,21.346,29.059,25.729,326.6
R00005,2010,5,spain,4,Driver_4,Team_4,76.252,76.46633325267821,77.17732850750127,0.66,Soft,21.415,28.858,25.979,329.7
R00005,2010,5,spain,5,Driver_5,Team_5,77.347,77.53898800763014,78.09620906074127,1.716,Medium,21.586,29.454,26.307,327.7
R00005,2010,5,spain,6,Driver_6,Team_6,77.172,77.61046700621667,77.66515631486206,2.173,Soft,21.599,29.478,26.095,310.3
R00005,2010,5,spain,7,Driver_7,Team_7,77.61,77.80344988953254,78.03185870405541,1.825,Medium,21.667,29.639,26.304,315.9
R00005,2010,5,spain,8,Driver_8,Team_8,78.015,78.167356396891,78.61241533875595,2.388,Soft,21.932,29.53,26.553,301.6
R00005,2010,5,spain,9,Driver_9,Team_9,78.306,78.44149740904935,79.01290775923786,2.745,Medium,21.919,29.857,26.53,322.4
R00005,2010,5,spain,10,Driver_10,Team_10,79.172,79.62448521559674,79.93778205761747,0.977,Medium,22.115,30.173,26.884,348.1
R00006,2010,6,monaco,1,Charles Leclerc,Ferrari,75.386,75.84490253320811,75.80039478351537,0.0,Soft,21.238,28.746,25.402,349.2
R00006,2010,6,monaco,2,Driver_2,Team_2,75.178,75.36023459737932,76.07256461186932,0.591,Medium,20.966,28.559,25.653,312.8
R00006,2010,6,monaco,3,Driver_3,Team_3,76.222,76.4018664849943,76.99970772734966,0.2,Medium,21.461,28.916,25.845,298.7
R00006,2010,6,monaco,4,Driver_4,Team_4,76.662,76.97093257389712,77.39549951509687,1.327,Soft,21.477,29.348,25.837,306.9
R00006,2010,6,monaco,5,Driver_5,Team_5,76.716,77.08507321214884,77.38353517170732,0.916,Soft,21.519,29.093,26.104,342.7
R00006,2010,6,monaco,6,Driver_6,Team_6,77.972,78.39393388429376,78.45280433242479,2.668,Medium,21.845,29.64,26.487,343.9
R00006,2010,6,monaco,7,Driver_7,Team_7,77.871,78.1054342596265,78.50628219161756,2.697,Soft,21.827,29.678,26.366,338.8
R00006,2010,6,monaco,8,Driver_8,Team_8,78.33,78.45653486142136,79.05233261286745,4.073,Soft,22.012,29.734,26.584,354.0
R00006,2010,6,monaco,9,Driver_9,Team_9,78.673,78.79079587400115,79.55120962147942,2.844,Soft,21.932,29.78,26.961,353.4
R00006,2010,6,monaco,10,Driver_10,Team_10,79.153,79.40958504216943,79.85212864943918,2.169,Medium,22.143,30.101,26.909,325.0
R00007,2010,7,canada,1,Max Verstappen,Red Bull Racing,75.244,75.6789600498204,76.14724499953662,0.0,Soft,21.034,28.454,25.756,314.6
R00007,2010,7,canada,2,Driver_2,Team_2,75.523,75.87812484280954,75.86617957572804,0.403,Soft,21.167,28.719,25.637,309.7
R00007,2010,7,canada,3,Driver_3,Team_3,76.393,76.59003894763799,77.33597888825041,0.611,Medium,21.347,29.231,25.815,310.0
R00007,2010,7,canada,4,Driver_4,Team_4,76.828,77.31080601974521,77.3625003759349,0.331,Soft,21.418,29.13,26.28,329.5
R00007,2010,7,canada,5,Driver_5,Team_5,76.663,77.03350651349221,77.52836337745642,2.299,Soft,21.387,29.128,26.148,308.3
R00007,2010,7,canada,6,Driver_6,Team_6,77.293,77.67614438842804,77.84040476938598,1.648,Soft,21.547,29.344,26.402,325.0
R00007,2010,7,canada,7,Driver_7,Team_7,77.862,78.08910882871861,78.84751760740097,2.436,Soft,21.894,29.501,26.467,323.3
R00007,2010,7,canada,8,Driver_8,Team_8,78.084,78.37756569997393,78.9193611228795,0.733,Medium,22.075,29.792,26.217,337.6
R00007,2010,7,canada,9,Driver_9,Team_9,78.517,78.86113475282819,79.090355862387,2.19,Medium,21.918,29.73,26.869,334.1
R00007,2010,7,canada,10,Driver_10,Team_10,78.99,79.23250935173024,79.86795075057121,4.368,Medium,22.135,30.058,26.797,325.5
R00008,2010,8,bahrain,1,Max Verstappen,Red Bull Racing,75.205,75.38836322147793,76.1081547928976,0.0,Soft,21.176,28.586,25.443,320.5
R00008,2010,8,bahrain,2,Driver_2,Team_2,75.741,76.18857748505812,76.40365076410806,0.295,Medium,21.121,28.774,25.846,349.3
R00008,2010,8,bahrain,3,Driver_3,Team_3,76.853,77.01492955774596,77.27554165388666,0.399,Soft,21.593,29.114,26.146,342.6
R00008,2010,8,bahrain,4,Driver_4,Team_4,76.679,76.88990355946052,76.98296914085991,1.171,Soft,21.27,29.215,26.194,332.0
R00008,2010,8,bahrain,5,Driver_5,Team_5,77.15,77.48193044762604,77.96188576121224,0.919,Soft,21.631,29.203,26.316,351.2
R00008,2010,8,bahrain,6,Driver_6,Team_6,77.643,78.14278022304387,78.3324241146388,0.445,Soft,21.758,29.292,26.593,331.0
R00008,2010,8,bahrain,7,Driver_7,Team_7,78.309,78.64928348742313,78.62219691234979,2.947,Soft,22.025,29.803,26.481,324.4
R00008,2010,8,bahrain,8,Driver_8,Team_8,78.317,78.52945379606527,79.20519947855907,3.058,Medium,22.038,29.725,26.554,326.9
R00008,2010,8,bahrain,9,Driver_9,Team_9,78.381,78.81982744919225,79.26194484370541,3.442,Medium,21.86,29.598,26.923,319.4
R00008,2010,8,bahrain,10,Driver_10,Team_10,79.904,80.32119264792719,80.76903008190783,4.807,Medium,22.465,30.384,27.055,301.6
R00009,2010,9,bahrain,1,Lando Norris,McLaren,74.882,75.0569244352503,75.31711469005643,0.0,Soft,20.827,28.418,25.637,301.1
R00009,2010,9,bahrain,2,Driver_2,Team_2,75.631,76.04678150660217,75.97192319804446,0.243,Medium,21.171,28.812,25.648,294.8
R00009,2010,9,bahrain,3,Driver_3,Team_3,76.414,76.85058701562544,76.83030308224257,1.035,Soft,21.335,28.901,26.178,320.6
R00009,2010,9,bahrain,4,Driver_4,Team_4,76.795,77.1568452497999,77.26033418994521,1.507,Medium,21.5,29.179,26.116,305.5
R00009,2010,9,bahrain,5,Driver_5,Team_5,77.361,77.72848470644387,78.31673952048814,2.32,Soft,21.563,29.487,26.311,335.3
R00009,2010,9,bahrain,6,Driver_6,Team_6,77.347,77.72910597872547,77.93701163317886,0.464,Soft,21.721,29.394,26.232,312.9
R00009,2010,9,bahrain,7,Driver_7,Team_7,77.748,78.16133567099783,78.67525005847328,0.692,Soft,21.669,29.64,26.439,345.4
R00009,2010,9,bahrain,8,Driver_8,Team_8,78.705,79.15217035275344,79.58199965737701,2.616,Medium,22.124,29.824,26.757,311.2
R00009,2010,9,bahrain,9,Driver_9,Team_9,79.15,79.54446821265334,79.77643272655051,4.558,Medium,22.328,29.899,26.923,307.2
R00009,2010,9,bahrain,10,Driver_10,Team_10,79.465,79.74300267405908,80.22620221855627,1.537,Medium,22.314,30.174,26.977,331.0
R00011,2010,11,hungary,1,Max Verstappen,Red Bull Racing,74.794,74.93212412736723,75.43885212007815,0.0,Soft,20.975,28.397,25.422,299.6
R00011,2010,11,hungary,2,Driver_2,Team_2,75.349,75.77886504649548,75.88956986742032,0.45,Medium,21.121,28.745,25.483,325.3
R00011,2010,11,hungary,3,Driver_3,Team_3,75.873,75.99973121015556,76.84505703198211,0.839,Medium,21.165,28.919,25.789,306.2
R00011,2010,11,hungary,4,Driver_4,Team_4,76.966,77.19947251870165,77.30407836414722,0.549,Soft,21.835,29.342,25.789,339.6
R00011,2010,11,hungary,5,Driver_5,Team_5,76.989,77.35613197493993,77.56642754650817,0.423,Soft,21.6,29.362,26.027,353.9
R00011,2010,11,hungary,6,Driver_6,Team_6,77.377,77.84266922608927,78.14464466796598,2.651,Medium,21.89,29.435,26.052,337.4
R00011,2010,11,hungary,7,Driver_7,Team_7,77.414,77.68236949915679,78.24920770535726,3.566,Soft,21.625,29.276,26.513,334.5
R00011,2010,11,hungary,8,Driver_8,Team_8,78.257,78.56100318108206,78.78071992883483,1.349,Medium,21.91,29.736,26.611,337.4
R00011,2010,11,hungary,9,Driver_9,Team_9,78.781,78.88213819875119,79.53668789998792,3.566,Soft,22.009,29.92,26.852,308.9
R00011,2010,11,hungary,10,Driver_10,Team_10,78.789,79.04259833278658,79.14415578765185,0.768,Soft,21.939,30.012,26.838,321.9
R00012,2010,12,bahrain,1,Max Verstappen,Red Bull Racing,74.95,75.27403468910113,75.79679264078254,0.0,Medium,21.054,28.449,25.447,311.8
R00012,2010,12,bahrain,2,Driver_2,Team_2,75.575,75.69185653530496,76.17081548800044,0.596,Soft,21.295,28.623,25.657,342.6
R00012,2010,12,bahrain,3,Driver_3,Team_3,76.433,76.89316175484339,77.05060109543847,0.834,Medium,21.455,28.99,25.988,347.0
R00012,2010,12,bahrain,4,Driver_4,Team_4,76.978,77.09084508424785,77.45974803496514,1.492,Soft,21.395,29.227,26.356,321.5
R00012,2010,12,bahrain,5,Driver_5,Team_5,77.354,77.51431098629575,78.00627579273635,2.258,Medium,21.598,29.327,26.429,322.0
R00012,2010,12,bahrain,6,Driver_6,Team_6,77.4,77.7925723399861,78.17604810720769,1.996,Soft,21.705,29.331,26.364,347.4
R00012,2010,12,bahrain,7,Driver_7,Team_7,77.633,78.12154040487735,78.1899615348298,1.587,Medium,21.71,29.555,26.368,331.1
R00012,2010,12,bahrain,8,Driver_8,Team_8,78.093,78.20874784385994,78.96494819592472,2.079,Soft,21.871,29.726,26.496,323.4
R00012,2010,12,bahrain,9,Driver_9,Team_9,78.364,78.48598174401633,78.81967202006379,1.92,Soft,21.815,29.81,26.739,303.0
R00012,2010,12,bahrain,10,Driver_10,Team_10,79.05,79.30088481550162,79.45107101464822,4.214,Soft,22.149,30.174,26.727,341.2
R00013,2010,13,bahrain,1,Esteban Ocon,Alpine,75.828,76.00346777570729,76.2576257340197,0.0,Soft,21.069,28.791,25.968,342.6
R00013,2010,13,bahrain,2,Driver_2,Team_2,76.266,76.45743116104728,76.69329714024524,0.236,Soft,21.339,28.81,26.117,334.8
R00013,2010,13,bahrain,3,Driver_3,Team_3,76.132,76.38816222528769,76.82796151694684,0.255,Medium,21.352,28.953,25.827,308.2
R00013,2010,13,bahrain,4,Driver_4,Team_4,75.847,76.12763257209039,76.50239923217806,0.372,Soft,21.111,28.872,25.864,335.0
R00013,2010,13,bahrain,5,Driver_5,Team_5,77.512,77.8298289881642,78.24516272124295,0.423,Medium,21.762,29.588,26.162,352.9
R00013,2010,13,bahrain,6,Driver_6,Team_6,77.306,77.51762226791082,77.7916904990839,1.912,Medium,21.658,29.42,26.228,329.3
R00013,2010,13,bahrain,7,Driver_7,Team_7,77.604,77.81659874934898,78.45080129031331,2.872,Soft,21.754,29.517,26.333,329.7
R00013,2010,13,bahrain,8,Driver_8,Team_8,78.076,78.41979871620244,78.98543806736497,3.406,Medium,21.769,29.595,26.712,340.6
R00013,2010,13,bahrain,9,Driver_9,Team_9,78.642,78.81393460378588,79.44212656325034,0.723,Medium,22.016,29.699,26.927,318.1
R00013,2010,13,bahrain,10,Driver_10,Team_10,79.083,79.40356416194172,79.98735330215744,1.603,Soft,22.225,29.931,26.927,309.5
R00014,2010,14,singapore,1,Charles Leclerc,Ferrari,75.031,75.16977458394112,75.59345768580086,0.0,Soft,21.082,28.42,25.529,335.7
R00014,2010,14,singapore,2,Driver_2,Team_2,75.739,75.90244019390431,76.39744885410613,0.434,Soft,21.229,28.949,25.561,325.1
R00014,2010,14,singapore,3,Driver_3,Team_3,75.995,76.44216194134125,76.61095534241544,0.786,Medium,21.222,28.973,25.8,301.4
R00014,2010,14,singapore,4,Driver_4,Team_4,76.699,76.85153100688146,77.23824944311389,0.792,Soft,21.245,29.065,26.389,321.2
R00014,2010,14,singapore,5,Driver_5,Team_5,77.367,77.85515380176808,77.8893915929869,2.393,Soft,21.715,29.465,26.187,334.2
R00014,2010,14,singapore,6,Driver_6,Team_6,77.103,77.47846960665808,77.49976222777143,2.875,Soft,21.636,29.303,26.164,316.4
R00014,2010,14,singapore,7,Driver_7,Team_7,78.082,78.57668521084416,78.64125127727252,3.538,Medium,21.823,29.647,26.612,320.4
R00014,2010,14,singapore,8,Driver_8,Team_8,77.775,77.98596710975974,78.39162004641915,1.076,Soft,21.816,29.829,26.13,334.4
R00014,2010,14,singapore,9,Driver_9,Team_9,78.805,78.90538106371524,79.41515933718516,4.492,Soft,22.043,29.966,26.796,318.9
R00014,2010,14,singapore,10,Driver_10,Team_10,78.64,79.09242433723165,79.22266287893679,4.47,Medium,21.938,29.919,26.783,339.8
R00015,2010,15,bahrain,1,Lando Norris,McLaren,75.277,75.6544607624563,76.07440607220022,0.0,Medium,20.932,28.574,25.771,325.4
R00015,2010,15,bahrain,2,Driver_2,Team_2,75.723,76.01349107703446,76.1272324635888,0.397,Medium,21.031,28.761,25.931,350.7
R00015,2010,15,bahrain,3,Driver_3,Team_3,76.168,76.51565821283403,77.1566419862801,0.696,Soft,21.363,28.731,26.074,325.3
R00015,2010,15,bahrain,4,Driver_4,Team_4,76.34,76.47357478537718,76.64546647210601,0.35,Soft,21.259,28.941,26.14,334.6
R00015,2010,15,bahrain,5,Driver_5,Team_5,77.042,77.22160985314856,77.84913168892864,1.674,Medium,21.47,29.366,26.206,335.4
R00015,2010,15,bahrain,6,Driver_6,Team_6,77.09,77.56053742701135,77.56774584954991,0.562,Medium,21.399,29.157,26.534,337.1
R00015,2010,15,bahrain,7,Driver_7,Team_7,78.071,78.29365516356494,79.0585277104256,2.145,Medium,21.747,29.687,26.637,350.4
R00015,2010,15,bahrain,8,Driver_8,Team_8,78.039,78.49090650260827,78.77967641389101,1.624,Medium,21.867,29.618,26.554,321.3
R00015,2010,15,bahrain,9,Driver_9,Team_9,78.347,78.51817474642152,79.08956983650444,1.799,Soft,21.996,29.649,26.702,308.7
R00015,2010,15,bahrain,10,Driver_10,Team_10,79.567,79.93267749047531,80.23243189395339,2.177,Medium,22.147,30.026,27.394,315.4
R00016,2010,16,bahrain,1,Lando Norris,McLaren,74.816,75.15670128996148,75.61702776391792,0.0,Soft,20.881,28.339,25.596,328.1
R00016,2010,16,bahrain,2,Driver_2,Team_2,75.677,76.13294343634357,76.23979529473952,0.128,Soft,21.096,28.56,26.021,335.4
R00016,2010,16,bahrain,3,Driver_3,Team_3,75.763,76.17012726985402,76.30795409474031,1.03,Medium,21.068,28.71,25.985,323.9
R00016,2010,16,bahrain,4,Driver_4,Team_4,76.505,76.92548441770558,77.49627479607577,0.549,Medium,21.502,29.213,25.79,345.2
R00016,2010,16,bahrain,5,Driver_5,Team_5,77.501,77.82243819424673,78.37109264939089,1.315,Soft,21.792,29.56,26.149,310.8
R00016,2010,16,bahrain,6,Driver_6,Team_6,77.929,78.30985447775667,78.89329284573785,2.849,Medium,21.748,29.495,26.686,345.1
R00016,2010,16,bahrain,7,Driver_7,Team_7,78.194,78.42547761600605,79.02963022516423,1.394,Soft,21.832,29.728,26.634,305.3
R00016,2010,16,bahrain,8,Driver_8,Team_8,78.444,78.93914355769822,79.25411988423915,1.236,Soft,22.062,29.929,26.453,336.0
R00016,2010,16,bahrain,9,Driver_9,Team_9,78.592,79.00247240525648,79.09440039335101,2.928,Medium,21.945,29.937,26.71,315.8
R00016,2010,16,bahrain,10,Driver_10,Team_10,78.741,79.04677996889863,79.46380709073469,1.654,Medium,22.118,29.952,26.671,336.2
R00017,2010,17,brazil,1,Max Verstappen,Red Bull Racing,75.515,75.66449972637768,76.43276678043566,0.0,Medium,21.372,28.72,25.423,339.8
R00017,2010,17,brazil,2,Driver_2,Team_2,75.743,76.13765652401925,76.44081518432449,0.093,Medium,21.208,28.803,25.732,300.4
R00017,2010,17,brazil,3,Driver_3,Team_3,76.186,76.40760540741233,77.0921792077407,1.139,Medium,21.34,29.009,25.837,320.7
R00017,2010,17,brazil,4,Driver_4,Team_4,76.198,76.39985468348544,76.59576812147053,0.331,Soft,21.372,28.855,25.971,323.3
R00017,2010,17,brazil,5,Driver_5,Team_5,76.931,77.12481190325747,77.28565625817724,1.174,Medium,21.515,29.238,26.178,336.9
R00017,2010,17,brazil,6,Driver_6,Team_6,77.624,78.00707303509668,78.50057286672681,0.532,Soft,21.817,29.574,26.233,329.8
R00017,2010,17,brazil,7,Driver_7,Team_7,77.804,77.94818526154822,78.2827284914355,2.302,Soft,21.994,29.419,26.391,335.1
R00017,2010,17,brazil,8,Driver_8,Team_8,78.647,79.14542236291561,79.52280530983549,4.111,Soft,22.121,29.865,26.661,340.9
R00017,2010,17,brazil,9,Driver_9,Team_9,78.544,79.01544723809124,79.51608475792571,1.844,Soft,22.014,29.992,26.538,313.5
R00017,2010,17,brazil,10,Driver_10,Team_10,79.162,79.416289595998,79.97175985841699,4.054,Soft,22.24,30.017,26.905,336.2
R00018,2010,18,abu_dhabi,1,Lando Norris,McLaren,75.29,75.64505003448673,76.1741243066763,0.0,Soft,21.104,28.519,25.667,323.7
R00018,2010,18,abu_dhabi,2,Driver_2,Team_2,75.594,75.85535831024437,76.08007188621781,0.421,Medium,21.181,28.638,25.775,305.5
R00018,2010,18,abu_dhabi,3,Driver_3,Team_3,76.093,76.43619704237106,77.00177853041,0.289,Soft,21.282,28.895,25.916,325.1
R00018,2010,18,abu_dhabi,4,Driver_4,Team_4,76.743,77.22725497726084,77.57901779763958,0.312,Medium,21.417,29.247,26.079,340.2
R00018,2010,18,abu_dhabi,5,Driver_5,Team_5,76.538,76.95024298264262,77.2613795692996,1.594,Medium,21.345,29.006,26.187,340.8
R00018,2010,18,abu_dhabi,6,Driver_6,Team_6,77.124,77.62312147576178,77.47790629542945,1.47,Soft,21.659,29.326,26.139,317.6
R00018,2010,18,abu_dhabi,7,Driver_7,Team_7,77.702,77.95823656829884,78.19637407153775,0.833,Medium,21.936,29.49,26.276,326.2
R00018,2010,18,abu_dhabi,8,Driver_8,Team_8,77.947,78.25265037493732,78.59735572400248,2.327,Medium,21.763,29.541,26.643,299.1
R00018,2010,18,abu_dhabi,9,Driver_9,Team_9,78.896,79.07479912351916,79.82533799732221,3.421,Medium,22.234,30.018,26.644,318.5
R00018,2010,18,abu_dhabi,10,Driver_10,Team_10,79.0,79.46139997869226,79.73338042607577,2.625,Soft,22.167,30.12,26.713,325.7
R00019,2011,1,bahrain,1,Max Verstappen,Red Bull Racing,74.947,75.06044169084012,75.72222708380076,0.0,Soft,20.929,28.557,25.461,325.7
R00019,2011,1,bahrain,2,Driver_2,Team_2,75.577,76.07682243972708,76.00349802883107,0.359,Soft,21.295,28.461,25.821,335.3
R00019,2011,1,bahrain,3,Driver_3,Team_3,76.204,76.40705338655044,76.67445988105172,0.993,Soft,21.37,28.84,25.994,343.7
R00019,2011,1,bahrain,4,Driver_4,Team_4,76.996,77.48486707175827,77.68206941649161,0.855,Medium,21.611,29.311,26.074,331.9
R00019,2011,1,bahrain,5,Driver_5,Team_5,77.618,77.89830538215831,77.92377456348996,0.519,Soft,21.591,29.598,26.429,345.4
R00019,2011,1,bahrain,6,Driver_6,Team_6,77.64,78.01632993654727,78.30781239764633,0.581,Medium,21.535,29.368,26.737,298.9
R00019,2011,1,bahrain,7,Driver_7,Team_7,77.94,78.21922547893595,78.48366392596336,2.162,Medium,21.65,29.541,26.749,345.3
R00019,2011,1,bahrain,8,Driver_8,Team_8,78.128,78.52655786125842,79.06122186555875,2.888,Soft,21.983,29.762,26.383,330.9
R00019,2011,1,bahrain,9,Driver_9,Team_9,78.892,79.3623363584818,79.33399399590753,1.48,Medium,21.969,29.948,26.975,332.3
R00019,2011,1,bahrain,10,Driver_10,Team_10,78.685,79.04808197697717,79.53543353599045,1.281,Medium,21.958,29.94,26.787,308.5
R00020,2011,2,bahrain,1,Max Verstappen,Red Bull Racing,74.908,75.08672358176825,75.44263417926518,0.0,Soft,21.186,28.564,25.158,320.7
R00020,2011,2,bahrain,2,Driver_2,Team_2,75.189,75.37925241256865,75.55164812043627,0.592,Soft,21.113,28.595,25.481,364.8
R00020,2011,2,bahrain,3,Driver_3,Team_3,76.042,76.3028254560247,76.62730801946586,0.62,Medium,21.401,28.881,25.76,326.5
R00020,2011,2,bahrain,4,Driver_4,Team_4,76.665,76.80643132432516,77.17375966366009,0.795,Soft,21.437,29.228,26.0,326.4
R00020,2011,2,bahrain,5,Driver_5,Team_5,76.934,77.05180412278604,77.74510350460788,0.617,Soft,21.398,29.204,26.332,309.3
R00020,2011,2,bahrain,6,Driver_6,Team_6,77.793,78.21202991127345,78.43787942440063,2.739,Soft,21.637,29.481,26.675,355.5
R00020,2011,2,bahrain,7,Driver_7,Team_7,78.393,78.77784385877963,78.78482358978995,1.12,Medium,21.905,29.767,26.721,331.2
R00020,2011,2,bahrain,8,Driver_8,Team_8,78.583,78.78802425598053,79.12376924883469,3.963,Soft,21.998,29.813,26.772,311.7
R00020,2011,2,bahrain,9,Driver_9,Team_9,78.661,78.76715028003689,79.48668629331848,4.683,Soft,21.995,30.022,26.644,340.3
R00020,2011,2,bahrain,10,Driver_10,Team_10,79.277,79.49569453059489,80.00736382857293,4.416,Medium,21.974,30.237,27.066,328.4
R00021,2011,3,bahrain,1,Max Verstappen,Red Bull Racing,75.076,75.1780819317902,76.03291003181205,0.0,Soft,21.137,28.514,25.425,299.8
R00021,2011,3,bahrain,2,Driver_2,Team_2,75.589,76.0147014448242,76.3243639148853,0.526,Medium,21.23,28.801,25.558,335.2
R00021,2011,3,bahrain,3,Driver_3,Team_3,76.437,76.58503238229345,77.39203453695006,0.881,Soft,21.21,29.152,26.075,334.6
R00021,2011,3,bahrain,4,Driver_4,Team_4,76.547,76.87936145293443,77.0977440299698,1.525,Soft,21.519,29.045,25.983,322.3
R00021,2011,3,bahrain,5,Driver_5,Team_5,76.46,76.81181844025772,77.25304670263229,2.211,Soft,21.542,28.971,25.947,314.4
R00021,2011,3,bahrain,6,Driver_6,Team_6,77.283,77.72141833315004,77.69192698185752,2.013,Soft,21.658,29.381,26.244,328.2
R00021,2011,3,bahrain,7,Driver_7,Team_7,77.962,78.35149324438123,78.95757910016306,1.566,Soft,21.756,29.556,26.65,328.7
R00021,2011,3,bahrain,8,Driver_8,Team_8,78.35,78.61992490591525,78.7012384975268,3.955,Soft,21.989,29.75,26.611,304.7
R00021,2011,3,bahrain,9,Driver_9,Team_9,78.509,78.95139177297453,79.31028560706787,0.79,Medium,21.898,29.805,26.806,360.3
R00021,2011,3,bahrain,10,Driver_10,Team_10,78.538,79.02025807789181,79.44551788245798,2.019,Soft,22.014,29.802,26.722,336.9
R00022,2011,4,bahrain,1,Max Verstappen,Red Bull Racing,75.033,75.22249834891761,75.79181337282446,0.0,Medium,21.012,28.276,25.745,337.9
R00022,2011,4,bahrain,2,Driver_2,Team_2,76.06,76.53778733677308,76.62780469224481,0.443,Soft,21.421,28.837,25.802,314.5
R00022,2011,4,bahrain,3,Driver_3,Team_3,75.986,76.48498166120234,76.77898044449073,0.49,Soft,21.481,28.731,25.774,292.9
R00022,2011,4,bahrain,4,Driver_4,Team_4,76.421,76.63417845169411,77.22690275706246,1.187,Medium,21.451,29.058,25.912,333.5
R00022,2011,4,bahrain,5,Driver_5,Team_5,76.962,77.37894352863403,77.70449859999472,2.339,Soft,21.669,29.447,25.846,314.7
R00022,2011,4,bahrain,6,Driver_6,Team_6,77.151,77.36480000125955,77.8210720016694,0.485,Medium,21.687,29.321,26.143,317.1
R00022,2011,4,bahrain,7,Driver_7,Team_7,77.954,78.40962162990887,78.59717106062816,1.462,Soft,21.895,29.425,26.634,332.5
R00022,2011,4,bahrain,8,Driver_8,Team_8,77.674,78.10506025621414,78.15498615430252,3.732,Soft,21.583,29.67,26.421,361.8
R00022,2011,4,bahrain,9,Driver_9,Team_9,78.441,78.63043905057832,79.39277200175351,4.283,Medium,22.055,29.678,26.708,325.0
R00022,2011,4,bahrain,10,Driver_10,Team_10,79.071,79.2019141659369,79.75968036942993,3.301,Soft,22.25,30.195,26.626,329.5
R00023,2011,5,spain,1,Lando Norris,McLaren,75.303,75.63765907229129,75.77091811789711,0.0,Soft,20.912,28.692,25.699,339.4
R00023,2011,5,spain,2,Driver_2,Team_2,75.519,75.92475234468137,76.20035130952911,0.238,Medium,21.141,28.731,25.647,319.0
R00023,2011,5,spain,3,Driver_3,Team_3,76.334,76.7483095681095,76.89227838203723,0.589,Medium,21.62,29.068,25.646,325.0
R00023,2011,5,spain,4,Driver_4,Team_4,76.439,76.6908723927214,77.10306785716571,0.826,Medium,21.546,28.952,25.941,346.4
R00023,2011,5,spain,5,Driver_5,Team_5,76.772,77.01032145173272,77.08320237149275,0.715,Medium,21.389,29.104,26.279,345.2
R00023,2011,5,spain,6,Driver_6,Team_6,77.561,77.70734647444445,78.32356429293174,0.845,Medium,21.83,29.524,26.207,317.7
R00023,2011,5,spain,7,Driver_7,Team_7,77.303,77.65395909513282,78.19489764633728,2.018,Soft,21.724,29.395,26.184,347.9
R00023,2011,5,spain,8,Driver_8,Team_8,78.554,78.92694076931977,79.29667987896272,3.346,Soft,22.135,29.753,26.666,337.0
R00023,2011,5,spain,9,Driver_9,Team_9,78.718,79.11996619731029,79.05436413557177,2.424,Medium,22.163,30.034,26.521,331.0
R00023,2011,5,spain,10,Driver_10,Team_10,78.819,79.09850077034226,79.75904559627396,0.877,Medium,22.029,29.939,26.851,311.6
R00024,2011,6,monaco,1,Charles Leclerc,Ferrari,75.066,75.46233740985919,75.82831546698822,0.0,Medium,21.362,28.534,25.17,335.7
R00024,2011,6,monaco,2,Driver_2,Team_2,75.852,76.35131202699942,76.79362962492979,0.354,Medium,21.455,28.928,25.469,323.6
R00024,2011,6,monaco,3,Driver_3,Team_3,76.268,76.60080211456552,76.74164843739867,1.132,Medium,21.315,29.12,25.833,331.8
R00024,2011,6,monaco,4,Driver_4,Team_4,76.748,77.12196823226188,77.5907963682151,0.626,Soft,21.372,29.343,26.033,338.4
R00024,2011,6,monaco,5,Driver_5,Team_5,77.507,77.92451225591375,78.50034367756797,0.739,Soft,21.673,29.445,26.389,300.5
R00024,2011,6,monaco,6,Driver_6,Team_6,77.692,78.15976605053878,78.42414848429054,1.526,Medium,21.609,29.638,26.445,330.3
R00024,2011,6,monaco,7,Driver_7,Team_7,77.865,78.29643242900407,78.53186020753778,2.366,Medium,21.77,29.654,26.441,342.3
R00024,2011,6,monaco,8,Driver_8,Team_8,77.87,78.19223056473594,78.33280255474574,3.54,Medium,21.726,29.706,26.438,320.6
R00024,2011,6,monaco,9,Driver_9,Team_9,78.881,78.98620835503527,79.40200504417201,0.681,Soft,22.064,30.203,26.614,315.5
R00024,2011,6,monaco,10,Driver_10,Team_10,78.87,79.01159457576676,79.44972452087586,5.335,Soft,22.016,29.882,26.972,322.7
R00025,2011,7,canada,1,Lando Norris,McLaren,75.552,75.92691354469231,76.40651105492157,0.0,Soft,21.234,28.737,25.581,342.0
R00025,2011,7,canada,2,Driver_2,Team_2,76.054,76.36486814087421,76.86670908855852,0.304,Soft,21.218,28.881,25.955,318.2
R00025,2011,7,canada,3,Driver_3,Team_3,76.132,76.58835408895597,76.75917907472154,0.172,Soft,21.342,29.212,25.578,341.5
R00025,2011,7,canada,4,Driver_4,Team_4,76.835,77.01866089886217,77.1503726275992,0.928,Medium,21.446,29.177,26.212,342.7
R00025,2011,7,canada,5,Driver_5,Team_5,76.781,77.15097767932258,77.4270291846775,0.768,Soft,21.6,29.08,26.101,313.1
R00025,2011,7,canada,6,Driver_6,Team_6,77.219,77.53806552509099,77.86322714283563,2.265,Soft,21.705,29.361,26.153,318.9
R00025,2011,7,canada,7,Driver_7,Team_7,77.819,78.0777987517489,78.51445966006122,2.912,Soft,21.592,29.679,26.548,296.2
R00025,2011,7,canada,8,Driver_8,Team_8,78.433,78.84392964140645,79.30349801475258,2.869,Soft,21.93,29.762,26.741,348.9
R00025,2011,7,canada,9,Driver_9,Team_9,78.511,78.98513203714225,79.36435396276194,4.509,Medium,22.175,29.763,26.573,281.5
R00025,2011,7,canada,10,Driver_10,Team_10,79.285,79.61774809515835,79.64020730144814,4.755,Soft,22.299,30.04,26.946,343.5
R00026,2011,8,bahrain,1,Max Verstappen,Red Bull Racing,75.622,75.74331608525071,76.17257973132213,0.0,Soft,21.294,28.839,25.489,339.0
R00026,2011,8,bahrain,2,Driver_2,Team_2,75.724,76.0884721648498,76.22012740891932,0.32,Soft,21.297,28.689,25.738,329.1
R00026,2011,8,bahrain,3,Driver_3,Team_3,76.153,76.28315127561103,77.13812688401356,0.197,Soft,21.194,28.989,25.97,317.6
R00026,2011,8,bahrain,4,Driver_4,Team_4,76.807,77.02684004776341,77.76299326007093,0.646,Soft,21.622,29.348,25.837,310.5
R00026,2011,8,bahrain,5,Driver_5,Team_5,76.281,76.43051248346765,76.87952701479745,1.263,Medium,21.431,28.984,25.866,323.5
R00026,2011,8,bahrain,6,Driver_6,Team_6,77.181,77.35884928479224,78.15611267973193,0.69,Soft,21.592,29.375,26.214,343.3
R00026,2011,8,bahrain,7,Driver_7,Team_7,78.007,78.31930041847487,78.92338999811295,1.645,Medium,21.915,29.629,26.463,320.0
R00026,2011,8,bahrain,8,Driver_8,Team_8,78.539,78.65481437285057,79.36427337587946,3.078,Medium,21.994,29.722,26.823,321.6
R00026,2011,8,bahrain,9,Driver_9,Team_9,78.625,79.05968825777106,79.10235100589384,4.062,Medium,21.911,29.906,26.808,308.6
R00026,2011,8,bahrain,10,Driver_10,Team_10,79.225,79.33523867624116,79.67862917818633,1.075,Medium,22.347,30.125,26.753,336.6
R00027,2011,9,bahrain,1,Esteban Ocon,Alpine,75.447,75.86491798542977,76.14603321442686,0.0,Medium,21.115,28.776,25.556,329.1
R00027,2011,9,bahrain,2,Driver_2,Team_2,76.225,76.47019530521729,77.05122404066844,0.333,Medium,21.455,29.064,25.706,328.3
R00027,2011,9,bahrain,3,Driver_3,Team_3,76.004,76.28586683732006,76.40702895790264,0.398,Medium,21.079,28.945,25.98,320.6
R00027,2011,9,bahrain,4,Driver_4,Team_4,77.048,77.24264583783037,77.72147255162525,1.679,Soft,21.581,29.296,26.171,332.7
R00027,2011,9,bahrain,5,Driver_5,Team_5,77.085,77.42878216615516,77.69593807399775,2.378,Soft,21.565,29.341,26.179,331.5
R00027,2011,9,bahrain,6,Driver_6,Team_6,77.734,78.12276998669884,78.43899594716667,2.386,Soft,21.69,29.701,26.343,327.5
R00027,2011,9,bahrain,7,Driver_7,Team_7,77.953,78.19621595402211,78.80082836029351,3.373,Medium,21.766,29.549,26.638,296.7
R00027,2011,9,bahrain,8,Driver_8,Team_8,78.379,78.86044041837582,78.7566566243815,2.035,Medium,22.012,29.87,26.497,289.9
R00027,2011,9,bahrain,9,Driver_9,Team_9,78.911,79.11066542282029,79.70412762862897,3.011,Medium,22.174,29.914,26.823,304.6
R00027,2011,9,bahrain,10,Driver_10,Team_10,79.109,79.58895022267681,79.58054999299796,3.131,Medium,22.267,30.041,26.801,319.5
R00028,2011,10,bahrain,1,Max Verstappen,Red Bull Racing,75.254,75.66413143608963,75.69420813470296,0.0,Medium,21.063,28.778,25.413,298.4
R00028,2011,10,bahrain,2,Driver_2,Team_2,75.948,76.16442291648406,76.32027196622025,0.596,Medium,21.275,28.841,25.832,292.9
R00028,2011,10,bahrain,3,Driver_3,Team_3,76.267,76.63335754718112,77.15543779157218,1.006,Soft,21.254,28.741,26.272,317.0
R00028,2011,10,bahrain,4,Driver_4,Team_4,77.035,77.21568489520473,77.99362948921195,0.436,Soft,21.453,29.287,26.295,319.2
R00028,2011,10,bahrain,5,Driver_5,Team_5,76.274,76.55930171724276,76.65831574933468,2.23,Medium,21.495,28.992,25.787,346.1
R00028,2011,10,bahrain,6,Driver_6,Team_6,77.455,77.67881195766105,78.30843328064024,1.265,Soft,21.743,29.451,26.261,322.8
R00028,2011,10,bahrain,7,Driver_7,Team_7,77.723,78.05127239144296,78.2374045062498,2.513,Medium,21.61,29.444,26.669,336.0
R00028,2011,10,bahrain,8,Driver_8,Team_8,78.334,78.52808722012223,78.83790784493745,1.501,Medium,21.894,29.933,26.507,334.6
R00028,2011,10,bahrain,9,Driver_9,Team_9,78.448,78.57582838196299,78.91443081161354,3.669,Medium,21.948,29.688,26.812,319.5
R00028,2011,10,bahrain,10,Driver_10,Team_10,78.86,79.10076711707103,79.17459426096279,4.135,Soft,22.098,29.937,26.825,295.0
R00029,2011,11,hungary,1,Max Verstappen,Red Bull Racing,75.403,75.78867692776592,75.98633244382302,0.0,Medium,21.259,28.583,25.561,345.2
R00029,2011,11,hungary,2,Driver_2,Team_2,75.962,76.21530933806815,76.29796365917244,0.106,Soft,21.505,28.684,25.773,342.8
R00029,2011,11,hungary,3,Driver_3,Team_3,75.523,75.65835105757787,76.0841131739488,0.17,Soft,21.261,28.721,25.541,314.1
R00029,2011,11,hungary,4,Driver_4,Team_4,75.85,76.15311322282413,76.55350522562573,0.441,Soft,21.141,28.855,25.854,327.4
R00029,2011,11,hungary,5,Driver_5,Team_5,76.888,77.14016675613613,77.75777403711737,0.681,Medium,21.661,29.134,26.093,324.5
R00029,2011,11,hungary,6,Driver_6,Team_6,77.074,77.39012823233692,77.59437647303743,2.359,Soft,21.534,29.581,25.959,337.8
R00029,2011,11,hungary,7,Driver_7,Team_7,78.299,78.6199336306722,78.78400274003684,1.524,Soft,21.826,29.795,26.678,341.3
R00029,2011,11,hungary,8,Driver_8,Team_8,78.06,78.23134391336667,78.38715874964751,1.975,Soft,21.963,29.643,26.454,327.9
R00029,2011,11,hungary,9,Driver_9,Team_9,79.021,79.29978343799813,79.55307687476277,4.7,Medium,22.233,29.94,26.848,333.0
R00029,2011,11,hungary,10,Driver_10,Team_10,79.371,79.5614167323691,79.67502200964589,4.847,Soft,22.228,30.195,26.948,322.8
R00030,2011,12,bahrain,1,Max Verstappen,Red Bull Racing,75.277,75.59449066816866,75.6306243171168,0.0,Soft,20.989,28.604,25.684,303.6
R00030,2011,12,bahrain,2,Driver_2,Team_2,75.629,76.10827171070689,76.00411355282792,0.36,Medium,21.39,28.743,25.496,314.3
R00030,2011,12,bahrain,3,Driver_3,Team_3,75.839,76.23915490232899,76.2771635651121,0.192,Soft,21.26,28.828,25.751,329.2
R00030,2011,12,bahrain,4,Driver_4,Team_4,77.2,77.61458951927096,77.96105002053132,0.469,Medium,21.556,29.133,26.511,343.3
R00030,2011,12,bahrain,5,Driver_5,Team_5,77.436,77.71190204045642,78.36621285012532,2.314,Medium,21.505,29.573,26.358,334.2
R00030,2011,12,bahrain,6,Driver_6,Team_6,77.371,77.56377469445975,77.75098110782594,2.758,Soft,21.79,29.511,26.07,326.6
R00030,2011,12,bahrain,7,Driver_7,Team_7,78.44,78.70514705501628,79.10121035153249,1.588,Soft,21.767,29.825,26.848,331.1
R00030,2011,12,bahrain,8,Driver_8,Team_8,78.468,78.86031058215782,78.96494606814471,1.875,Medium,22.068,29.785,26.615,323.1
R00030,2011,12,bahrain,9,Driver_9,Team_9,78.499,78.95912574531349,79.08347936405355,3.202,Soft,21.946,29.829,26.724,353.1
R00030,2011,12,bahrain,10,Driver_10,Team_10,78.887,79.35491569487259,79.65698360984281,4.703,Soft,22.013,29.766,27.108,325.9
R00031,2011,13,bahrain,1,Max Verstappen,Red Bull Racing,75.943,76.06339967778023,76.68783889065125,0.0,Medium,21.39,28.94,25.613,290.2
R00031,2011,13,bahrain,2,Driver_2,Team_2,76.214,76.67255160936854,77.10372021351614,0.291,Medium,21.447,29.013,25.754,324.8
R00031,2011,13,bahrain,3,Driver_3,Team_3,76.589,76.75285382274677,77.29602782113592,0.672,Medium,21.515,29.036,26.038,310.2
R00031,2011,13,bahrain,4,Driver_4,Team_4,76.555,76.92650954501184,77.4865878609452,1.34,Medium,21.493,29.062,26.0,311.9
R00031,2011,13,bahrain,5,Driver_5,Team_5,76.811,77.24331946784748,77.16595136200803,0.322,Soft,21.423,29.151,26.237,336.6
R00031,2011,13,bahrain,6,Driver_6,Team_6,77.347,77.74426694658104,77.90677993608666,1.884,Medium,21.667,29.353,26.327,326.5
R00031,2011,13,bahrain,7,Driver_7,Team_7,77.916,78.20876394173712,78.60025559605418,2.896,Medium,21.704,29.644,26.568,332.8
R00031,2011,13,bahrain,8,Driver_8,Team_8,78.212,78.38968010093318,78.58657082174189,3.116,Medium,21.992,29.84,26.38,351.8
R00031,2011,13,bahrain,9,Driver_9,Team_9,78.046,78.1811167029821,78.4814458977449,1.651,Soft,21.72,29.602,26.724,334.7
R00031,2011,13,bahrain,10,Driver_10,Team_10,78.687,78.86375409662836,79.20129991720759,4.168,Medium,22.042,29.827,26.818,306.2
R00032,2011,14,singapore,1,Max Verstappen,Red Bull Racing,75.555,75.8902188251761,76.3658174604503,0.0,Medium,21.31,28.701,25.544,301.0
R00032,2011,14,singapore,2,Driver_2,Team_2,75.808,76.13862601695925,76.52023583502695,0.208,Medium,21.189,28.862,25.757,318.9
R00032,2011,14,singapore,3,Driver_3,Team_3,76.528,76.8576619570321,77.27455354400018,1.18,Soft,21.29,28.943,26.295,306.6
R00032,2011,14,singapore,4,Driver_4,Team_4,77.551,77.78743811908143,78.19233081402278,0.698,Medium,21.602,29.247,26.702,321.7
R00032,2011,14,singapore,5,Driver_5,Team_5,77.244,77.47652433988803,77.78852497649585,0.329,Medium,21.51,29.539,26.195,311.2
R00032,2011,14,singapore,6,Driver_6,Team_6,77.024,77.27824029329415,77.96153622149903,1.208,Medium,21.696,29.257,26.071,333.9
R00032,2011,14,singapore,7,Driver_7,Team_7,77.343,77.78227813449908,78.09182318689523,2.812,Medium,21.558,29.337,26.448,307.3
R00032,2011,14,singapore,8,Driver_8,Team_8,77.985,78.37703414872941,78.62396850044811,3.933,Medium,21.739,29.426,26.82,363.1
R00032,2011,14,singapore,9,Driver_9,Team_9,78.564,78.81377472949654,79.319627603249,2.968,Soft,21.799,29.845,26.92,328.9
R00032,2011,14,singapore,10,Driver_10,Team_10,78.973,79.34785415469317,79.41681618198442,3.967,Medium,21.891,30.019,27.063,341.2
R00033,2011,15,bahrain,1,Max Verstappen,Red Bull Racing,75.892,76.27234368141822,76.22331491542923,0.0,Soft,21.367,28.675,25.85,280.6
R00033,2011,15,bahrain,2,Driver_2,Team_2,75.314,75.81174442034235,76.12044213632255,0.22,Medium,21.292,28.507,25.515,335.6
R00033,2011,15,bahrain,3,Driver_3,Team_3,76.175,76.62585028066219,76.67432324226994,0.383,Medium,21.332,28.983,25.86,328.5
R00033,2011,15,bahrain,4,Driver_4,Team_4,76.358,76.77653722699908,76.97702153894382,1.604,Medium,21.311,29.007,26.04,322.6
R00033,2011,15,bahrain,5,Driver_5,Team_5,77.265,77.44955737341948,77.83156072498291,1.756,Medium,21.525,29.236,26.504,306.8
R00033,2011,15,bahrain,6,Driver_6,Team_6,77.68,77.97576390894518,78.04173250014053,1.35,Medium,21.793,29.475,26.412,341.6
R00033,2011,15,bahrain,7,Driver_7,Team_7,77.619,77.8333313254493,78.4235492610277,1.895,Soft,21.857,29.48,26.282,337.3
R00033,2011,15,bahrain,8,Driver_8,Team_8,78.304,78.53674003763967,79.06611683741114,1.261,Medium,21.833,29.78,26.691,323.4
R00033,2011,15,bahrain,9,Driver_9,Team_9,78.617,79.01180762975008,79.39108815301255,0.652,Soft,22.185,29.943,26.489,330.0
R00033,2011,15,bahrain,10,Driver_10,Team_10,79.242,79.68011920881762,79.81130440557281,2.06,Medium,22.146,30.212,26.884,341.3
R00034,2011,16,bahrain,1,Max Verstappen,Red Bull Racing,75.422,75.71686105299356,76.03486778324978,0.0,Soft,21.201,28.65,25.571,338.1
R00034,2011,16,bahrain,2,Driver_2,Team_2,76.096,76.53108400879862,76.99539946377745,0.424,Soft,21.376,28.796,25.924,328.3
R00034,2011,16,bahrain,3,Driver_3,Team_3,76.012,76.19009970358826,76.60780082932482,1.039,Soft,21.249,28.978,25.785,317.5
R00034,2011,16,bahrain,4,Driver_4,Team_4,76.522,76.68120108942529,76.91845307180354,0.827,Soft,21.5,28.932,26.09,321.0
R00034,2011,16,bahrain,5,Driver_5,Team_5,76.912,77.05015858152318,77.7950416032118,0.752,Medium,21.702,29.122,26.088,335.1
R00034,2011,16,bahrain,6,Driver_6,Team_6,77.28,77.55904622314482,77.94023318049199,1.204,Soft,21.54,29.346,26.394,317.1
R00034,2011,16,bahrain,7,Driver_7,Team_7,77.977,78.21499222943869,78.87878761811868,3.348,Medium,21.915,29.536,26.526,356.7
R00034,2011,16,bahrain,8,Driver_8,Team_8,77.96,78.23513697979169,78.48891912320572,0.768,Medium,21.75,29.54,26.67,352.1
R00034,2011,16,bahrain,9,Driver_9,Team_9,78.934,79.11778536865467,79.67866401351287,4.369,Soft,22.126,30.111,26.697,326.0
R00034,2011,16,bahrain,10,Driver_10,Team_10,79.381,79.61481875509764,80.33619187998917,5.221,Medium,22.213,30.053,27.115,318.7
R00035,2011,17,brazil,1,Max Verstappen,Red Bull Racing,75.816,75.95337791083207,76.59077050301183,0.0,Intermediate,21.299,28.848,25.669,332.1
R00035,2011,17,brazil,2,Driver_2,Team_2,75.775,75.97296397141656,76.23327524449292,0.49,Intermediate,21.322,28.683,25.77,305.8
R00035,2011,17,brazil,3,Driver_3,Team_3,75.889,76.25219720907384,76.32309956472204,0.804,Intermediate,21.308,28.806,25.775,324.7
R00035,2011,17,brazil,4,Driver_4,Team_4,76.194,76.37780835814952,77.03289598545781,0.705,Intermediate,21.366,29.004,25.824,326.1
R00035,2011,17,brazil,5,Driver_5,Team_5,76.593,76.84461775904566,77.0388555497689,1.702,Intermediate,21.477,29.212,25.904,296.1
R00035,2011,17,brazil,6,Driver_6,Team_6,77.422,77.7630173904517,78.13039685256666,1.912,Intermediate,21.52,29.387,26.515,306.4
R00035,2011,17,brazil,7,Driver_7,Team_7,77.668,78.05737486485906,77.99733034788125,2.875,Intermediate,21.616,29.478,26.574,322.8
R00035,2011,17,brazil,8,Driver_8,Team_8,78.515,78.83869413296125,78.92008992966912,3.287,Intermediate,21.985,29.914,26.616,324.6
R00035,2011,17,brazil,9,Driver_9,Team_9,78.661,79.13686684006655,79.26905317775582,2.419,Intermediate,22.053,29.855,26.753,322.6
R00035,2011,17,brazil,10,Driver_10,Team_10,79.592,79.93847476020075,80.12804639459719,2.713,Intermediate,22.219,30.202,27.171,328.3
R00036,2011,18,abu_dhabi,1,Max Verstappen,Red Bull Racing,75.894,76.10253875520098,76.66260245710767,0.0,Medium,21.398,28.94,25.556,315.2
R00036,2011,18,abu_dhabi,2,Driver_2,Team_2,75.678,75.91874225714021,76.48802686310985,0.393,Medium,21.228,28.792,25.658,337.5
R00036,2011,18,abu_dhabi,3,Driver_3,Team_3,76.456,76.63956069946268,76.84818501807734,0.276,Medium,21.371,29.108,25.977,322.7
R00036,2011,18,abu_dhabi,4,Driver_4,Team_4,76.192,76.45862010344786,76.60871322331694,1.694,Medium,21.204,28.877,26.111,302.5
R00036,2011,18,abu_dhabi,5,Driver_5,Team_5,77.033,77.19313747273127,77.43390974338766,0.701,Soft,21.579,29.22,26.234,320.4
R00036,2011,18,abu_dhabi,6,Driver_6,Team_6,77.126,77.33205337062888,78.09106322226361,2.279,Medium,21.724,29.391,26.011,316.8
R00036,2011,18,abu_dhabi,7,Driver_7,Team_7,77.708,77.82097005716145,78.47474122325373,3.523,Medium,21.694,29.518,26.496,301.5
R00036,2011,18,abu_dhabi,8,Driver_8,Team_8,78.491,78.8386663035238,79.28130135625133,3.344,Soft,21.896,29.753,26.842,314.7
R00036,2011,18,abu_dhabi,9,Driver_9,Team_9,79.131,79.62628114367985,79.96846558061546,1.797,Soft,22.056,30.123,26.952,303.8
R00036,2011,18,abu_dhabi,10,Driver_10,Team_10,78.496,78.68794371398576,79.07809328037571,1.214,Medium,22.003,29.739,26.754,342.1
R00037,2012,1,bahrain,1,Lando Norris,McLaren,75.805,76.11967717454041,76.60842136486716,0.0,Soft,21.071,28.673,26.061,332.5
R00037,2012,1,bahrain,2,Driver_2,Team_2,75.987,76.27472566906165,76.46604689476844,0.344,Medium,21.198,28.805,25.984,316.5
R00037,2012,1,bahrain,3,Driver_3,Team_3,76.233,76.68633495903903,77.03467159624536,0.31,Soft,21.536,29.184,25.513,336.9
R00037,2012,1,bahrain,4,Driver_4,Team_4,76.795,77.16134599653907,77.69870594226502,0.602,Soft,21.671,29.176,25.948,299.5
R00037,2012,1,bahrain,5,Driver_5,Team_5,77.423,77.83842736171614,78.04230531651046,0.573,Soft,21.804,29.386,26.233,338.0
R00037,2012,1,bahrain,6,Driver_6,Team_6,77.782,77.89894070613562,78.46255538121125,2.733,Soft,21.757,29.592,26.433,305.5
R00037,2012,1,bahrain,7,Driver_7,Team_7,77.566,77.94617037633489,78.09588338170336,1.64,Soft,21.642,29.448,26.476,316.2
R00037,2012,1,bahrain,8,Driver_8,Team_8,77.936,78.27745111900411,78.81358254013894,2.49,Medium,21.801,29.582,26.553,331.3
R00037,2012,1,bahrain,9,Driver_9,Team_9,77.939,78.23241613264686,78.82508619221595,1.74,Soft,21.963,29.741,26.235,323.4
R00037,2012,1,bahrain,10,Driver_10,Team_10,78.693,78.99858475373813,79.46960221986684,4.153,Medium,21.983,29.929,26.781,334.6
R00038,2012,2,bahrain,1,Esteban Ocon,Alpine,75.571,75.84686260787892,75.91854539305402,0.0,Soft,21.17,28.64,25.761,329.3
R00038,2012,2,bahrain,2,Driver_2,Team_2,75.68,75.78244669571893,76.1978588209622,0.401,Medium,21.198,28.742,25.74,325.5
R00038,2012,2,bahrain,3,Driver_3,Team_3,76.639,76.85793693096802,77.07253510191987,0.695,Soft,21.479,29.218,25.942,335.0
R00038,2012,2,bahrain,4,Driver_4,Team_4,76.62,77.07760152497046,77.11539257817427,0.986,Soft,21.453,29.038,26.129,317.3
R00038,2012,2,bahrain,5,Driver_5,Team_5,76.972,77.1914600257678,77.4782239915332,1.149,Medium,21.587,29.436,25.949,338.6
R00038,2012,2,bahrain,6,Driver_6,Team_6,77.268,77.50311739389086,78.21172023240875,2.907,Medium,21.505,29.495,26.268,342.7
R00038,2012,2,bahrain,7,Driver_7,Team_7,77.881,78.00351566578618,78.75460437238857,0.824,Soft,21.679,29.623,26.579,308.5
R00038,2012,2,bahrain,8,Driver_8,Team_8,77.966,78.13615461890802,78.88061959539442,2.341,Medium,21.819,29.568,26.579,312.7
R00038,2012,2,bahrain,9,Driver_9,Team_9,78.423,78.52630172169553,79.27289339122765,2.481,Soft,22.173,29.932,26.318,324.7
R00038,2012,2,bahrain,10,Driver_10,Team_10,79.294,79.69317499470728,80.20858100344681,2.36,Soft,22.097,30.06,27.137,331.5
R00039,2012,3,bahrain,1,Lando Norris,McLaren,75.743,76.1953774052502,76.331520287319,0.0,Soft,21.269,28.785,25.689,320.7
R00039,2012,3,bahrain,2,Driver_2,Team_2,75.779,76.06838729554138,76.49625798135067,0.173,Soft,21.168,29.035,25.576,313.3
R00039,2012,3,bahrain,3,Driver_3,Team_3,76.352,76.4874725348424,77.16381496151844,1.144,Medium,21.44,28.907,26.005,334.7
R00039,2012,3,bahrain,4,Driver_4,Team_4,76.144,76.45609916397926,76.53065976681631,0.729,Soft,21.353,29.105,25.686,321.0
R00039,2012,3,bahrain,5,Driver_5,Team_5,76.946,77.07363269475795,77.62490637317264,1.803,Soft,21.635,29.405,25.906,330.5
R00039,2012,3,bahrain,6,Driver_6,Team_6,77.076,77.57555947402132,77.37664443763187,2.217,Medium,21.585,29.277,26.214,343.4
R00039,2012,3,bahrain,7,Driver_7,Team_7,77.528,77.7891416959586,78.45083642175642,2.267,Medium,21.653,29.324,26.551,322.9
R00039,2012,3,bahrain,8,Driver_8,Team_8,78.176,78.63848302143798,79.1544622640949,3.292,Soft,21.924,29.832,26.42,317.0
R00039,2012,3,bahrain,9,Driver_9,Team_9,78.407,78.7512193796803,78.86122397193223,4.767,Medium,22.014,29.828,26.565,323.3
R00039,2012,3,bahrain,10,Driver_10,Team_10,78.96,79.22154281251225,79.5539780641517,1.258,Medium,21.948,30.091,26.921,318.7
R00040,2012,4,bahrain,1,Esteban Ocon,Alpine,75.608,75.91603485885652,76.13037135658992,0.0,Soft,21.116,28.934,25.558,308.6
R00040,2012,4,bahrain,2,Driver_2,Team_2,75.955,76.17060452455253,76.25721439739687,0.323,Soft,21.3,29.004,25.651,338.3
R00040,2012,4,bahrain,3,Driver_3,Team_3,75.99,76.12819829912162,76.9260677985672,0.214,Soft,21.348,28.835,25.807,332.5
R00040,2012,4,bahrain,4,Driver_4,Team_4,76.439,76.91725199275191,77.41048311099182,1.409,Soft,21.515,28.952,25.972,323.2
R00040,2012,4,bahrain,5,Driver_5,Team_5,77.259,77.48839642719493,77.90762372525943,2.015,Medium,21.582,29.401,26.276,336.5
R00040,2012,4,bahrain,6,Driver_6,Team_6,76.827,77.30631738338872,77.64646162740655,0.889,Medium,21.498,29.189,26.14,317.0
R00040,2012,4,bahrain,7,Driver_7,Team_7,78.003,78.31658999322097,78.65714877904671,0.564,Soft,21.623,29.549,26.831,307.6
R00040,2012,4,bahrain,8,Driver_8,Team_8,77.945,78.28949457517103,78.58276152106416,3.586,Soft,21.612,29.602,26.731,288.6
R00040,2012,4,bahrain,9,Driver_9,Team_9,78.63,78.99952968694399,79.00734800325586,1.311,Medium,21.938,29.871,26.821,357.5
R00040,2012,4,bahrain,10,Driver_10,Team_10,79.128,79.56690894206093,79.6961996460661,1.224,Soft,22.099,29.947,27.082,336.5
R00041,2012,5,spain,1,Max Verstappen,Red Bull Racing,75.279,75.65060723972819,75.67272750209439,0.0,Soft,21.175,28.663,25.441,324.0
R00041,2012,5,spain,2,Driver_2,Team_2,75.835,76.18993177570319,76.67734005630516,0.305,Medium,21.244,28.67,25.921,315.7
R00041,2012,5,spain,3,Driver_3,Team_3,76.46,76.76909221007281,76.93429129529889,0.347,Soft,21.275,29.094,26.091,327.7
R00041,2012,5,spain,4,Driver_4,Team_4,76.612,77.0015245505797,77.5691137346962,0.527,Medium,21.603,29.108,25.901,322.8
R00041,2012,5,spain,5,Driver_5,Team_5,77.091,77.37692993596639,77.81137225606972,2.168,Soft,21.587,29.148,26.356,336.1
R00041,2012,5,spain,6,Driver_6,Team_6,76.984,77.36870140798683,77.64241921030688,1.01,Soft,21.475,29.428,26.081,338.5
R00041,2012,5,spain,7,Driver_7,Team_7,78.623,79.03052568108266,79.16515898418888,1.012,Soft,21.983,30.097,26.543,331.3
R00041,2012,5,spain,8,Driver_8,Team_8,78.461,78.63107976874852,78.81837945652777,2.049,Soft,21.976,29.744,26.741,316.9
R00041,2012,5,spain,9,Driver_9,Team_9,78.467,78.75257899632477,78.98514443364718,2.708,Soft,21.881,29.828,26.758,337.9
R00041,2012,5,spain,10,Driver_10,Team_10,78.634,78.84307146881082,79.60758283567051,1.048,Medium,21.872,29.765,26.997,317.4
R00042,2012,6,monaco,1,Esteban Ocon,Alpine,75.07,75.39160566984664,75.79094286040835,0.0,Intermediate,20.852,28.362,25.856,315.9
R00042,2012,6,monaco,2,Driver_2,Team_2,74.93,75.36103823375406,75.30686589012493,0.197,Intermediate,20.929,28.624,25.377,311.9
R00042,2012,6,monaco,3,Driver_3,Team_3,76.022,76.36991526097928,76.88073355785266,0.853,Intermediate,21.347,28.894,25.781,316.8
R00042,2012,6,monaco,4,Driver_4,Team_4,76.598,76.91128076819496,77.00568570624893,1.308,Intermediate,21.308,29.157,26.133,325.9
R00042,2012,6,monaco,5,Driver_5,Team_5,77.041,77.22323348680506,77.80425736560319,0.981,Intermediate,21.482,29.158,26.401,323.0
R00042,2012,6,monaco,6,Driver_6,Team_6,77.234,77.64301756970758,78.1846808426542,1.635,Intermediate,21.734,29.31,26.19,304.4
R00042,2012,6,monaco,7,Driver_7,Team_7,78.067,78.30740983726469,78.57387090903912,2.731,Intermediate,21.987,29.606,26.474,349.5
R00042,2012,6,monaco,8,Driver_8,Team_8,78.389,78.54450988352131,79.2703060537474,0.613,Intermediate,22.021,29.776,26.592,308.1
R00042,2012,6,monaco,9,Driver_9,Team_9,78.273,78.48197140476923,79.08685984028354,2.582,Intermediate,21.789,29.815,26.669,326.0
R00042,2012,6,monaco,10,Driver_10,Team_10,78.914,79.19196393356644,79.77363033099498,3.53,Intermediate,22.116,29.965,26.833,315.8
R00043,2012,7,canada,1,Esteban Ocon,Alpine,75.072,75.19359745166236,75.56656965639762,0.0,Soft,21.064,28.376,25.632,309.3
R00043,2012,7,canada,2,Driver_2,Team_2,76.059,76.51656662475825,76.5243964012995,0.134,Medium,21.3,29.021,25.738,315.4
R00043,2012,7,canada,3,Driver_3,Team_3,76.319,76.66911589247684,77.08743568742233,0.803,Medium,21.241,29.068,26.01,346.5
R00043,2012,7,canada,4,Driver_4,Team_4,76.236,76.55442236170988,77.05768335432353,1.364,Medium,21.336,28.916,25.984,283.0
R00043,2012,7,canada,5,Driver_5,Team_5,77.187,77.54498388803168,78.02396948152122,0.982,Medium,21.452,29.173,26.562,314.4
R00043,2012,7,canada,6,Driver_6,Team_6,77.516,77.95058095846494,78.30967266412908,2.503,Medium,21.665,29.552,26.299,312.3
R00043,2012,7,canada,7,Driver_7,Team_7,77.867,77.98756333624007,78.6391579945601,3.468,Soft,21.705,29.798,26.364,322.0
R00043,2012,7,canada,8,Driver_8,Team_8,78.445,78.7252041886056,79.03127134129254,3.087,Soft,22.085,29.754,26.606,328.5
R00043,2012,7,canada,9,Driver_9,Team_9,79.525,79.91668729534214,80.4382620647617,4.606,Soft,22.2,30.17,27.155,320.0
R00043,2012,7,canada,10,Driver_10,Team_10,79.643,79.99418428918956,80.03785841157998,2.549,Soft,22.375,30.386,26.882,320.7
R00044,2012,8,bahrain,1,Charles Leclerc,Ferrari,75.663,75.83337410507595,76.43255006102615,0.0,Medium,21.112,28.756,25.795,325.8
R00044,2012,8,bahrain,2,Driver_2,Team_2,75.88,76.2668204651828,76.53769730534832,0.403,Medium,21.291,28.851,25.738,335.3
R00044,2012,8,bahrain,3,Driver_3,Team_3,75.769,76.08628826251153,76.20718995486784,0.233,Medium,21.312,28.928,25.529,306.4
R00044,2012,8,bahrain,4,Driver_4,Team_4,76.654,76.88867034999885,76.97623527625464,1.056,Soft,21.331,29.063,26.26,317.5
R00044,2012,8,bahrain,5,Driver_5,Team_5,77.248,77.52739860824224,77.80851753007165,0.986,Medium,21.63,29.345,26.273,320.3
R00044,2012,8,bahrain,6,Driver_6,Team_6,77.237,77.71830082794868,77.85906943525929,0.806,Soft,21.654,29.408,26.175,324.4
R00044,2012,8,bahrain,7,Driver_7,Team_7,77.69,77.93843156863448,78.64568699069488,3.157,Soft,21.655,29.492,26.543,286.9
R00044,2012,8,bahrain,8,Driver_8,Team_8,78.073,78.4567875081229,78.83296540306317,1.503,Medium,21.739,29.687,26.647,311.8
R00044,2012,8,bahrain,9,Driver_9,Team_9,78.118,78.55681057859101,78.93520872859244,1.988,Medium,21.846,29.607,26.665,346.0
R00044,2012,8,bahrain,10,Driver_10,Team_10,78.955,79.29851228777657,79.68201838625198,4.449,Medium,21.956,29.994,27.005,325.7
R00046,2012,10,bahrain,1,Charles Leclerc,Ferrari,75.356,75.51639051832454,76.22414374650698,0.0,Soft,21.123,28.586,25.647,323.3
R00046,2012,10,bahrain,2,Driver_2,Team_2,75.918,76.06066316710053,76.67576307894753,0.146,Medium,21.218,28.843,25.857,318.3
R00046,2012,10,bahrain,3,Driver_3,Team_3,76.452,76.94128891772269,77.44472293789536,0.524,Soft,21.455,29.178,25.819,318.8
R00046,2012,10,bahrain,4,Driver_4,Team_4,76.401,76.6799631832841,76.82285298334601,1.37,Soft,21.309,29.074,26.018,318.6
R00046,2012,10,bahrain,5,Driver_5,Team_5,76.927,77.4147383702525,77.57852419227966,1.822,Soft,21.733,29.131,26.063,363.4
R00046,2012,10,bahrain,6,Driver_6,Team_6,78.067,78.5225905122457,78.82765692306891,1.708,Soft,21.868,29.661,26.538,313.5
R00046,2012,10,bahrain,7,Driver_7,Team_7,77.943,78.27584554416916,78.39374750340761,1.999,Medium,21.796,29.516,26.631,329.0
R00046,2012,10,bahrain,8,Driver_8,Team_8,77.994,78.34833503099414,78.78386291919337,3.598,Soft,21.868,29.684,26.442,324.0
R00046,2012,10,bahrain,9,Driver_9,Team_9,78.666,79.05173164210201,79.55862406247114,1.314,Medium,22.097,29.875,26.694,323.3
R00046,2012,10,bahrain,10,Driver_10,Team_10,79.033,79.30726417261215,79.67181786653411,4.286,Soft,22.309,30.099,26.625,313.5
R00047,2012,11,hungary,1,Charles Leclerc,Ferrari,75.593,76.00461026613594,76.2077515094212,0.0,Soft,21.465,28.718,25.41,340.8
R00047,2012,11,hungary,2,Driver_2,Team_2,75.346,75.73051755573819,75.75324387338972,0.508,Medium,21.117,28.797,25.432,325.2
R00047,2012,11,hungary,3,Driver_3,Team_3,76.47,76.93746412022561,76.8586576771112,0.579,Medium,21.393,28.994,26.083,324.1
R00047,2012,11,hungary,4,Driver_4,Team_4,76.952,77.20688676171757,77.39224905451263,0.944,Soft,21.573,29.135,26.244,329.8
R00047,2012,11,hungary,5,Driver_5,Team_5,77.178,77.58534038682183,78.04526608047715,1.342,Soft,21.61,29.526,26.042,318.1
R00047,2012,11,hungary,6,Driver_6,Team_6,77.623,78.0344249606531,78.14076887965592,2.736,Medium,21.649,29.508,26.466,326.3
R00047,2012,11,hungary,7,Driver_7,Team_7,77.772,78.05089259173819,78.21318122170685,1.735,Medium,21.728,29.453,26.591,342.7
R00047,2012,11,hungary,8,Driver_8,Team_8,78.523,78.91977639047276,78.97728861257976,1.476,Medium,22.074,29.734,26.715,329.0
R00047,2012,11,hungary,9,Driver_9,Team_9,78.946,79.2778797322471,79.44783669314837,3.198,Soft,22.068,30.247,26.631,347.7
R00047,2012,11,hungary,10,Driver_10,Team_10,79.211,79.60571064950169,79.78627250404223,3.353,Soft,22.201,29.896,27.114,310.0
R00048,2012,12,bahrain,1,Lando Norris,McLaren,75.291,75.65054064094018,75.91814854750808,0.0,Soft,21.167,28.443,25.681,327.0
R00048,2012,12,bahrain,2,Driver_2,Team_2,76.286,76.53867036253281,77.26303180185806,0.204,Medium,21.321,28.872,26.093,348.2
R00048,2012,12,bahrain,3,Driver_3,Team_3,76.365,76.61017411550394,77.2880490747806,1.179,Soft,21.481,29.153,25.731,303.0
R00048,2012,12,bahrain,4,Driver_4,Team_4,76.239,76.42606528572901,76.9058482355897,1.446,Medium,21.403,28.819,26.017,312.1
R00048,2012,12,bahrain,5,Driver_5,Team_5,77.045,77.17728274145563,77.35544857606357,1.46,Medium,21.781,29.215,26.049,337.1
R00048,2012,12,bahrain,6,Driver_6,Team_6,77.333,77.59721159336091,77.84066638958782,1.094,Soft,21.677,29.469,26.187,322.1
R00048,2012,12,bahrain,7,Driver_7,Team_7,77.565,77.75488610297872,78.03240852920422,2.475,Medium,21.738,29.351,26.476,302.4
R00048,2012,12,bahrain,8,Driver_8,Team_8,77.621,77.90754381136722,78.09130598038331,1.248,Soft,21.493,29.353,26.775,341.6
R00048,2012,12,bahrain,9,Driver_9,Team_9,78.911,79.02565515063961,79.3504458021798,2.811,Soft,22.142,30.174,26.595,352.6
R00048,2012,12,bahrain,10,Driver_10,Team_10,78.864,79.23794982797128,79.41953409593596,4.833,Soft,22.091,30.032,26.741,306.0
R00049,2012,13,bahrain,1,Lando Norris,McLaren,75.548,75.79879392527523,75.95367222609487,0.0,Medium,20.932,28.968,25.648,303.8
R00049,2012,13,bahrain,2,Driver_2,Team_2,75.442,75.61690700981693,75.94788867198513,0.339,Medium,21.191,28.758,25.493,336.0
R00049,2012,13,bahrain,3,Driver_3,Team_3,76.319,76.79500638279741,76.74490262517716,1.082,Soft,21.361,28.955,26.003,318.6
R00049,2012,13,bahrain,4,Driver_4,Team_4,76.391,76.78132811710863,76.82807984530896,0.811,Medium,21.239,28.858,26.294,336.8
R00049,2012,13,bahrain,5,Driver_5,Team_5,77.074,77.5195024883475,77.65038590056808,0.766,Soft,21.658,29.126,26.29,321.7
R00049,2012,13,bahrain,6,Driver_6,Team_6,77.11,77.26538576255577,77.75220767311029,1.636,Medium,21.771,29.361,25.978,328.0
R00049,2012,13,bahrain,7,Driver_7,Team_7,78.317,78.48657414332295,79.03544699906814,1.4,Soft,21.854,29.802,26.661,334.3
R00049,2012,13,bahrain,8,Driver_8,Team_8,78.179,78.62915161213485,78.8115187316787,3.628,Medium,21.927,29.553,26.699,326.9
R00049,2012,13,bahrain,9,Driver_9,Team_9,78.47,78.83082330453865,78.96790926344214,3.311,Soft,22.035,29.758,26.677,313.0
R00049,2012,13,bahrain,10,Driver_10,Team_10,78.463,78.59799618533994,78.88749654658166,5.371,Medium,21.885,29.84,26.738,345.6
R00050,2012,14,singapore,1,Max Verstappen,Red Bull Racing,75.399,75.50878858995097,76.26966161266694,0.0,Medium,20.894,28.785,25.72,329.0
R00050,2012,14,singapore,2,Driver_2,Team_2,75.693,76.18961746522575,76.58948829839359,0.216,Soft,21.229,28.834,25.63,297.3
R00050,2012,14,singapore,3,Driver_3,Team_3,76.307,76.63033667377947,77.0999493850814,0.34,Soft,21.377,28.964,25.966,343.8
R00050,2012,14,singapore,4,Driver_4,Team_4,77.006,77.38396427152503,77.98115682908606,0.359,Soft,21.725,29.248,26.033,327.1
R00050,2012,14,singapore,5,Driver_5,Team_5,77.299,77.66177027962303,77.90822810970039,1.267,Medium,21.678,29.585,26.036,313.0
R00050,2012,14,singapore,6,Driver_6,Team_6,77.462,77.69373591648737,78.13866616279724,0.73,Soft,21.588,29.427,26.447,340.4
R00050,2012,14,singapore,7,Driver_7,Team_7,78.051,78.31987680139676,78.80769122514373,2.537,Medium,21.796,29.714,26.541,298.6
R00050,2012,14,singapore,8,Driver_8,Team_8,78.317,78.79717732868433,79.04429013035632,2.395,Medium,22.043,29.857,26.417,315.9
R00050,2012,14,singapore,9,Driver_9,Team_9,78.796,79.08769102113135,79.53086620206737,4.536,Soft,21.917,29.902,26.977,314.4
R00050,2012,14,singapore,10,Driver_10,Team_10,78.6,79.03832978457437,78.94605886985147,2.752,Medium,21.853,29.922,26.825,315.3
R00051,2012,15,bahrain,1,Max Verstappen,Red Bull Racing,75.691,75.81303272456616,76.67899741122486,0.0,Soft,21.032,28.666,25.993,351.9
R00051,2012,15,bahrain,2,Driver_2,Team_2,75.585,76.0423811362754,75.9610492780447,0.254,Medium,21.206,28.656,25.723,315.0
R00051,2012,15,bahrain,3,Driver_3,Team_3,76.054,76.33320592693919,76.40532580710864,0.596,Medium,21.259,28.826,25.969,318.3
R00051,2012,15,bahrain,4,Driver_4,Team_4,76.62,76.91220022557859,77.20896290276634,0.597,Soft,21.306,29.135,26.179,308.5
R00051,2012,15,bahrain,5,Driver_5,Team_5,76.755,77.00701797985622,77.43035816619242,1.704,Soft,21.403,29.304,26.048,300.9
R00051,2012,15,bahrain,6,Driver_6,Team_6,77.278,77.76321530346326,77.67609239787,0.861,Medium,21.484,29.404,26.39,329.9
R00051,2012,15,bahrain,7,Driver_7,Team_7,77.687,78.14475797684918,78.04438024803629,3.514,Soft,21.773,29.407,26.507,334.4
R00051,2012,15,bahrain,8,Driver_8,Team_8,78.305,78.61829351811247,79.13663328396551,3.425,Soft,21.962,29.991,26.352,325.1
R00051,2012,15,bahrain,9,Driver_9,Team_9,78.684,78.96836213491657,79.56551134565211,3.414,Medium,22.029,29.943,26.712,314.4
R00051,2012,15,bahrain,10,Driver_10,Team_10,79.018,79.3486712404657,79.58294947517197,1.447,Soft,22.134,30.016,26.868,325.8
R00052,2012,16,bahrain,1,Lando Norris,McLaren,75.085,75.3216902042227,75.59750246472319,0.0,Soft,21.056,28.526,25.503,314.8
R00052,2012,16,bahrain,2,Driver_2,Team_2,76.177,76.50649156532758,76.61500408177463,0.168,Soft,21.236,28.844,26.097,323.5
R00052,2012,16,bahrain,3,Driver_3,Team_3,76.026,76.52011072256518,76.88081104793017,0.65,Soft,21.264,29.027,25.735,344.9
R00052,2012,16,bahrain,4,Driver_4,Team_4,77.077,77.24177888491428,77.98328764518763,1.127,Soft,21.769,29.342,25.966,327.3
R00052,2012,16,bahrain,5,Driver_5,Team_5,76.721,77.07873211301738,77.43803584234936,1.204,Medium,21.565,29.302,25.854,308.4
R00052,2012,16,bahrain,6,Driver_6,Team_6,77.37,77.7241814888213,77.93859788531017,2.862,Soft,21.408,29.371,26.591,338.6
R00052,2012,16,bahrain,7,Driver_7,Team_7,78.161,78.53869977348783,79.01881248336153,3.436,Medium,21.87,29.706,26.585,308.7
R00052,2012,16,bahrain,8,Driver_8,Team_8,78.347,78.73887390450516,78.8286815638138,2.828,Medium,22.034,29.806,26.507,320.4
R00052,2012,16,bahrain,9,Driver_9,Team_9,78.657,78.91920261219177,79.4757154179038,4.171,Medium,22.12,29.999,26.538,310.8
R00052,2012,16,bahrain,10,Driver_10,Team_10,78.832,79.3150484487697,79.30358203154145,1.417,Soft,21.828,29.934,27.07,325.9
R00053,2012,17,brazil,1,Charles Leclerc,Ferrari,74.839,74.98190285176375,75.19715942367736,0.0,Soft,20.823,28.525,25.491,341.5
R00053,2012,17,brazil,2,Driver_2,Team_2,76.527,76.84095415056589,77.15056569034452,0.362,Soft,21.32,28.953,26.254,366.0
R00053,2012,17,brazil,3,Driver_3,Team_3,76.845,76.96850797926477,77.77248793240541,0.456,Medium,21.396,29.209,26.24,302.5
R00053,2012,17,brazil,4,Driver_4,Team_4,76.6,77.04078831173717,77.38027739241038,1.414,Medium,21.461,28.951,26.188,347.9
R00053,2012,17,brazil,5,Driver_5,Team_5,76.644,77.11156403115149,77.05611572905829,1.863,Medium,21.462,28.972,26.21,312.0
R00053,2012,17,brazil,6,Driver_6,Team_6,77.791,78.05528678926414,78.22287491103668,0.42,Soft,21.932,29.568,26.291,326.4
R00053,2012,17,brazil,7,Driver_7,Team_7,77.536,77.9962727174756,78.23415789704602,2.198,Soft,21.727,29.243,26.566,341.0
R00053,2012,17,brazil,8,Driver_8,Team_8,78.608,78.91140519019861,79.49996796461515,4.147,Medium,21.994,29.83,26.784,337.2
R00053,2012,17,brazil,9,Driver_9,Team_9,78.681,79.0687181748901,79.37239255901133,2.218,Soft,21.958,29.985,26.738,321.7
R00053,2012,17,brazil,10,Driver_10,Team_10,79.653,79.89605982574045,80.56640683743994,4.616,Medium,22.181,30.42,27.052,334.4
R00054,2012,18,abu_dhabi,1,Lando Norris,McLaren,75.397,75.72856056721162,76.26076405796155,0.0,Medium,21.03,28.578,25.789,337.1
R00054,2012,18,abu_dhabi,2,Driver_2,Team_2,76.411,76.88381356376152,76.98931070615066,0.359,Soft,21.305,29.019,26.087,358.3
R00054,2012,18,abu_dhabi,3,Driver_3,Team_3,76.038,76.50770090429032,76.44466407446461,0.346,Medium,21.275,29.041,25.722,315.3
R00054,2012,18,abu_dhabi,4,Driver_4,Team_4,76.172,76.5108505552059,76.51182556898608,1.735,Soft,21.235,29.025,25.912,313.7
R00054,2012,18,abu_dhabi,5,Driver_5,Team_5,77.289,77.71006985815538,77.79934901657845,2.362,Medium,21.549,29.431,26.309,321.7
R00054,2012,18,abu_dhabi,6,Driver_6,Team_6,77.522,77.81252522239556,78.22408261741617,1.089,Soft,21.841,29.527,26.154,329.1
R00054,2012,18,abu_dhabi,7,Driver_7,Team_7,77.858,78.0294627641225,78.61109042803197,2.975,Medium,21.556,29.548,26.754,330.4
R00054,2012,18,abu_dhabi,8,Driver_8,Team_8,78.314,78.71243551144795,78.73679464854858,2.192,Soft,22.135,29.931,26.248,328.5
R00054,2012,18,abu_dhabi,9,Driver_9,Team_9,78.824,79.13427505007245,79.54567909478267,1.507,Medium,21.972,29.951,26.901,335.2
R00054,2012,18,abu_dhabi,10,Driver_10,Team_10,78.852,79.12615146272017,79.34894098444533,1.346,Soft,22.129,30.042,26.681,344.6
R00055,2013,1,bahrain,1,Max Verstappen,Red Bull Racing,75.182,75.64133274629573,75.86012462640952,0.0,Soft,21.1,28.526,25.556,328.9
R00055,2013,1,bahrain,2,Driver_2,Team_2,76.093,76.28078133304234,76.45261204285059,0.478,Medium,21.435,28.856,25.802,330.1
R00055,2013,1,bahrain,3,Driver_3,Team_3,76.732,77.19020759803301,77.26263898689504,0.43,Soft,21.558,29.09,26.084,344.2
R00055,2013,1,bahrain,4,Driver_4,Team_4,77.302,77.74938365983998,77.93835522943688,1.552,Soft,21.678,29.301,26.323,344.6
R00055,2013,1,bahrain,5,Driver_5,Team_5,76.963,77.12218570815521,77.36541782207176,0.97,Medium,21.403,29.332,26.228,346.0
R00055,2013,1,bahrain,6,Driver_6,Team_6,76.95,77.07143295167509,77.84188655399142,2.553,Soft,21.608,29.222,26.12,304.6
R00055,2013,1,bahrain,7,Driver_7,Team_7,77.83,78.01877852371571,78.78278911183082,0.612,Soft,21.736,29.613,26.481,329.3
R00055,2013,1,bahrain,8,Driver_8,Team_8,77.965,78.44635453247376,78.62784295592058,0.671,Medium,21.905,29.537,26.523,323.0
R00055,2013,1,bahrain,9,Driver_9,Team_9,78.886,79.22287108115707,79.35179633050757,2.904,Medium,22.11,29.771,27.005,368.3
R00055,2013,1,bahrain,10,Driver_10,Team_10,78.332,78.57663775740745,78.98551260037098,4.206,Medium,22.155,29.695,26.482,317.1
R00056,2013,2,bahrain,1,Max Verstappen,Red Bull Racing,75.249,75.672879986472,76.10617570510593,0.0,Medium,21.186,28.499,25.564,313.1
R00056,2013,2,bahrain,2,Driver_2,Team_2,76.384,76.6879166917255,76.8293418865071,0.395,Medium,21.463,28.926,25.995,291.9
R00056,2013,2,bahrain,3,Driver_3,Team_3,76.568,77.06520373761546,77.32209225947533,0.98,Soft,21.339,29.021,26.208,339.6
R00056,2013,2,bahrain,4,Driver_4,Team_4,77.024,77.51703151191589,77.76032724249158,0.259,Medium,21.632,29.305,26.087,326.9
R00056,2013,2,bahrain,5,Driver_5,Team_5,77.073,77.27895042194133,77.55673909332393,0.895,Soft,21.635,29.236,26.202,329.4
R00056,2013,2,bahrain,6,Driver_6,Team_6,77.253,77.35554660074052,78.21154427238591,0.614,Soft,21.652,29.296,26.305,314.1
R00056,2013,2,bahrain,7,Driver_7,Team_7,77.774,78.1373497630996,78.0896165889945,2.076,Soft,21.592,29.436,26.746,335.4
R00056,2013,2,bahrain,8,Driver_8,Team_8,78.058,78.52174375856633,78.8073636581249,2.781,Soft,21.939,29.565,26.554,326.7
R00056,2013,2,bahrain,9,Driver_9,Team_9,78.504,78.63426770193738,79.15818360893415,3.079,Soft,21.988,29.858,26.658,334.8
R00056,2013,2,bahrain,10,Driver_10,Team_10,79.215,79.35563129541498,79.54776952413766,1.545,Soft,22.127,30.213,26.875,318.7
R00057,2013,3,bahrain,1,Max Verstappen,Red Bull Racing,75.432,75.7261631663846,76.28456376968562,0.0,Medium,21.169,28.712,25.551,316.7
R00057,2013,3,bahrain,2,Driver_2,Team_2,75.153,75.60661554048171,75.79594504616517,0.223,Soft,21.166,28.454,25.533,342.2
R00057,2013,3,bahrain,3,Driver_3,Team_3,75.635,76.0373311584349,76.55675824673425,0.902,Medium,21.211,28.807,25.617,326.6
R00057,2013,3,bahrain,4,Driver_4,Team_4,76.258,76.6493486967418,77.00512978581278,1.691,Medium,21.422,29.148,25.688,325.7
R00057,2013,3,bahrain,5,Driver_5,Team_5,76.617,76.80812082270961,76.98882795125385,1.871,Soft,21.438,28.962,26.217,322.4
R00057,2013,3,bahrain,6,Driver_6,Team_6,77.368,77.67511082339632,77.94885939677106,2.128,Soft,21.712,29.369,26.287,311.7
R00057,2013,3,bahrain,7,Driver_7,Team_7,77.952,78.22931033616709,78.547507101702,1.442,Soft,21.784,29.723,26.445,310.6
R00057,2013,3,bahrain,8,Driver_8,Team_8,78.609,79.03561558073656,79.3583401310157,3.122,Medium,22.023,29.682,26.904,329.4
R00057,2013,3,bahrain,9,Driver_9,Team_9,78.891,79.32444036360855,79.78346948543246,2.184,Medium,22.145,29.873,26.873,319.8
R00057,2013,3,bahrain,10,Driver_10,Team_10,78.904,79.10388702092396,79.53257030873927,2.75,Medium,22.171,30.027,26.706,327.8
R00058,2013,4,bahrain,1,Max Verstappen,Red Bull Racing,75.373,75.78123642904536,75.8214392823677,0.0,Medium,20.904,28.468,26.001,334.9
R00058,2013,4,bahrain,2,Driver_2,Team_2,75.781,75.93874581724663,76.48905227430394,0.186,Soft,21.266,28.881,25.634,323.7
R00058,2013,4,bahrain,3,Driver_3,Team_3,76.135,76.4791315085601,77.08723021317786,0.178,Medium,21.422,28.774,25.939,307.7
R00058,2013,4,bahrain,4,Driver_4,Team_4,76.606,76.93342038385586,77.29169496222875,0.342,Soft,21.488,29.04,26.078,334.3
R00058,2013,4,bahrain,5,Driver_5,Team_5,77.149,77.43356774923656,77.73838194793998,1.715,Medium,21.654,29.372,26.123,325.9
R00058,2013,4,bahrain,6,Driver_6,Team_6,77.349,77.64466611981821,78.32077553507918,1.624,Soft,21.741,29.314,26.294,330.8
R00058,2013,4,bahrain,7,Driver_7,Team_7,77.799,78.0846464449941,78.52346039656317,3.264,Medium,21.794,29.539,26.466,327.4
R00058,2013,4,bahrain,8,Driver_8,Team_8,78.134,78.51237685456238,78.47627994194987,3.232,Soft,21.797,29.761,26.576,319.8
R00058,2013,4,bahrain,9,Driver_9,Team_9,78.911,79.1519243973493,79.67619362165418,4.354,Medium,22.039,30.289,26.583,322.1
R00058,2013,4,bahrain,10,Driver_10,Team_10,78.632,79.12239918458376,79.32510754441,2.815,Medium,22.001,30.055,26.576,284.0
R00060,2013,6,monaco,1,Max Verstappen,Red Bull Racing,75.115,75.57419376677439,75.44713403931215,0.0,Soft,20.984,28.566,25.565,313.4
R00060,2013,6,monaco,2,Driver_2,Team_2,75.665,75.77293292276869,76.38097196122102,0.303,Medium,21.191,28.731,25.743,317.8
R00060,2013,6,monaco,3,Driver_3,Team_3,76.563,76.83020136627367,77.50853276187812,0.228,Soft,21.524,28.978,26.061,329.0
R00060,2013,6,monaco,4,Driver_4,Team_4,76.262,76.65626787785837,76.96536364209739,0.647,Soft,21.367,28.823,26.072,320.6
R00060,2013,6,monaco,5,Driver_5,Team_5,77.227,77.72144272049634,78.18559589908118,1.689,Soft,21.629,29.317,26.281,316.6
R00060,2013,6,monaco,6,Driver_6,Team_6,77.382,77.84327604966843,77.89931484790138,1.519,Medium,21.641,29.505,26.236,336.2
R00060,2013,6,monaco,7,Driver_7,Team_7,77.565,77.8225807668831,78.02761987686713,2.669,Medium,21.818,29.491,26.256,330.1
R00060,2013,6,monaco,8,Driver_8,Team_8,77.826,77.95510612083024,78.14975605922785,2.31,Medium,21.86,29.364,26.602,325.4
R00060,2013,6,monaco,9,Driver_9,Team_9,78.557,79.04352584426061,79.22955773216437,4.769,Soft,22.001,29.955,26.601,327.3
R00060,2013,6,monaco,10,Driver_10,Team_10,79.089,79.42450493146107,80.06267235551609,3.457,Medium,22.078,29.948,27.063,312.5
R00061,2013,7,canada,1,Max Verstappen,Red Bull Racing,75.265,75.64345030627628,75.78972039712131,0.0,Medium,21.208,28.572,25.485,326.5
R00061,2013,7,canada,2,Driver_2,Team_2,76.201,76.59737883540205,76.83279028243183,0.13,Soft,21.488,28.789,25.924,320.8
R00061,2013,7,canada,3,Driver_3,Team_3,76.434,76.66426995658043,77.22216681630297,0.297,Medium,21.377,28.998,26.059,340.0
R00061,2013,7,canada,4,Driver_4,Team_4,76.651,77.11879314498282,77.10834754403419,1.304,Soft,21.438,29.193,26.02,308.5
R00061,2013,7,canada,5,Driver_5,Team_5,77.313,77.75260448950405,78.20726665426324,0.597,Medium,21.783,29.336,26.194,349.2
R00061,2013,7,canada,6,Driver_6,Team_6,77.098,77.47590854673294,77.50024238273687,1.007,Medium,21.624,29.303,26.171,306.7
R00061,2013,7,canada,7,Driver_7,Team_7,77.92,78.27049077543082,78.25357044825617,2.58,Medium,21.913,29.522,26.485,301.7
R00061,2013,7,canada,8,Driver_8,Team_8,78.226,78.479659284733,78.87327426696696,1.54,Medium,21.894,29.717,26.615,307.1
R00061,2013,7,canada,9,Driver_9,Team_9,78.661,78.83248854137017,79.35718278888648,1.985,Medium,22.076,29.889,26.696,312.7
R00061,2013,7,canada,10,Driver_10,Team_10,79.591,80.03437498475864,80.30264833674175,3.903,Soft,22.214,30.375,27.002,341.0
R00062,2013,8,bahrain,1,Max Verstappen,Red Bull Racing,75.606,75.91611279760633,76.59875429545001,0.0,Medium,21.227,28.753,25.626,295.5
R00062,2013,8,bahrain,2,Driver_2,Team_2,76.237,76.4489797361124,76.57257424314,0.336,Medium,21.46,29.016,25.761,329.5
R00062,2013,8,bahrain,3,Driver_3,Team_3,75.934,76.05656892990015,76.23924162769707,0.607,Soft,21.347,28.648,25.939,335.7
R00062,2013,8,bahrain,4,Driver_4,Team_4,76.219,76.43722277743092,76.63872698540195,1.377,Medium,21.341,28.997,25.881,330.2
R00062,2013,8,bahrain,5,Driver_5,Team_5,76.981,77.29822242215897,77.71411927973229,0.615,Medium,21.533,29.387,26.061,329.7
R00062,2013,8,bahrain,6,Driver_6,Team_6,77.048,77.50428001142973,77.43816864670072,2.967,Medium,21.775,29.433,25.84,346.4
R00062,2013,8,bahrain,7,Driver_7,Team_7,77.527,77.86152713787538,78.51476481661206,1.144,Soft,21.686,29.481,26.36,345.5
R00062,2013,8,bahrain,8,Driver_8,Team_8,77.795,78.20777172215267,78.66231123395451,1.37,Medium,21.723,29.451,26.621,304.1
R00062,2013,8,bahrain,9,Driver_9,Team_9,78.773,78.93696064599624,79.3129302463188,4.641,Medium,21.946,29.999,26.828,292.5
R00062,2013,8,bahrain,10,Driver_10,Team_10,78.965,79.35996088981084,79.81415541390355,4.501,Medium,22.106,29.766,27.093,312.4
R00063,2013,9,bahrain,1,Max Verstappen,Red Bull Racing,75.42,75.73657681276437,76.18269402190833,0.0,Soft,21.205,28.824,25.391,325.0
R00063,2013,9,bahrain,2,Driver_2,Team_2,75.692,75.88040715182616,76.39293425758966,0.572,Medium,21.051,28.873,25.768,328.8
R00063,2013,9,bahrain,3,Driver_3,Team_3,75.859,76.19404304787093,76.58018505072229,1.045,Medium,21.203,28.852,25.804,326.1
R00063,2013,9,bahrain,4,Driver_4,Team_4,76.522,76.84814399657883,77.46988492109008,1.282,Medium,21.59,28.962,25.97,323.1
R00063,2013,9,bahrain,5,Driver_5,Team_5,76.935,77.2508276956239,77.64739924579621,1.722,Soft,21.53,29.252,26.153,351.1
R00063,2013,9,bahrain,6,Driver_6,Team_6,77.577,77.96725577519805,78.22048782549781,2.39,Soft,21.73,29.398,26.449,347.5
R00063,2013,9,bahrain,7,Driver_7,Team_7,77.81,77.91405753486644,78.26107719417874,0.766,Soft,21.846,29.509,26.455,352.2
R00063,2013,9,bahrain,8,Driver_8,Team_8,78.053,78.30923091421903,78.85259292623262,3.137,Medium,21.961,29.715,26.377,313.8
R00063,2013,9,bahrain,9,Driver_9,Team_9,78.003,78.42308901345189,78.53241079171082,3.555,Soft,21.789,29.57,26.644,323.8
R00063,2013,9,bahrain,10,Driver_10,Team_10,78.965,79.44388765044071,79.78798094463711,1.605,Soft,22.231,30.011,26.723,315.2
R00064,2013,10,bahrain,1,Max Verstappen,Red Bull Racing,75.464,75.88734889295391,76.45605787124033,0.0,Soft,21.098,28.655,25.711,360.2
R00064,2013,10,bahrain,2,Driver_2,Team_2,75.656,76.13518930123182,76.12657088179456,0.271,Soft,21.358,28.746,25.552,362.1
R00064,2013,10,bahrain,3,Driver_3,Team_3,75.989,76.24281559119545,76.73626246403519,0.336,Medium,21.232,28.635,26.122,306.2
R00064,2013,10,bahrain,4,Driver_4,Team_4,76.23,76.69626370889752,76.85965990080072,0.341,Medium,21.299,29.03,25.901,319.8
R00064,2013,10,bahrain,5,Driver_5,Team_5,76.514,76.74968456707319,77.00066109618872,1.966,Medium,21.303,29.129,26.082,335.6
R00064,2013,10,bahrain,6,Driver_6,Team_6,77.515,77.98322792443864,78.07662433616187,0.95,Soft,21.741,29.228,26.546,336.0
R00064,2013,10,bahrain,7,Driver_7,Team_7,77.473,77.94145689302242,78.07004054397495,3.239,Medium,21.735,29.43,26.308,337.4
R00064,2013,10,bahrain,8,Driver_8,Team_8,78.178,78.44286195891773,78.80766605642172,3.019,Soft,21.981,29.796,26.401,321.1
R00064,2013,10,bahrain,9,Driver_9,Team_9,78.794,79.28706023853766,79.47953756164411,2.478,Medium,21.973,30.046,26.775,338.5
R00064,2013,10,bahrain,10,Driver_10,Team_10,78.974,79.13124373032396,79.65358057916504,1.184,Soft,22.33,29.965,26.679,314.3
R00065,2013,11,hungary,1,Max Verstappen,Red Bull Racing,75.522,75.63291248076335,76.19460587056928,0.0,Intermediate,21.214,28.651,25.657,332.3
R00065,2013,11,hungary,2,Driver_2,Team_2,75.629,75.80803170591851,76.50218721453378,0.143,Intermediate,21.255,28.844,25.53,302.7
R00065,2013,11,hungary,3,Driver_3,Team_3,76.404,76.78066305777003,77.32613886850338,1.101,Intermediate,21.398,29.106,25.9,336.3
R00065,2013,11,hungary,4,Driver_4,Team_4,76.891,77.10994271242143,77.7078490929822,0.389,Intermediate,21.415,29.382,26.094,311.8
R00065,2013,11,hungary,5,Driver_5,Team_5,77.299,77.57753690836036,78.00527030455352,0.669,Intermediate,21.575,29.477,26.247,345.8
R00065,2013,11,hungary,6,Driver_6,Team_6,77.532,77.6490833437178,77.89184219487824,2.35,Intermediate,21.664,29.379,26.489,307.3
R00065,2013,11,hungary,7,Driver_7,Team_7,77.554,78.03811614065829,78.17960965947172,3.517,Intermediate,21.619,29.527,26.408,343.6
R00065,2013,11,hungary,8,Driver_8,Team_8,77.857,78.23950613952766,78.35009902615508,1.13,Intermediate,21.875,29.387,26.595,329.4
R00065,2013,11,hungary,9,Driver_9,Team_9,78.273,78.41661594839059,78.69553767587098,2.513,Intermediate,22.035,29.86,26.378,321.2
R00065,2013,11,hungary,10,Driver_10,Team_10,78.831,79.2676226718129,79.48850652685758,3.392,Intermediate,22.213,30.028,26.59,321.3
R00066,2013,12,bahrain,1,Max Verstappen,Red Bull Racing,75.525,75.83181676999281,76.28547215021307,0.0,Soft,21.085,28.622,25.818,341.4
R00066,2013,12,bahrain,2,Driver_2,Team_2,75.793,76.01586979726714,76.62065430455469,0.225,Medium,21.467,28.784,25.542,317.3
R00066,2013,12,bahrain,3,Driver_3,Team_3,76.608,77.05304986814404,77.24030196384643,0.72,Medium,21.358,29.11,26.14,342.7
R00066,2013,12,bahrain,4,Driver_4,Team_4,76.555,76.98805578475003,77.55436739650408,0.377,Soft,21.359,29.212,25.984,322.8
R00066,2013,12,bahrain,5,Driver_5,Team_5,76.252,76.72201577918108,76.71382416867426,2.176,Medium,21.395,29.079,25.778,332.7
R00066,2013,12,bahrain,6,Driver_6,Team_6,77.522,77.70898028670004,77.84032595198131,2.152,Soft,21.698,29.524,26.3,323.4
R00066,2013,12,bahrain,7,Driver_7,Team_7,77.592,77.77794199284274,78.46414747577707,3.241,Soft,21.669,29.582,26.341,357.1
R00066,2013,12,bahrain,8,Driver_8,Team_8,77.852,78.23267223655154,78.43146347184198,2.097,Soft,21.815,29.552,26.485,333.3
R00066,2013,12,bahrain,9,Driver_9,Team_9,78.442,78.56802711706716,79.13020427064666,3.69,Medium,21.832,29.671,26.939,321.8
R00066,2013,12,bahrain,10,Driver_10,Team_10,79.168,79.31248404970741,80.05336728850597,1.964,Soft,22.014,30.088,27.066,327.0
R00067,2013,13,bahrain,1,Charles Leclerc,Ferrari,75.215,75.4717760619918,75.98534992898806,0.0,Intermediate,21.263,28.61,25.342,308.4
R00067,2013,13,bahrain,2,Driver_2,Team_2,76.412,76.85165100521422,77.07461499389836,0.441,Intermediate,21.315,28.964,26.133,321.8
R00067,2013,13,bahrain,3,Driver_3,Team_3,76.598,76.87638020400152,77.12657476012538,0.868,Intermediate,21.441,29.086,26.071,328.6
R00067,2013,13,bahrain,4,Driver_4,Team_4,77.065,77.46995572900401,77.59602120882204,1.692,Intermediate,21.442,29.257,26.366,306.0
R00067,2013,13,bahrain,5,Driver_5,Team_5,77.369,77.50218483445211,78.24532592790638,0.863,Intermediate,21.594,29.264,26.511,339.2
R00067,2013,13,bahrain,6,Driver_6,Team_6,78.067,78.1817840119427,78.61886639036955,2.035,Intermediate,21.946,29.861,26.26,330.9
R00067,2013,13,bahrain,7,Driver_7,Team_7,78.163,78.3080381600817,78.59380565162499,3.397,Intermediate,21.944,29.903,26.316,318.0
R00067,2013,13,bahrain,8,Driver_8,Team_8,78.64,78.7567765297443,79.365357511524,3.6,Intermediate,21.763,29.968,26.909,332.0
R00067,2013,13,bahrain,9,Driver_9,Team_9,78.175,78.27740316357206,78.52935867421375,3.62,Intermediate,21.912,29.784,26.479,339.8
R00067,2013,13,bahrain,10,Driver_10,Team_10,78.865,78.98621534832382,79.30049000462843,1.618,Intermediate,22.19,29.652,27.023,336.4
R00068,2013,14,singapore,1,Max Verstappen,Red Bull Racing,75.511,75.71826231373065,76.37424637321898,0.0,Soft,21.201,28.555,25.755,326.3
R00068,2013,14,singapore,2,Driver_2,Team_2,75.996,76.28416871433004,76.33104002827076,0.161,Medium,21.118,28.955,25.923,325.5
R00068,2013,14,singapore,3,Driver_3,Team_3,76.204,76.39229677172548,76.52531363034039,1.0,Medium,21.239,28.865,26.1,312.4
R00068,2013,14,singapore,4,Driver_4,Team_4,76.552,76.90424064235563,77.24405427826503,0.908,Soft,21.357,29.056,26.139,334.1
R00068,2013,14,singapore,5,Driver_5,Team_5,76.909,77.27785576796639,77.27082720734737,1.777,Soft,21.513,29.288,26.108,346.3
R00068,2013,14,singapore,6,Driver_6,Team_6,76.889,77.1847702541835,77.68080613606776,2.94,Medium,21.509,29.005,26.375,316.1
R00068,2013,14,singapore,7,Driver_7,Team_7,78.118,78.437788292472,79.0090257238997,1.046,Medium,21.714,29.688,26.716,357.2
R00068,2013,14,singapore,8,Driver_8,Team_8,78.47,78.88462295347253,79.11158347986907,0.962,Medium,22.076,29.647,26.747,329.3
R00068,2013,14,singapore,9,Driver_9,Team_9,78.878,79.05540408379969,79.39497521968624,4.64,Medium,22.1,29.926,26.852,354.1
R00068,2013,14,singapore,10,Driver_10,Team_10,78.664,78.90504169915297,79.13032316172935,4.687,Medium,22.033,29.828,26.803,336.4
R00069,2013,15,bahrain,1,Max Verstappen,Red Bull Racing,75.271,75.71006950771927,76.127919881504,0.0,Soft,21.196,28.536,25.539,343.1
R00069,2013,15,bahrain,2,Driver_2,Team_2,75.781,75.88985257047236,76.38092866712933,0.439,Soft,21.055,28.875,25.851,318.5
R00069,2013,15,bahrain,3,Driver_3,Team_3,75.847,76.17073370284079,76.40070832719493,0.35,Soft,21.408,28.842,25.597,322.1
R00069,2013,15,bahrain,4,Driver_4,Team_4,76.742,76.92081638902782,77.28559564398596,0.282,Medium,21.58,29.163,25.999,334.4
R00069,2013,15,bahrain,5,Driver_5,Team_5,77.123,77.56414889527117,77.94798746831906,1.793,Soft,21.505,29.357,26.261,322.9
R00069,2013,15,bahrain,6,Driver_6,Team_6,77.391,77.57938830059257,78.15323287413824,1.943,Soft,21.664,29.487,26.24,324.4
R00069,2013,15,bahrain,7,Driver_7,Team_7,77.465,77.65241809417209,77.80273563802976,1.005,Medium,21.754,29.303,26.408,321.4
R00069,2013,15,bahrain,8,Driver_8,Team_8,78.051,78.36792033130274,78.75808325469843,0.852,Medium,21.711,29.612,26.728,329.9
R00069,2013,15,bahrain,9,Driver_9,Team_9,78.641,78.75161979695827,79.47519374268315,4.22,Soft,22.038,30.028,26.575,292.8
R00069,2013,15,bahrain,10,Driver_10,Team_10,78.78,79.09149090977138,79.7400076024459,3.527,Soft,22.042,30.024,26.714,303.4
R00070,2013,16,bahrain,1,Max Verstappen,Red Bull Racing,75.279,75.41864342739456,75.75757640571511,0.0,Medium,20.97,28.64,25.669,322.2
R00070,2013,16,bahrain,2,Driver_2,Team_2,75.549,76.01597321255464,76.00674823051956,0.547,Soft,21.269,28.712,25.568,316.1
R00070,2013,16,bahrain,3,Driver_3,Team_3,76.415,76.87250444686596,77.07803375318362,0.745,Medium,21.469,28.946,26.0,316.6
R00070,2013,16,bahrain,4,Driver_4,Team_4,76.165,76.63214363233087,76.79673305883361,0.679,Medium,21.31,28.917,25.938,309.9
R00070,2013,16,bahrain,5,Driver_5,Team_5,76.739,76.96306820849601,77.70006612777097,1.8,Soft,21.48,29.177,26.082,298.3
R00070,2013,16,bahrain,6,Driver_6,Team_6,76.96,77.25285632271543,77.71566334190601,2.116,Medium,21.345,29.158,26.457,310.7
R00070,2013,16,bahrain,7,Driver_7,Team_7,77.688,77.89093970632699,78.60412225174609,0.788,Medium,21.65,29.415,26.623,337.5
R00070,2013,16,bahrain,8,Driver_8,Team_8,77.74,78.14960136853418,78.0769449120826,0.824,Medium,21.615,29.589,26.536,307.8
R00070,2013,16,bahrain,9,Driver_9,Team_9,78.869,79.19852392559233,79.77924993322716,1.259,Soft,22.007,29.926,26.936,322.2
R00070,2013,16,bahrain,10,Driver_10,Team_10,79.278,79.38178572435218,80.0874629788632,1.858,Soft,22.209,29.913,27.156,334.8
R00071,2013,17,brazil,1,Charles Leclerc,Ferrari,75.671,75.78065723393276,76.00145743560215,0.0,Soft,21.209,28.791,25.671,345.6
R00071,2013,17,brazil,2,Driver_2,Team_2,75.655,75.93142128489525,76.0684093275981,0.388,Medium,21.269,28.698,25.688,339.0
R00071,2013,17,brazil,3,Driver_3,Team_3,76.016,76.46755237391396,76.98177248508138,0.57,Soft,21.147,28.85,26.019,322.0
R00071,2013,17,brazil,4,Driver_4,Team_4,76.601,76.817624203857,77.5692414970135,0.336,Medium,21.494,29.032,26.075,289.4
R00071,2013,17,brazil,5,Driver_5,Team_5,76.787,77.2689067050651,77.54718339825207,1.359,Soft,21.432,29.271,26.084,321.2
R00071,2013,17,brazil,6,Driver_6,Team_6,77.117,77.38419085636507,77.64737562684358,1.658,Medium,21.506,29.362,26.249,335.5
R00071,2013,17,brazil,7,Driver_7,Team_7,78.116,78.56184729306793,78.68074375994215,2.696,Soft,21.919,29.55,26.647,320.8
R00071,2013,17,brazil,8,Driver_8,Team_8,77.8,77.9641309638446,78.58999938224072,3.055,Soft,21.711,29.363,26.726,334.6
R00071,2013,17,brazil,9,Driver_9,Team_9,78.145,78.61983863468062,78.74720546587146,4.542,Soft,22.037,29.72,26.388,344.4
R00071,2013,17,brazil,10,Driver_10,Team_10,78.849,79.23367678688467,79.28570269435593,5.098,Medium,22.028,29.837,26.984,324.9
R00072,2013,18,abu_dhabi,1,Max Verstappen,Red Bull Racing,75.94,76.11878013620735,76.73007469277016,0.0,Medium,21.324,29.043,25.573,321.2
R00072,2013,18,abu_dhabi,2,Driver_2,Team_2,76.106,76.45411848770583,76.98413712047503,0.435,Medium,21.229,28.931,25.946,336.2
R00072,2013,18,abu_dhabi,3,Driver_3,Team_3,76.281,76.52674504464183,76.78579623269351,0.396,Medium,21.377,28.954,25.95,326.9
R00072,2013,18,abu_dhabi,4,Driver_4,Team_4,76.809,77.04450101786921,77.7234926614307,0.368,Medium,21.614,29.204,25.991,326.8
R00072,2013,18,abu_dhabi,5,Driver_5,Team_5,77.212,77.54361207168483,77.77917927669063,2.092,Medium,21.763,29.473,25.976,322.1
R00072,2013,18,abu_dhabi,6,Driver_6,Team_6,77.335,77.44873767854556,77.94252510859357,1.561,Soft,21.769,29.335,26.231,338.3
R00072,2013,18,abu_dhabi,7,Driver_7,Team_7,77.292,77.68626332476853,77.79308698665929,3.344,Soft,21.556,29.267,26.469,310.4
R00072,2013,18,abu_dhabi,8,Driver_8,Team_8,78.233,78.364883086569,79.21854811849573,3.791,Medium,21.84,29.726,26.667,325.4
R00072,2013,18,abu_dhabi,9,Driver_9,Team_9,78.486,78.78493174619253,79.28902527284757,1.06,Medium,22.074,29.623,26.789,304.6
R00072,2013,18,abu_dhabi,10,Driver_10,Team_10,79.356,79.55111883306566,80.0373897324552,2.436,Medium,22.408,29.922,27.026,318.1
R00073,2014,1,bahrain,1,Lewis Hamilton,Mercedes,75.351,75.64999924543805,75.76714224889298,0.0,Soft,21.123,28.872,25.356,329.0
R00073,2014,1,bahrain,2,Driver_2,Team_2,76.209,76.57923270865622,77.19672240300324,0.285,Medium,21.539,28.921,25.749,324.0
R00073,2014,1,bahrain,3,Driver_3,Team_3,76.206,76.37522632208814,76.88512902922812,0.859,Medium,21.105,28.8,26.301,312.6
R00073,2014,1,bahrain,4,Driver_4,Team_4,76.777,77.01010175128995,77.58808342676468,0.662,Soft,21.374,29.095,26.308,335.9
R00073,2014,1,bahrain,5,Driver_5,Team_5,76.726,77.18468483792873,77.20509873079348,0.352,Medium,21.529,29.05,26.147,326.5
R00073,2014,1,bahrain,6,Driver_6,Team_6,77.678,77.79829578405614,78.45627189766071,0.906,Medium,21.646,29.391,26.641,324.2
R00073,2014,1,bahrain,7,Driver_7,Team_7,77.462,77.83743396100704,77.76688616392602,2.691,Soft,21.633,29.27,26.559,344.3
R00073,2014,1,bahrain,8,Driver_8,Team_8,78.684,78.91791992159605,79.30295545531058,3.911,Medium,22.043,29.907,26.734,315.9
R00073,2014,1,bahrain,9,Driver_9,Team_9,78.241,78.36790882512646,79.23070994047222,0.853,Soft,22.118,29.955,26.168,365.5
R00073,2014,1,bahrain,10,Driver_10,Team_10,78.931,79.05521683336431,79.31982617773753,2.778,Soft,22.057,30.016,26.858,325.2
R00074,2014,2,bahrain,1,Lewis Hamilton,Mercedes,75.574,76.05456301365416,76.48282628180687,0.0,Soft,20.932,28.711,25.931,334.4
R00074,2014,2,bahrain,2,Driver_2,Team_2,75.343,75.71269747113159,75.99552884491145,0.232,Soft,21.166,28.613,25.564,313.3
R00074,2014,2,bahrain,3,Driver_3,Team_3,76.319,76.69902477882626,77.12251140403644,1.162,Medium,21.141,28.846,26.332,315.7
R00074,2014,2,bahrain,4,Driver_4,Team_4,76.688,76.9972565695695,77.67680548020607,0.637,Medium,21.401,29.245,26.042,330.5
R00074,2014,2,bahrain,5,Driver_5,Team_5,76.713,76.9261757912256,77.57721986164017,1.083,Soft,21.521,29.336,25.856,332.4
R00074,2014,2,bahrain,6,Driver_6,Team_6,77.392,77.57899552451343,78.17262784797548,2.131,Medium,21.693,29.374,26.325,322.8
R00074,2014,2,bahrain,7,Driver_7,Team_7,78.444,78.69204843248122,78.76687036894492,2.599,Medium,22.198,29.68,26.566,323.8
R00074,2014,2,bahrain,8,Driver_8,Team_8,78.284,78.44708774880014,78.81380183182547,3.507,Medium,22.072,29.884,26.328,316.0
R00074,2014,2,bahrain,9,Driver_9,Team_9,78.745,78.90792033417478,79.33486443082344,4.317,Medium,22.102,30.05,26.593,329.8
R00074,2014,2,bahrain,10,Driver_10,Team_10,78.585,78.93036426470003,79.17087349514115,1.226,Medium,21.994,29.763,26.828,324.0
R00075,2014,3,bahrain,1,Lewis Hamilton,Mercedes,75.285,75.54471566434516,76.08811934394303,0.0,Medium,21.256,28.562,25.467,309.9
R00075,2014,3,bahrain,2,Driver_2,Team_2,75.432,75.70896056481818,76.42127355640837,0.466,Medium,21.05,28.716,25.666,308.8
R00075,2014,3,bahrain,3,Driver_3,Team_3,76.233,76.34639807888685,76.86080369482634,0.333,Medium,21.158,28.968,26.107,324.4
R00075,2014,3,bahrain,4,Driver_4,Team_4,76.57,77.02409562470474,77.55276491934208,1.756,Medium,21.543,29.211,25.816,327.0
R00075,2014,3,bahrain,5,Driver_5,Team_5,76.709,77.00283076128787,77.3135531599402,2.058,Soft,21.345,29.106,26.258,293.8
R00075,2014,3,bahrain,6,Driver_6,Team_6,77.503,77.9946579260479,78.31342394068785,0.944,Soft,21.709,29.323,26.471,330.2
R00075,2014,3,bahrain,7,Driver_7,Team_7,78.283,78.41065486250969,79.04894833570499,3.251,Medium,21.938,29.881,26.464,317.6
R00075,2014,3,bahrain,8,Driver_8,Team_8,77.991,78.21753116250673,78.32000110860807,2.192,Soft,21.933,29.636,26.422,323.3
R00075,2014,3,bahrain,9,Driver_9,Team_9,78.051,78.5209675758258,78.68713794359356,1.554,Soft,21.958,29.367,26.726,314.2
R00075,2014,3,bahrain,10,Driver_10,Team_10,78.913,79.36611895475244,79.34293683500944,3.91,Soft,22.148,30.107,26.658,354.2
R00076,2014,4,bahrain,1,Carlos Sainz,Williams,75.737,75.93958357324534,76.23284993318929,0.0,Medium,21.293,28.901,25.543,325.3
R00076,2014,4,bahrain,2,Driver_2,Team_2,76.533,76.68662089524582,77.03531866167536,0.272,Soft,21.457,29.114,25.962,357.9
R00076,2014,4,bahrain,3,Driver_3,Team_3,76.206,76.53435103807627,76.82487999264339,0.693,Soft,21.306,28.882,26.018,320.0
R00076,2014,4,bahrain,4,Driver_4,Team_4,76.582,76.91345833520673,77.18816669547168,0.719,Soft,21.427,29.07,26.085,322.2
R00076,2014,4,bahrain,5,Driver_5,Team_5,77.122,77.58546308838211,77.63584506876528,0.712,Soft,21.483,29.236,26.403,314.0
R00076,2014,4,bahrain,6,Driver_6,Team_6,77.221,77.40285455209322,77.58715112594594,2.798,Soft,21.659,29.382,26.18,368.4
R00076,2014,4,bahrain,7,Driver_7,Team_7,77.432,77.58552007971988,78.38467248328506,1.6,Soft,21.739,29.408,26.285,321.3
R00076,2014,4,bahrain,8,Driver_8,Team_8,77.927,78.24123075088316,78.85006970373065,4.149,Soft,21.751,29.409,26.767,335.4
R00076,2014,4,bahrain,9,Driver_9,Team_9,78.081,78.5700398299414,78.53006408544755,1.32,Soft,21.882,29.601,26.598,310.5
R00076,2014,4,bahrain,10,Driver_10,Team_10,79.17,79.64841022855126,79.92909886701712,1.81,Medium,22.197,30.131,26.842,335.1
R00077,2014,5,spain,1,Lewis Hamilton,Mercedes,75.401,75.6134128779048,76.29942839893178,0.0,Medium,21.035,28.53,25.836,327.7
R00077,2014,5,spain,2,Driver_2,Team_2,75.579,75.68482446497715,76.5174586725172,0.188,Soft,20.981,28.727,25.871,327.4
R00077,2014,5,spain,3,Driver_3,Team_3,76.369,76.81148429756624,76.69241806677432,0.99,Medium,21.372,28.917,26.08,334.2
R00077,2014,5,spain,4,Driver_4,Team_4,76.136,76.25655319128214,76.45552644747974,0.765,Soft,21.532,28.923,25.681,317.9
R00077,2014,5,spain,5,Driver_5,Team_5,77.269,77.58562990165373,77.59886588222544,1.237,Soft,21.736,29.206,26.327,316.4
R00077,2014,5,spain,6,Driver_6,Team_6,77.856,78.25682760901547,78.6905630498732,2.682,Medium,21.773,29.659,26.424,307.9
R00077,2014,5,spain,7,Driver_7,Team_7,76.947,77.43553655153646,77.79118683722807,2.605,Soft,21.613,29.342,25.992,358.0
R00077,2014,5,spain,8,Driver_8,Team_8,77.866,78.12828520600391,78.17433283623924,3.015,Medium,21.738,29.588,26.54,305.8
R00077,2014,5,spain,9,Driver_9,Team_9,78.628,79.05863743537614,78.93037222519106,1.939,Soft,21.971,29.75,26.907,305.6
R00077,2014,5,spain,10,Driver_10,Team_10,79.176,79.607252390034,80.14725084000123,4.07,Medium,22.254,29.956,26.966,316.2
R00078,2014,6,monaco,1,Lewis Hamilton,Mercedes,75.525,75.91293125536704,76.34675006440959,0.0,Intermediate,21.431,28.541,25.553,321.8
R00078,2014,6,monaco,2,Driver_2,Team_2,75.697,75.87690932415366,76.54988295915368,0.567,Intermediate,21.23,28.718,25.749,306.9
R00078,2014,6,monaco,3,Driver_3,Team_3,76.101,76.3281127790462,77.06765565147953,0.241,Intermediate,21.224,28.876,26.001,322.4
R00078,2014,6,monaco,4,Driver_4,Team_4,76.584,76.95337199518602,77.17063438416022,0.696,Intermediate,21.337,29.194,26.053,317.7
R00078,2014,6,monaco,5,Driver_5,Team_5,77.369,77.78111200907755,77.92704797017446,2.161,Intermediate,21.704,29.354,26.311,357.3
R00078,2014,6,monaco,6,Driver_6,Team_6,77.401,77.72338248755315,78.07782185824784,2.241,Intermediate,21.789,29.476,26.136,320.9
R00078,2014,6,monaco,7,Driver_7,Team_7,78.096,78.33620870863562,78.99497115901765,1.673,Intermediate,21.909,29.853,26.334,313.1
R00078,2014,6,monaco,8,Driver_8,Team_8,78.282,78.60330955871004,78.82725292486352,1.655,Intermediate,21.95,29.657,26.675,353.4
R00078,2014,6,monaco,9,Driver_9,Team_9,79.024,79.23954143829631,79.37105598868546,0.842,Intermediate,22.192,30.16,26.672,320.4
R00078,2014,6,monaco,10,Driver_10,Team_10,79.269,79.68119072948517,80.23050050283261,1.149,Intermediate,22.374,30.138,26.757,308.4
R00079,2014,7,canada,1,Lewis Hamilton,Mercedes,75.974,76.10153634964607,76.76101221762138,0.0,Medium,21.315,29.025,25.634,336.4
R00079,2014,7,canada,2,Driver_2,Team_2,75.684,75.92011222626626,76.56333319796728,0.323,Soft,21.181,28.712,25.791,339.6
R00079,2014,7,canada,3,Driver_3,Team_3,76.164,76.52246750603993,76.79869255959271,0.755,Medium,21.394,28.831,25.939,340.1
R00079,2014,7,canada,4,Driver_4,Team_4,76.396,76.7554008606894,76.85196795628173,1.301,Soft,21.515,29.007,25.874,321.5
R00079,2014,7,canada,5,Driver_5,Team_5,77.152,77.29123554289467,77.70807374647293,0.853,Soft,21.538,29.356,26.258,322.6
R00079,2014,7,canada,6,Driver_6,Team_6,76.909,77.34931842619922,77.24765140729255,1.948,Medium,21.412,29.167,26.33,310.9
R00079,2014,7,canada,7,Driver_7,Team_7,77.847,78.14509306154103,78.68664068061221,1.378,Medium,21.921,29.543,26.383,319.6
R00079,2014,7,canada,8,Driver_8,Team_8,78.061,78.43642417068354,78.70229760619056,3.997,Soft,21.937,29.621,26.503,314.9
R00079,2014,7,canada,9,Driver_9,Team_9,78.344,78.84155295661922,78.64881677429925,2.869,Medium,21.94,29.834,26.57,311.6
R00079,2014,7,canada,10,Driver_10,Team_10,79.16,79.35589280400342,79.81673905487754,3.827,Soft,22.106,30.085,26.969,324.0
R00080,2014,8,bahrain,1,Lewis Hamilton,Mercedes,75.578,76.05642375219911,76.11352184313812,0.0,Medium,21.247,28.586,25.745,311.6
R00080,2014,8,bahrain,2,Driver_2,Team_2,76.083,76.4966117484342,76.53151904557423,0.53,Medium,21.251,28.837,25.995,339.2
R00080,2014,8,bahrain,3,Driver_3,Team_3,76.627,76.85861081823828,77.60752453566752,0.641,Medium,21.282,28.999,26.346,342.6
R00080,2014,8,bahrain,4,Driver_4,Team_4,76.486,76.81797923245028,76.8738973929941,0.591,Soft,21.503,29.076,25.907,309.5
R00080,2014,8,bahrain,5,Driver_5,Team_5,76.986,77.41945053114094,77.51971745793585,1.61,Soft,21.559,29.305,26.122,304.4
R00080,2014,8,bahrain,6,Driver_6,Team_6,77.91,78.22710814082834,78.37400359616167,2.243,Soft,21.71,29.559,26.641,360.0
R00080,2014,8,bahrain,7,Driver_7,Team_7,77.521,77.73629737978746,77.93699244972908,0.64,Soft,21.662,29.377,26.482,329.0
R00080,2014,8,bahrain,8,Driver_8,Team_8,78.624,78.8983569291758,78.99695282393886,1.787,Soft,21.972,29.864,26.788,321.6
R00080,2014,8,bahrain,9,Driver_9,Team_9,79.006,79.31414168334199,79.78016069851543,1.11,Soft,22.112,29.961,26.933,345.3
R00080,2014,8,bahrain,10,Driver_10,Team_10,79.426,79.61120235328391,80.09960582820824,4.991,Soft,22.178,30.279,26.969,323.6
R00081,2014,9,bahrain,1,Lewis Hamilton,Mercedes,75.452,75.93219323696121,75.76307493729067,0.0,Soft,21.094,28.616,25.742,315.7
R00081,2014,9,bahrain,2,Driver_2,Team_2,75.946,76.31630948221999,76.82177677788964,0.145,Medium,21.233,28.989,25.724,309.4
R00081,2014,9,bahrain,3,Driver_3,Team_3,76.443,76.60440595120396,76.9510846199912,0.412,Medium,21.371,29.215,25.857,301.0
R00081,2014,9,bahrain,4,Driver_4,Team_4,76.62,76.9554668784621,77.3271976652795,0.725,Soft,21.378,29.308,25.934,324.4
R00081,2014,9,bahrain,5,Driver_5,Team_5,77.447,77.7817975167817,78.43316705886018,1.209,Medium,21.801,29.473,26.173,333.1
R00081,2014,9,bahrain,6,Driver_6,Team_6,76.937,77.06572650387868,77.37547394272568,2.726,Medium,21.363,29.236,26.338,328.5
R00081,2014,9,bahrain,7,Driver_7,Team_7,77.081,77.28009167634399,77.77668351390871,1.754,Soft,21.64,29.294,26.147,313.5
R00081,2014,9,bahrain,8,Driver_8,Team_8,78.158,78.33578912694502,78.57632278356101,2.976,Medium,22.002,29.754,26.402,316.3
R00081,2014,9,bahrain,9,Driver_9,Team_9,78.872,79.08660170337218,79.19220712909737,3.216,Medium,22.119,30.134,26.619,327.9
R00081,2014,9,bahrain,10,Driver_10,Team_10,79.299,79.42176669827667,79.86594598202481,5.146,Medium,22.163,30.11,27.026,334.6
R00082,2014,10,bahrain,1,Lewis Hamilton,Mercedes,75.039,75.37407141916154,75.37397700218901,0.0,Soft,21.105,28.635,25.299,341.4
R00082,2014,10,bahrain,2,Driver_2,Team_2,75.983,76.21433404854285,76.64093990768102,0.585,Soft,21.362,28.867,25.754,322.4
R00082,2014,10,bahrain,3,Driver_3,Team_3,76.404,76.69219127931099,76.92944117340457,0.982,Soft,21.431,28.945,26.028,337.8
R00082,2014,10,bahrain,4,Driver_4,Team_4,76.712,77.14888576711495,77.36982655093489,0.915,Soft,21.46,29.144,26.108,335.9
R00082,2014,10,bahrain,5,Driver_5,Team_5,76.927,77.18607302336659,77.30963738447673,1.299,Medium,21.602,29.158,26.167,314.0
R00082,2014,10,bahrain,6,Driver_6,Team_6,77.288,77.54271904776903,77.7142131121024,1.147,Medium,21.59,29.308,26.39,364.3
R00082,2014,10,bahrain,7,Driver_7,Team_7,78.54,79.00066349003016,79.25308094957342,2.77,Medium,22.093,29.821,26.626,347.1
R00082,2014,10,bahrain,8,Driver_8,Team_8,78.764,79.22935341493184,79.71304670990821,2.332,Soft,22.073,29.768,26.923,349.3
R00082,2014,10,bahrain,9,Driver_9,Team_9,79.102,79.2855335817857,79.65795910660623,1.92,Medium,22.035,30.108,26.959,333.3
R00082,2014,10,bahrain,10,Driver_10,Team_10,78.766,79.21809942859078,79.19511541634543,4.542,Soft,21.954,30.028,26.784,344.8
R00083,2014,11,hungary,1,Lewis Hamilton,Mercedes,75.634,75.77730491110303,76.08336539016172,0.0,Medium,21.229,28.73,25.675,327.1
R00083,2014,11,hungary,2,Driver_2,Team_2,76.157,76.35202064093731,76.80399367106207,0.408,Medium,21.286,28.892,25.979,321.1
R00083,2014,11,hungary,3,Driver_3,Team_3,76.264,76.48591141048925,76.75611482158565,1.029,Medium,21.363,28.942,25.959,311.1
R00083,2014,11,hungary,4,Driver_4,Team_4,76.878,77.24524321767989,77.5647955592104,0.804,Soft,21.484,29.321,26.073,343.3
R00083,2014,11,hungary,5,Driver_5,Team_5,77.202,77.51002489266888,77.99665429552087,1.881,Soft,21.558,29.485,26.159,308.8
R00083,2014,11,hungary,6,Driver_6,Team_6,77.074,77.23113827370155,77.61720180920416,2.615,Soft,21.661,29.306,26.107,339.8
R00083,2014,11,hungary,7,Driver_7,Team_7,77.383,77.63099001686928,77.77264200675077,2.601,Medium,21.591,29.274,26.518,312.3
R00083,2014,11,hungary,8,Driver_8,Team_8,77.741,78.22573881073112,78.26509656357013,1.109,Soft,21.644,29.588,26.509,292.4
R00083,2014,11,hungary,9,Driver_9,Team_9,78.552,78.72995536942696,79.40775139087879,3.525,Medium,21.991,29.982,26.579,327.2
R00083,2014,11,hungary,10,Driver_10,Team_10,79.052,79.40660299885147,79.93448077495123,1.981,Soft,22.185,29.9,26.967,293.5
R00084,2014,12,bahrain,1,Carlos Sainz,Williams,75.248,75.56386283109293,75.96928757960738,0.0,Intermediate,21.043,28.578,25.627,314.8
R00084,2014,12,bahrain,2,Driver_2,Team_2,75.432,75.59942038388691,76.17315372165277,0.175,Intermediate,21.026,28.69,25.716,333.4
R00084,2014,12,bahrain,3,Driver_3,Team_3,76.384,76.64549986982415,77.04296233782128,0.95,Intermediate,21.333,28.878,26.173,354.1
R00084,2014,12,bahrain,4,Driver_4,Team_4,76.362,76.58493573803688,76.76121206322681,0.835,Intermediate,21.305,29.029,26.028,302.6
R00084,2014,12,bahrain,5,Driver_5,Team_5,77.03,77.5265825860299,77.38159726543438,0.832,Intermediate,21.606,29.232,26.192,346.5
R00084,2014,12,bahrain,6,Driver_6,Team_6,77.546,77.79133855935716,78.06340384605437,0.746,Intermediate,21.793,29.426,26.327,313.4
R00084,2014,12,bahrain,7,Driver_7,Team_7,77.798,78.09351526903049,78.21324388553357,3.532,Intermediate,21.673,29.499,26.626,340.3
R00084,2014,12,bahrain,8,Driver_8,Team_8,78.45,78.89717926637282,79.17690513438296,4.068,Intermediate,21.83,29.752,26.868,334.7
R00084,2014,12,bahrain,9,Driver_9,Team_9,78.655,78.84600985904929,79.35143351412222,4.582,Intermediate,22.011,29.924,26.72,324.3
R00084,2014,12,bahrain,10,Driver_10,Team_10,79.16,79.43469822362837,79.7107259739571,1.17,Intermediate,22.128,29.978,27.054,311.1
R00085,2014,13,bahrain,1,Lewis Hamilton,Mercedes,75.502,75.83477592628732,75.98703877589165,0.0,Medium,21.063,28.461,25.978,323.6
R00085,2014,13,bahrain,2,Driver_2,Team_2,75.91,76.35376673517453,76.60948855587023,0.543,Soft,21.275,28.92,25.715,355.2
R00085,2014,13,bahrain,3,Driver_3,Team_3,76.101,76.50220698172564,76.81258513371412,0.935,Medium,21.275,28.809,26.017,318.8
R00085,2014,13,bahrain,4,Driver_4,Team_4,76.325,76.73089492952018,76.72377518491338,0.275,Medium,21.468,28.952,25.905,328.2
R00085,2014,13,bahrain,5,Driver_5,Team_5,76.493,76.81011381419567,77.46429235408078,2.185,Medium,21.356,29.126,26.011,331.1
R00085,2014,13,bahrain,6,Driver_6,Team_6,77.357,77.74052152203876,78.33733675511961,0.562,Medium,21.548,29.42,26.389,335.1
R00085,2014,13,bahrain,7,Driver_7,Team_7,78.13,78.60113896533355,78.4843370775239,1.514,Medium,21.948,29.735,26.447,344.8
R00085,2014,13,bahrain,8,Driver_8,Team_8,78.134,78.5127030659237,78.82387959075562,1.435,Medium,21.808,29.813,26.513,347.6
R00085,2014,13,bahrain,9,Driver_9,Team_9,78.582,78.87677394594074,79.54358591546624,3.812,Medium,22.016,29.99,26.576,312.3
R00085,2014,13,bahrain,10,Driver_10,Team_10,78.666,78.97114248735771,79.33788671017523,1.589,Medium,22.063,29.931,26.672,305.2
R00086,2014,14,singapore,1,Lewis Hamilton,Mercedes,75.565,76.06322231338727,76.43154434537323,0.0,Medium,20.91,28.757,25.898,304.2
R00086,2014,14,singapore,2,Driver_2,Team_2,75.738,75.94364643030927,76.37875605874872,0.521,Soft,21.236,29.022,25.48,325.8
R00086,2014,14,singapore,3,Driver_3,Team_3,76.014,76.21425172277634,76.63148844452411,0.786,Medium,21.32,28.821,25.873,282.2
R00086,2014,14,singapore,4,Driver_4,Team_4,76.617,77.04060650614726,77.43201829308913,1.19,Medium,21.442,29.291,25.884,322.9
R00086,2014,14,singapore,5,Driver_5,Team_5,76.649,77.12454488219355,77.33430744208897,0.679,Soft,21.399,29.24,26.01,284.2
R00086,2014,14,singapore,6,Driver_6,Team_6,77.778,77.98187210370406,78.36209877307196,0.598,Soft,21.828,29.346,26.604,307.3
R00086,2014,14,singapore,7,Driver_7,Team_7,78.164,78.34016385561193,79.05727305158261,2.767,Medium,21.945,29.632,26.587,320.1
R00086,2014,14,singapore,8,Driver_8,Team_8,78.676,79.11142346972996,79.45992041505737,0.681,Medium,22.025,29.855,26.796,310.5
R00086,2014,14,singapore,9,Driver_9,Team_9,78.086,78.23201256724641,78.84304362153959,3.961,Soft,21.973,29.631,26.482,291.8
R00086,2014,14,singapore,10,Driver_10,Team_10,78.522,78.64627257080821,79.02093311792004,4.281,Soft,21.977,29.792,26.753,332.4
R00087,2014,15,bahrain,1,Lewis Hamilton,Mercedes,74.964,75.40502266445637,75.2958773644319,0.0,Medium,21.029,28.48,25.455,326.0
R00087,2014,15,bahrain,2,Driver_2,Team_2,76.151,76.27487624386882,76.72431384868025,0.221,Soft,21.292,29.073,25.786,317.7
R00087,2014,15,bahrain,3,Driver_3,Team_3,76.224,76.42777228850838,76.9889284476392,0.275,Medium,21.172,29.18,25.872,323.7
R00087,2014,15,bahrain,4,Driver_4,Team_4,76.49,76.61176643896992,76.90578827143261,1.459,Soft,21.385,29.277,25.828,342.0
R00087,2014,15,bahrain,5,Driver_5,Team_5,76.923,77.20466427511529,77.58053882373072,2.287,Medium,21.45,29.283,26.19,314.8
R00087,2014,15,bahrain,6,Driver_6,Team_6,77.196,77.30942548482767,77.93375502750584,2.361,Medium,21.735,29.343,26.118,330.7
R00087,2014,15,bahrain,7,Driver_7,Team_7,77.876,78.10609660836784,78.40430517958022,0.873,Soft,21.899,29.675,26.302,308.0
R00087,2014,15,bahrain,8,Driver_8,Team_8,78.286,78.66329002239972,78.6404948396286,3.247,Soft,22.196,29.775,26.315,343.1
R00087,2014,15,bahrain,9,Driver_9,Team_9,78.615,78.84603119280722,79.09166143987632,4.117,Soft,21.979,29.897,26.739,327.3
R00087,2014,15,bahrain,10,Driver_10,Team_10,78.617,78.75303838168581,79.3269420213702,2.755,Medium,22.157,30.117,26.343,331.1
R00089,2014,17,brazil,1,Lewis Hamilton,Mercedes,75.773,76.21146015722815,76.75484545450011,0.0,Intermediate,21.272,28.873,25.628,336.1
R00089,2014,17,brazil,2,Driver_2,Team_2,75.823,76.24557187704617,76.29738733363179,0.363,Intermediate,21.449,28.719,25.655,343.6
R00089,2014,17,brazil,3,Driver_3,Team_3,76.781,77.23399887992053,77.76732735325734,0.354,Intermediate,21.566,29.165,26.05,312.0
R00089,2014,17,brazil,4,Driver_4,Team_4,75.969,76.20022145973672,76.56146688207204,0.507,Intermediate,21.128,28.861,25.98,311.4
R00089,2014,17,brazil,5,Driver_5,Team_5,76.745,77.09555201679801,77.0650903546534,0.344,Intermediate,21.478,29.322,25.945,327.4
R00089,2014,17,brazil,6,Driver_6,Team_6,77.554,77.87113329513255,78.03515989776531,0.629,Intermediate,21.816,29.392,26.346,352.9
R00089,2014,17,brazil,7,Driver_7,Team_7,77.569,78.04343336364987,77.94178337127646,1.558,Intermediate,21.863,29.449,26.257,323.4
R00089,2014,17,brazil,8,Driver_8,Team_8,78.175,78.3988509872563,78.76931646213093,1.983,Intermediate,21.753,29.819,26.603,343.6
R00089,2014,17,brazil,9,Driver_9,Team_9,78.475,78.69676529408676,79.21118074268824,1.783,Intermediate,22.103,29.816,26.556,295.7
R00089,2014,17,brazil,10,Driver_10,Team_10,78.768,79.19313872315954,79.14845803145859,2.982,Intermediate,22.177,29.888,26.703,323.7
R00090,2014,18,abu_dhabi,1,Lewis Hamilton,Mercedes,75.454,75.89479000164032,76.42535248137644,0.0,Medium,21.107,28.675,25.672,315.4
R00090,2014,18,abu_dhabi,2,Driver_2,Team_2,75.847,75.99064992243395,76.59273847533106,0.423,Soft,21.308,28.795,25.744,326.6
R00090,2014,18,abu_dhabi,3,Driver_3,Team_3,76.482,76.75908457075427,76.98316080585268,1.002,Soft,21.409,29.065,26.008,325.0
R00090,2014,18,abu_dhabi,4,Driver_4,Team_4,76.495,76.76835628482938,77.33322066828893,0.399,Medium,21.395,29.164,25.936,339.0
R00090,2014,18,abu_dhabi,5,Driver_5,Team_5,77.066,77.38814313296461,77.70139495103038,1.962,Medium,21.511,29.293,26.262,301.1
R00090,2014,18,abu_dhabi,6,Driver_6,Team_6,77.159,77.34218611567155,77.59914524641081,0.877,Soft,21.595,29.272,26.292,327.5
R00090,2014,18,abu_dhabi,7,Driver_7,Team_7,78.019,78.37555090525967,78.97292821228129,0.487,Soft,21.882,29.648,26.489,322.2
R00090,2014,18,abu_dhabi,8,Driver_8,Team_8,78.09,78.42960103354255,78.81139978932352,1.993,Soft,21.778,29.661,26.651,326.6
R00090,2014,18,abu_dhabi,9,Driver_9,Team_9,78.611,78.83197314692784,79.23871594300475,0.867,Soft,22.031,29.807,26.773,338.7
R00090,2014,18,abu_dhabi,10,Driver_10,Team_10,79.532,79.90134340548163,79.85956041226257,3.122,Soft,22.407,30.205,26.92,331.3
R00091,2015,1,bahrain,1,Lewis Hamilton,Mercedes,75.558,75.93032458467356,76.13573163717591,0.0,Medium,21.12,28.729,25.709,339.4
R00091,2015,1,bahrain,2,Driver_2,Team_2,75.913,76.40930771835322,76.247140446828,0.445,Medium,21.281,28.74,25.892,342.5
R00091,2015,1,bahrain,3,Driver_3,Team_3,76.688,77.03284641785676,77.09733379383427,1.003,Soft,21.475,29.075,26.138,333.1
R00091,2015,1,bahrain,4,Driver_4,Team_4,76.332,76.67643619766059,77.00030193233414,1.431,Medium,21.284,29.049,25.999,328.7
R00091,2015,1,bahrain,5,Driver_5,Team_5,77.088,77.50548986071699,77.47009914448996,1.346,Medium,21.713,29.173,26.202,308.7
R00091,2015,1,bahrain,6,Driver_6,Team_6,77.173,77.48977835462834,77.79796685426817,1.497,Soft,21.445,29.393,26.335,320.3
R00091,2015,1,bahrain,7,Driver_7,Team_7,77.892,78.21098760951313,78.38387888466413,2.882,Medium,21.916,29.647,26.329,320.3
R00091,2015,1,bahrain,8,Driver_8,Team_8,78.376,78.81691491920199,79.24177287304073,1.396,Soft,21.92,29.752,26.704,320.8
R00091,2015,1,bahrain,9,Driver_9,Team_9,78.648,79.01172702666295,79.24746616844631,1.374,Medium,22.175,29.902,26.571,314.3
R00091,2015,1,bahrain,10,Driver_10,Team_10,79.415,79.65143372367992,80.14490048350284,1.848,Medium,22.269,30.16,26.986,312.8
R00092,2015,2,bahrain,1,Lewis Hamilton,Mercedes,75.832,75.97160458130259,76.1663136264871,0.0,Medium,21.241,28.78,25.811,295.8
R00092,2015,2,bahrain,2,Driver_2,Team_2,75.861,76.13544086034173,76.30236296107289,0.095,Soft,21.135,28.767,25.959,337.4
R00092,2015,2,bahrain,3,Driver_3,Team_3,76.004,76.3415710147882,76.68777436073628,1.037,Medium,21.229,28.71,26.065,283.7
R00092,2015,2,bahrain,4,Driver_4,Team_4,76.788,77.06589786017258,77.29336054537886,1.576,Soft,21.42,29.297,26.071,310.4
R00092,2015,2,bahrain,5,Driver_5,Team_5,76.838,77.20490593046198,77.32487879808372,1.295,Medium,21.392,29.212,26.234,325.5
R00092,2015,2,bahrain,6,Driver_6,Team_6,77.623,77.76312384060087,78.347921086158,2.558,Medium,21.608,29.471,26.544,289.4
R00092,2015,2,bahrain,7,Driver_7,Team_7,77.519,77.94833699683063,77.99321931617818,1.328,Soft,21.812,29.299,26.408,346.6
R00092,2015,2,bahrain,8,Driver_8,Team_8,77.884,78.28145374174186,78.73532924398705,1.287,Soft,21.732,29.514,26.638,311.5
R00092,2015,2,bahrain,9,Driver_9,Team_9,78.739,78.98567571444222,79.09002529177843,4.782,Medium,22.135,29.721,26.883,338.2
R00092,2015,2,bahrain,10,Driver_10,Team_10,78.709,79.07809586268294,79.53345087167654,1.723,Soft,21.911,29.873,26.925,301.8
R00093,2015,3,bahrain,1,Lewis Hamilton,Mercedes,75.138,75.45865675578804,75.52713495048553,0.0,Medium,21.148,28.484,25.506,308.0
R00093,2015,3,bahrain,2,Driver_2,Team_2,75.961,76.24345467537779,76.76108781153877,0.084,Medium,21.049,28.831,26.081,298.2
R00093,2015,3,bahrain,3,Driver_3,Team_3,75.855,76.29903636872807,76.2773247455048,0.33,Medium,21.176,28.823,25.856,319.2
R00093,2015,3,bahrain,4,Driver_4,Team_4,76.332,76.81636053843677,77.03494202866216,1.111,Soft,21.447,29.081,25.804,338.8
R00093,2015,3,bahrain,5,Driver_5,Team_5,76.677,76.82129259515612,77.47224928967894,1.699,Soft,21.681,29.133,25.863,309.3
R00093,2015,3,bahrain,6,Driver_6,Team_6,77.543,77.98438024501813,78.13625361666662,1.638,Medium,21.686,29.367,26.49,336.1
R00093,2015,3,bahrain,7,Driver_7,Team_7,78.028,78.21195088531667,78.35110793266092,0.802,Soft,21.971,29.792,26.265,323.1
R00093,2015,3,bahrain,8,Driver_8,Team_8,78.194,78.43549014281352,78.92511778995966,1.399,Soft,21.89,29.524,26.78,326.0
R00093,2015,3,bahrain,9,Driver_9,Team_9,78.698,78.81779593775016,79.30362309801392,1.712,Medium,22.03,29.939,26.729,336.5
R00093,2015,3,bahrain,10,Driver_10,Team_10,78.919,79.06047729680165,79.74673143136728,1.282,Medium,21.949,29.92,27.05,290.2
R00094,2015,4,bahrain,1,Lewis Hamilton,Mercedes,74.915,75.34939580666081,75.89131440367625,0.0,Medium,20.974,28.694,25.247,330.4
R00094,2015,4,bahrain,2,Driver_2,Team_2,76.185,76.31201245334324,77.11976034594697,0.293,Medium,21.495,28.946,25.744,308.4
R00094,2015,4,bahrain,3,Driver_3,Team_3,76.504,76.7135949895789,77.4343286475672,0.223,Medium,21.314,29.081,26.109,327.3
R00094,2015,4,bahrain,4,Driver_4,Team_4,76.78,77.26842845486817,77.22479852166761,1.165,Medium,21.521,29.123,26.136,321.6
R00094,2015,4,bahrain,5,Driver_5,Team_5,77.477,77.71132078471732,77.91073228658922,0.983,Soft,21.781,29.451,26.245,303.3
R00094,2015,4,bahrain,6,Driver_6,Team_6,77.602,77.97082287507465,78.02802664865344,2.881,Soft,21.606,29.4,26.596,331.4
R00094,2015,4,bahrain,7,Driver_7,Team_7,77.928,78.4136421005686,78.6339403362556,1.695,Medium,21.751,29.695,26.482,328.0
R00094,2015,4,bahrain,8,Driver_8,Team_8,78.332,78.79971829871573,78.80530696125584,1.6,Soft,21.977,29.844,26.511,304.0
R00094,2015,4,bahrain,9,Driver_9,Team_9,78.878,79.23255502870225,79.72641626572906,3.231,Soft,22.023,30.053,26.802,330.6
R00094,2015,4,bahrain,10,Driver_10,Team_10,79.162,79.47346534685843,79.59555900705342,3.182,Soft,22.177,30.137,26.848,315.6
R00095,2015,5,spain,1,Charles Leclerc,Ferrari,75.214,75.34275592090358,75.63972554136413,0.0,Soft,21.169,28.521,25.524,306.4
R00095,2015,5,spain,2,Driver_2,Team_2,75.697,76.15144930589346,76.06518505078604,0.38,Medium,21.231,28.589,25.877,330.7
R00095,2015,5,spain,3,Driver_3,Team_3,75.708,75.89829249371971,76.42678012075194,1.032,Soft,20.983,28.672,26.053,304.5
R00095,2015,5,spain,4,Driver_4,Team_4,76.647,76.85780520654077,77.64579458966662,0.552,Medium,21.412,28.97,26.265,305.6
R00095,2015,5,spain,5,Driver_5,Team_5,77.165,77.40674729317303,77.50889294941062,0.787,Medium,21.635,29.31,26.22,318.8
R00095,2015,5,spain,6,Driver_6,Team_6,77.476,77.74450345849361,78.12908242532994,1.862,Soft,21.844,29.478,26.154,310.2
R00095,2015,5,spain,7,Driver_7,Team_7,77.941,78.09011859765353,78.73439272477735,0.911,Medium,21.837,29.639,26.465,340.2
R00095,2015,5,spain,8,Driver_8,Team_8,78.03,78.41705529869664,78.60582210224298,3.658,Soft,21.719,29.45,26.861,325.6
R00095,2015,5,spain,9,Driver_9,Team_9,78.4,78.77833208401339,79.0996376603501,2.765,Medium,21.884,29.798,26.718,326.6
R00095,2015,5,spain,10,Driver_10,Team_10,78.863,79.25810431347722,79.62824412582455,3.009,Soft,22.011,29.932,26.92,353.5
R00096,2015,6,monaco,1,Lewis Hamilton,Mercedes,75.189,75.53806453897205,76.12294894870857,0.0,Intermediate,21.179,28.417,25.593,327.9
R00096,2015,6,monaco,2,Driver_2,Team_2,75.848,76.01585271650494,76.69552119153765,0.445,Intermediate,21.23,28.773,25.845,320.5
R00096,2015,6,monaco,3,Driver_3,Team_3,76.218,76.46674782675959,76.78346762821701,0.588,Intermediate,21.109,29.092,26.017,331.4
R00096,2015,6,monaco,4,Driver_4,Team_4,76.577,76.86113196331029,77.24688494229943,0.421,Intermediate,21.449,29.314,25.814,309.2
R00096,2015,6,monaco,5,Driver_5,Team_5,76.823,77.18066587601402,77.6933956863247,1.071,Intermediate,21.43,29.141,26.252,338.3
R00096,2015,6,monaco,6,Driver_6,Team_6,77.348,77.6799505759141,77.72655369583488,1.384,Intermediate,21.624,29.56,26.164,316.0
R00096,2015,6,monaco,7,Driver_7,Team_7,77.626,77.79621263159076,78.17395599268716,0.511,Intermediate,21.782,29.516,26.328,340.4
R00096,2015,6,monaco,8,Driver_8,Team_8,78.113,78.4391391470935,78.72768052501311,1.884,Intermediate,21.844,29.622,26.647,331.0
R00096,2015,6,monaco,9,Driver_9,Team_9,78.766,79.2021317253454,79.39107514494947,4.317,Intermediate,22.278,30.012,26.476,327.2
R00096,2015,6,monaco,10,Driver_10,Team_10,78.791,78.89318433653384,79.60480334619447,2.332,Intermediate,22.137,29.929,26.725,331.9
R00097,2015,7,canada,1,Lewis Hamilton,Mercedes,75.214,75.5721305823644,75.87152537566328,0.0,Medium,21.006,28.68,25.528,327.2
R00097,2015,7,canada,2,Driver_2,Team_2,75.429,75.76321050139902,76.33369457389395,0.557,Medium,21.177,28.723,25.529,314.3
R00097,2015,7,canada,3,Driver_3,Team_3,76.835,76.99299768709638,77.22692618448795,1.02,Medium,21.423,29.06,26.352,314.6
R00097,2015,7,canada,4,Driver_4,Team_4,76.947,77.29687650648626,77.92505293219547,0.935,Soft,21.391,29.008,26.548,287.5
R00097,2015,7,canada,5,Driver_5,Team_5,76.952,77.34905756462642,77.52553313713264,1.157,Medium,21.489,29.466,25.997,332.9
R00097,2015,7,canada,6,Driver_6,Team_6,77.58,77.99919874823509,78.41148171022026,1.877,Soft,21.822,29.487,26.271,333.0
R00097,2015,7,canada,7,Driver_7,Team_7,77.482,77.64382518936142,77.82556365231633,1.363,Medium,21.734,29.455,26.293,349.9
R00097,2015,7,canada,8,Driver_8,Team_8,77.772,77.99811877807113,78.42305238624165,0.882,Medium,21.793,29.555,26.424,318.7
R00097,2015,7,canada,9,Driver_9,Team_9,78.289,78.7109755457655,78.62376072475053,1.001,Soft,21.828,29.754,26.707,308.2
R00097,2015,7,canada,10,Driver_10,Team_10,79.114,79.5685627826763,79.60533264081026,3.922,Soft,22.082,30.06,26.972,322.7
R00098,2015,8,bahrain,1,Lewis Hamilton,Mercedes,75.232,75.66678618432056,76.12541149237661,0.0,Soft,21.067,28.616,25.549,318.0
R00098,2015,8,bahrain,2,Driver_2,Team_2,75.693,75.85157755645875,76.597287353737,0.249,Soft,21.079,28.882,25.732,309.0
R00098,2015,8,bahrain,3,Driver_3,Team_3,75.977,76.43339634060801,76.41781402038244,1.109,Soft,21.325,28.945,25.707,342.6
R00098,2015,8,bahrain,4,Driver_4,Team_4,75.991,76.39191255673579,76.37417978745063,0.907,Soft,21.186,28.91,25.895,322.4
R00098,2015,8,bahrain,5,Driver_5,Team_5,77.314,77.53004532278082,78.23521493399451,2.372,Medium,21.716,29.278,26.32,313.9
R00098,2015,8,bahrain,6,Driver_6,Team_6,77.4,77.73251500337341,77.89678919276092,1.499,Medium,21.645,29.373,26.382,301.2
R00098,2015,8,bahrain,7,Driver_7,Team_7,77.9,78.01338615733542,78.36153847679842,0.538,Soft,21.776,29.625,26.499,336.8
R00098,2015,8,bahrain,8,Driver_8,Team_8,77.698,78.07807113053738,78.162837085323,2.287,Medium,21.9,29.568,26.23,319.8
R00098,2015,8,bahrain,9,Driver_9,Team_9,78.287,78.52135105658861,79.15847186093197,2.773,Soft,21.874,29.628,26.785,304.3
R00098,2015,8,bahrain,10,Driver_10,Team_10,78.614,79.00266584264921,79.14651827238778,2.55,Soft,22.028,29.859,26.727,296.3
R00099,2015,9,bahrain,1,Lewis Hamilton,Mercedes,75.417,75.54260091415476,75.97606846048225,0.0,Medium,21.204,28.653,25.56,320.5
R00099,2015,9,bahrain,2,Driver_2,Team_2,75.176,75.63453255917352,75.82263006611927,0.192,Soft,21.055,28.774,25.347,324.4
R00099,2015,9,bahrain,3,Driver_3,Team_3,76.056,76.31354443462781,76.67561689765334,0.819,Soft,21.422,28.948,25.686,316.6
R00099,2015,9,bahrain,4,Driver_4,Team_4,76.859,77.04955262562149,77.46117120702341,0.602,Soft,21.701,29.245,25.913,334.2
R00099,2015,9,bahrain,5,Driver_5,Team_5,77.155,77.53655378104705,77.78644382067385,2.039,Soft,21.57,29.411,26.174,319.4
R00099,2015,9,bahrain,6,Driver_6,Team_6,77.411,77.60480872646856,78.01109048065528,2.648,Medium,21.474,29.528,26.409,314.5
R00099,2015,9,bahrain,7,Driver_7,Team_7,77.7,78.16809690429723,78.02169217369762,1.836,Medium,21.815,29.657,26.228,338.2
R00099,2015,9,bahrain,8,Driver_8,Team_8,78.29,78.76872649909814,79.28616785105883,3.025,Soft,22.024,29.769,26.497,331.4
R00099,2015,9,bahrain,9,Driver_9,Team_9,79.17,79.40935307123664,79.69190657466106,4.18,Medium,22.014,29.934,27.222,336.5
R00099,2015,9,bahrain,10,Driver_10,Team_10,79.746,80.23580763253446,80.34247255829332,5.387,Soft,22.272,30.421,27.053,302.4
R00100,2015,10,bahrain,1,Lewis Hamilton,Mercedes,75.582,75.92297086091055,75.99668516702621,0.0,Medium,21.318,28.87,25.394,322.1
R00100,2015,10,bahrain,2,Driver_2,Team_2,75.835,76.09316306882242,76.18656801948163,0.158,Medium,21.165,28.707,25.963,328.7
R00100,2015,10,bahrain,3,Driver_3,Team_3,75.994,76.21880011019911,76.4072574044987,0.571,Medium,21.464,28.794,25.736,318.8
R00100,2015,10,bahrain,4,Driver_4,Team_4,76.791,76.91797623130611,77.56027547837463,1.634,Medium,21.623,29.067,26.101,337.1
R00100,2015,10,bahrain,5,Driver_5,Team_5,77.327,77.72383601915166,78.32079283522242,1.87,Soft,21.697,29.417,26.213,332.0
R00100,2015,10,bahrain,6,Driver_6,Team_6,77.407,77.8167064398522,77.91221746444249,0.932,Soft,21.74,29.312,26.355,355.3
R00100,2015,10,bahrain,7,Driver_7,Team_7,77.901,78.24566736650029,78.81427392496691,3.301,Medium,21.892,29.616,26.393,301.6
R00100,2015,10,bahrain,8,Driver_8,Team_8,78.475,78.90912804807508,78.89742630714916,0.712,Soft,21.985,29.802,26.688,352.8
R00100,2015,10,bahrain,9,Driver_9,Team_9,78.271,78.48251897604963,79.21860213362083,2.981,Medium,22.011,29.614,26.646,328.6
R00100,2015,10,bahrain,10,Driver_10,Team_10,78.911,79.05325875559869,79.88963161191852,2.192,Soft,22.109,29.937,26.865,339.2
R00101,2015,11,hungary,1,Lewis Hamilton,Mercedes,75.646,75.96062568021793,76.34792344442064,0.0,Intermediate,21.225,28.808,25.613,310.9
R00101,2015,11,hungary,2,Driver_2,Team_2,76.007,76.31481610545804,76.45738558380637,0.415,Intermediate,21.19,28.99,25.827,340.0
R00101,2015,11,hungary,3,Driver_3,Team_3,76.288,76.5124399430991,77.27279151741949,0.607,Intermediate,21.27,28.925,26.093,357.1
R00101,2015,11,hungary,4,Driver_4,Team_4,76.541,76.75007412569282,77.13726589714061,1.779,Intermediate,21.59,29.014,25.937,294.2
R00101,2015,11,hungary,5,Driver_5,Team_5,76.577,76.88372961739158,77.15789187258173,2.281,Intermediate,21.495,29.076,26.006,320.1
R00101,2015,11,hungary,6,Driver_6,Team_6,77.492,77.96359426212241,78.34344268333766,1.623,Intermediate,21.627,29.446,26.419,354.1
R00101,2015,11,hungary,7,Driver_7,Team_7,77.649,78.04756215869523,78.48828523976522,3.013,Intermediate,21.787,29.442,26.42,307.0
R00101,2015,11,hungary,8,Driver_8,Team_8,78.331,78.57051744994314,79.28531093618406,3.118,Intermediate,21.827,29.665,26.839,311.5
R00101,2015,11,hungary,9,Driver_9,Team_9,78.71,78.86202555947611,79.50857699095397,1.407,Intermediate,21.983,29.877,26.85,334.3
R00101,2015,11,hungary,10,Driver_10,Team_10,78.464,78.65812648093448,78.85035756306529,3.096,Intermediate,21.883,29.795,26.786,326.6
R00102,2015,12,bahrain,1,Lewis Hamilton,Mercedes,75.048,75.24681950247876,75.38502373794663,0.0,Medium,20.908,28.632,25.508,332.7
R00102,2015,12,bahrain,2,Driver_2,Team_2,75.55,76.01979703420177,76.27595689880285,0.144,Soft,21.258,28.54,25.752,350.6
R00102,2015,12,bahrain,3,Driver_3,Team_3,76.692,76.81124523746823,77.22613571341178,0.317,Soft,21.359,29.079,26.254,325.7
R00102,2015,12,bahrain,4,Driver_4,Team_4,76.448,76.7286720886576,76.78305420436821,0.541,Soft,21.297,29.067,26.084,327.6
R00102,2015,12,bahrain,5,Driver_5,Team_5,77.113,77.40889510923031,77.86126036905857,0.453,Medium,21.71,29.431,25.972,317.1
R00102,2015,12,bahrain,6,Driver_6,Team_6,77.734,77.94590342474,78.16355323194226,2.309,Medium,21.97,29.401,26.363,319.0
R00102,2015,12,bahrain,7,Driver_7,Team_7,78.051,78.52127068368763,78.59481518967802,2.309,Soft,21.715,29.581,26.755,315.4
R00102,2015,12,bahrain,8,Driver_8,Team_8,77.989,78.11786471005418,78.90747658241975,3.581,Soft,21.918,29.579,26.492,290.7
R00102,2015,12,bahrain,9,Driver_9,Team_9,78.64,78.89164486737394,79.36316446247822,3.667,Soft,21.891,29.83,26.919,295.9
R00102,2015,12,bahrain,10,Driver_10,Team_10,79.511,79.63438471451086,79.81619181351265,3.326,Medium,22.336,30.131,27.044,327.6
R00103,2015,13,bahrain,1,Lewis Hamilton,Mercedes,75.6,75.8878207956707,76.02489585717345,0.0,Medium,21.086,28.79,25.724,344.6
R00103,2015,13,bahrain,2,Driver_2,Team_2,75.557,75.7828386720505,76.1226139571157,0.082,Soft,20.949,28.756,25.852,326.5
R00103,2015,13,bahrain,3,Driver_3,Team_3,76.1,76.52637964373255,76.58667134837997,0.873,Medium,21.464,28.726,25.91,316.7
R00103,2015,13,bahrain,4,Driver_4,Team_4,76.769,77.1119221092401,77.59359400904017,0.551,Soft,21.33,29.248,26.191,335.3
R00103,2015,13,bahrain,5,Driver_5,Team_5,76.98,77.18038332841023,77.47835106323296,1.143,Medium,21.484,29.206,26.29,344.2
R00103,2015,13,bahrain,6,Driver_6,Team_6,77.345,77.80960800704318,77.91313267200985,2.441,Soft,21.49,29.482,26.373,321.1
R00103,2015,13,bahrain,7,Driver_7,Team_7,78.066,78.26894491769269,78.58004084655701,1.699,Medium,21.893,29.67,26.503,310.3
R00103,2015,13,bahrain,8,Driver_8,Team_8,77.818,78.29952240619163,78.772405941744,0.797,Medium,21.738,29.586,26.494,337.4
R00103,2015,13,bahrain,9,Driver_9,Team_9,79.154,79.28355660411387,79.8806745764008,4.731,Medium,22.081,29.946,27.127,305.2
R00103,2015,13,bahrain,10,Driver_10,Team_10,79.013,79.16935615651285,79.63343356376154,1.238,Medium,21.942,29.885,27.186,310.2
R00105,2015,15,bahrain,1,Lewis Hamilton,Mercedes,75.509,75.95636555235713,75.82204654087023,0.0,Soft,21.217,28.6,25.692,332.7
R00105,2015,15,bahrain,2,Driver_2,Team_2,75.801,76.22826242086856,76.64667884207127,0.101,Soft,21.401,28.558,25.842,323.5
R00105,2015,15,bahrain,3,Driver_3,Team_3,76.147,76.30654567452018,77.06521335839412,0.966,Medium,21.064,28.896,26.187,329.6
R00105,2015,15,bahrain,4,Driver_4,Team_4,76.681,77.0059911922542,77.25389005196462,0.617,Soft,21.444,28.939,26.298,291.1
R00105,2015,15,bahrain,5,Driver_5,Team_5,76.711,77.0593992583234,77.631326352016,0.534,Medium,21.48,29.43,25.801,334.9
R00105,2015,15,bahrain,6,Driver_6,Team_6,77.327,77.56268389620831,77.64077556511663,1.262,Soft,21.676,29.345,26.306,313.6
R00105,2015,15,bahrain,7,Driver_7,Team_7,77.524,77.71964353238178,78.21073152343476,1.439,Soft,21.805,29.259,26.46,334.6
R00105,2015,15,bahrain,8,Driver_8,Team_8,78.536,78.96424443562435,79.1317957627401,1.491,Medium,22.01,29.731,26.795,342.4
R00105,2015,15,bahrain,9,Driver_9,Team_9,78.302,78.7815511234813,79.08181727233293,3.5,Soft,21.921,29.654,26.727,322.3
R00105,2015,15,bahrain,10,Driver_10,Team_10,78.589,78.87185928382469,79.36062297666179,2.568,Medium,22.173,29.824,26.592,343.5
R00106,2015,16,bahrain,1,Charles Leclerc,Ferrari,74.963,75.41071237195904,75.63634492525463,0.0,Soft,20.972,28.443,25.548,305.6
R00106,2015,16,bahrain,2,Driver_2,Team_2,75.767,76.25646479488492,76.37885133333894,0.23,Soft,21.273,28.712,25.782,295.2
R00106,2015,16,bahrain,3,Driver_3,Team_3,76.162,76.65376095586662,76.46784236553655,0.211,Medium,21.39,29.054,25.718,347.3
R00106,2015,16,bahrain,4,Driver_4,Team_4,76.76,77.19101702391788,77.69211693225662,0.47,Soft,21.418,29.185,26.157,340.6
R00106,2015,16,bahrain,5,Driver_5,Team_5,76.897,77.31507683472518,77.43727767043295,2.151,Soft,21.575,29.241,26.081,341.0
R00106,2015,16,bahrain,6,Driver_6,Team_6,77.33,77.5554044307026,77.73470257593438,1.456,Soft,21.596,29.397,26.337,316.9
R00106,2015,16,bahrain,7,Driver_7,Team_7,78.146,78.26309477599027,78.94512131257291,2.201,Soft,21.979,29.799,26.368,314.7
R00106,2015,16,bahrain,8,Driver_8,Team_8,78.478,78.8168809684333,79.05187810147318,3.009,Soft,22.046,29.945,26.487,333.4
R00106,2015,16,bahrain,9,Driver_9,Team_9,78.463,78.84623792030003,78.93582076904248,3.136,Soft,21.841,29.892,26.73,302.2
R00106,2015,16,bahrain,10,Driver_10,Team_10,79.113,79.57768229319169,79.61528484795002,0.733,Soft,22.177,30.076,26.86,327.8
R00107,2015,17,brazil,1,Lewis Hamilton,Mercedes,74.991,75.24286732561994,75.38543110077134,0.0,Soft,20.893,28.429,25.669,322.7
R00107,2015,17,brazil,2,Driver_2,Team_2,75.738,76.11032183486398,76.33797385534524,0.525,Medium,21.102,28.857,25.779,331.5
R00107,2015,17,brazil,3,Driver_3,Team_3,75.46,75.58441589714303,76.06632898173471,1.095,Medium,21.206,28.787,25.467,355.2
R00107,2015,17,brazil,4,Driver_4,Team_4,76.306,76.7533430419988,76.86602738313942,0.321,Medium,21.522,28.954,25.83,310.8
R00107,2015,17,brazil,5,Driver_5,Team_5,77.014,77.32647793098808,77.49328327523429,2.151,Medium,21.459,29.328,26.227,301.1
R00107,2015,17,brazil,6,Driver_6,Team_6,77.499,77.959336479633,77.85135506002113,2.167,Soft,21.643,29.659,26.197,300.4
R00107,2015,17,brazil,7,Driver_7,Team_7,78.038,78.21151877929832,79.02634041669482,0.977,Soft,21.76,29.591,26.687,343.6
R00107,2015,17,brazil,8,Driver_8,Team_8,77.975,78.23497892567147,78.59375016041228,4.096,Medium,21.912,29.664,26.399,328.7
R00107,2015,17,brazil,9,Driver_9,Team_9,78.699,78.9590574174996,79.50746235222068,0.97,Medium,22.029,29.907,26.763,346.5
R00107,2015,17,brazil,10,Driver_10,Team_10,79.083,79.33800159529609,79.7863924545909,2.691,Medium,22.16,30.067,26.856,304.4
R00108,2015,18,abu_dhabi,1,Lewis Hamilton,Mercedes,75.374,75.51411413912287,75.91249430453429,0.0,Soft,21.051,28.697,25.626,329.0
R00108,2015,18,abu_dhabi,2,Driver_2,Team_2,75.178,75.5172212333946,75.59114024928606,0.331,Medium,21.168,28.56,25.45,321.6
R00108,2015,18,abu_dhabi,3,Driver_3,Team_3,76.525,77.01344559011272,77.04724741108716,0.343,Soft,21.37,28.964,26.191,342.8
R00108,2015,18,abu_dhabi,4,Driver_4,Team_4,76.657,77.0368006731995,77.49141407611204,0.488,Medium,21.383,29.117,26.157,334.4
R00108,2015,18,abu_dhabi,5,Driver_5,Team_5,76.79,77.2514751717162,77.70184505593761,0.392,Medium,21.535,29.034,26.221,311.8
R00108,2015,18,abu_dhabi,6,Driver_6,Team_6,77.242,77.4986462655796,78.05899699155455,1.307,Medium,21.569,29.411,26.262,332.0
R00108,2015,18,abu_dhabi,7,Driver_7,Team_7,78.087,78.24869037474289,78.77343031392216,1.964,Medium,21.769,29.806,26.512,357.1
R00108,2015,18,abu_dhabi,8,Driver_8,Team_8,77.851,78.09956354976786,78.53788857072372,1.839,Medium,21.657,29.637,26.557,319.5
R00108,2015,18,abu_dhabi,9,Driver_9,Team_9,78.103,78.49684185052227,78.93140177224988,2.155,Soft,21.92,29.577,26.606,314.8
R00108,2015,18,abu_dhabi,10,Driver_10,Team_10,79.096,79.56818443139497,80.09326471841135,4.872,Soft,22.229,29.975,26.892,330.5
R00109,2016,1,bahrain,1,Lewis Hamilton,Mercedes,75.387,75.86645097921796,76.19579901131158,0.0,Soft,21.203,28.549,25.635,359.2
R00109,2016,1,bahrain,2,Driver_2,Team_2,75.955,76.07433132727752,76.41505026286495,0.567,Soft,21.431,28.934,25.59,334.1
R00109,2016,1,bahrain,3,Driver_3,Team_3,76.676,77.03531785044261,77.22255356891148,0.505,Medium,21.515,29.262,25.899,342.0
R00109,2016,1,bahrain,4,Driver_4,Team_4,77.211,77.70056471028617,77.70785658706998,1.394,Soft,21.552,29.455,26.204,317.4
R00109,2016,1,bahrain,5,Driver_5,Team_5,76.737,77.0301427027248,77.10115857988573,1.214,Medium,21.515,29.22,26.002,305.7
R00109,2016,1,bahrain,6,Driver_6,Team_6,77.854,77.98461373661979,78.41512230473802,1.124,Soft,21.835,29.53,26.489,324.2
R00109,2016,1,bahrain,7,Driver_7,Team_7,78.062,78.29677967605534,79.02970135919891,1.507,Medium,21.869,29.479,26.714,326.4
R00109,2016,1,bahrain,8,Driver_8,Team_8,78.491,78.97720756084517,79.01435809494693,4.041,Medium,21.953,29.863,26.675,310.3
R00109,2016,1,bahrain,9,Driver_9,Team_9,78.534,78.8866390616364,78.97800329713694,1.94,Medium,21.883,29.927,26.724,315.9
R00109,2016,1,bahrain,10,Driver_10,Team_10,79.088,79.39784713215901,79.48803599858151,5.386,Soft,22.406,30.264,26.418,309.4
R00110,2016,2,bahrain,1,Lewis Hamilton,Mercedes,75.31,75.56508384270748,75.61421146673331,0.0,Soft,21.218,28.681,25.411,301.1
R00110,2016,2,bahrain,2,Driver_2,Team_2,75.895,76.28215020772001,76.40841208606992,0.492,Medium,21.272,28.829,25.794,321.4
R00110,2016,2,bahrain,3,Driver_3,Team_3,76.083,76.53884141177315,76.65877515422535,0.883,Soft,21.314,28.743,26.026,327.8
R00110,2016,2,bahrain,4,Driver_4,Team_4,76.731,76.90793005321946,77.41590540258363,1.476,Soft,21.401,29.219,26.111,303.5
R00110,2016,2,bahrain,5,Driver_5,Team_5,77.275,77.70157104249282,77.88839743312256,1.693,Soft,21.65,29.339,26.286,316.2
R00110,2016,2,bahrain,6,Driver_6,Team_6,77.605,77.94513365458012,78.31056459556667,2.869,Medium,21.713,29.586,26.306,320.0
R00110,2016,2,bahrain,7,Driver_7,Team_7,77.731,77.9833908016351,78.52497295481126,2.606,Soft,21.569,29.523,26.639,310.4
R00110,2016,2,bahrain,8,Driver_8,Team_8,78.188,78.30335144668938,78.84129821185383,0.912,Medium,22.067,29.709,26.412,311.4
R00110,2016,2,bahrain,9,Driver_9,Team_9,78.45,78.89015111639455,78.85890399627677,2.865,Soft,21.908,29.858,26.684,334.7
R00110,2016,2,bahrain,10,Driver_10,Team_10,79.075,79.52942111165626,79.70491023768082,4.713,Medium,22.185,29.924,26.966,326.5
R00111,2016,3,bahrain,1,Lewis Hamilton,Mercedes,74.916,75.10605265750334,75.47363082171132,0.0,Medium,21.036,28.477,25.403,352.1
R00111,2016,3,bahrain,2,Driver_2,Team_2,75.911,76.15629580904574,76.44098123831718,0.307,Soft,21.243,28.988,25.68,318.4
R00111,2016,3,bahrain,3,Driver_3,Team_3,76.794,76.90090438890942,77.46090673054809,0.423,Medium,21.546,29.263,25.985,326.5
R00111,2016,3,bahrain,4,Driver_4,Team_4,76.809,77.24454486605435,77.4139737470315,1.233,Medium,21.447,29.136,26.226,335.6
R00111,2016,3,bahrain,5,Driver_5,Team_5,76.989,77.17243975272442,77.68588727069654,0.957,Medium,21.718,28.987,26.284,309.9
R00111,2016,3,bahrain,6,Driver_6,Team_6,77.879,78.0954224224481,78.56914494663333,1.94,Soft,21.947,29.489,26.443,332.1
R00111,2016,3,bahrain,7,Driver_7,Team_7,77.844,78.13050614185903,78.69544166378891,0.859,Soft,21.67,29.65,26.524,345.2
R00111,2016,3,bahrain,8,Driver_8,Team_8,78.219,78.40939318135804,78.96323572112401,2.216,Medium,21.814,29.599,26.806,320.5
R00111,2016,3,bahrain,9,Driver_9,Team_9,78.493,78.80648793649522,79.41406512980114,3.414,Medium,21.944,29.767,26.782,333.4
R00111,2016,3,bahrain,10,Driver_10,Team_10,79.031,79.22363653895174,79.64936570656221,1.265,Soft,22.039,29.923,27.069,336.0
R00112,2016,4,bahrain,1,Lewis Hamilton,Mercedes,75.223,75.5911691432679,75.95913215009959,0.0,Medium,21.137,28.674,25.412,330.2
R00112,2016,4,bahrain,2,Driver_2,Team_2,75.739,75.9269165971065,76.23769853150347,0.513,Medium,21.171,28.792,25.776,298.1
R00112,2016,4,bahrain,3,Driver_3,Team_3,76.313,76.79980123983854,77.3017253760983,0.94,Soft,21.463,29.063,25.787,302.5
R00112,2016,4,bahrain,4,Driver_4,Team_4,76.8,76.9357540421542,77.13075473568371,0.582,Medium,21.524,29.124,26.152,331.7
R00112,2016,4,bahrain,5,Driver_5,Team_5,77.001,77.24652590705074,77.74306819287709,0.847,Medium,21.764,29.219,26.018,309.7
R00112,2016,4,bahrain,6,Driver_6,Team_6,77.305,77.6405962166447,77.6611664031872,1.955,Soft,21.514,29.247,26.544,319.7
R00112,2016,4,bahrain,7,Driver_7,Team_7,77.488,77.95219880710658,77.86730875960745,1.801,Soft,21.65,29.436,26.402,314.6
R00112,2016,4,bahrain,8,Driver_8,Team_8,78.769,79.09547149018027,79.62486939113003,2.454,Medium,21.951,29.811,27.007,323.9
R00112,2016,4,bahrain,9,Driver_9,Team_9,78.77,79.24934913746438,79.07404995736194,3.927,Medium,22.002,30.0,26.768,335.0
R00112,2016,4,bahrain,10,Driver_10,Team_10,78.999,79.46166508151987,79.65551778680144,0.882,Soft,22.17,29.851,26.978,293.1
R00113,2016,5,spain,1,Lewis Hamilton,Mercedes,75.788,76.1681848438043,76.36621845266788,0.0,Soft,21.23,28.819,25.739,317.7
R00113,2016,5,spain,2,Driver_2,Team_2,76.064,76.33457156989269,76.8363154655181,0.557,Medium,21.302,28.957,25.805,333.9
R00113,2016,5,spain,3,Driver_3,Team_3,75.927,76.30131623172517,76.41851643263598,0.489,Soft,21.327,28.896,25.704,322.7
R00113,2016,5,spain,4,Driver_4,Team_4,76.334,76.44361176438115,76.77887301079991,1.537,Soft,21.479,28.732,26.123,334.3
R00113,2016,5,spain,5,Driver_5,Team_5,76.906,77.39609079681685,77.82968363165882,1.493,Soft,21.666,29.199,26.041,330.7
R00113,2016,5,spain,6,Driver_6,Team_6,77.147,77.55522361546441,77.48353693896833,1.267,Medium,21.487,29.182,26.478,348.5
R00113,2016,5,spain,7,Driver_7,Team_7,77.382,77.80314365254338,77.87513220036924,0.666,Soft,21.684,29.367,26.331,341.1
R00113,2016,5,spain,8,Driver_8,Team_8,78.826,79.06727490945079,79.45038520447955,4.147,Soft,22.073,29.771,26.982,317.1
R00113,2016,5,spain,9,Driver_9,Team_9,78.582,78.70479077124837,79.25536083300003,3.776,Medium,21.943,29.835,26.804,336.9
R00113,2016,5,spain,10,Driver_10,Team_10,78.354,78.48432313323119,78.96175788734249,3.458,Soft,21.927,29.777,26.65,319.9
R00114,2016,6,monaco,1,Lewis Hamilton,Mercedes,75.0,75.23669223364733,75.7799382350978,0.0,Soft,21.043,28.564,25.393,346.5
R00114,2016,6,monaco,2,Driver_2,Team_2,75.752,75.92620912809824,76.57302548795118,0.384,Medium,21.157,28.78,25.815,346.2
R00114,2016,6,monaco,3,Driver_3,Team_3,76.623,76.99059927524048,77.01650935951483,0.963,Soft,21.557,29.004,26.062,349.1
R00114,2016,6,monaco,4,Driver_4,Team_4,76.318,76.7990304776688,77.22029015052956,1.228,Soft,21.312,29.116,25.89,323.0
R00114,2016,6,monaco,5,Driver_5,Team_5,76.583,77.07914031356255,77.10334735151824,0.752,Medium,21.521,29.092,25.97,310.7
R00114,2016,6,monaco,6,Driver_6,Team_6,77.787,78.19534969534972,78.39114986146214,2.023,Soft,21.695,29.609,26.483,318.9
R00114,2016,6,monaco,7,Driver_7,Team_7,77.295,77.7129493723518,78.06859671741331,3.314,Soft,21.588,29.358,26.349,288.3
R00114,2016,6,monaco,8,Driver_8,Team_8,78.436,78.62293134641527,79.04995374584414,1.991,Soft,21.911,29.827,26.698,331.6
R00114,2016,6,monaco,9,Driver_9,Team_9,78.635,79.01506716406541,79.24871592110058,1.985,Soft,21.902,30.014,26.719,315.4
R00114,2016,6,monaco,10,Driver_10,Team_10,79.458,79.91781234338023,80.11582168477918,3.943,Medium,22.248,30.129,27.081,325.4
R00116,2016,8,bahrain,1,Lewis Hamilton,Mercedes,75.69,76.0974566709084,76.27732094586781,0.0,Medium,21.273,28.708,25.709,352.2
R00116,2016,8,bahrain,2,Driver_2,Team_2,75.599,75.81396058945425,76.34509998322484,0.364,Medium,21.317,28.585,25.697,326.3
R00116,2016,8,bahrain,3,Driver_3,Team_3,76.582,77.06875017868059,77.43244025634571,0.918,Medium,21.462,29.016,26.104,341.1
R00116,2016,8,bahrain,4,Driver_4,Team_4,77.029,77.20490863804113,77.73660599150273,0.782,Soft,21.409,29.216,26.404,316.6
R00116,2016,8,bahrain,5,Driver_5,Team_5,76.726,77.11165523885244,77.29818808805888,2.193,Medium,21.367,29.191,26.168,285.9
R00116,2016,8,bahrain,6,Driver_6,Team_6,77.663,78.10282244694534,78.39706513853992,2.782,Medium,21.778,29.343,26.542,336.4
R00116,2016,8,bahrain,7,Driver_7,Team_7,77.78,78.1803603573017,78.71147852339004,2.422,Soft,21.777,29.366,26.637,334.6
R00116,2016,8,bahrain,8,Driver_8,Team_8,77.389,77.6557766249318,78.32617287363719,1.083,Medium,21.675,29.453,26.261,333.2
R00116,2016,8,bahrain,9,Driver_9,Team_9,78.806,79.054227602085,79.11870016540703,3.251,Soft,21.859,29.986,26.961,327.9
R00116,2016,8,bahrain,10,Driver_10,Team_10,79.412,79.68648926674253,79.8608872894959,1.776,Medium,22.385,30.223,26.804,310.3
R00117,2016,9,bahrain,1,Lewis Hamilton,Mercedes,75.307,75.65384731901948,76.22155531885822,0.0,Soft,20.962,28.605,25.74,336.9
R00117,2016,9,bahrain,2,Driver_2,Team_2,75.978,76.24920718950722,76.86328100918594,0.156,Medium,21.319,28.821,25.838,331.0
R00117,2016,9,bahrain,3,Driver_3,Team_3,75.985,76.43206175732989,76.74711896249774,0.631,Soft,21.172,28.971,25.842,328.9
R00117,2016,9,bahrain,4,Driver_4,Team_4,76.674,77.16485995621814,77.25529767523578,1.687,Medium,21.382,29.015,26.277,327.2
R00117,2016,9,bahrain,5,Driver_5,Team_5,78.099,78.45868941294825,78.98548345138197,1.756,Medium,21.672,29.546,26.881,326.9
R00117,2016,9,bahrain,6,Driver_6,Team_6,77.244,77.58182595236143,78.05315861659172,1.892,Soft,21.531,29.3,26.413,336.2
R00117,2016,9,bahrain,7,Driver_7,Team_7,77.285,77.5810287491948,77.88627104109524,3.372,Medium,21.615,29.388,26.282,337.4
R00117,2016,9,bahrain,8,Driver_8,Team_8,78.365,78.51779018316263,78.95216437967102,2.58,Soft,21.834,29.848,26.683,302.0
R00117,2016,9,bahrain,9,Driver_9,Team_9,78.605,78.90427345861252,79.25180498505678,3.689,Medium,22.123,29.924,26.558,333.3
R00117,2016,9,bahrain,10,Driver_10,Team_10,78.769,78.88742805786119,79.43504644895859,3.384,Soft,21.998,29.927,26.844,318.3
R00118,2016,10,bahrain,1,Max Verstappen,Red Bull Racing,75.303,75.69584992251667,76.16566172192566,0.0,Medium,21.157,28.595,25.551,318.1
R00118,2016,10,bahrain,2,Driver_2,Team_2,75.415,75.53975600938395,76.18233447484782,0.237,Medium,21.175,28.751,25.489,312.2
R00118,2016,10,bahrain,3,Driver_3,Team_3,75.902,76.11061547214733,76.69419015135894,0.192,Medium,21.372,28.795,25.735,319.7
R00118,2016,10,bahrain,4,Driver_4,Team_4,76.532,76.72893547305921,77.30535617876842,1.289,Medium,21.554,29.296,25.682,342.6
R00118,2016,10,bahrain,5,Driver_5,Team_5,77.329,77.73643297616047,77.64735492905912,2.26,Medium,21.565,29.351,26.413,362.9
R00118,2016,10,bahrain,6,Driver_6,Team_6,77.547,77.86914072053082,78.47591352833072,0.987,Soft,21.733,29.572,26.242,324.9
R00118,2016,10,bahrain,7,Driver_7,Team_7,77.897,78.05440787080546,78.36882129682145,2.361,Medium,21.789,29.546,26.562,311.2
R00118,2016,10,bahrain,8,Driver_8,Team_8,78.536,78.93525392686695,79.50559383525487,0.932,Soft,22.013,29.855,26.668,317.8
R00118,2016,10,bahrain,9,Driver_9,Team_9,78.583,78.82710435335714,79.39052102588603,1.318,Soft,22.065,29.849,26.669,316.8
R00118,2016,10,bahrain,10,Driver_10,Team_10,78.616,79.02468809331877,79.23094182925637,4.902,Soft,21.864,29.965,26.787,303.9
R00119,2016,11,hungary,1,Lewis Hamilton,Mercedes,75.859,75.96787864735575,76.40165985425371,0.0,Medium,21.227,28.87,25.762,339.0
R00119,2016,11,hungary,2,Driver_2,Team_2,75.496,75.67912921312066,76.39381407453021,0.408,Medium,21.048,28.618,25.83,320.2
R00119,2016,11,hungary,3,Driver_3,Team_3,76.458,76.56272568614065,77.26043213393498,0.237,Soft,21.393,29.012,26.053,294.0
R00119,2016,11,hungary,4,Driver_4,Team_4,75.655,75.85091696499234,76.51092481998647,0.72,Medium,21.234,28.889,25.532,300.2
R00119,2016,11,hungary,5,Driver_5,Team_5,76.792,77.11596761815119,77.3133287946928,0.689,Medium,21.518,29.21,26.064,320.1
R00119,2016,11,hungary,6,Driver_6,Team_6,77.116,77.21967102605618,77.86392966483422,2.314,Medium,21.632,29.098,26.386,322.9
R00119,2016,11,hungary,7,Driver_7,Team_7,77.528,77.82813891842883,78.04412336753927,0.669,Medium,21.784,29.528,26.216,338.0
R00119,2016,11,hungary,8,Driver_8,Team_8,78.296,78.79279221058508,79.24571848426122,1.445,Medium,21.833,29.665,26.798,318.4
R00119,2016,11,hungary,9,Driver_9,Team_9,79.055,79.32488168799803,79.85330702103805,2.952,Medium,22.071,29.899,27.085,323.0
R00119,2016,11,hungary,10,Driver_10,Team_10,78.84,79.0722747319287,79.53700804166833,1.927,Medium,22.135,29.932,26.773,308.0
R00120,2016,12,bahrain,1,Lewis Hamilton,Mercedes,75.59,76.05091345708621,75.9459933125035,0.0,Medium,21.194,28.782,25.614,285.0
R00120,2016,12,bahrain,2,Driver_2,Team_2,75.21,75.45833890118998,75.53985928822269,0.572,Medium,21.06,28.572,25.578,342.3
R00120,2016,12,bahrain,3,Driver_3,Team_3,75.999,76.41845592177182,76.33844761092561,0.963,Soft,21.209,29.16,25.63,314.3
R00120,2016,12,bahrain,4,Driver_4,Team_4,76.406,76.61967568188106,76.84833109652814,0.272,Soft,21.4,28.874,26.132,291.7
R00120,2016,12,bahrain,5,Driver_5,Team_5,76.69,77.16269591173351,77.56846172637121,2.041,Soft,21.61,28.984,26.096,319.0
R00120,2016,12,bahrain,6,Driver_6,Team_6,76.875,77.33254026564856,77.22080847929534,0.463,Soft,21.589,29.155,26.131,327.3
R00120,2016,12,bahrain,7,Driver_7,Team_7,77.514,77.82579097869808,78.46611272060754,3.249,Medium,21.647,29.404,26.463,328.0
R00120,2016,12,bahrain,8,Driver_8,Team_8,78.186,78.63011723170133,79.14986454689561,0.716,Soft,21.898,29.647,26.641,324.3
R00120,2016,12,bahrain,9,Driver_9,Team_9,78.552,78.7442126403246,79.1558305808104,3.69,Soft,22.122,29.741,26.689,309.1
R00120,2016,12,bahrain,10,Driver_10,Team_10,79.035,79.28899268465396,79.62061324997192,1.612,Soft,22.13,30.084,26.821,318.3
R00121,2016,13,bahrain,1,Lewis Hamilton,Mercedes,75.323,75.6121369278978,76.22502173432036,0.0,Medium,21.006,28.738,25.579,300.0
R00121,2016,13,bahrain,2,Driver_2,Team_2,76.294,76.49365532614183,77.1876483830996,0.317,Soft,21.499,28.891,25.904,307.0
R00121,2016,13,bahrain,3,Driver_3,Team_3,76.285,76.47164380439933,76.96001421563953,0.636,Medium,21.302,28.914,26.069,322.3
R00121,2016,13,bahrain,4,Driver_4,Team_4,76.348,76.82549644920691,77.26751176209919,0.259,Soft,21.318,29.036,25.994,326.3
R00121,2016,13,bahrain,5,Driver_5,Team_5,77.232,77.6811196557016,78.19027853997271,0.372,Soft,21.58,29.45,26.202,318.3
R00121,2016,13,bahrain,6,Driver_6,Team_6,77.292,77.47295790983615,78.015433218942,2.001,Soft,21.734,29.432,26.126,336.5
R00121,2016,13,bahrain,7,Driver_7,Team_7,77.538,77.9277994920622,78.4341152726599,1.401,Soft,21.752,29.481,26.305,324.5
R00121,2016,13,bahrain,8,Driver_8,Team_8,77.798,77.9138819066886,78.31804789046286,2.538,Soft,21.501,29.722,26.575,327.0
R00121,2016,13,bahrain,9,Driver_9,Team_9,78.76,79.01565811677145,79.36342083849587,2.632,Soft,22.071,30.029,26.66,312.3
R00121,2016,13,bahrain,10,Driver_10,Team_10,78.995,79.21793365715214,79.79880425519151,2.409,Soft,22.03,29.956,27.009,318.4
R00122,2016,14,singapore,1,Lewis Hamilton,Mercedes,75.025,75.39856644227527,75.81611108569514,0.0,Medium,21.038,28.511,25.476,354.1
R00122,2016,14,singapore,2,Driver_2,Team_2,76.247,76.48632767092367,76.80606866153882,0.453,Medium,21.428,28.948,25.871,334.7
R00122,2016,14,singapore,3,Driver_3,Team_3,75.818,76.12802745798325,76.51802890701605,0.727,Medium,21.342,28.796,25.68,340.9
R00122,2016,14,singapore,4,Driver_4,Team_4,76.231,76.4466474528217,77.21902759581431,0.864,Soft,21.255,29.042,25.934,329.7
R00122,2016,14,singapore,5,Driver_5,Team_5,77.345,77.50409414899799,78.21180660233722,2.249,Medium,21.804,29.569,25.972,324.6
R00122,2016,14,singapore,6,Driver_6,Team_6,77.507,77.90913447570641,77.92199988624996,0.542,Soft,21.68,29.503,26.324,323.4
R00122,2016,14,singapore,7,Driver_7,Team_7,77.9,78.38502085608894,78.2386327427891,1.562,Medium,21.766,29.542,26.592,338.2
R00122,2016,14,singapore,8,Driver_8,Team_8,77.883,78.35662319538105,78.7715376136631,3.105,Soft,21.821,29.622,26.44,294.9
R00122,2016,14,singapore,9,Driver_9,Team_9,78.968,79.34257159916673,79.50442058837163,2.762,Soft,22.1,29.87,26.998,345.1
R00122,2016,14,singapore,10,Driver_10,Team_10,79.15,79.44903858904152,79.65003445071945,1.397,Medium,22.197,30.191,26.762,325.8
R00123,2016,15,bahrain,1,Lewis Hamilton,Mercedes,75.54,75.84339618713544,76.14444328537364,0.0,Medium,21.278,28.668,25.594,315.0
R00123,2016,15,bahrain,2,Driver_2,Team_2,75.698,75.85329152969534,76.09709904278351,0.445,Medium,21.294,28.713,25.691,350.2
R00123,2016,15,bahrain,3,Driver_3,Team_3,75.97,76.18287523245067,76.69670108268804,0.954,Medium,21.266,28.976,25.728,318.1
R00123,2016,15,bahrain,4,Driver_4,Team_4,76.634,77.10228375433874,76.99697868438946,1.489,Medium,21.424,29.147,26.063,327.0
R00123,2016,15,bahrain,5,Driver_5,Team_5,76.346,76.46443577361796,76.72557102713624,2.318,Soft,21.524,28.88,25.942,323.3
R00123,2016,15,bahrain,6,Driver_6,Team_6,77.503,77.60982100298142,78.3687868850028,0.752,Medium,21.415,29.542,26.546,314.3
R00123,2016,15,bahrain,7,Driver_7,Team_7,78.097,78.52781049242998,78.7839534794032,2.72,Medium,21.78,29.765,26.552,340.5
R00123,2016,15,bahrain,8,Driver_8,Team_8,78.04,78.27269389122338,78.91458255482843,2.354,Soft,21.866,29.684,26.49,312.8
R00123,2016,15,bahrain,9,Driver_9,Team_9,78.316,78.55375118565142,78.66790998230896,3.33,Medium,21.817,29.744,26.755,330.0
R00123,2016,15,bahrain,10,Driver_10,Team_10,79.7,80.14740165145307,80.60725547938644,5.121,Medium,22.265,30.358,27.077,360.2
R00124,2016,16,bahrain,1,Lewis Hamilton,Mercedes,75.15,75.49384445645177,75.49303267493163,0.0,Medium,20.97,28.427,25.753,337.3
R00124,2016,16,bahrain,2,Driver_2,Team_2,75.635,75.90855984417418,76.39263752576707,0.442,Soft,21.145,28.782,25.708,320.7
R00124,2016,16,bahrain,3,Driver_3,Team_3,76.409,76.87018775594144,77.32258059161536,0.754,Soft,21.383,29.121,25.905,338.4
R00124,2016,16,bahrain,4,Driver_4,Team_4,76.684,77.1384262334446,77.03361007056309,1.659,Soft,21.402,29.009,26.273,339.8
R00124,2016,16,bahrain,5,Driver_5,Team_5,77.125,77.43549498344059,77.6811405761018,2.032,Medium,21.466,29.443,26.216,351.7
R00124,2016,16,bahrain,6,Driver_6,Team_6,77.387,77.54193169392997,78.04188102785017,0.417,Soft,21.687,29.422,26.278,296.0
R00124,2016,16,bahrain,7,Driver_7,Team_7,77.975,78.30236311560029,78.60065845558692,0.676,Medium,21.835,29.637,26.503,324.0
R00124,2016,16,bahrain,8,Driver_8,Team_8,78.054,78.3965647120287,78.36543634235734,3.735,Soft,21.753,29.606,26.695,299.4
R00124,2016,16,bahrain,9,Driver_9,Team_9,79.354,79.70350015496824,80.29053126128838,1.757,Soft,22.17,29.997,27.187,327.6
R00124,2016,16,bahrain,10,Driver_10,Team_10,79.076,79.55439561801781,80.06296894601319,3.464,Medium,22.322,30.078,26.676,360.2
R00125,2016,17,brazil,1,Lewis Hamilton,Mercedes,75.228,75.35539183434442,75.9599884633144,0.0,Medium,20.934,28.666,25.628,312.2
R00125,2016,17,brazil,2,Driver_2,Team_2,75.729,76.1953105227144,76.14467018568584,0.311,Medium,21.241,28.787,25.701,307.5
R00125,2016,17,brazil,3,Driver_3,Team_3,76.317,76.4179485007659,76.87564556264878,0.896,Soft,21.291,28.873,26.153,351.0
R00125,2016,17,brazil,4,Driver_4,Team_4,76.703,76.9143468906858,77.60113402882416,1.363,Medium,21.428,29.113,26.162,314.8
R00125,2016,17,brazil,5,Driver_5,Team_5,77.523,77.81703985400189,78.07857353457493,0.478,Medium,21.655,29.454,26.414,332.3
R00125,2016,17,brazil,6,Driver_6,Team_6,77.543,77.68021944452347,78.12396342366064,2.705,Medium,21.549,29.421,26.573,325.9
R00125,2016,17,brazil,7,Driver_7,Team_7,78.004,78.31892440372879,78.85404321250554,0.957,Medium,21.755,29.724,26.525,347.3
R00125,2016,17,brazil,8,Driver_8,Team_8,78.479,78.65597813678919,78.80556259440453,1.732,Medium,21.863,29.822,26.794,323.7
R00125,2016,17,brazil,9,Driver_9,Team_9,78.811,79.10470633691497,79.71884069963737,2.647,Medium,22.371,30.23,26.21,319.9
R00125,2016,17,brazil,10,Driver_10,Team_10,79.18,79.59230132341176,79.95330841453368,4.979,Medium,22.224,30.053,26.903,332.1
R00126,2016,18,abu_dhabi,1,Lewis Hamilton,Mercedes,75.348,75.55611606785344,75.73932505307815,0.0,Soft,20.945,28.63,25.773,348.6
R00126,2016,18,abu_dhabi,2,Driver_2,Team_2,75.836,76.18179574978619,76.27101957697643,0.248,Medium,21.239,28.799,25.798,321.4
R00126,2016,18,abu_dhabi,3,Driver_3,Team_3,76.17,76.45784587847918,76.47174327789988,0.224,Medium,21.426,28.804,25.94,330.3
R00126,2016,18,abu_dhabi,4,Driver_4,Team_4,76.986,77.29018784759386,77.92111333562366,1.345,Soft,21.745,29.302,25.939,338.5
R00126,2016,18,abu_dhabi,5,Driver_5,Team_5,76.598,77.0780763814699,77.50690021450535,0.531,Medium,21.542,29.063,25.993,315.5
R00126,2016,18,abu_dhabi,6,Driver_6,Team_6,77.881,77.9864457336825,78.52608029320884,2.797,Medium,21.858,29.642,26.381,338.1
R00126,2016,18,abu_dhabi,7,Driver_7,Team_7,78.206,78.44933926679501,79.07043407046633,2.726,Medium,21.939,29.662,26.605,330.3
R00126,2016,18,abu_dhabi,8,Driver_8,Team_8,77.84,78.28704948223458,78.64084087687804,0.761,Medium,21.803,29.435,26.602,340.5
R00126,2016,18,abu_dhabi,9,Driver_9,Team_9,78.659,79.1345885919149,79.54838155197318,3.418,Soft,22.007,29.998,26.654,335.4
R00126,2016,18,abu_dhabi,10,Driver_10,Team_10,78.396,78.5274760542542,79.08504051038592,4.674,Medium,21.916,29.884,26.596,324.2
R00127,2017,1,bahrain,1,Lewis Hamilton,Mercedes,75.567,76.03910971271068,76.07343580643384,0.0,Soft,21.143,28.792,25.632,315.8
R00127,2017,1,bahrain,2,Driver_2,Team_2,76.002,76.44782802756832,76.39634838575806,0.423,Soft,21.112,28.925,25.965,334.5
R00127,2017,1,bahrain,3,Driver_3,Team_3,76.544,76.73007454100322,77.17776006978598,0.854,Soft,21.427,29.231,25.886,324.6
R00127,2017,1,bahrain,4,Driver_4,Team_4,76.78,77.14299380400344,77.67971062240719,0.553,Soft,21.614,29.056,26.11,334.5
R00127,2017,1,bahrain,5,Driver_5,Team_5,76.951,77.12218074421635,77.81382829578037,1.328,Medium,21.608,29.236,26.107,345.6
R00127,2017,1,bahrain,6,Driver_6,Team_6,77.436,77.54916369537372,77.74817830811752,1.474,Soft,21.589,29.312,26.535,301.4
R00127,2017,1,bahrain,7,Driver_7,Team_7,78.044,78.40279380666564,78.93789907964849,0.496,Soft,21.859,29.501,26.684,357.4
R00127,2017,1,bahrain,8,Driver_8,Team_8,77.96,78.45857045136604,78.34913643917255,1.858,Medium,21.857,29.673,26.43,351.2
R00127,2017,1,bahrain,9,Driver_9,Team_9,78.367,78.80514328354658,78.78689933117609,2.654,Soft,22.139,29.922,26.306,362.7
R00127,2017,1,bahrain,10,Driver_10,Team_10,79.144,79.4284486645816,79.81509739563329,3.469,Medium,22.341,30.212,26.591,320.6
R00128,2017,2,bahrain,1,Lewis Hamilton,Mercedes,75.435,75.83079850425942,76.24708774586901,0.0,Medium,21.09,28.644,25.701,316.1
R00128,2017,2,bahrain,2,Driver_2,Team_2,75.802,76.21878929475596,76.2547229510379,0.253,Medium,21.213,28.875,25.714,312.7
R00128,2017,2,bahrain,3,Driver_3,Team_3,76.251,76.46271499410686,77.19269124754769,0.423,Soft,21.441,28.744,26.066,352.7
R00128,2017,2,bahrain,4,Driver_4,Team_4,76.491,76.65639689020608,77.03113543910317,0.368,Medium,21.411,29.008,26.072,355.4
R00128,2017,2,bahrain,5,Driver_5,Team_5,76.767,77.12525878713228,77.10692024026741,1.101,Soft,21.403,29.097,26.267,336.9
R00128,2017,2,bahrain,6,Driver_6,Team_6,77.665,77.94772085824151,78.26492937264956,1.176,Medium,21.869,29.435,26.361,336.6
R00128,2017,2,bahrain,7,Driver_7,Team_7,78.074,78.31508663270073,78.9701830222268,1.995,Soft,21.898,29.584,26.592,337.5
R00128,2017,2,bahrain,8,Driver_8,Team_8,77.856,78.2684935720608,78.28988898717783,0.604,Soft,21.744,29.506,26.606,335.9
R00128,2017,2,bahrain,9,Driver_9,Team_9,78.238,78.6278941528008,78.99287294510421,2.65,Soft,21.939,29.736,26.563,291.0
R00128,2017,2,bahrain,10,Driver_10,Team_10,79.411,79.57920879825895,80.30055291626142,0.864,Medium,22.12,30.226,27.065,332.6
R00129,2017,3,bahrain,1,Lewis Hamilton,Mercedes,75.291,75.54391480895596,75.97907938104306,0.0,Medium,21.086,28.544,25.661,333.7
R00129,2017,3,bahrain,2,Driver_2,Team_2,75.477,75.6398507568263,75.83532878618334,0.526,Medium,21.163,28.733,25.581,318.8
R00129,2017,3,bahrain,3,Driver_3,Team_3,76.214,76.43805142884533,77.03126825435601,0.43,Medium,21.383,28.919,25.912,331.7
R00129,2017,3,bahrain,4,Driver_4,Team_4,76.523,76.77907145273106,76.91285528848834,1.766,Medium,21.286,29.06,26.177,314.0
R00129,2017,3,bahrain,5,Driver_5,Team_5,76.858,77.0515818050881,77.19180894800697,0.779,Soft,21.512,29.082,26.264,318.0
R00129,2017,3,bahrain,6,Driver_6,Team_6,77.744,78.0470170638905,78.7269781719043,1.237,Soft,21.785,29.378,26.581,309.6
R00129,2017,3,bahrain,7,Driver_7,Team_7,78.017,78.4476394671162,78.52899164622735,1.742,Soft,22.049,29.691,26.277,323.9
R00129,2017,3,bahrain,8,Driver_8,Team_8,77.992,78.43824155719207,78.30162566342112,3.577,Soft,21.839,29.632,26.521,344.0
R00129,2017,3,bahrain,9,Driver_9,Team_9,78.928,79.39465989648282,79.57572793278987,1.949,Soft,21.905,29.872,27.151,356.1
R00129,2017,3,bahrain,10,Driver_10,Team_10,78.878,78.99312617804986,79.22016103546814,1.748,Soft,21.888,30.199,26.791,324.7
R00130,2017,4,bahrain,1,Lewis Hamilton,Mercedes,75.228,75.56254583054093,76.06442010789492,0.0,Medium,21.031,28.502,25.695,326.8
R00130,2017,4,bahrain,2,Driver_2,Team_2,76.404,76.71987425536032,76.72654060809204,0.248,Medium,21.487,29.004,25.913,322.9
R00130,2017,4,bahrain,3,Driver_3,Team_3,76.365,76.78098069556222,76.83524962752603,0.423,Soft,21.386,29.27,25.709,346.9
R00130,2017,4,bahrain,4,Driver_4,Team_4,76.815,77.16890504137255,77.63466641945654,1.328,Medium,21.457,29.214,26.144,315.0
R00130,2017,4,bahrain,5,Driver_5,Team_5,77.013,77.17340998992638,77.41693030956954,2.178,Medium,21.463,29.393,26.157,344.3
R00130,2017,4,bahrain,6,Driver_6,Team_6,77.887,78.0565340326367,78.46996274170026,1.299,Soft,21.701,29.789,26.397,343.3
R00130,2017,4,bahrain,7,Driver_7,Team_7,77.465,77.6818952071212,77.96257095872271,1.721,Medium,21.718,29.389,26.358,311.6
R00130,2017,4,bahrain,8,Driver_8,Team_8,78.42,78.85248979010214,78.87142265320111,0.672,Soft,22.078,29.744,26.598,307.9
R00130,2017,4,bahrain,9,Driver_9,Team_9,78.357,78.46684421205053,78.99510147188103,2.167,Soft,22.064,29.787,26.506,319.2
R00130,2017,4,bahrain,10,Driver_10,Team_10,78.738,78.86689699079265,79.61023081710319,3.987,Soft,22.125,29.894,26.719,300.3
R00131,2017,5,spain,1,Lewis Hamilton,Mercedes,75.321,75.75871206859341,76.22929823431316,0.0,Soft,21.287,28.785,25.249,340.1
R00131,2017,5,spain,2,Driver_2,Team_2,76.524,76.71162234106517,76.86708649316132,0.585,Medium,21.533,29.163,25.828,336.4
R00131,2017,5,spain,3,Driver_3,Team_3,76.233,76.70587474111821,76.80230863606403,0.564,Medium,21.215,28.902,26.116,330.8
R00131,2017,5,spain,4,Driver_4,Team_4,76.801,76.96843053649259,77.10920822098623,1.096,Soft,21.574,29.275,25.952,323.7
R00131,2017,5,spain,5,Driver_5,Team_5,76.688,77.08968212990331,77.52664045816354,1.256,Soft,21.436,29.242,26.01,312.5
R00131,2017,5,spain,6,Driver_6,Team_6,77.319,77.57455534845728,77.76567676551575,2.684,Medium,21.715,29.444,26.16,343.4
R00131,2017,5,spain,7,Driver_7,Team_7,77.794,77.9290183533534,78.7437733259975,2.067,Medium,21.917,29.636,26.241,343.0
R00131,2017,5,spain,8,Driver_8,Team_8,77.771,78.13125764438549,78.10729873697038,2.094,Medium,21.612,29.458,26.701,330.7
R00131,2017,5,spain,9,Driver_9,Team_9,78.308,78.7332568684896,78.80762074180119,3.266,Soft,21.866,29.771,26.671,323.9
R00131,2017,5,spain,10,Driver_10,Team_10,79.196,79.46971634125306,79.8679370895843,4.418,Soft,22.37,30.093,26.733,291.1
R00132,2017,6,monaco,1,Lewis Hamilton,Mercedes,75.929,76.23997584364429,76.77652792468204,0.0,Soft,21.287,29.084,25.558,325.3
R00132,2017,6,monaco,2,Driver_2,Team_2,75.798,76.17735826666262,76.77626241395866,0.494,Soft,21.298,28.821,25.679,315.7
R00132,2017,6,monaco,3,Driver_3,Team_3,76.547,77.01843598670162,76.86998796623487,0.765,Soft,21.457,29.134,25.956,310.4
R00132,2017,6,monaco,4,Driver_4,Team_4,76.475,76.83498590909997,76.94042929724756,1.512,Soft,21.46,29.136,25.879,308.8
R00132,2017,6,monaco,5,Driver_5,Team_5,77.236,77.46681225906141,77.55306059884035,1.605,Medium,21.73,29.171,26.335,318.7
R00132,2017,6,monaco,6,Driver_6,Team_6,77.168,77.36627564042487,78.04213321780108,0.406,Medium,21.569,29.239,26.36,365.0
R00132,2017,6,monaco,7,Driver_7,Team_7,77.687,77.96635507231626,77.98984413328016,0.613,Medium,21.756,29.368,26.563,338.9
R00132,2017,6,monaco,8,Driver_8,Team_8,77.705,77.89543482735411,78.56770112796961,3.843,Soft,21.718,29.529,26.458,321.4
R00132,2017,6,monaco,9,Driver_9,Team_9,78.985,79.41178137782505,79.83369703669037,4.497,Soft,22.347,30.063,26.575,339.1
R00132,2017,6,monaco,10,Driver_10,Team_10,79.468,79.93937343418239,80.00267369537468,2.543,Soft,22.082,30.273,27.113,339.3
R00133,2017,7,canada,1,Charles Leclerc,Ferrari,75.182,75.46813531890393,75.59766487768353,0.0,Medium,21.004,28.742,25.436,320.5
R00133,2017,7,canada,2,Driver_2,Team_2,75.873,75.98885497463316,76.71502354901229,0.33,Medium,21.333,28.651,25.889,331.3
R00133,2017,7,canada,3,Driver_3,Team_3,75.842,76.25186043209744,76.2218490616609,0.813,Medium,21.131,28.915,25.796,342.5
R00133,2017,7,canada,4,Driver_4,Team_4,76.575,76.8003685837864,76.9414658530164,0.267,Soft,21.333,29.032,26.21,312.0
R00133,2017,7,canada,5,Driver_5,Team_5,77.329,77.77014388138281,78.09011064202387,2.133,Medium,21.546,29.549,26.234,322.5
R00133,2017,7,canada,6,Driver_6,Team_6,77.568,77.70331578548864,78.44868674855448,2.868,Medium,21.841,29.504,26.223,345.0
R00133,2017,7,canada,7,Driver_7,Team_7,77.97,78.23655771683994,78.83658620605877,0.726,Soft,21.657,29.346,26.967,347.3
R00133,2017,7,canada,8,Driver_8,Team_8,78.084,78.37963224947237,78.6447915304007,4.128,Soft,21.993,29.753,26.338,332.8
R00133,2017,7,canada,9,Driver_9,Team_9,78.45,78.82322925076886,79.15398459610695,2.776,Medium,22.051,29.896,26.503,308.5
R00133,2017,7,canada,10,Driver_10,Team_10,78.345,78.46165486334579,78.71188517909734,3.197,Medium,22.014,29.778,26.553,313.1
R00134,2017,8,bahrain,1,Charles Leclerc,Ferrari,76.122,76.55351947226399,76.81366131241357,0.0,Soft,21.372,28.894,25.856,313.4
R00134,2017,8,bahrain,2,Driver_2,Team_2,75.835,76.28260501469485,76.81055431725336,0.116,Medium,21.196,28.824,25.815,310.3
R00134,2017,8,bahrain,3,Driver_3,Team_3,76.499,76.6557143772411,77.09593165376967,0.581,Soft,21.275,28.971,26.253,341.7
R00134,2017,8,bahrain,4,Driver_4,Team_4,76.703,77.12780996126317,77.23025153945912,1.641,Medium,21.598,29.233,25.872,333.3
R00134,2017,8,bahrain,5,Driver_5,Team_5,77.184,77.44418430654163,77.83225344835023,1.313,Soft,21.579,29.188,26.417,292.5
R00134,2017,8,bahrain,6,Driver_6,Team_6,77.429,77.61215651417454,78.08722330429681,0.671,Medium,21.639,29.459,26.331,311.4
R00134,2017,8,bahrain,7,Driver_7,Team_7,78.336,78.59902536749271,79.29395119449082,2.744,Soft,21.809,29.605,26.922,322.4
R00134,2017,8,bahrain,8,Driver_8,Team_8,77.687,78.15217866897311,78.3179949430202,1.572,Soft,21.879,29.562,26.246,311.9
R00134,2017,8,bahrain,9,Driver_9,Team_9,78.679,79.09076632488303,79.300025634475,1.045,Medium,21.896,29.955,26.828,331.6
R00134,2017,8,bahrain,10,Driver_10,Team_10,79.867,80.0609979663546,80.61772517365439,0.862,Medium,22.371,30.353,27.143,308.6
R00135,2017,9,bahrain,1,Lewis Hamilton,Mercedes,75.385,75.7221181486987,76.33073756736238,0.0,Medium,21.102,28.606,25.677,335.4
R00135,2017,9,bahrain,2,Driver_2,Team_2,76.238,76.41643315069885,76.84414133446111,0.357,Soft,21.144,28.948,26.146,315.3
R00135,2017,9,bahrain,3,Driver_3,Team_3,75.941,76.1962314367491,76.38801055793294,0.355,Soft,21.272,28.843,25.826,340.9
R00135,2017,9,bahrain,4,Driver_4,Team_4,76.409,76.7708495747466,77.10643821793859,1.481,Medium,21.524,28.957,25.928,350.9
R00135,2017,9,bahrain,5,Driver_5,Team_5,77.317,77.6252335340391,78.2319512589475,1.213,Medium,21.647,29.465,26.205,331.1
R00135,2017,9,bahrain,6,Driver_6,Team_6,77.485,77.7440641297682,78.30986927837526,2.459,Medium,21.678,29.498,26.309,334.6
R00135,2017,9,bahrain,7,Driver_7,Team_7,78.05,78.4058272160669,78.4577716545121,2.204,Soft,21.835,29.698,26.517,356.6
R00135,2017,9,bahrain,8,Driver_8,Team_8,77.935,78.08367824586972,78.51155076729515,3.286,Medium,21.704,29.703,26.528,341.1
R00135,2017,9,bahrain,9,Driver_9,Team_9,78.344,78.56860732913184,79.18527779192912,2.809,Soft,22.15,29.77,26.424,337.2
R00135,2017,9,bahrain,10,Driver_10,Team_10,78.434,78.88675099897422,78.94099572527755,2.146,Medium,22.018,29.829,26.587,326.8
R00136,2017,10,bahrain,1,Max Verstappen,Red Bull Racing,75.294,75.79323064212024,75.69274029548586,0.0,Soft,21.051,28.676,25.567,345.1
R00136,2017,10,bahrain,2,Driver_2,Team_2,75.862,76.29802341946383,76.59399674417241,0.41,Medium,21.363,28.81,25.689,326.3
R00136,2017,10,bahrain,3,Driver_3,Team_3,76.811,77.04757259839326,77.4884434081856,0.19,Soft,21.402,29.204,26.205,318.8
R00136,2017,10,bahrain,4,Driver_4,Team_4,76.343,76.8131314474303,76.98055388568703,1.468,Soft,21.306,29.058,25.979,335.6
R00136,2017,10,bahrain,5,Driver_5,Team_5,76.705,77.05968119393562,77.42848478081255,1.125,Soft,21.211,29.102,26.392,307.9
R00136,2017,10,bahrain,6,Driver_6,Team_6,77.771,78.26709850982769,78.17793961233365,1.797,Medium,21.809,29.609,26.353,333.0
R00136,2017,10,bahrain,7,Driver_7,Team_7,77.822,77.94848381681624,78.22237114357343,1.217,Soft,21.773,29.376,26.673,325.4
R00136,2017,10,bahrain,8,Driver_8,Team_8,78.286,78.71174015548915,78.77557298921477,2.467,Medium,21.972,29.64,26.674,334.8
R00136,2017,10,bahrain,9,Driver_9,Team_9,78.684,79.11933733046521,79.4565117023025,1.072,Soft,21.945,29.812,26.927,338.1
R00136,2017,10,bahrain,10,Driver_10,Team_10,79.337,79.7513237102828,80.11967547880305,3.0,Soft,22.351,30.222,26.764,342.5
R00137,2017,11,hungary,1,Max Verstappen,Red Bull Racing,75.344,75.69625886010206,75.70538046704819,0.0,Soft,21.026,28.477,25.841,319.2
R00137,2017,11,hungary,2,Driver_2,Team_2,75.775,76.13031442288188,76.07595263102962,0.25,Medium,21.269,28.748,25.758,287.8
R00137,2017,11,hungary,3,Driver_3,Team_3,76.591,77.05949088803106,77.42368418042362,1.075,Soft,21.42,29.024,26.147,342.2
R00137,2017,11,hungary,4,Driver_4,Team_4,76.693,76.83900020957998,77.37759925465416,0.258,Soft,21.622,29.193,25.878,341.7
R00137,2017,11,hungary,5,Driver_5,Team_5,77.324,77.4276467276731,77.93115084639213,1.131,Medium,21.637,29.29,26.397,349.3
R00137,2017,11,hungary,6,Driver_6,Team_6,77.7,78.02172056061512,78.17308331853529,0.887,Soft,21.664,29.518,26.518,332.9
R00137,2017,11,hungary,7,Driver_7,Team_7,77.426,77.56740497758682,77.9707901717841,0.953,Soft,21.877,29.532,26.017,328.4
R00137,2017,11,hungary,8,Driver_8,Team_8,78.358,78.55840223111123,79.14365163097142,1.237,Medium,21.935,29.881,26.542,322.9
R00137,2017,11,hungary,9,Driver_9,Team_9,79.054,79.4583927075728,80.05387591079175,1.309,Soft,22.037,30.149,26.868,322.5
R00137,2017,11,hungary,10,Driver_10,Team_10,78.645,78.98239431737407,79.2550962606594,2.344,Medium,21.935,29.847,26.863,358.9
R00138,2017,12,bahrain,1,Lewis Hamilton,Mercedes,75.399,75.74196683454541,76.30495048132632,0.0,Medium,21.279,28.572,25.548,335.3
R00138,2017,12,bahrain,2,Driver_2,Team_2,75.984,76.18274066917628,76.56273083432518,0.466,Medium,21.178,28.798,26.008,343.5
R00138,2017,12,bahrain,3,Driver_3,Team_3,76.687,77.10883587056921,77.63259528455487,0.268,Soft,21.439,29.13,26.118,327.9
R00138,2017,12,bahrain,4,Driver_4,Team_4,76.962,77.18330965196456,77.52244951306365,1.311,Medium,21.499,29.33,26.133,309.9
R00138,2017,12,bahrain,5,Driver_5,Team_5,76.229,76.63894988801124,76.58227933170761,1.049,Medium,21.365,29.004,25.86,327.1
R00138,2017,12,bahrain,6,Driver_6,Team_6,76.951,77.18272497101212,77.59784147988341,2.902,Soft,21.604,29.268,26.079,311.9
R00138,2017,12,bahrain,7,Driver_7,Team_7,77.309,77.50636805632911,78.04204726486329,1.305,Medium,21.603,29.292,26.414,346.7
R00138,2017,12,bahrain,8,Driver_8,Team_8,78.683,79.12320403055098,79.36586403688054,3.065,Medium,22.09,29.721,26.872,316.8
R00138,2017,12,bahrain,9,Driver_9,Team_9,78.804,78.92174433848001,79.3281410707832,0.795,Soft,21.976,29.915,26.913,332.7
R00138,2017,12,bahrain,10,Driver_10,Team_10,78.891,79.26422107921478,79.31830082319037,3.163,Medium,22.143,30.035,26.713,348.3
R00139,2017,13,bahrain,1,Lewis Hamilton,Mercedes,75.468,75.86855633728801,76.00224568966176,0.0,Medium,21.296,28.705,25.467,322.5
R00139,2017,13,bahrain,2,Driver_2,Team_2,75.746,75.90483429169213,76.4950699775798,0.212,Medium,21.223,28.841,25.682,323.9
R00139,2017,13,bahrain,3,Driver_3,Team_3,76.631,76.74667136769435,77.56574524074215,0.934,Medium,21.372,29.053,26.206,320.4
R00139,2017,13,bahrain,4,Driver_4,Team_4,76.432,76.6641788728215,76.80560192376835,0.744,Medium,21.381,28.74,26.311,329.5
R00139,2017,13,bahrain,5,Driver_5,Team_5,76.881,77.2847995237959,77.80713845797742,1.637,Medium,21.491,29.149,26.241,338.0
R00139,2017,13,bahrain,6,Driver_6,Team_6,77.52,77.6263192081639,77.8798575348166,1.792,Soft,21.8,29.371,26.349,332.7
R00139,2017,13,bahrain,7,Driver_7,Team_7,77.453,77.66884735339819,78.27186096750975,0.503,Soft,21.719,29.304,26.43,309.3
R00139,2017,13,bahrain,8,Driver_8,Team_8,78.29,78.42707038581756,78.94334050339829,2.965,Medium,21.874,29.601,26.815,310.8
R00139,2017,13,bahrain,9,Driver_9,Team_9,78.332,78.77169139694199,79.31699632525746,4.417,Medium,22.077,29.779,26.476,311.6
R00139,2017,13,bahrain,10,Driver_10,Team_10,78.962,79.37920100128215,79.96172045484221,1.877,Soft,22.226,29.813,26.923,313.1
R00140,2017,14,singapore,1,Max Verstappen,Red Bull Racing,75.479,75.59714878599038,75.82945389581796,0.0,Soft,21.027,28.677,25.775,353.2
R00140,2017,14,singapore,2,Driver_2,Team_2,75.518,75.71134051642346,76.33065349543726,0.299,Medium,21.206,28.766,25.546,303.7
R00140,2017,14,singapore,3,Driver_3,Team_3,76.135,76.62440221595992,77.07562395157447,0.711,Medium,21.383,28.91,25.842,313.1
R00140,2017,14,singapore,4,Driver_4,Team_4,76.541,76.8473766687824,77.33791864887034,1.312,Medium,21.432,29.05,26.059,327.8
R00140,2017,14,singapore,5,Driver_5,Team_5,77.516,78.0080719083492,77.97047515564824,1.401,Medium,21.69,29.485,26.341,318.7
R00140,2017,14,singapore,6,Driver_6,Team_6,77.164,77.61026496935318,77.7468753977467,2.545,Medium,21.542,29.501,26.121,360.9
R00140,2017,14,singapore,7,Driver_7,Team_7,77.903,78.04963304035323,78.32213003575211,2.721,Soft,21.683,29.647,26.573,325.2
R00140,2017,14,singapore,8,Driver_8,Team_8,78.567,78.78845161490933,79.42025130329574,3.833,Soft,22.026,29.681,26.86,310.8
R00140,2017,14,singapore,9,Driver_9,Team_9,78.778,79.02320689935456,79.49629166698286,3.067,Soft,21.976,29.833,26.969,322.1
R00140,2017,14,singapore,10,Driver_10,Team_10,78.58,78.71242241368027,79.57698114300992,2.079,Soft,21.945,29.835,26.8,317.7
R00141,2017,15,bahrain,1,Max Verstappen,Red Bull Racing,75.577,75.82007877072733,76.44284745671557,0.0,Medium,21.163,28.602,25.812,322.9
R00141,2017,15,bahrain,2,Driver_2,Team_2,75.486,75.76639534065467,76.45006344044593,0.144,Soft,21.118,28.662,25.706,346.4
R00141,2017,15,bahrain,3,Driver_3,Team_3,76.682,76.97549106327418,77.4894011647414,0.514,Medium,21.388,29.077,26.217,327.2
R00141,2017,15,bahrain,4,Driver_4,Team_4,76.584,76.8424095973365,77.24837131816426,0.812,Soft,21.37,29.012,26.202,312.5
R00141,2017,15,bahrain,5,Driver_5,Team_5,77.072,77.4899389221546,78.04514753161351,1.075,Medium,21.609,29.252,26.211,326.3
R00141,2017,15,bahrain,6,Driver_6,Team_6,77.624,77.74567361903233,78.22874139438902,1.863,Medium,21.686,29.467,26.471,322.9
R00141,2017,15,bahrain,7,Driver_7,Team_7,77.667,78.0489391262699,78.39904499366024,2.063,Medium,21.713,29.321,26.633,336.7
R00141,2017,15,bahrain,8,Driver_8,Team_8,77.979,78.23748653495217,78.77535941049325,1.192,Soft,21.868,29.738,26.373,307.0
R00141,2017,15,bahrain,9,Driver_9,Team_9,78.824,79.24534722090095,79.18739971612673,2.03,Soft,21.977,30.053,26.794,310.6
R00141,2017,15,bahrain,10,Driver_10,Team_10,78.913,79.24157957049958,79.30132869955986,2.23,Medium,22.104,30.042,26.767,314.4
R00142,2017,16,bahrain,1,Charles Leclerc,Ferrari,75.612,75.88099683615154,76.31030849203314,0.0,Medium,21.206,28.846,25.56,326.3
R00142,2017,16,bahrain,2,Driver_2,Team_2,76.122,76.39707462161908,76.849450635186,0.161,Soft,21.415,29.036,25.671,311.9
R00142,2017,16,bahrain,3,Driver_3,Team_3,76.4,76.62157856660637,77.1723583237285,1.155,Medium,21.382,29.015,26.003,333.1
R00142,2017,16,bahrain,4,Driver_4,Team_4,76.593,76.99373226128733,77.10966222497314,1.099,Soft,21.421,28.964,26.208,336.1
R00142,2017,16,bahrain,5,Driver_5,Team_5,76.776,76.95953694450067,77.08726301460133,1.413,Soft,21.607,29.07,26.099,315.1
R00142,2017,16,bahrain,6,Driver_6,Team_6,77.36,77.55635497571342,77.75572961134421,1.098,Medium,21.756,29.385,26.219,337.4
R00142,2017,16,bahrain,7,Driver_7,Team_7,77.745,77.8623219533389,78.26225416896118,2.413,Medium,21.535,29.594,26.616,296.2
R00142,2017,16,bahrain,8,Driver_8,Team_8,78.281,78.63966426427758,78.86491410404788,3.65,Medium,21.821,29.697,26.763,335.9
R00142,2017,16,bahrain,9,Driver_9,Team_9,78.265,78.38422177468917,78.94174668904847,2.05,Soft,22.011,29.539,26.715,332.8
R00142,2017,16,bahrain,10,Driver_10,Team_10,79.271,79.52331034861464,80.10074969230418,4.399,Medium,22.144,30.206,26.921,313.8
R00143,2017,17,brazil,1,Charles Leclerc,Ferrari,75.106,75.60262197073646,75.77905893637482,0.0,Medium,21.091,28.461,25.554,333.8
R00143,2017,17,brazil,2,Driver_2,Team_2,76.133,76.48343105455237,76.58842482154382,0.493,Medium,21.222,28.82,26.091,333.4
R00143,2017,17,brazil,3,Driver_3,Team_3,76.432,76.65069655113815,76.83904825922353,0.77,Medium,21.353,29.167,25.912,331.5
R00143,2017,17,brazil,4,Driver_4,Team_4,76.812,76.95922663883877,77.26619034393276,1.486,Soft,21.234,29.098,26.48,351.2
R00143,2017,17,brazil,5,Driver_5,Team_5,77.0,77.40756771329849,77.60779745228143,1.036,Soft,21.484,29.205,26.311,323.7
R00143,2017,17,brazil,6,Driver_6,Team_6,77.118,77.61174188804256,77.75544561225843,1.525,Soft,21.571,29.279,26.268,320.5
R00143,2017,17,brazil,7,Driver_7,Team_7,77.648,77.8869435633037,78.59801771305054,0.516,Soft,21.725,29.559,26.364,320.7
R00143,2017,17,brazil,8,Driver_8,Team_8,78.054,78.50837458751046,78.50356512023471,1.113,Soft,21.76,29.618,26.676,337.9
R00143,2017,17,brazil,9,Driver_9,Team_9,78.354,78.75769471371873,78.93812042753687,4.408,Soft,22.136,29.764,26.454,335.8
R00143,2017,17,brazil,10,Driver_10,Team_10,78.906,79.33471939571095,79.79410853226663,3.991,Medium,22.127,29.904,26.875,307.4
R00144,2017,18,abu_dhabi,1,Lewis Hamilton,Mercedes,75.727,76.08896589117943,76.45096476084699,0.0,Soft,21.246,28.687,25.794,319.9
R00144,2017,18,abu_dhabi,2,Driver_2,Team_2,76.072,76.34207961225994,76.39545365801666,0.33,Medium,21.335,28.864,25.873,327.8
R00144,2017,18,abu_dhabi,3,Driver_3,Team_3,76.346,76.76522078353723,77.00445820350491,0.882,Soft,21.318,29.041,25.987,343.9
R00144,2017,18,abu_dhabi,4,Driver_4,Team_4,76.294,76.41314524295004,77.11405788223972,1.791,Soft,21.421,29.065,25.808,342.8
R00144,2017,18,abu_dhabi,5,Driver_5,Team_5,76.989,77.38126498289476,77.61774817833098,2.22,Soft,21.415,29.192,26.382,335.1
R00144,2017,18,abu_dhabi,6,Driver_6,Team_6,77.307,77.7692190402577,78.05687338220957,1.808,Soft,21.434,29.302,26.571,321.4
R00144,2017,18,abu_dhabi,7,Driver_7,Team_7,77.779,77.98733321446,78.5653165037384,0.849,Medium,21.659,29.643,26.477,323.8
R00144,2017,18,abu_dhabi,8,Driver_8,Team_8,77.929,78.09524670373644,78.48962155599307,2.851,Soft,21.74,29.633,26.556,329.0
R00144,2017,18,abu_dhabi,9,Driver_9,Team_9,78.675,79.13101666901363,79.293589298632,0.958,Medium,22.016,29.986,26.673,334.2
R00144,2017,18,abu_dhabi,10,Driver_10,Team_10,79.198,79.68639132234132,79.74626969304887,3.816,Medium,21.973,30.135,27.09,304.1
R00145,2018,1,bahrain,1,Lewis Hamilton,Mercedes,75.368,75.74139002433633,75.83275480796355,0.0,Soft,21.107,28.659,25.602,354.3
R00145,2018,1,bahrain,2,Driver_2,Team_2,75.356,75.4868412652968,75.6707526942798,0.084,Medium,20.989,28.917,25.45,333.7
R00145,2018,1,bahrain,3,Driver_3,Team_3,76.341,76.76160528117971,76.9257080555318,0.705,Medium,21.446,29.095,25.8,298.7
R00145,2018,1,bahrain,4,Driver_4,Team_4,76.541,76.98694269804868,77.22411820157785,1.119,Soft,21.558,29.024,25.959,331.5
R00145,2018,1,bahrain,5,Driver_5,Team_5,76.861,77.31047263085402,77.3021942312361,0.716,Soft,21.476,29.14,26.245,314.1
R00145,2018,1,bahrain,6,Driver_6,Team_6,77.929,78.2140101781488,78.88834090620601,2.166,Medium,21.659,29.594,26.676,327.1
R00145,2018,1,bahrain,7,Driver_7,Team_7,77.272,77.70907793337692,78.23875412731817,1.594,Soft,21.6,29.364,26.308,337.0
R00145,2018,1,bahrain,8,Driver_8,Team_8,77.99,78.29591233460849,78.66615786740795,2.274,Medium,21.766,29.522,26.702,335.4
R00145,2018,1,bahrain,9,Driver_9,Team_9,78.475,78.82719727359883,79.35867105387621,1.462,Medium,21.962,29.899,26.614,332.1
R00145,2018,1,bahrain,10,Driver_10,Team_10,79.274,79.62712893782593,80.15534688834502,5.361,Medium,22.214,30.012,27.048,305.3
R00146,2018,2,bahrain,1,Max Verstappen,Red Bull Racing,75.11,75.44009163763948,75.46885348190895,0.0,Medium,20.984,28.704,25.422,329.3
R00146,2018,2,bahrain,2,Driver_2,Team_2,76.001,76.43024712999228,76.92155299460745,0.187,Soft,21.316,28.885,25.8,331.6
R00146,2018,2,bahrain,3,Driver_3,Team_3,76.354,76.77412906016097,76.69418624382219,1.128,Medium,21.357,29.012,25.985,331.9
R00146,2018,2,bahrain,4,Driver_4,Team_4,76.349,76.58813090143659,76.7240184409871,0.922,Medium,21.362,28.905,26.082,345.3
R00146,2018,2,bahrain,5,Driver_5,Team_5,77.498,77.8384425340304,78.28451164874973,1.338,Medium,21.74,29.482,26.276,356.9
R00146,2018,2,bahrain,6,Driver_6,Team_6,77.692,78.00427188735868,78.39934384819988,2.58,Soft,21.649,29.49,26.553,345.5
R00146,2018,2,bahrain,7,Driver_7,Team_7,77.776,78.10756311336849,78.67787778361225,1.679,Soft,21.913,29.645,26.218,328.9
R00146,2018,2,bahrain,8,Driver_8,Team_8,78.313,78.75080855339799,78.6518053364029,0.709,Soft,21.998,29.586,26.729,320.2
R00146,2018,2,bahrain,9,Driver_9,Team_9,79.259,79.56197524137234,80.2479436274351,0.752,Soft,22.201,30.288,26.77,320.6
R00146,2018,2,bahrain,10,Driver_10,Team_10,78.688,79.03695211542363,79.09783302383177,5.069,Medium,21.904,30.025,26.759,312.4
R00149,2018,5,spain,1,Lewis Hamilton,Mercedes,75.334,75.55697540923276,75.64081041360305,0.0,Medium,21.164,28.607,25.563,311.6
R00149,2018,5,spain,2,Driver_2,Team_2,75.552,76.00267123271475,76.2660960586912,0.168,Medium,20.98,28.887,25.685,324.2
R00149,2018,5,spain,3,Driver_3,Team_3,76.394,76.5489049833365,77.23332414283267,0.367,Medium,21.252,28.854,26.288,340.9
R00149,2018,5,spain,4,Driver_4,Team_4,76.585,76.85515910596801,76.96994887012625,1.251,Medium,21.364,29.182,26.039,306.4
R00149,2018,5,spain,5,Driver_5,Team_5,76.839,77.00879595038889,77.14277493499807,2.251,Soft,21.371,29.205,26.263,317.2
R00149,2018,5,spain,6,Driver_6,Team_6,77.533,77.94056029219622,78.29780675326403,0.51,Medium,21.754,29.428,26.351,333.8
R00149,2018,5,spain,7,Driver_7,Team_7,77.559,77.87236633504881,78.22111467162034,3.179,Soft,21.763,29.557,26.239,355.9
R00149,2018,5,spain,8,Driver_8,Team_8,78.412,78.78259419467418,79.15274221532427,1.233,Medium,22.054,29.675,26.683,335.1
R00149,2018,5,spain,9,Driver_9,Team_9,78.986,79.24415671784097,79.9847927663404,2.572,Medium,22.195,29.925,26.866,354.2
R00149,2018,5,spain,10,Driver_10,Team_10,79.458,79.77483713385071,79.84719076874181,0.89,Medium,22.184,30.113,27.161,337.9
R00150,2018,6,monaco,1,Lewis Hamilton,Mercedes,75.584,75.80115374639121,76.26525290775668,0.0,Soft,21.183,28.88,25.521,336.3
R00150,2018,6,monaco,2,Driver_2,Team_2,75.979,76.3401070023319,76.53831797820925,0.152,Soft,21.401,28.967,25.611,332.8
R00150,2018,6,monaco,3,Driver_3,Team_3,76.01,76.47877879749724,76.4837268660274,0.485,Soft,21.373,28.818,25.819,312.8
R00150,2018,6,monaco,4,Driver_4,Team_4,76.553,77.01157600324265,77.18900447094437,0.743,Soft,21.498,29.092,25.963,320.3
R00150,2018,6,monaco,5,Driver_5,Team_5,77.052,77.37974553149982,77.36305021035905,2.381,Soft,21.738,29.146,26.168,343.3
R00150,2018,6,monaco,6,Driver_6,Team_6,77.43,77.66560886134343,78.09734581757519,1.353,Soft,21.646,29.337,26.447,303.5
R00150,2018,6,monaco,7,Driver_7,Team_7,77.62,78.09769611632193,78.11725133223953,2.167,Soft,21.852,29.531,26.237,297.8
R00150,2018,6,monaco,8,Driver_8,Team_8,77.686,77.99892179464216,78.44362244450708,1.681,Soft,21.881,29.459,26.346,338.0
R00150,2018,6,monaco,9,Driver_9,Team_9,77.936,78.36122460897438,78.76242170854509,3.124,Medium,21.898,29.723,26.315,332.6
R00150,2018,6,monaco,10,Driver_10,Team_10,78.963,79.25515374039915,79.71600616792503,3.213,Medium,22.342,30.091,26.53,339.1
R00151,2018,7,canada,1,Lewis Hamilton,Mercedes,75.437,75.89346543069635,76.0761399945722,0.0,Medium,21.221,28.668,25.548,305.2
R00151,2018,7,canada,2,Driver_2,Team_2,75.751,76.0010007300862,76.32741941790665,0.346,Soft,21.147,28.78,25.824,306.8
R00151,2018,7,canada,3,Driver_3,Team_3,76.466,76.68936427804678,77.37759302580997,1.182,Soft,21.435,29.185,25.846,329.0
R00151,2018,7,canada,4,Driver_4,Team_4,76.495,76.7622248924851,77.34625735962963,0.506,Soft,21.385,29.014,26.096,309.7
R00151,2018,7,canada,5,Driver_5,Team_5,77.266,77.53975312779302,77.85960773483448,1.81,Soft,21.65,29.156,26.46,323.7
R00151,2018,7,canada,6,Driver_6,Team_6,77.858,78.30965816768092,78.47430142921623,1.747,Soft,21.769,29.574,26.515,331.7
R00151,2018,7,canada,7,Driver_7,Team_7,78.006,78.48822249610593,78.47265714739922,2.108,Medium,21.863,29.469,26.674,338.1
R00151,2018,7,canada,8,Driver_8,Team_8,78.069,78.43280747117396,78.83365597984167,3.642,Medium,21.927,29.77,26.372,322.7
R00151,2018,7,canada,9,Driver_9,Team_9,78.747,78.96154001080679,79.24579384430749,3.51,Medium,21.989,29.897,26.861,319.9
R00151,2018,7,canada,10,Driver_10,Team_10,79.331,79.52577292184854,80.29158880376585,4.402,Soft,22.261,29.941,27.129,325.5
R00152,2018,8,bahrain,1,Lewis Hamilton,Mercedes,75.243,75.69377060587645,75.7312243757608,0.0,Soft,21.079,28.656,25.508,319.1
R00152,2018,8,bahrain,2,Driver_2,Team_2,75.951,76.30791130982756,76.42019274597475,0.498,Medium,21.241,28.893,25.817,301.6
R00152,2018,8,bahrain,3,Driver_3,Team_3,76.373,76.47967824107523,77.10662353039773,1.12,Medium,21.53,28.881,25.962,332.5
R00152,2018,8,bahrain,4,Driver_4,Team_4,76.955,77.3731229863264,77.65407944762326,0.319,Soft,21.382,29.123,26.45,320.2
R00152,2018,8,bahrain,5,Driver_5,Team_5,77.041,77.52530702246607,77.60971523357577,2.029,Soft,21.389,29.187,26.465,312.5
R00152,2018,8,bahrain,6,Driver_6,Team_6,76.795,77.09213631886058,77.46028611256614,2.337,Soft,21.556,29.119,26.12,332.3
R00152,2018,8,bahrain,7,Driver_7,Team_7,77.441,77.54602632919608,77.94324301343941,1.364,Soft,21.691,29.307,26.443,308.9
R00152,2018,8,bahrain,8,Driver_8,Team_8,78.081,78.47076384725592,78.91354270873856,3.017,Soft,21.775,29.54,26.766,341.6
R00152,2018,8,bahrain,9,Driver_9,Team_9,78.705,78.99837561140365,79.54115060988161,2.615,Soft,22.025,30.02,26.66,317.2
R00152,2018,8,bahrain,10,Driver_10,Team_10,78.668,78.8327678914093,78.98146230359025,1.729,Soft,21.967,30.026,26.675,320.8
R00153,2018,9,austria,1,Lewis Hamilton,Mercedes,75.321,75.72951794324649,75.7249189634856,0.0,Medium,20.866,28.597,25.858,303.1
R00153,2018,9,austria,2,Driver_2,Team_2,75.937,76.30576525589493,76.327131342551,0.444,Medium,21.374,28.957,25.606,316.0
R00153,2018,9,austria,3,Driver_3,Team_3,75.743,75.87124834929865,76.38822965415943,1.02,Soft,21.139,28.985,25.619,310.9
R00153,2018,9,austria,4,Driver_4,Team_4,76.139,76.39977404026601,76.6440732467007,1.529,Soft,21.27,28.99,25.879,341.8
R00153,2018,9,austria,5,Driver_5,Team_5,76.709,76.98345604571583,77.5638279383187,1.571,Soft,21.514,29.054,26.141,323.3
R00153,2018,9,austria,6,Driver_6,Team_6,77.016,77.13465906763629,77.77093387550316,2.237,Soft,21.481,29.251,26.284,321.7
R00153,2018,9,austria,7,Driver_7,Team_7,77.067,77.5010240050547,77.36942596404907,2.825,Medium,21.334,29.286,26.447,323.7
R00153,2018,9,austria,8,Driver_8,Team_8,77.968,78.12223582528414,78.79499776116752,4.188,Medium,21.887,29.65,26.431,334.0
R00153,2018,9,austria,9,Driver_9,Team_9,78.333,78.44528853949024,79.0498406441484,1.077,Soft,21.912,29.812,26.609,340.9
R00153,2018,9,austria,10,Driver_10,Team_10,78.796,79.18804984760521,79.21244683664189,2.89,Soft,22.116,29.865,26.815,336.3
R00154,2018,10,bahrain,1,Charles Leclerc,Ferrari,75.354,75.46927611796225,75.83256134779323,0.0,Soft,21.054,28.651,25.649,309.6
R00154,2018,10,bahrain,2,Driver_2,Team_2,75.629,75.90325600569732,76.45098057153484,0.155,Soft,21.357,28.857,25.415,314.5
R00154,2018,10,bahrain,3,Driver_3,Team_3,76.334,76.58996876759748,77.0287536609399,0.35,Soft,21.424,28.991,25.919,332.7
R00154,2018,10,bahrain,4,Driver_4,Team_4,76.957,77.11536297813133,77.85436348169911,1.688,Medium,21.688,29.36,25.909,341.8
R00154,2018,10,bahrain,5,Driver_5,Team_5,76.982,77.19074271969316,77.65517686913385,1.797,Soft,21.547,29.337,26.098,341.4
R00154,2018,10,bahrain,6,Driver_6,Team_6,77.176,77.6370558172135,77.66545919495125,1.091,Soft,21.763,29.375,26.038,335.3
R00154,2018,10,bahrain,7,Driver_7,Team_7,77.904,78.1106677161832,78.56096147387697,2.947,Medium,21.808,29.7,26.396,348.9
R00154,2018,10,bahrain,8,Driver_8,Team_8,78.254,78.59584062662519,78.83114637494056,2.718,Soft,22.073,29.71,26.471,343.1
R00154,2018,10,bahrain,9,Driver_9,Team_9,78.562,78.9213369529242,79.24634109579627,2.909,Soft,21.942,29.826,26.794,313.6
R00154,2018,10,bahrain,10,Driver_10,Team_10,79.09,79.50146368938995,79.76207588305243,2.261,Medium,22.107,29.922,27.061,316.0
R00155,2018,11,bahrain,1,Lewis Hamilton,Mercedes,75.71,76.0621087552312,76.57681845479689,0.0,Soft,21.168,28.649,25.893,329.0
R00155,2018,11,bahrain,2,Driver_2,Team_2,75.85,75.97067007800754,76.6596273430121,0.331,Medium,21.277,28.782,25.791,330.1
R00155,2018,11,bahrain,3,Driver_3,Team_3,76.165,76.62728847778524,76.80116632353658,1.184,Soft,21.091,28.984,26.09,324.0
R00155,2018,11,bahrain,4,Driver_4,Team_4,76.401,76.63781656498914,77.19121990593368,0.383,Soft,21.354,29.224,25.823,295.7
R00155,2018,11,bahrain,5,Driver_5,Team_5,76.485,76.91300514802283,76.96773599853643,0.623,Soft,21.283,29.071,26.131,334.3
R00155,2018,11,bahrain,6,Driver_6,Team_6,76.59,76.92772359818997,77.44182775696267,0.589,Soft,21.399,29.099,26.092,344.5
R00155,2018,11,bahrain,7,Driver_7,Team_7,77.485,77.79239997166405,78.42088950043545,2.206,Medium,21.707,29.458,26.32,328.6
R00155,2018,11,bahrain,8,Driver_8,Team_8,78.458,78.64044726444692,79.34923591666768,2.137,Soft,22.111,29.87,26.477,316.8
R00155,2018,11,bahrain,9,Driver_9,Team_9,78.301,78.57242825475939,78.61310006704338,2.435,Medium,21.897,29.625,26.779,332.4
R00155,2018,11,bahrain,10,Driver_10,Team_10,78.918,79.29562362396605,79.48207016937918,1.262,Medium,22.166,30.06,26.692,304.5
R00156,2018,12,hungary,1,Lewis Hamilton,Mercedes,75.689,75.80719333935993,76.34448605606505,0.0,Intermediate,21.224,28.903,25.562,312.8
R00156,2018,12,hungary,2,Driver_2,Team_2,76.538,76.74416896620504,77.35721316234405,0.421,Intermediate,21.512,29.119,25.907,331.0
R00156,2018,12,hungary,3,Driver_3,Team_3,76.31,76.61857033651704,76.95661057224338,0.874,Intermediate,21.293,28.967,26.05,332.1
R00156,2018,12,hungary,4,Driver_4,Team_4,76.638,76.76538194193088,77.18643643722663,0.376,Intermediate,21.47,29.064,26.104,321.5
R00156,2018,12,hungary,5,Driver_5,Team_5,76.86,77.20262528860854,77.73432050323365,2.142,Intermediate,21.398,29.296,26.166,335.9
R00156,2018,12,hungary,6,Driver_6,Team_6,77.251,77.58956130294257,78.08380725766975,1.618,Intermediate,21.455,29.333,26.463,356.4
R00156,2018,12,hungary,7,Driver_7,Team_7,78.153,78.40773680977925,79.05287685310705,2.398,Intermediate,21.942,29.657,26.554,298.2
R00156,2018,12,hungary,8,Driver_8,Team_8,78.368,78.80116814281335,78.78970483507202,3.387,Intermediate,22.019,29.764,26.585,311.9
R00156,2018,12,hungary,9,Driver_9,Team_9,78.718,79.13235355516278,79.3136986944969,1.054,Intermediate,21.972,29.908,26.838,325.3
R00156,2018,12,hungary,10,Driver_10,Team_10,79.246,79.42342273647508,80.09956100727328,1.536,Intermediate,22.086,30.084,27.076,349.2
R00157,2018,13,bahrain,1,Charles Leclerc,Ferrari,75.57,75.89103910437285,76.17460458352889,0.0,Medium,21.175,28.489,25.906,309.0
R00157,2018,13,bahrain,2,Driver_2,Team_2,75.838,76.28430602682207,76.1747736006938,0.347,Soft,21.241,28.887,25.71,331.0
R00157,2018,13,bahrain,3,Driver_3,Team_3,76.833,77.0167435123969,77.23350819929335,1.121,Soft,21.495,29.184,26.154,309.8
R00157,2018,13,bahrain,4,Driver_4,Team_4,76.734,77.04569706243525,77.29133252285862,0.762,Soft,21.607,29.262,25.865,335.6
R00157,2018,13,bahrain,5,Driver_5,Team_5,76.607,76.86376431643481,77.30442738578259,2.158,Soft,21.409,29.119,26.079,356.2
R00157,2018,13,bahrain,6,Driver_6,Team_6,77.508,77.73236357091568,78.248967091196,2.639,Soft,21.727,29.445,26.336,317.6
R00157,2018,13,bahrain,7,Driver_7,Team_7,77.871,78.07425952091351,78.33595041417688,1.893,Medium,21.88,29.781,26.21,337.2
R00157,2018,13,bahrain,8,Driver_8,Team_8,78.077,78.47893598727211,78.50660366649089,4.129,Medium,21.578,29.575,26.924,322.4
R00157,2018,13,bahrain,9,Driver_9,Team_9,78.864,79.29411335854229,79.85477031715031,3.299,Medium,22.089,30.227,26.548,309.0
R00157,2018,13,bahrain,10,Driver_10,Team_10,78.585,78.78030531268753,79.47459788930622,3.131,Soft,22.151,29.808,26.626,330.7
R00158,2018,14,bahrain,1,Charles Leclerc,Ferrari,75.747,76.13229009011414,76.06724606287916,0.0,Medium,21.126,28.829,25.792,334.7
R00158,2018,14,bahrain,2,Driver_2,Team_2,75.693,75.84755484859815,76.1331070342472,0.378,Soft,21.063,28.573,26.057,328.5
R00158,2018,14,bahrain,3,Driver_3,Team_3,76.644,76.95949911439402,77.10334118494849,0.685,Soft,21.537,28.967,26.14,322.0
R00158,2018,14,bahrain,4,Driver_4,Team_4,76.552,76.92396384517436,77.02081329896718,0.952,Medium,21.431,28.95,26.171,308.4
R00158,2018,14,bahrain,5,Driver_5,Team_5,76.904,77.31878894291866,77.3538586601279,1.609,Soft,21.533,29.261,26.11,316.7
R00158,2018,14,bahrain,6,Driver_6,Team_6,77.174,77.42415820516,78.09407908750356,0.997,Medium,21.382,29.287,26.505,340.7
R00158,2018,14,bahrain,7,Driver_7,Team_7,77.511,77.91508404703721,78.18883916972023,0.575,Medium,21.763,29.4,26.348,309.8
R00158,2018,14,bahrain,8,Driver_8,Team_8,78.052,78.43206533182735,78.47016143502621,1.906,Soft,21.833,29.496,26.723,315.5
R00158,2018,14,bahrain,9,Driver_9,Team_9,78.23,78.6321660685754,79.1983438833023,1.003,Soft,21.89,29.548,26.792,329.1
R00158,2018,14,bahrain,10,Driver_10,Team_10,79.194,79.64728512394282,79.87353700427826,5.268,Soft,22.101,29.969,27.124,326.3
R00159,2018,15,singapore,1,Lewis Hamilton,Mercedes,75.306,75.53084471517742,76.19040382396653,0.0,Medium,21.173,28.609,25.524,343.0
R00159,2018,15,singapore,2,Driver_2,Team_2,76.225,76.563753810877,77.02447803632072,0.593,Medium,21.366,28.672,26.187,339.1
R00159,2018,15,singapore,3,Driver_3,Team_3,75.948,76.30781663333924,76.71701525428082,1.109,Soft,21.236,29.061,25.651,336.1
R00159,2018,15,singapore,4,Driver_4,Team_4,77.204,77.46079625512074,77.56792605270768,1.566,Soft,21.542,29.23,26.432,309.6
R00159,2018,15,singapore,5,Driver_5,Team_5,76.925,77.27600695732171,77.2928009088653,1.903,Medium,21.465,29.253,26.207,339.1
R00159,2018,15,singapore,6,Driver_6,Team_6,77.848,78.32041889048018,78.27748965923308,2.394,Soft,21.992,29.631,26.225,312.0
R00159,2018,15,singapore,7,Driver_7,Team_7,78.124,78.5587983332275,78.8132177374529,3.337,Medium,21.689,29.616,26.819,326.9
R00159,2018,15,singapore,8,Driver_8,Team_8,78.18,78.63910034065287,78.75104889612373,2.352,Soft,21.959,29.619,26.602,331.4
R00159,2018,15,singapore,9,Driver_9,Team_9,78.688,79.01640477077196,79.11811325177355,1.562,Medium,22.036,29.797,26.855,315.6
R00159,2018,15,singapore,10,Driver_10,Team_10,79.062,79.42817420292681,79.56181747657094,4.102,Medium,22.143,29.941,26.978,348.1
R00160,2018,16,bahrain,1,Lewis Hamilton,Mercedes,75.506,75.86609429606895,76.14342646421935,0.0,Medium,21.125,28.751,25.63,315.6
R00160,2018,16,bahrain,2,Driver_2,Team_2,76.109,76.37838394130496,76.92176426737736,0.525,Medium,21.249,28.867,25.993,321.7
R00160,2018,16,bahrain,3,Driver_3,Team_3,75.978,76.1865416842311,76.31510310498875,0.196,Medium,21.33,28.996,25.652,304.8
R00160,2018,16,bahrain,4,Driver_4,Team_4,76.268,76.51688712587162,76.95854379978012,0.862,Soft,21.573,29.039,25.656,297.4
R00160,2018,16,bahrain,5,Driver_5,Team_5,77.344,77.77055750758825,78.03543245668776,1.444,Medium,21.785,29.387,26.172,306.9
R00160,2018,16,bahrain,6,Driver_6,Team_6,77.787,78.24231770269536,78.18928358421196,2.7,Medium,21.63,29.587,26.57,326.2
R00160,2018,16,bahrain,7,Driver_7,Team_7,77.622,77.94732237894615,78.39632430965166,2.69,Medium,21.542,29.484,26.596,320.2
R00160,2018,16,bahrain,8,Driver_8,Team_8,77.859,78.12228533889461,78.3133404061292,2.699,Medium,21.823,29.481,26.555,338.6
R00160,2018,16,bahrain,9,Driver_9,Team_9,78.446,78.77779667911814,79.35060709539357,2.652,Soft,21.812,29.739,26.895,322.3
R00160,2018,16,bahrain,10,Driver_10,Team_10,79.144,79.33426092224335,79.63155076447698,1.31,Medium,22.135,30.128,26.881,312.2
R00161,2018,17,bahrain,1,Lewis Hamilton,Mercedes,75.417,75.5476006084571,76.4059094530504,0.0,Soft,21.096,28.781,25.54,344.5
R00161,2018,17,bahrain,2,Driver_2,Team_2,75.604,75.78648856155394,76.36922783161674,0.354,Medium,21.315,28.874,25.415,330.9
R00161,2018,17,bahrain,3,Driver_3,Team_3,76.475,76.90167261779035,77.23185799419088,0.761,Medium,21.578,29.068,25.829,330.5
R00161,2018,17,bahrain,4,Driver_4,Team_4,76.188,76.6273350944943,76.9627479225138,1.19,Soft,21.417,29.141,25.63,305.2
R00161,2018,17,bahrain,5,Driver_5,Team_5,77.046,77.33549875988179,77.51090615828421,0.413,Soft,21.516,29.397,26.133,326.4
R00161,2018,17,bahrain,6,Driver_6,Team_6,77.051,77.5490004264615,77.59326994727051,1.979,Soft,21.596,29.153,26.302,324.9
R00161,2018,17,bahrain,7,Driver_7,Team_7,77.673,78.10811716936435,78.34784567093115,1.804,Soft,21.669,29.573,26.431,308.8
R00161,2018,17,bahrain,8,Driver_8,Team_8,78.05,78.32998030185293,78.93235230012442,1.257,Medium,21.814,29.783,26.453,327.3
R00161,2018,17,bahrain,9,Driver_9,Team_9,78.571,78.83359153811878,79.21157665498261,2.672,Medium,22.068,29.964,26.539,315.5
R00161,2018,17,bahrain,10,Driver_10,Team_10,79.038,79.26100956535737,79.70672099407082,1.22,Medium,22.082,30.066,26.89,319.7
R00162,2018,18,bahrain,1,Lewis Hamilton,Mercedes,75.473,75.58793467210391,76.07333867011477,0.0,Soft,21.304,28.848,25.321,344.6
R00162,2018,18,bahrain,2,Driver_2,Team_2,75.487,75.88070435134426,76.2284894479747,0.593,Soft,21.154,28.58,25.753,309.8
R00162,2018,18,bahrain,3,Driver_3,Team_3,76.602,77.07513383990089,76.95485869408854,0.518,Medium,21.502,29.078,26.022,332.4
R00162,2018,18,bahrain,4,Driver_4,Team_4,76.265,76.40563005936231,76.73782543183773,1.529,Medium,21.272,28.997,25.996,329.2
R00162,2018,18,bahrain,5,Driver_5,Team_5,76.82,77.07551616412697,77.3088803188213,1.648,Medium,21.587,29.163,26.07,319.5
R00162,2018,18,bahrain,6,Driver_6,Team_6,76.859,77.33102938985087,77.42737698587567,1.307,Soft,21.492,29.134,26.233,319.7
R00162,2018,18,bahrain,7,Driver_7,Team_7,77.83,78.28539088179019,78.21735636604545,3.364,Soft,21.744,29.698,26.388,328.5
R00162,2018,18,bahrain,8,Driver_8,Team_8,78.02,78.26792281417283,78.740727385813,1.388,Soft,21.753,29.805,26.462,341.4
R00162,2018,18,bahrain,9,Driver_9,Team_9,78.864,79.34508224573132,79.30892343670628,2.767,Soft,21.993,30.186,26.685,329.8
R00162,2018,18,bahrain,10,Driver_10,Team_10,79.026,79.1655513693587,79.64397824943464,5.195,Soft,22.004,29.905,27.117,306.1
R00163,2018,19,mexico,1,Lewis Hamilton,Mercedes,74.863,75.1246723851957,75.19887469293492,0.0,Intermediate,20.925,28.49,25.448,311.3
R00163,2018,19,mexico,2,Driver_2,Team_2,76.028,76.21138975455084,76.94784187451187,0.314,Intermediate,21.307,28.793,25.928,295.7
R00163,2018,19,mexico,3,Driver_3,Team_3,75.844,76.09445207511284,76.21448401032633,0.558,Intermediate,21.118,28.855,25.871,328.5
R00163,2018,19,mexico,4,Driver_4,Team_4,76.84,77.2833561709446,77.20366382376154,1.721,Intermediate,21.515,29.26,26.065,316.8
R00163,2018,19,mexico,5,Driver_5,Team_5,77.344,77.44556771343215,77.6621229390317,0.716,Intermediate,21.612,29.506,26.226,313.9
R00163,2018,19,mexico,6,Driver_6,Team_6,77.078,77.40937175836619,77.91792710744514,1.029,Intermediate,21.368,29.259,26.451,338.4
R00163,2018,19,mexico,7,Driver_7,Team_7,77.981,78.24363795857047,78.76717176640896,1.795,Intermediate,21.951,29.679,26.351,311.7
R00163,2018,19,mexico,8,Driver_8,Team_8,78.054,78.4318800120877,78.82716295302892,1.569,Intermediate,21.874,29.62,26.56,329.2
R00163,2018,19,mexico,9,Driver_9,Team_9,78.696,78.82241244341917,79.58712150214141,2.775,Intermediate,22.161,29.972,26.563,335.5
R00163,2018,19,mexico,10,Driver_10,Team_10,79.235,79.54768857472622,80.21704158436818,3.633,Intermediate,22.176,30.002,27.057,336.6
R00164,2018,20,brazil,1,Lewis Hamilton,Mercedes,75.319,75.48648858236555,76.21365599757898,0.0,Soft,21.115,28.615,25.589,298.9
R00164,2018,20,brazil,2,Driver_2,Team_2,76.205,76.33204251325762,76.70764558833763,0.325,Soft,21.417,29.008,25.78,331.9
R00164,2018,20,brazil,3,Driver_3,Team_3,76.26,76.43489639427949,77.25844931896131,0.471,Medium,21.182,28.709,26.369,331.6
R00164,2018,20,brazil,4,Driver_4,Team_4,76.486,76.67767246962755,77.17924045802043,0.872,Soft,21.143,28.954,26.389,347.4
R00164,2018,20,brazil,5,Driver_5,Team_5,76.805,77.18797481451715,77.75178828422759,1.735,Medium,21.535,29.136,26.134,339.6
R00164,2018,20,brazil,6,Driver_6,Team_6,77.443,77.83202628958992,78.08086593856636,1.856,Medium,21.645,29.27,26.528,335.7
R00164,2018,20,brazil,7,Driver_7,Team_7,77.344,77.66839315209205,77.95700363085614,3.521,Soft,21.636,29.56,26.148,336.6
R00164,2018,20,brazil,8,Driver_8,Team_8,78.182,78.53055266056371,78.49091471944205,0.686,Soft,21.91,29.682,26.59,324.7
R00164,2018,20,brazil,9,Driver_9,Team_9,78.749,78.96405192816697,79.53790790407061,1.994,Medium,21.875,30.068,26.806,318.4
R00164,2018,20,brazil,10,Driver_10,Team_10,79.821,79.96730352639669,80.46238481417593,4.35,Soft,22.443,30.256,27.122,322.5
R00165,2018,21,abu_dhabi,1,Lewis Hamilton,Mercedes,75.676,75.79646440047537,76.56436371873357,0.0,Soft,21.318,28.911,25.447,322.1
R00165,2018,21,abu_dhabi,2,Driver_2,Team_2,75.348,75.53966083114634,76.32240814640288,0.57,Medium,21.068,28.545,25.735,363.7
R00165,2018,21,abu_dhabi,3,Driver_3,Team_3,76.353,76.73926794982965,77.02975686986802,0.449,Soft,21.448,28.907,25.998,343.0
R00165,2018,21,abu_dhabi,4,Driver_4,Team_4,76.779,77.02100520313061,77.3248011261055,0.67,Soft,21.466,29.31,26.003,324.8
R00165,2018,21,abu_dhabi,5,Driver_5,Team_5,76.557,76.67120820643932,77.34981358201017,1.258,Soft,21.424,29.071,26.062,368.6
R00165,2018,21,abu_dhabi,6,Driver_6,Team_6,77.556,77.87505368525856,78.2975937218219,2.323,Medium,21.769,29.647,26.14,318.9
R00165,2018,21,abu_dhabi,7,Driver_7,Team_7,77.471,77.88095508297567,77.98956838026791,0.534,Soft,21.832,29.561,26.078,364.5
R00165,2018,21,abu_dhabi,8,Driver_8,Team_8,78.622,78.98676747640825,79.20163573108867,0.571,Medium,22.047,29.927,26.648,310.0
R00165,2018,21,abu_dhabi,9,Driver_9,Team_9,78.055,78.51544921966745,78.56694799544846,4.431,Medium,21.662,29.636,26.757,344.7
R00165,2018,21,abu_dhabi,10,Driver_10,Team_10,78.594,78.74806000978427,79.54684608771169,1.357,Soft,21.887,29.963,26.744,340.8
R00166,2019,1,bahrain,1,Max Verstappen,Red Bull Racing,74.807,75.0049628625042,75.55016375713076,0.0,Soft,20.771,28.555,25.481,342.5
R00166,2019,1,bahrain,2,Driver_2,Team_2,75.973,76.37060247273924,76.66862316927124,0.32,Medium,21.433,28.961,25.579,326.8
R00166,2019,1,bahrain,3,Driver_3,Team_3,76.323,76.47901077727334,76.84185778025657,1.002,Medium,21.339,28.896,26.088,332.9
R00166,2019,1,bahrain,4,Driver_4,Team_4,76.15,76.59730779700833,76.96180562575131,0.754,Medium,21.542,29.027,25.581,357.1
R00166,2019,1,bahrain,5,Driver_5,Team_5,77.216,77.60536346092833,77.55659044230559,1.65,Medium,21.77,29.266,26.18,312.6
R00166,2019,1,bahrain,6,Driver_6,Team_6,76.965,77.2548718605331,77.7192478713917,2.461,Soft,21.438,29.143,26.384,289.6
R00166,2019,1,bahrain,7,Driver_7,Team_7,77.727,77.97507547714073,78.43768501587674,0.825,Soft,21.739,29.498,26.49,336.7
R00166,2019,1,bahrain,8,Driver_8,Team_8,78.37,78.56701300273305,79.2079482999592,1.649,Soft,21.774,29.916,26.68,322.1
R00166,2019,1,bahrain,9,Driver_9,Team_9,78.448,78.89801488713694,79.2775531622879,3.165,Soft,21.939,29.873,26.636,324.3
R00166,2019,1,bahrain,10,Driver_10,Team_10,79.247,79.4524313556702,79.60128913293033,3.807,Soft,22.047,29.99,27.21,320.4
R00167,2019,2,jeddah,1,Lewis Hamilton,Mercedes,75.675,76.03628047756142,76.59921854831184,0.0,Soft,21.277,28.729,25.669,313.3
R00167,2019,2,jeddah,2,Driver_2,Team_2,75.51,75.70910298323481,76.06625019481882,0.166,Soft,20.844,28.784,25.882,317.3
R00167,2019,2,jeddah,3,Driver_3,Team_3,76.241,76.46597430172474,77.04367714888623,0.879,Soft,21.259,29.172,25.81,320.1
R00167,2019,2,jeddah,4,Driver_4,Team_4,77.179,77.32422942497975,77.64235111889106,0.512,Medium,21.743,29.311,26.125,315.2
R00167,2019,2,jeddah,5,Driver_5,Team_5,77.477,77.58419345075049,78.2657478890306,1.243,Soft,21.729,29.307,26.441,341.7
R00167,2019,2,jeddah,6,Driver_6,Team_6,77.333,77.82511344134416,77.72217742257845,0.408,Soft,21.75,29.359,26.224,314.7
R00167,2019,2,jeddah,7,Driver_7,Team_7,77.683,77.99344831004646,78.49762968275706,2.61,Soft,21.772,29.669,26.242,333.9
R00167,2019,2,jeddah,8,Driver_8,Team_8,78.304,78.78094391774584,79.2921544172488,1.185,Medium,21.803,29.81,26.691,325.4
R00167,2019,2,jeddah,9,Driver_9,Team_9,78.678,78.96040056084134,79.52224506235592,0.926,Soft,22.097,29.795,26.786,336.5
R00167,2019,2,jeddah,10,Driver_10,Team_10,78.976,79.10622150156122,79.79292824855995,0.915,Medium,22.205,30.229,26.542,325.3
R00168,2019,3,albert_park,1,Lando Norris,McLaren,75.579,76.05051520820496,76.40394359948118,0.0,Intermediate,21.217,28.683,25.679,330.1
R00168,2019,3,albert_park,2,Driver_2,Team_2,75.463,75.78813993195179,76.27456430740955,0.159,Intermediate,21.2,28.73,25.533,332.0
R00168,2019,3,albert_park,3,Driver_3,Team_3,76.325,76.70801723131568,77.23368145911888,0.316,Intermediate,21.436,29.101,25.788,319.3
R00168,2019,3,albert_park,4,Driver_4,Team_4,76.411,76.78791820948466,76.94975923164596,1.035,Intermediate,21.271,28.924,26.216,319.3
R00168,2019,3,albert_park,5,Driver_5,Team_5,77.024,77.49015003316725,77.43043786162609,1.99,Intermediate,21.699,29.183,26.142,338.8
R00168,2019,3,albert_park,6,Driver_6,Team_6,77.826,78.04742669355497,78.78133626144957,1.917,Intermediate,21.524,29.683,26.619,308.5
R00168,2019,3,albert_park,7,Driver_7,Team_7,77.764,77.90785633186022,78.1509275275767,3.451,Intermediate,21.864,29.634,26.266,323.1
R00168,2019,3,albert_park,8,Driver_8,Team_8,77.859,78.28189852429644,78.20378557312864,2.67,Intermediate,21.818,29.503,26.538,349.8
R00168,2019,3,albert_park,9,Driver_9,Team_9,78.7,79.18503822746841,79.46084546048354,3.508,Intermediate,22.045,29.865,26.79,307.1
R00168,2019,3,albert_park,10,Driver_10,Team_10,79.238,79.49739414733014,79.58297753114061,4.646,Intermediate,22.24,30.201,26.797,316.0
R00169,2019,4,baku,1,Lewis Hamilton,Mercedes,75.856,75.96186562710541,76.20018296107156,0.0,Medium,21.217,28.859,25.78,311.5
R00169,2019,4,baku,2,Driver_2,Team_2,76.095,76.50277937532849,76.94884036095391,0.223,Soft,21.181,29.069,25.845,332.2
R00169,2019,4,baku,3,Driver_3,Team_3,76.011,76.46271701440334,76.67054329926265,0.933,Medium,21.334,28.952,25.725,326.5
R00169,2019,4,baku,4,Driver_4,Team_4,76.734,77.08623224622933,77.46163080057053,0.511,Soft,21.517,29.062,26.155,318.6
R00169,2019,4,baku,5,Driver_5,Team_5,76.491,76.96314646369872,77.07606914263857,1.722,Soft,21.367,29.099,26.025,320.8
R00169,2019,4,baku,6,Driver_6,Team_6,77.33,77.47779994644934,77.87189511677948,1.937,Medium,21.652,29.341,26.337,318.9
R00169,2019,4,baku,7,Driver_7,Team_7,77.96,78.11733650009907,78.7881316800165,1.198,Soft,21.891,29.655,26.414,324.9
R00169,2019,4,baku,8,Driver_8,Team_8,78.488,78.61521686773945,79.42298638466319,1.782,Medium,22.033,29.916,26.539,340.0
R00169,2019,4,baku,9,Driver_9,Team_9,78.836,79.28940525769124,79.176691933113,1.173,Medium,22.076,30.118,26.642,313.0
R00169,2019,4,baku,10,Driver_10,Team_10,79.381,79.65514413842416,80.28981346567674,4.113,Medium,22.143,30.146,27.092,307.3
R00170,2019,5,miami,1,Lewis Hamilton,Mercedes,75.291,75.46579268677486,75.82119631977312,0.0,Medium,21.132,28.412,25.747,343.5
R00170,2019,5,miami,2,Driver_2,Team_2,75.388,75.82210732559776,75.7532434421742,0.571,Medium,21.131,28.668,25.589,336.8
R00170,2019,5,miami,3,Driver_3,Team_3,76.606,76.74656040477616,77.26470203557606,1.138,Soft,21.457,29.273,25.876,349.8
R00170,2019,5,miami,4,Driver_4,Team_4,76.468,76.62025640669711,77.24476148025764,1.584,Medium,21.483,29.099,25.886,344.0
R00170,2019,5,miami,5,Driver_5,Team_5,77.13,77.5324776355884,78.01081376794976,0.724,Soft,21.517,29.193,26.42,312.0
R00170,2019,5,miami,6,Driver_6,Team_6,77.743,78.1690763147102,78.18939993346363,2.371,Medium,21.672,29.446,26.625,336.1
R00170,2019,5,miami,7,Driver_7,Team_7,78.057,78.32338001112117,78.75339599035648,2.321,Soft,21.867,29.636,26.554,324.3
R00170,2019,5,miami,8,Driver_8,Team_8,77.845,78.06928072224586,78.24951389966576,3.22,Medium,21.869,29.496,26.48,312.6
R00170,2019,5,miami,9,Driver_9,Team_9,78.583,79.02082808599239,79.24865787776551,2.939,Soft,22.083,29.698,26.802,305.9
R00170,2019,5,miami,10,Driver_10,Team_10,79.017,79.12205132356043,79.57737179869955,2.16,Medium,22.109,29.83,27.078,344.1
R00171,2019,6,monaco,1,Lewis Hamilton,Mercedes,75.526,75.72732915801687,75.88762210179036,0.0,Medium,21.071,28.641,25.814,318.3
R00171,2019,6,monaco,2,Driver_2,Team_2,76.076,76.4503842584965,77.03548903068112,0.102,Soft,21.285,28.95,25.841,322.0
R00171,2019,6,monaco,3,Driver_3,Team_3,76.905,77.04558754851934,77.7922237533257,0.326,Medium,21.424,29.177,26.304,346.6
R00171,2019,6,monaco,4,Driver_4,Team_4,76.579,76.96193232309568,77.15928548130748,0.675,Soft,21.494,29.048,26.037,317.1
R00171,2019,6,monaco,5,Driver_5,Team_5,77.593,77.9333209000602,78.30996388332845,0.504,Soft,21.558,29.418,26.617,320.4
R00171,2019,6,monaco,6,Driver_6,Team_6,77.686,77.9283306749558,78.45922836468894,1.551,Soft,21.744,29.479,26.463,324.6
R00171,2019,6,monaco,7,Driver_7,Team_7,78.427,78.67673323801363,78.97570489773283,1.977,Soft,22.031,29.899,26.497,348.7
R00171,2019,6,monaco,8,Driver_8,Team_8,77.949,78.12314183656284,78.60174419848124,2.183,Medium,21.635,29.52,26.794,318.2
R00171,2019,6,monaco,9,Driver_9,Team_9,78.576,78.88941466226757,79.17984497282522,3.813,Soft,21.899,29.709,26.968,351.7
R00171,2019,6,monaco,10,Driver_10,Team_10,79.022,79.29931818284618,79.86694489835648,4.018,Soft,22.054,30.032,26.936,344.8
R00172,2019,7,spain,1,Lewis Hamilton,Mercedes,74.846,75.25231013902976,75.4913137668781,0.0,Intermediate,21.021,28.453,25.372,349.2
R00172,2019,7,spain,2,Driver_2,Team_2,75.795,76.06813352285576,76.25752006313394,0.226,Intermediate,21.063,28.794,25.938,340.7
R00172,2019,7,spain,3,Driver_3,Team_3,76.31,76.71402002894052,76.90697506257303,0.886,Intermediate,21.353,28.823,26.134,281.8
R00172,2019,7,spain,4,Driver_4,Team_4,76.825,77.23251838305245,77.6152332809629,1.077,Intermediate,21.566,29.35,25.909,324.1
R00172,2019,7,spain,5,Driver_5,Team_5,76.842,77.20954188764327,77.70855322318987,2.22,Intermediate,21.473,29.301,26.068,321.5
R00172,2019,7,spain,6,Driver_6,Team_6,77.386,77.61281139613102,78.08621822381374,0.441,Intermediate,21.621,29.45,26.315,344.9
R00172,2019,7,spain,7,Driver_7,Team_7,77.737,77.90240830892753,78.24095095609324,0.671,Intermediate,21.89,29.486,26.361,325.3
R00172,2019,7,spain,8,Driver_8,Team_8,78.214,78.62002537252641,78.56034148093892,4.052,Intermediate,21.893,29.863,26.458,341.4
R00172,2019,7,spain,9,Driver_9,Team_9,78.533,78.78783987241695,79.3893410589682,0.83,Intermediate,21.994,29.749,26.79,322.8
R00172,2019,7,spain,10,Driver_10,Team_10,79.212,79.66482478415422,79.63703543785658,4.843,Intermediate,22.252,30.255,26.705,318.2
R00173,2019,8,canada,1,Lewis Hamilton,Mercedes,75.463,75.61370379284281,76.1542049359455,0.0,Medium,21.209,28.653,25.601,334.5
R00173,2019,8,canada,2,Driver_2,Team_2,76.141,76.54161413084834,76.51482391993281,0.375,Soft,21.256,28.947,25.938,315.2
R00173,2019,8,canada,3,Driver_3,Team_3,76.874,77.11732272278486,77.49871322488909,0.572,Medium,21.603,29.136,26.135,342.1
R00173,2019,8,canada,4,Driver_4,Team_4,76.848,77.1646406709817,77.54698947340611,1.13,Medium,21.548,29.334,25.966,304.3
R00173,2019,8,canada,5,Driver_5,Team_5,77.39,77.50291608751476,77.79705893816934,0.621,Medium,21.526,29.226,26.638,350.8
R00173,2019,8,canada,6,Driver_6,Team_6,77.383,77.83853589472828,77.72552866547032,0.658,Soft,21.55,29.27,26.563,307.0
R00173,2019,8,canada,7,Driver_7,Team_7,78.212,78.60529501826477,78.90087851401152,3.231,Soft,21.921,29.675,26.616,323.9
R00173,2019,8,canada,8,Driver_8,Team_8,77.289,77.6872238168523,77.85880653912943,3.925,Soft,21.617,29.404,26.268,324.5
R00173,2019,8,canada,9,Driver_9,Team_9,78.618,79.00817410508567,79.13566063116457,1.668,Medium,22.051,30.051,26.516,326.3
R00173,2019,8,canada,10,Driver_10,Team_10,78.961,79.39761645124378,79.32928933150514,0.862,Medium,21.881,29.998,27.082,343.9
R00174,2019,9,austria,1,Lewis Hamilton,Mercedes,75.681,75.93717081365534,76.56971448491734,0.0,Soft,21.149,28.61,25.922,298.6
R00174,2019,9,austria,2,Driver_2,Team_2,75.557,75.9908925043224,76.45637087345538,0.162,Soft,21.098,28.66,25.799,324.2
R00174,2019,9,austria,3,Driver_3,Team_3,76.058,76.22435274797927,76.79881897619886,0.982,Soft,21.291,28.843,25.924,321.9
R00174,2019,9,austria,4,Driver_4,Team_4,76.187,76.66289034312378,76.78494072978158,1.588,Medium,21.438,28.858,25.891,320.9
R00174,2019,9,austria,5,Driver_5,Team_5,77.297,77.73962236405862,77.74779916839744,1.935,Medium,21.698,29.589,26.01,331.4
R00174,2019,9,austria,6,Driver_6,Team_6,77.415,77.51850353797863,77.97190768141421,1.044,Medium,21.732,29.4,26.283,324.8
R00174,2019,9,austria,7,Driver_7,Team_7,77.49,77.77767281102979,78.42017003213651,1.078,Medium,21.544,29.364,26.582,319.7
R00174,2019,9,austria,8,Driver_8,Team_8,77.952,78.06370584441899,78.89522954537128,1.122,Medium,22.001,29.632,26.319,330.6
R00174,2019,9,austria,9,Driver_9,Team_9,79.028,79.22409000489165,79.739035091255,3.717,Medium,22.11,30.052,26.866,347.7
R00174,2019,9,austria,10,Driver_10,Team_10,78.964,79.424790123303,79.92908547209005,4.909,Soft,22.002,29.918,27.044,351.5
R00175,2019,10,silverstone,1,Lewis Hamilton,Mercedes,75.395,75.88162966800901,75.8612318194956,0.0,Medium,21.185,28.577,25.633,334.3
R00175,2019,10,silverstone,2,Driver_2,Team_2,75.776,76.12305130312798,76.53515661061002,0.247,Medium,21.064,28.785,25.927,314.8
R00175,2019,10,silverstone,3,Driver_3,Team_3,75.507,75.86581055816403,75.85580486971061,0.882,Soft,21.127,28.771,25.609,329.4
R00175,2019,10,silverstone,4,Driver_4,Team_4,76.867,77.0091777568087,77.18126286041745,0.405,Soft,21.373,29.33,26.164,322.8
R00175,2019,10,silverstone,5,Driver_5,Team_5,76.693,76.87798617736183,77.11810013000174,0.401,Soft,21.52,29.104,26.069,326.3
R00175,2019,10,silverstone,6,Driver_6,Team_6,77.832,77.95352190120975,78.27124117104142,1.012,Medium,21.861,29.568,26.403,335.1
R00175,2019,10,silverstone,7,Driver_7,Team_7,77.699,78.18195553875879,78.18335341332815,1.741,Soft,21.779,29.325,26.595,316.3
R00175,2019,10,silverstone,8,Driver_8,Team_8,78.235,78.56381670411184,78.58038273653344,2.685,Medium,21.809,29.77,26.656,317.2
R00175,2019,10,silverstone,9,Driver_9,Team_9,78.396,78.57419956702722,79.23000925744809,2.501,Medium,22.088,29.663,26.645,317.2
R00175,2019,10,silverstone,10,Driver_10,Team_10,78.816,79.01146332580163,79.23076896839315,2.044,Medium,22.015,29.884,26.917,327.0
R00176,2019,11,hungary,1,Max Verstappen,Red Bull Racing,74.91,75.11818004689012,75.7897273148672,0.0,Soft,21.083,28.439,25.388,333.8
R00176,2019,11,hungary,2,Driver_2,Team_2,75.651,76.0172602168032,76.20253230830745,0.209,Soft,21.458,28.557,25.636,323.6
R00176,2019,11,hungary,3,Driver_3,Team_3,75.673,76.02043883315419,76.50873024918272,0.643,Soft,21.255,28.79,25.628,309.1
R00176,2019,11,hungary,4,Driver_4,Team_4,76.53,76.95826448465003,77.1823351769885,0.689,Soft,21.431,29.031,26.068,320.7
R00176,2019,11,hungary,5,Driver_5,Team_5,76.851,77.05011343625938,77.45928430340612,1.606,Medium,21.588,29.007,26.256,343.4
R00176,2019,11,hungary,6,Driver_6,Team_6,77.097,77.52959350193451,78.05511872042779,2.486,Medium,21.505,29.234,26.358,320.3
R00176,2019,11,hungary,7,Driver_7,Team_7,77.764,78.22407713985338,78.69536437614738,0.844,Soft,21.694,29.576,26.494,339.9
R00176,2019,11,hungary,8,Driver_8,Team_8,78.224,78.45926194577342,79.00986349078323,2.37,Medium,21.898,29.847,26.479,297.9
R00176,2019,11,hungary,9,Driver_9,Team_9,78.506,78.81900262564363,78.8661412436588,3.712,Medium,22.031,29.941,26.534,340.7
R00176,2019,11,hungary,10,Driver_10,Team_10,79.143,79.42299990383209,79.70238716264761,3.807,Soft,22.144,30.024,26.975,340.3
R00177,2019,12,spa,1,Max Verstappen,Red Bull Racing,75.691,75.82807818996594,76.4903355146231,0.0,Soft,21.247,28.651,25.793,338.8
R00177,2019,12,spa,2,Driver_2,Team_2,75.483,75.58484418674168,76.35740988045495,0.184,Medium,21.189,28.771,25.523,322.7
R00177,2019,12,spa,3,Driver_3,Team_3,76.141,76.43305301656379,76.95651246286964,0.851,Soft,21.429,28.9,25.812,317.7
R00177,2019,12,spa,4,Driver_4,Team_4,76.811,77.27424144008042,77.75743993997884,1.337,Soft,21.637,29.339,25.835,298.9
R00177,2019,12,spa,5,Driver_5,Team_5,77.328,77.53223303924138,78.03009271065045,0.634,Medium,21.591,29.265,26.472,315.2
R00177,2019,12,spa,6,Driver_6,Team_6,77.732,78.09598774755857,78.38442502111822,1.42,Soft,21.794,29.48,26.458,338.3
R00177,2019,12,spa,7,Driver_7,Team_7,78.0,78.42219033083163,78.74918878738428,2.775,Soft,21.684,29.731,26.585,335.8
R00177,2019,12,spa,8,Driver_8,Team_8,77.895,78.10706198829762,78.84038713896655,1.062,Medium,21.857,29.755,26.283,337.0
R00177,2019,12,spa,9,Driver_9,Team_9,78.693,79.1794572966818,79.129653864968,4.194,Soft,22.0,29.891,26.802,329.2
R00177,2019,12,spa,10,Driver_10,Team_10,78.658,78.80768241895008,79.1235977183522,2.39,Soft,21.9,29.919,26.839,334.5
R00178,2019,13,zandvoort,1,Max Verstappen,Red Bull Racing,75.603,75.86628022090459,76.50981729121001,0.0,Intermediate,21.063,28.866,25.674,318.5
R00178,2019,13,zandvoort,2,Driver_2,Team_2,75.69,75.9040120921872,76.07649689125888,0.186,Intermediate,21.264,28.592,25.834,335.4
R00178,2019,13,zandvoort,3,Driver_3,Team_3,76.005,76.4857347796965,76.70909122653647,0.285,Intermediate,21.257,28.893,25.855,352.3
R00178,2019,13,zandvoort,4,Driver_4,Team_4,76.23,76.39371211249184,76.60437749310913,1.728,Intermediate,21.329,28.889,26.012,329.1
R00178,2019,13,zandvoort,5,Driver_5,Team_5,76.863,77.19563171340445,77.58259337492467,2.328,Intermediate,21.44,29.215,26.208,334.3
R00178,2019,13,zandvoort,6,Driver_6,Team_6,77.323,77.57316554832477,77.77958061168492,1.925,Intermediate,21.656,29.438,26.229,319.4
R00178,2019,13,zandvoort,7,Driver_7,Team_7,77.985,78.1249873770619,78.37604826019877,2.876,Intermediate,21.852,29.632,26.501,306.4
R00178,2019,13,zandvoort,8,Driver_8,Team_8,78.094,78.48527519339146,78.72561811604652,1.43,Intermediate,21.995,29.845,26.254,329.1
R00178,2019,13,zandvoort,9,Driver_9,Team_9,78.673,78.89759008276236,79.21398035057733,2.536,Intermediate,22.016,30.098,26.559,300.7
R00178,2019,13,zandvoort,10,Driver_10,Team_10,79.233,79.35085739385089,79.75286230657817,2.085,Intermediate,22.114,30.121,26.998,332.3
R00179,2019,14,monza,1,Lewis Hamilton,Mercedes,75.154,75.5737474738254,75.61022608355944,0.0,Intermediate,21.128,28.618,25.408,305.9
R00179,2019,14,monza,2,Driver_2,Team_2,75.659,76.02599154500646,76.62275807614294,0.562,Intermediate,21.164,28.565,25.93,333.1
R00179,2019,14,monza,3,Driver_3,Team_3,76.487,76.60131396763866,77.48363165407068,0.261,Intermediate,21.341,28.974,26.172,331.7
R00179,2019,14,monza,4,Driver_4,Team_4,77.023,77.4909988709886,77.84115053452967,0.885,Intermediate,21.591,29.326,26.106,331.4
R00179,2019,14,monza,5,Driver_5,Team_5,76.85,77.09499785659366,77.76114556422867,0.606,Intermediate,21.592,29.182,26.076,339.9
R00179,2019,14,monza,6,Driver_6,Team_6,77.517,77.89901289524397,77.94781024385527,1.808,Intermediate,21.794,29.477,26.246,306.1
R00179,2019,14,monza,7,Driver_7,Team_7,78.14,78.45593560684752,78.91059969540886,2.688,Intermediate,21.804,29.703,26.633,333.5
R00179,2019,14,monza,8,Driver_8,Team_8,78.665,79.06977773593016,79.61917285780162,0.817,Intermediate,21.901,29.984,26.78,310.5
R00179,2019,14,monza,9,Driver_9,Team_9,78.617,78.81191108154309,79.21925932613719,4.431,Intermediate,21.924,29.743,26.95,306.4
R00179,2019,14,monza,10,Driver_10,Team_10,78.567,78.99549322988345,78.87981431420728,5.277,Intermediate,22.029,29.809,26.729,306.0
R00180,2019,15,singapore,1,Charles Leclerc,Ferrari,74.979,75.41976343691111,75.55426758485365,0.0,Medium,21.024,28.473,25.482,336.5
R00180,2019,15,singapore,2,Driver_2,Team_2,75.633,75.74747558969851,76.07553163630574,0.413,Soft,21.193,28.699,25.741,293.8
R00180,2019,15,singapore,3,Driver_3,Team_3,75.884,76.36909754962502,76.42200150672858,0.239,Medium,21.376,28.756,25.752,347.3
R00180,2019,15,singapore,4,Driver_4,Team_4,76.251,76.70620771220928,77.24000919269513,1.72,Medium,21.372,28.862,26.017,316.6
R00180,2019,15,singapore,5,Driver_5,Team_5,77.442,77.6298914610725,78.06071871115246,1.529,Soft,21.692,29.534,26.216,302.1
R00180,2019,15,singapore,6,Driver_6,Team_6,77.22,77.59912859599004,78.18203602376812,0.912,Medium,21.742,29.472,26.006,335.0
R00180,2019,15,singapore,7,Driver_7,Team_7,77.472,77.86757947684517,78.28159936944346,2.121,Medium,21.731,29.297,26.444,339.4
R00180,2019,15,singapore,8,Driver_8,Team_8,78.06,78.40936261865942,78.93291220723232,3.22,Medium,21.771,29.689,26.6,325.0
R00180,2019,15,singapore,9,Driver_9,Team_9,78.431,78.66478145687172,79.18208583570144,3.376,Medium,21.941,29.883,26.607,338.8
R00180,2019,15,singapore,10,Driver_10,Team_10,79.308,79.59809899651621,80.188764778377,1.629,Soft,22.177,30.11,27.021,331.5
R00181,2019,16,suzuka,1,Charles Leclerc,Ferrari,75.194,75.60781681016971,75.5264289719999,0.0,Soft,20.94,28.696,25.558,298.5
R00181,2019,16,suzuka,2,Driver_2,Team_2,75.914,76.08152194918624,76.766342431471,0.448,Medium,21.366,28.893,25.655,325.3
R00181,2019,16,suzuka,3,Driver_3,Team_3,75.706,76.16910492790619,76.39943922081832,0.652,Medium,21.14,28.784,25.782,310.5
R00181,2019,16,suzuka,4,Driver_4,Team_4,76.439,76.60224162187916,77.30021769231868,1.775,Medium,21.367,29.039,26.033,317.3
R00181,2019,16,suzuka,5,Driver_5,Team_5,76.601,77.00172751303008,76.97589297006658,1.29,Medium,21.56,29.229,25.812,302.8
R00181,2019,16,suzuka,6,Driver_6,Team_6,76.752,77.1872074896904,77.37140083167272,2.014,Soft,21.533,29.346,25.873,320.2
R00181,2019,16,suzuka,7,Driver_7,Team_7,77.925,78.08789882674195,78.26233280904576,2.103,Medium,21.789,29.79,26.346,324.6
R00181,2019,16,suzuka,8,Driver_8,Team_8,78.349,78.71175263233594,79.13139322034839,1.881,Medium,21.996,29.68,26.673,315.7
R00181,2019,16,suzuka,9,Driver_9,Team_9,78.58,78.86906627756156,79.063178970194,1.651,Soft,22.064,29.862,26.654,320.7
R00181,2019,16,suzuka,10,Driver_10,Team_10,79.164,79.63369542932021,79.56368206662627,2.042,Medium,22.392,30.124,26.648,362.7
R00182,2019,17,qatar,1,Lewis Hamilton,Mercedes,75.26,75.49081880437342,75.89733123944453,0.0,Medium,21.051,28.521,25.688,324.9
R00182,2019,17,qatar,2,Driver_2,Team_2,75.842,76.06382988530883,76.38046039765719,0.564,Soft,21.278,28.984,25.58,329.8
R00182,2019,17,qatar,3,Driver_3,Team_3,76.371,76.56481856267027,76.78595949358039,0.879,Soft,21.416,28.941,26.014,307.6
R00182,2019,17,qatar,4,Driver_4,Team_4,76.397,76.65181365286271,77.00833725548348,0.551,Medium,21.436,29.119,25.842,308.6
R00182,2019,17,qatar,5,Driver_5,Team_5,76.945,77.32248126494255,77.4647438523764,1.548,Soft,21.668,29.205,26.072,285.8
R00182,2019,17,qatar,6,Driver_6,Team_6,76.876,77.31227104048018,77.26820268351467,1.365,Soft,21.476,29.078,26.322,322.9
R00182,2019,17,qatar,7,Driver_7,Team_7,77.46,77.6596096521157,77.81771144380478,0.627,Soft,21.652,29.36,26.448,328.1
R00182,2019,17,qatar,8,Driver_8,Team_8,78.099,78.4899674077528,79.05741895636812,3.225,Soft,21.863,29.612,26.624,341.4
R00182,2019,17,qatar,9,Driver_9,Team_9,78.383,78.51455823274759,78.98434126986811,1.929,Soft,22.02,29.686,26.677,337.3
R00182,2019,17,qatar,10,Driver_10,Team_10,78.906,79.09619191518937,79.43982726415025,4.473,Medium,21.989,29.883,27.034,326.4
R00183,2019,18,cota,1,Lewis Hamilton,Mercedes,74.7,75.09123585406934,75.45831483236361,0.0,Intermediate,20.846,28.321,25.533,345.7
R00183,2019,18,cota,2,Driver_2,Team_2,75.952,76.33877131265109,76.5223539552162,0.424,Intermediate,20.981,28.886,26.085,337.6
R00183,2019,18,cota,3,Driver_3,Team_3,75.964,76.20055814752509,76.77013650491473,0.998,Intermediate,21.203,28.924,25.837,311.2
R00183,2019,18,cota,4,Driver_4,Team_4,76.81,77.04052699697229,77.38340300358635,0.652,Intermediate,21.549,28.945,26.316,340.1
R00183,2019,18,cota,5,Driver_5,Team_5,77.152,77.55179179368118,77.83874226847196,1.701,Intermediate,21.654,29.227,26.271,330.5
R00183,2019,18,cota,6,Driver_6,Team_6,76.748,76.88912116851935,77.49751688912164,1.394,Intermediate,21.301,29.246,26.201,327.1
R00183,2019,18,cota,7,Driver_7,Team_7,77.858,78.05031876408884,78.84916182659173,2.99,Intermediate,21.81,29.664,26.384,311.4
R00183,2019,18,cota,8,Driver_8,Team_8,77.911,78.13163922214603,78.90968459979672,3.629,Intermediate,22.006,29.683,26.222,317.6
R00183,2019,18,cota,9,Driver_9,Team_9,78.92,79.11951708451858,79.36416556891334,4.346,Intermediate,21.875,30.021,27.024,316.1
R00183,2019,18,cota,10,Driver_10,Team_10,78.984,79.27387727642864,79.78765562622242,2.51,Intermediate,22.215,29.858,26.911,330.8
R00184,2019,19,mexico,1,Lewis Hamilton,Mercedes,75.391,75.76288426729074,75.83896854449883,0.0,Soft,21.145,28.724,25.522,308.6
R00184,2019,19,mexico,2,Driver_2,Team_2,75.757,76.04120994862727,76.07751635415705,0.364,Soft,21.221,28.951,25.585,311.1
R00184,2019,19,mexico,3,Driver_3,Team_3,76.832,77.11948384671666,77.49048512806009,0.723,Medium,21.68,29.259,25.893,328.7
R00184,2019,19,mexico,4,Driver_4,Team_4,76.188,76.60802502912112,76.92481414176483,0.379,Medium,21.287,28.959,25.942,340.0
R00184,2019,19,mexico,5,Driver_5,Team_5,76.789,76.93744592454505,77.72883903286693,0.729,Soft,21.575,29.1,26.114,328.0
R00184,2019,19,mexico,6,Driver_6,Team_6,76.997,77.1338096845958,77.7669985411652,0.643,Soft,21.595,29.236,26.166,302.5
R00184,2019,19,mexico,7,Driver_7,Team_7,78.026,78.43226443784185,79.00953488445008,1.552,Medium,21.85,29.697,26.479,351.0
R00184,2019,19,mexico,8,Driver_8,Team_8,78.579,78.68118699284017,79.23100552782498,1.712,Soft,22.02,29.74,26.819,316.4
R00184,2019,19,mexico,9,Driver_9,Team_9,78.697,79.04269682182102,79.04014615412167,2.309,Soft,22.067,29.787,26.843,326.2
R00184,2019,19,mexico,10,Driver_10,Team_10,78.623,79.08822865252178,78.97127650648488,4.652,Soft,21.968,29.905,26.75,320.6
R00185,2019,20,brazil,1,Lewis Hamilton,Mercedes,75.732,76.07797691608164,76.58787221717289,0.0,Medium,21.265,28.772,25.695,340.1
R00185,2019,20,brazil,2,Driver_2,Team_2,75.806,76.25660827133542,76.15520376559729,0.467,Medium,21.074,28.886,25.846,349.9
R00185,2019,20,brazil,3,Driver_3,Team_3,76.519,76.72628871052258,77.17404368503816,0.764,Medium,21.605,29.089,25.825,343.7
R00185,2019,20,brazil,4,Driver_4,Team_4,76.617,77.1005639390146,77.1627665438956,1.396,Medium,21.417,29.193,26.007,349.8
R00185,2019,20,brazil,5,Driver_5,Team_5,76.73,77.21804168368509,77.51409289123751,0.744,Medium,21.468,29.155,26.107,318.0
R00185,2019,20,brazil,6,Driver_6,Team_6,77.748,78.12048660784208,78.08296596765624,0.67,Medium,21.95,29.603,26.195,310.5
R00185,2019,20,brazil,7,Driver_7,Team_7,77.545,78.00191143718033,78.51871565931069,3.448,Medium,21.822,29.503,26.22,338.7
R00185,2019,20,brazil,8,Driver_8,Team_8,78.549,79.03590427589356,78.92606557815533,1.481,Medium,21.987,29.747,26.815,313.2
R00185,2019,20,brazil,9,Driver_9,Team_9,78.856,78.98664608044746,79.6907146846085,4.667,Medium,22.085,29.955,26.816,340.9
R00185,2019,20,brazil,10,Driver_10,Team_10,79.243,79.73300777249104,79.97658606132146,1.267,Medium,22.29,30.171,26.782,337.0
R00186,2019,21,las_vegas,1,Lewis Hamilton,Mercedes,75.117,75.42493425940849,75.88307791651245,0.0,Intermediate,20.994,28.453,25.67,344.9
R00186,2019,21,las_vegas,2,Driver_2,Team_2,75.253,75.45198541214288,75.75966040725862,0.278,Intermediate,21.056,28.636,25.561,329.7
R00186,2019,21,las_vegas,3,Driver_3,Team_3,76.291,76.46023637796807,77.03095419643938,1.134,Intermediate,21.415,29.039,25.837,314.8
R00186,2019,21,las_vegas,4,Driver_4,Team_4,76.672,77.16273819759633,77.07043828432681,1.013,Intermediate,21.434,29.129,26.109,348.0
R00186,2019,21,las_vegas,5,Driver_5,Team_5,77.152,77.55086330446694,77.87847722361427,0.71,Intermediate,21.441,29.329,26.382,301.5
R00186,2019,21,las_vegas,6,Driver_6,Team_6,77.376,77.49892300283133,77.69536382778097,1.344,Intermediate,21.627,29.422,26.327,313.1
R00186,2019,21,las_vegas,7,Driver_7,Team_7,78.011,78.11298395463882,78.70398136555721,1.986,Intermediate,22.015,29.574,26.422,319.6
R00186,2019,21,las_vegas,8,Driver_8,Team_8,77.896,78.28324145650373,78.43402892710822,2.702,Intermediate,21.729,29.562,26.605,318.4
R00186,2019,21,las_vegas,9,Driver_9,Team_9,78.513,78.80128156429144,79.12008025385131,2.128,Intermediate,22.109,29.851,26.553,336.4
R00186,2019,21,las_vegas,10,Driver_10,Team_10,78.868,79.00775860387382,79.72813405355797,1.035,Intermediate,22.146,30.009,26.713,326.8
R00187,2019,22,abu_dhabi,1,Lewis Hamilton,Mercedes,75.27,75.76474636821492,75.77232108275535,0.0,Soft,21.092,28.475,25.703,332.5
R00187,2019,22,abu_dhabi,2,Driver_2,Team_2,76.331,76.82171486120943,76.81248812767758,0.221,Soft,21.31,28.986,26.035,302.4
R00187,2019,22,abu_dhabi,3,Driver_3,Team_3,76.27,76.73149840983486,76.929604505797,0.77,Soft,21.33,29.014,25.926,306.9
R00187,2019,22,abu_dhabi,4,Driver_4,Team_4,76.111,76.41373671436993,76.98550097460313,0.533,Soft,21.345,28.825,25.941,306.3
R00187,2019,22,abu_dhabi,5,Driver_5,Team_5,76.967,77.37430909372996,77.49811459709935,1.945,Soft,21.67,29.419,25.878,327.5
R00187,2019,22,abu_dhabi,6,Driver_6,Team_6,77.391,77.69746535856441,78.15937002749048,2.52,Medium,21.56,29.456,26.375,322.1
R00187,2019,22,abu_dhabi,7,Driver_7,Team_7,77.795,78.14088807885544,78.6347514505918,3.134,Soft,21.761,29.333,26.701,304.4
R00187,2019,22,abu_dhabi,8,Driver_8,Team_8,78.069,78.20248077315203,78.80203423355393,3.845,Medium,21.753,29.767,26.549,323.1
R00187,2019,22,abu_dhabi,9,Driver_9,Team_9,78.446,78.82114187852959,79.05319461162227,4.708,Medium,21.899,29.814,26.733,348.9
R00187,2019,22,abu_dhabi,10,Driver_10,Team_10,79.132,79.29787656796272,79.62780135143497,1.684,Medium,21.971,29.97,27.191,330.8
R00189,2020,2,jeddah,1,Max Verstappen,Red Bull Racing,75.472,75.6049645343818,75.81963786146254,0.0,Medium,21.116,28.662,25.694,367.0
R00189,2020,2,jeddah,2,Driver_2,Team_2,75.29,75.55039795859435,75.78266927250222,0.201,Medium,20.902,28.57,25.818,340.5
R00189,2020,2,jeddah,3,Driver_3,Team_3,76.477,76.71287030110986,76.88640019633452,0.885,Medium,21.508,28.983,25.986,345.2
R00189,2020,2,jeddah,4,Driver_4,Team_4,77.077,77.33021249753692,77.99722486386234,0.856,Soft,21.617,29.143,26.317,327.0
R00189,2020,2,jeddah,5,Driver_5,Team_5,77.381,77.62739658169305,77.90777691598532,1.997,Medium,21.754,29.234,26.393,335.1
R00189,2020,2,jeddah,6,Driver_6,Team_6,77.653,77.94936088232606,77.95605092486117,0.452,Medium,21.742,29.499,26.412,297.7
R00189,2020,2,jeddah,7,Driver_7,Team_7,77.904,78.18082254894344,78.35762999541853,2.204,Soft,21.798,29.563,26.543,339.3
R00189,2020,2,jeddah,8,Driver_8,Team_8,77.967,78.46047442439911,78.79160878674891,1.811,Soft,21.749,29.487,26.731,345.6
R00189,2020,2,jeddah,9,Driver_9,Team_9,78.71,78.9737604179633,79.34489576875853,4.182,Soft,22.034,29.962,26.714,324.2
R00189,2020,2,jeddah,10,Driver_10,Team_10,79.099,79.31592247758239,79.51489811751125,1.268,Soft,22.277,30.173,26.649,326.6
R00190,2020,3,albert_park,1,Lewis Hamilton,Mercedes,75.414,75.82874524568254,76.11093581880475,0.0,Medium,21.023,28.647,25.744,319.4
R00190,2020,3,albert_park,2,Driver_2,Team_2,76.462,76.5869431194903,77.35876088495503,0.194,Soft,21.423,28.94,26.099,293.8
R00190,2020,3,albert_park,3,Driver_3,Team_3,76.498,76.8227354206756,77.09991480407399,0.361,Soft,21.261,29.139,26.098,341.2
R00190,2020,3,albert_park,4,Driver_4,Team_4,76.678,76.87661536546226,77.60596283812907,1.336,Soft,21.376,29.133,26.169,299.1
R00190,2020,3,albert_park,5,Driver_5,Team_5,77.243,77.69332970027955,77.7462414218195,1.905,Medium,21.794,29.226,26.223,340.7
R00190,2020,3,albert_park,6,Driver_6,Team_6,77.95,78.09162005867191,78.37951030258716,2.467,Soft,21.951,29.669,26.33,320.5
R00190,2020,3,albert_park,7,Driver_7,Team_7,77.164,77.57150473628424,77.94981119967923,0.864,Soft,21.655,29.339,26.17,315.6
R00190,2020,3,albert_park,8,Driver_8,Team_8,78.525,78.81406796452376,79.38848974798961,1.065,Soft,21.883,29.865,26.777,331.6
R00190,2020,3,albert_park,9,Driver_9,Team_9,77.871,78.28685899289515,78.49166401063135,1.188,Medium,21.734,29.627,26.51,306.6
R00190,2020,3,albert_park,10,Driver_10,Team_10,79.164,79.36407322962383,80.1487355060751,0.773,Soft,22.177,30.044,26.943,302.6
R00191,2020,4,baku,1,Lewis Hamilton,Mercedes,75.356,75.62752287371109,75.87505638162826,0.0,Soft,21.097,28.553,25.706,327.0
R00191,2020,4,baku,2,Driver_2,Team_2,75.699,75.86329732908129,76.52793755287102,0.564,Medium,21.33,28.697,25.672,288.0
R00191,2020,4,baku,3,Driver_3,Team_3,76.046,76.21458072500263,76.7300251531582,0.844,Medium,21.376,28.896,25.774,373.4
R00191,2020,4,baku,4,Driver_4,Team_4,77.146,77.26998352265367,77.7476380915948,1.292,Soft,21.79,29.524,25.832,331.6
R00191,2020,4,baku,5,Driver_5,Team_5,76.948,77.34545143660128,77.26510859580151,0.748,Medium,21.54,29.512,25.896,336.1
R00191,2020,4,baku,6,Driver_6,Team_6,77.396,77.75132473711216,78.39340630980017,1.522,Medium,21.781,29.511,26.104,329.8
R00191,2020,4,baku,7,Driver_7,Team_7,78.047,78.21039454353624,78.78490656557373,2.274,Medium,21.83,29.61,26.607,318.4
R00191,2020,4,baku,8,Driver_8,Team_8,78.324,78.5584898376256,79.18545521575642,3.022,Medium,21.963,29.675,26.686,336.3
R00191,2020,4,baku,9,Driver_9,Team_9,78.677,78.99782049903223,79.56796648852357,2.212,Soft,22.079,29.918,26.68,309.3
R00191,2020,4,baku,10,Driver_10,Team_10,79.143,79.26609419156992,79.61306481516952,2.976,Medium,22.229,30.015,26.899,308.8
R00192,2020,5,miami,1,Yuki Tsunoda,RB (AlphaTauri),75.422,75.57253291983056,76.22503250294595,0.0,Medium,21.085,28.72,25.617,338.9
R00192,2020,5,miami,2,Driver_2,Team_2,75.618,75.94287170250983,76.29281953371255,0.25,Soft,21.283,28.701,25.634,329.9
R00192,2020,5,miami,3,Driver_3,Team_3,76.211,76.47984412811674,76.84853771026455,0.429,Medium,21.364,28.935,25.912,365.3
R00192,2020,5,miami,4,Driver_4,Team_4,76.533,76.78666693350475,77.26220107447173,0.462,Medium,21.515,29.043,25.975,326.5
R00192,2020,5,miami,5,Driver_5,Team_5,76.561,76.98809708030768,76.90457560421892,2.342,Soft,21.368,29.172,26.021,334.4
R00192,2020,5,miami,6,Driver_6,Team_6,77.417,77.54996597306346,78.33725603331995,2.71,Soft,21.845,29.269,26.303,337.3
R00192,2020,5,miami,7,Driver_7,Team_7,77.847,78.29736145003457,78.80941718751856,3.141,Medium,21.88,29.521,26.446,357.7
R00192,2020,5,miami,8,Driver_8,Team_8,78.365,78.53236709626916,79.32825090908031,1.637,Soft,21.861,29.717,26.787,314.2
R00192,2020,5,miami,9,Driver_9,Team_9,78.608,79.09092078098558,78.93758982804974,3.159,Medium,22.039,29.957,26.612,328.4
R00192,2020,5,miami,10,Driver_10,Team_10,78.935,79.2261676342049,79.40088842156985,1.001,Soft,22.175,29.845,26.915,335.5
R00193,2020,6,monaco,1,Lewis Hamilton,Mercedes,75.57,75.95408592263385,76.46556030734449,0.0,Soft,21.061,28.871,25.638,329.6
R00193,2020,6,monaco,2,Driver_2,Team_2,75.917,76.14619364527466,76.90921528837677,0.509,Soft,21.242,28.865,25.81,303.7
R00193,2020,6,monaco,3,Driver_3,Team_3,76.264,76.36823163956615,77.25394555974081,0.63,Soft,21.596,29.004,25.664,328.4
R00193,2020,6,monaco,4,Driver_4,Team_4,76.344,76.54614854340161,76.83384850362341,1.663,Soft,21.491,29.047,25.806,324.2
R00193,2020,6,monaco,5,Driver_5,Team_5,77.345,77.46744474586293,77.96239247668674,2.291,Soft,21.659,29.459,26.227,337.3
R00193,2020,6,monaco,6,Driver_6,Team_6,77.744,78.2310755130507,78.60725477165082,2.788,Medium,21.822,29.467,26.455,324.1
R00193,2020,6,monaco,7,Driver_7,Team_7,77.606,77.856937261455,78.40310075976996,2.526,Soft,21.605,29.383,26.618,315.6
R00193,2020,6,monaco,8,Driver_8,Team_8,78.379,78.50580931868959,79.14391585993606,4.072,Soft,22.13,29.766,26.483,337.0
R00193,2020,6,monaco,9,Driver_9,Team_9,78.639,79.02474377748526,79.39357615990522,4.08,Soft,21.965,29.812,26.862,343.5
R00193,2020,6,monaco,10,Driver_10,Team_10,78.796,78.92081367783902,79.5055436544077,2.76,Soft,22.008,29.971,26.817,309.5
R00194,2020,7,spain,1,Lewis Hamilton,Mercedes,75.17,75.53433932500258,76.16762521893206,0.0,Intermediate,21.036,28.554,25.58,305.5
R00194,2020,7,spain,2,Driver_2,Team_2,75.443,75.6854451977316,76.18763519398422,0.494,Intermediate,21.115,28.62,25.708,303.4
R00194,2020,7,spain,3,Driver_3,Team_3,75.712,75.96198561939033,76.68387016995605,0.183,Intermediate,21.333,28.821,25.558,331.2
R00194,2020,7,spain,4,Driver_4,Team_4,76.597,76.78018580356766,77.38641955730617,0.885,Intermediate,21.451,29.069,26.077,326.4
R00194,2020,7,spain,5,Driver_5,Team_5,77.194,77.30690485762594,77.79248316873344,1.389,Intermediate,21.556,29.352,26.286,333.9
R00194,2020,7,spain,6,Driver_6,Team_6,77.116,77.54078766596436,77.52464738818337,2.301,Intermediate,21.445,29.309,26.362,326.6
R00194,2020,7,spain,7,Driver_7,Team_7,77.448,77.71997367676057,78.38326370786469,3.052,Intermediate,21.689,29.472,26.287,325.5
R00194,2020,7,spain,8,Driver_8,Team_8,78.226,78.52283886615936,78.72125265746635,0.669,Intermediate,21.998,29.671,26.557,331.2
R00194,2020,7,spain,9,Driver_9,Team_9,78.593,78.95290043987873,79.00715863790029,3.906,Intermediate,21.85,29.832,26.911,314.0
R00194,2020,7,spain,10,Driver_10,Team_10,78.575,78.77549959614704,79.04793381852453,4.92,Intermediate,21.771,29.993,26.811,322.5
R00195,2020,8,canada,1,Yuki Tsunoda,RB (AlphaTauri),75.243,75.55881974026639,75.56496640360119,0.0,Medium,21.091,28.578,25.574,335.0
R00195,2020,8,canada,2,Driver_2,Team_2,75.635,75.76304776385936,76.31900323029109,0.464,Medium,21.313,28.666,25.656,350.8
R00195,2020,8,canada,3,Driver_3,Team_3,76.026,76.16696692528981,76.43374144224121,1.048,Medium,21.184,28.805,26.037,320.7
R00195,2020,8,canada,4,Driver_4,Team_4,76.874,77.34932513223528,77.45377927656678,1.108,Soft,21.63,29.328,25.916,317.8
R00195,2020,8,canada,5,Driver_5,Team_5,77.208,77.58332053871845,78.14151608568159,2.373,Medium,21.715,29.341,26.152,308.6
R00195,2020,8,canada,6,Driver_6,Team_6,77.196,77.45276705058114,77.50749769565766,2.093,Medium,21.758,29.356,26.082,323.9
R00195,2020,8,canada,7,Driver_7,Team_7,77.913,78.14728996052393,78.5181175812254,1.718,Soft,21.642,29.495,26.776,314.2
R00195,2020,8,canada,8,Driver_8,Team_8,78.999,79.19579644395581,79.98206895117494,4.117,Soft,22.236,30.061,26.702,311.5
R00195,2020,8,canada,9,Driver_9,Team_9,78.538,78.98871026410025,79.2256498682399,0.989,Medium,22.111,29.934,26.493,327.9
R00195,2020,8,canada,10,Driver_10,Team_10,78.581,79.02315238414904,79.00715589544,4.703,Medium,21.897,29.994,26.69,336.6
R00196,2020,9,austria,1,Lewis Hamilton,Mercedes,75.466,75.58012927096951,75.92412888391958,0.0,Soft,21.257,28.878,25.331,331.2
R00196,2020,9,austria,2,Driver_2,Team_2,76.045,76.26929575954314,76.35379725256648,0.512,Medium,21.273,28.751,26.021,297.6
R00196,2020,9,austria,3,Driver_3,Team_3,76.439,76.69620559103969,77.05304463634934,1.018,Medium,21.442,29.164,25.833,323.3
R00196,2020,9,austria,4,Driver_4,Team_4,77.008,77.44725885389444,77.78253002297029,0.366,Soft,21.631,29.232,26.145,300.3
R00196,2020,9,austria,5,Driver_5,Team_5,77.56,77.81674063442357,78.14361524951347,1.29,Soft,21.664,29.387,26.509,329.2
R00196,2020,9,austria,6,Driver_6,Team_6,76.931,77.30658860005174,77.60412605094048,2.391,Medium,21.541,29.204,26.186,339.9
R00196,2020,9,austria,7,Driver_7,Team_7,77.484,77.9689936294426,78.02547685961609,2.682,Soft,21.683,29.403,26.398,317.2
R00196,2020,9,austria,8,Driver_8,Team_8,77.81,78.05862449804172,78.28494130921484,2.64,Soft,21.999,29.635,26.176,320.8
R00196,2020,9,austria,9,Driver_9,Team_9,78.425,78.7703272967639,78.78920282162439,1.594,Medium,22.042,29.698,26.685,331.2
R00196,2020,9,austria,10,Driver_10,Team_10,79.047,79.31297569333012,79.81958565413623,4.04,Soft,22.032,30.158,26.857,332.5
R00197,2020,10,silverstone,1,Lewis Hamilton,Mercedes,75.779,76.14187825221555,76.46921462928847,0.0,Medium,21.116,28.842,25.821,303.6
R00197,2020,10,silverstone,2,Driver_2,Team_2,75.867,76.33509880433826,76.62080109888642,0.339,Medium,21.371,28.946,25.55,312.1
R00197,2020,10,silverstone,3,Driver_3,Team_3,75.901,76.23023230281002,76.41188684571846,0.189,Soft,20.907,28.796,26.198,320.4
R00197,2020,10,silverstone,4,Driver_4,Team_4,76.631,77.11449001302189,77.62822890724067,0.703,Soft,21.222,29.066,26.343,344.1
R00197,2020,10,silverstone,5,Driver_5,Team_5,76.93,77.35726163610136,77.8020975533395,2.168,Medium,21.669,29.206,26.055,336.2
R00197,2020,10,silverstone,6,Driver_6,Team_6,77.324,77.57529034800237,78.2085617484423,2.858,Soft,21.596,29.378,26.35,324.1
R00197,2020,10,silverstone,7,Driver_7,Team_7,78.323,78.70512448151656,78.70139028931233,1.884,Soft,21.922,29.765,26.636,307.9
R00197,2020,10,silverstone,8,Driver_8,Team_8,78.173,78.35283474338411,78.89198155498573,3.182,Soft,21.934,29.663,26.576,295.8
R00197,2020,10,silverstone,9,Driver_9,Team_9,78.269,78.56254952265196,79.00242913030615,3.626,Medium,21.977,29.895,26.397,306.8
R00197,2020,10,silverstone,10,Driver_10,Team_10,78.657,78.77413210867468,79.37806266302948,2.857,Soft,21.936,29.939,26.782,319.4
R00198,2020,11,hungary,1,Lewis Hamilton,Mercedes,74.718,74.87099598219162,75.70352906664448,0.0,Medium,20.886,28.279,25.553,336.6
R00198,2020,11,hungary,2,Driver_2,Team_2,75.794,75.96167318062705,76.45076279581285,0.108,Medium,21.332,28.814,25.648,320.4
R00198,2020,11,hungary,3,Driver_3,Team_3,75.754,75.85721539265855,76.20181450500075,0.853,Soft,21.347,28.689,25.718,354.0
R00198,2020,11,hungary,4,Driver_4,Team_4,76.751,77.09194878462509,77.36414987955321,1.153,Soft,21.545,29.238,25.968,334.0
R00198,2020,11,hungary,5,Driver_5,Team_5,77.367,77.85357332489635,77.86328268353631,2.396,Medium,21.718,29.339,26.31,335.8
R00198,2020,11,hungary,6,Driver_6,Team_6,77.137,77.54266761634499,77.95430521673198,2.637,Medium,21.687,29.291,26.159,351.6
R00198,2020,11,hungary,7,Driver_7,Team_7,78.166,78.42036571000583,78.88593867866084,3.335,Medium,21.898,29.766,26.502,311.6
R00198,2020,11,hungary,8,Driver_8,Team_8,77.916,78.16178343739368,78.71691131980698,3.342,Soft,21.85,29.585,26.481,327.6
R00198,2020,11,hungary,9,Driver_9,Team_9,78.421,78.81897383450129,79.34564813200309,3.75,Soft,22.048,29.649,26.724,335.9
R00198,2020,11,hungary,10,Driver_10,Team_10,78.865,79.17324472060464,79.29238914493051,3.522,Soft,22.17,29.947,26.748,349.0
R00199,2020,12,spa,1,Lando Norris,McLaren,74.897,75.07786975276207,75.79745781646731,0.0,Soft,20.934,28.245,25.718,335.9
R00199,2020,12,spa,2,Driver_2,Team_2,75.489,75.71232308345432,76.42990293463241,0.49,Medium,21.11,28.587,25.792,321.1
R00199,2020,12,spa,3,Driver_3,Team_3,75.892,76.20293741906151,76.6747316410445,1.143,Soft,21.316,28.791,25.785,313.3
R00199,2020,12,spa,4,Driver_4,Team_4,76.232,76.60586973409154,76.63681071203055,0.745,Medium,21.532,29.108,25.592,306.5
R00199,2020,12,spa,5,Driver_5,Team_5,76.829,77.25672937212629,77.59729255871126,0.768,Medium,21.41,29.291,26.128,300.1
R00199,2020,12,spa,6,Driver_6,Team_6,76.984,77.09715432256392,77.86093562393404,1.723,Medium,21.524,29.262,26.198,309.5
R00199,2020,12,spa,7,Driver_7,Team_7,77.612,77.71372149785141,78.4240378389851,2.976,Soft,21.723,29.527,26.362,290.1
R00199,2020,12,spa,8,Driver_8,Team_8,78.569,78.97855237514153,79.02603687208403,3.876,Soft,22.155,29.82,26.594,320.5
R00199,2020,12,spa,9,Driver_9,Team_9,78.477,78.5932807202413,78.92273020968142,3.21,Medium,22.068,29.709,26.7,316.3
R00199,2020,12,spa,10,Driver_10,Team_10,78.803,79.23548272336758,79.60539572256643,4.773,Medium,22.037,29.936,26.83,334.5
R00200,2020,13,zandvoort,1,Lewis Hamilton,Mercedes,75.597,75.85511762682204,76.49600490513936,0.0,Medium,21.226,28.713,25.658,312.5
R00200,2020,13,zandvoort,2,Driver_2,Team_2,75.841,75.96518982541961,76.72723628612475,0.146,Soft,21.196,28.806,25.839,326.7
R00200,2020,13,zandvoort,3,Driver_3,Team_3,76.524,76.75416629132917,77.40640824006307,0.58,Medium,21.25,29.284,25.99,321.2
R00200,2020,13,zandvoort,4,Driver_4,Team_4,76.471,76.72039207785387,76.8574091186524,0.291,Medium,21.407,28.976,26.088,314.7
R00200,2020,13,zandvoort,5,Driver_5,Team_5,77.299,77.60651736629231,78.19675764269377,0.511,Soft,21.761,29.54,25.998,321.4
R00200,2020,13,zandvoort,6,Driver_6,Team_6,77.652,77.87039012188009,78.35408670689674,2.404,Medium,21.605,29.46,26.587,319.3
R00200,2020,13,zandvoort,7,Driver_7,Team_7,77.583,77.70376134734403,78.09395076412012,1.064,Soft,21.665,29.599,26.319,326.1
R00200,2020,13,zandvoort,8,Driver_8,Team_8,77.818,78.1095699754818,78.25890681747167,3.395,Soft,21.788,29.528,26.502,329.0
R00200,2020,13,zandvoort,9,Driver_9,Team_9,78.317,78.66323390583275,78.75669157038203,2.532,Medium,21.726,29.707,26.884,323.8
R00200,2020,13,zandvoort,10,Driver_10,Team_10,78.6,78.7859307164666,78.90660362068282,2.755,Medium,21.871,29.864,26.865,322.8
R00201,2020,14,monza,1,Lewis Hamilton,Mercedes,75.705,75.97272464382642,76.36880883572579,0.0,Soft,21.36,28.736,25.609,315.4
R00201,2020,14,monza,2,Driver_2,Team_2,75.965,76.3759965869355,76.69860655302676,0.33,Medium,21.422,28.803,25.74,321.8
R00201,2020,14,monza,3,Driver_3,Team_3,75.979,76.20713692815063,76.83802957697125,0.23,Soft,21.51,28.816,25.653,333.9
R00201,2020,14,monza,4,Driver_4,Team_4,76.392,76.56756249049846,76.85566976902523,0.774,Medium,21.304,28.977,26.111,318.1
R00201,2020,14,monza,5,Driver_5,Team_5,77.224,77.66598999195413,77.68093180791195,1.031,Medium,21.516,29.299,26.409,326.7
R00201,2020,14,monza,6,Driver_6,Team_6,77.018,77.21305144227956,77.34087118624657,1.778,Soft,21.763,29.336,25.919,325.8
R00201,2020,14,monza,7,Driver_7,Team_7,77.942,78.30695201616653,78.63298910189353,1.764,Medium,21.876,29.791,26.275,311.9
R00201,2020,14,monza,8,Driver_8,Team_8,77.628,78.05466588588322,78.41048915380271,1.621,Medium,21.825,29.519,26.284,304.3
R00201,2020,14,monza,9,Driver_9,Team_9,78.316,78.46903282762277,79.29120592639677,2.224,Soft,21.93,29.754,26.632,338.5
R00201,2020,14,monza,10,Driver_10,Team_10,79.46,79.65829095972516,80.0278350257643,1.767,Soft,22.205,30.111,27.144,330.0
R00202,2020,15,singapore,1,Lewis Hamilton,Mercedes,75.384,75.57593466292163,76.06957020831189,0.0,Medium,21.23,28.611,25.543,286.5
R00202,2020,15,singapore,2,Driver_2,Team_2,75.73,76.22577032393467,76.22744368056753,0.17,Medium,21.055,28.709,25.966,323.7
R00202,2020,15,singapore,3,Driver_3,Team_3,75.891,76.01731171136369,76.83892960229473,0.606,Soft,21.293,28.895,25.703,334.4
R00202,2020,15,singapore,4,Driver_4,Team_4,76.803,77.15786451317013,77.35192702576491,1.605,Soft,21.72,29.157,25.926,331.2
R00202,2020,15,singapore,5,Driver_5,Team_5,77.231,77.42814225253767,78.16238939240294,0.769,Medium,21.831,29.431,25.969,327.3
R00202,2020,15,singapore,6,Driver_6,Team_6,77.618,77.89401664018946,78.01375239492887,2.337,Medium,21.861,29.494,26.263,313.5
R00202,2020,15,singapore,7,Driver_7,Team_7,77.875,78.03036150655304,78.37237679964021,0.927,Medium,21.789,29.537,26.549,313.1
R00202,2020,15,singapore,8,Driver_8,Team_8,78.039,78.36309687015105,78.65312039099202,1.541,Medium,21.768,29.774,26.497,310.6
R00202,2020,15,singapore,9,Driver_9,Team_9,78.716,79.00465915932287,79.60662659718488,1.872,Soft,22.005,30.003,26.708,300.4
R00202,2020,15,singapore,10,Driver_10,Team_10,79.36,79.72765155381035,79.74083476507259,5.346,Soft,22.287,30.15,26.923,321.4
R00203,2020,16,suzuka,1,Lewis Hamilton,Mercedes,75.068,75.54965820378304,75.88547178679073,0.0,Medium,20.931,28.492,25.645,331.9
R00203,2020,16,suzuka,2,Driver_2,Team_2,76.114,76.5611831688016,76.43785671548783,0.226,Medium,21.402,28.977,25.735,311.8
R00203,2020,16,suzuka,3,Driver_3,Team_3,76.369,76.81561984845884,77.16872983853567,0.6,Medium,21.232,28.953,26.184,317.5
R00203,2020,16,suzuka,4,Driver_4,Team_4,76.696,77.18943400459885,77.41633603042654,1.547,Medium,21.419,29.134,26.143,325.3
R00203,2020,16,suzuka,5,Driver_5,Team_5,76.589,76.77266437870553,77.53185496711714,1.58,Medium,21.527,29.031,26.031,336.6
R00203,2020,16,suzuka,6,Driver_6,Team_6,77.13,77.54565498084654,77.57788970772042,1.289,Medium,21.547,29.338,26.245,326.8
R00203,2020,16,suzuka,7,Driver_7,Team_7,77.631,78.04048733175787,78.34600925038585,1.514,Medium,21.545,29.407,26.679,321.3
R00203,2020,16,suzuka,8,Driver_8,Team_8,78.897,79.05256841774118,79.28740741334431,3.38,Medium,21.877,30.042,26.978,312.6
R00203,2020,16,suzuka,9,Driver_9,Team_9,78.694,79.06132669893046,79.43999809732827,2.002,Medium,21.94,29.912,26.842,338.8
R00203,2020,16,suzuka,10,Driver_10,Team_10,79.306,79.43071195881475,80.24668491669227,5.218,Medium,22.167,29.986,27.153,324.4
R00204,2020,17,qatar,1,Max Verstappen,Red Bull Racing,75.197,75.62952349562619,75.9007999611715,0.0,Soft,21.219,28.567,25.411,314.8
R00204,2020,17,qatar,2,Driver_2,Team_2,75.796,76.1471825910485,76.22153681692113,0.578,Medium,21.246,28.772,25.778,312.7
R00204,2020,17,qatar,3,Driver_3,Team_3,75.927,76.1793182386732,76.49124517332251,0.395,Soft,21.226,28.739,25.962,317.5
R00204,2020,17,qatar,4,Driver_4,Team_4,76.88,77.01915854385317,77.79014376178993,0.293,Soft,21.337,29.229,26.314,317.7
R00204,2020,17,qatar,5,Driver_5,Team_5,76.75,77.07917033525814,77.35015726095503,0.569,Medium,21.486,29.284,25.98,310.1
R00204,2020,17,qatar,6,Driver_6,Team_6,77.667,77.85509592869383,78.18003329605709,1.305,Medium,21.645,29.216,26.806,309.8
R00204,2020,17,qatar,7,Driver_7,Team_7,78.052,78.28557991657829,78.40126408880438,3.079,Medium,21.644,29.646,26.762,324.8
R00204,2020,17,qatar,8,Driver_8,Team_8,78.388,78.85284028598821,78.95934897331638,3.089,Soft,21.892,29.984,26.512,318.4
R00204,2020,17,qatar,9,Driver_9,Team_9,78.614,78.90029572023352,79.22221224754514,3.345,Soft,21.974,29.825,26.815,351.3
R00204,2020,17,qatar,10,Driver_10,Team_10,78.708,79.16839657217417,79.40798315052807,1.521,Soft,22.043,29.998,26.667,320.1
R00205,2020,18,cota,1,Lewis Hamilton,Mercedes,74.948,75.40537501296558,75.8804092667816,0.0,Soft,21.001,28.49,25.457,322.8
R00205,2020,18,cota,2,Driver_2,Team_2,75.554,75.7130562460848,76.03907248178973,0.531,Medium,21.28,28.73,25.544,355.8
R00205,2020,18,cota,3,Driver_3,Team_3,76.357,76.61729484497,76.86254341021574,1.088,Soft,21.331,29.08,25.946,322.5
R00205,2020,18,cota,4,Driver_4,Team_4,76.586,76.71626452807467,77.07311113060297,0.807,Soft,21.573,29.116,25.897,306.3
R00205,2020,18,cota,5,Driver_5,Team_5,76.987,77.35608707983893,77.28936292956881,1.531,Medium,21.486,29.172,26.329,345.8
R00205,2020,18,cota,6,Driver_6,Team_6,77.453,77.79541694321063,78.10118965687273,2.872,Soft,21.792,29.385,26.276,306.8
R00205,2020,18,cota,7,Driver_7,Team_7,77.626,77.79198068314618,77.97456919226498,1.251,Soft,21.764,29.453,26.409,314.8
R00205,2020,18,cota,8,Driver_8,Team_8,78.257,78.58406360617157,79.21464639301801,1.639,Medium,21.876,29.75,26.631,324.6
R00205,2020,18,cota,9,Driver_9,Team_9,78.93,79.17349498261008,79.7900921478415,4.206,Soft,21.959,29.894,27.077,330.5
R00205,2020,18,cota,10,Driver_10,Team_10,79.049,79.31837232877048,79.60443547786899,2.092,Soft,22.286,29.965,26.798,330.7
R00206,2020,19,mexico,1,Lewis Hamilton,Mercedes,75.714,76.10329116826355,76.65558993970285,0.0,Medium,21.087,28.706,25.921,330.9
R00206,2020,19,mexico,2,Driver_2,Team_2,75.974,76.3600033658068,76.65841649479329,0.56,Medium,21.333,28.702,25.939,320.6
R00206,2020,19,mexico,3,Driver_3,Team_3,76.395,76.59834982971171,76.89373348272211,0.738,Soft,21.373,29.038,25.984,321.1
R00206,2020,19,mexico,4,Driver_4,Team_4,76.019,76.46198012742585,76.44392714402548,0.692,Soft,21.343,28.973,25.703,317.8
R00206,2020,19,mexico,5,Driver_5,Team_5,76.94,77.39147552287854,77.92001003009338,1.226,Soft,21.435,29.179,26.326,344.2
R00206,2020,19,mexico,6,Driver_6,Team_6,77.443,77.93869192406144,78.35643404762511,1.372,Medium,21.634,29.636,26.173,311.5
R00206,2020,19,mexico,7,Driver_7,Team_7,77.947,78.29180580613797,78.88363404969893,2.182,Soft,21.774,29.754,26.419,329.0
R00206,2020,19,mexico,8,Driver_8,Team_8,77.974,78.20728477543852,78.768723237518,3.234,Soft,21.952,29.533,26.489,318.7
R00206,2020,19,mexico,9,Driver_9,Team_9,77.45,77.71502469833221,78.43103447220619,2.831,Medium,21.503,29.525,26.422,328.1
R00206,2020,19,mexico,10,Driver_10,Team_10,79.045,79.16576555223736,80.00157563480954,1.789,Medium,22.07,30.128,26.847,335.6
R00207,2020,20,brazil,1,Lewis Hamilton,Mercedes,75.433,75.63113368097689,76.09853454850725,0.0,Soft,21.087,28.661,25.685,309.0
R00207,2020,20,brazil,2,Driver_2,Team_2,75.645,75.96953662616548,76.54813163972216,0.08,Soft,21.17,28.78,25.695,317.5
R00207,2020,20,brazil,3,Driver_3,Team_3,75.896,76.37857563760927,76.50285567221366,0.618,Soft,21.452,28.888,25.556,353.0
R00207,2020,20,brazil,4,Driver_4,Team_4,76.649,76.91321554749953,77.29260679096478,0.632,Soft,21.435,29.069,26.145,318.3
R00207,2020,20,brazil,5,Driver_5,Team_5,76.961,77.28347288210898,77.82277367596483,1.364,Medium,21.391,29.299,26.271,331.5
R00207,2020,20,brazil,6,Driver_6,Team_6,77.393,77.86653635859662,78.12776853426018,0.648,Medium,21.752,29.48,26.161,326.8
R00207,2020,20,brazil,7,Driver_7,Team_7,77.278,77.53439901406995,77.74365202814786,0.632,Medium,21.679,29.478,26.121,331.9
R00207,2020,20,brazil,8,Driver_8,Team_8,78.245,78.68774442833936,78.71448501126288,1.065,Soft,21.91,29.849,26.486,333.0
R00207,2020,20,brazil,9,Driver_9,Team_9,78.312,78.78278611497943,79.23279359487493,3.656,Medium,22.014,29.624,26.674,338.7
R00207,2020,20,brazil,10,Driver_10,Team_10,78.93,79.20475518251253,79.36150868404054,1.235,Soft,22.154,30.079,26.697,315.1
R00208,2020,21,las_vegas,1,Lewis Hamilton,Mercedes,76.121,76.27097155864973,76.53548619037798,0.0,Intermediate,21.217,29.158,25.746,337.2
R00208,2020,21,las_vegas,2,Driver_2,Team_2,75.277,75.71806871605283,76.23663910477646,0.451,Intermediate,21.272,28.653,25.352,328.2
R00208,2020,21,las_vegas,3,Driver_3,Team_3,76.546,76.82537522150663,77.48329545910525,0.645,Intermediate,21.343,29.105,26.098,322.5
R00208,2020,21,las_vegas,4,Driver_4,Team_4,76.952,77.20661945452814,77.61834674210397,1.559,Intermediate,21.4,29.375,26.177,333.1
R00208,2020,21,las_vegas,5,Driver_5,Team_5,77.374,77.59818845511242,78.18092634815194,2.126,Intermediate,21.496,29.202,26.676,301.3
R00208,2020,21,las_vegas,6,Driver_6,Team_6,77.777,78.16387828181493,78.1864521939066,2.686,Intermediate,21.759,29.668,26.35,319.1
R00208,2020,21,las_vegas,7,Driver_7,Team_7,77.764,78.03220207448513,78.74601455288754,3.524,Intermediate,21.795,29.537,26.432,326.6
R00208,2020,21,las_vegas,8,Driver_8,Team_8,77.797,77.98558585127431,78.62723714935406,0.89,Intermediate,21.721,29.492,26.584,341.2
R00208,2020,21,las_vegas,9,Driver_9,Team_9,78.815,78.99596971810786,79.28870260910705,2.117,Intermediate,22.006,30.127,26.682,324.5
R00208,2020,21,las_vegas,10,Driver_10,Team_10,78.668,79.1251928479908,79.03898818465734,1.218,Intermediate,22.107,29.86,26.701,291.4
R00209,2020,22,abu_dhabi,1,Lewis Hamilton,Mercedes,75.155,75.35888181126084,75.47891614891833,0.0,Medium,20.87,28.617,25.668,339.1
R00209,2020,22,abu_dhabi,2,Driver_2,Team_2,75.877,76.00221076430502,76.50566590763066,0.546,Soft,21.262,28.859,25.756,338.1
R00209,2020,22,abu_dhabi,3,Driver_3,Team_3,76.359,76.5476281119073,76.93021867887134,0.193,Medium,21.32,29.176,25.863,324.8
R00209,2020,22,abu_dhabi,4,Driver_4,Team_4,76.983,77.39566635859953,77.5410855055784,1.016,Soft,21.485,29.205,26.293,316.7
R00209,2020,22,abu_dhabi,5,Driver_5,Team_5,77.17,77.36954683184798,77.84388655671047,1.04,Medium,21.602,29.27,26.298,315.4
R00209,2020,22,abu_dhabi,6,Driver_6,Team_6,77.5,77.93029831838787,78.1770185265712,2.443,Soft,21.686,29.353,26.461,339.9
R00209,2020,22,abu_dhabi,7,Driver_7,Team_7,77.873,78.17309710977173,78.7016191384491,3.039,Medium,21.568,29.697,26.608,338.3
R00209,2020,22,abu_dhabi,8,Driver_8,Team_8,78.861,79.2426865936547,79.70003511582323,2.285,Medium,22.008,29.975,26.878,331.1
R00209,2020,22,abu_dhabi,9,Driver_9,Team_9,78.946,79.27195604464059,79.2985330382475,3.667,Medium,21.992,30.002,26.952,324.2
R00209,2020,22,abu_dhabi,10,Driver_10,Team_10,79.089,79.58099916355832,79.78121797256948,2.198,Medium,22.254,30.168,26.667,311.8
R00210,2021,1,bahrain,1,Charles Leclerc,Ferrari,75.811,76.27634094875711,76.8060683641918,0.0,Medium,21.154,28.715,25.942,343.6
R00210,2021,1,bahrain,2,Driver_2,Team_2,75.394,75.67545950513794,76.09359531277802,0.509,Medium,21.069,28.558,25.767,319.2
R00210,2021,1,bahrain,3,Driver_3,Team_3,76.462,76.69969389512482,77.17971871094596,0.671,Soft,21.146,29.075,26.241,326.7
R00210,2021,1,bahrain,4,Driver_4,Team_4,76.288,76.58937591583184,76.88531207646344,0.323,Medium,21.524,28.886,25.878,324.0
R00210,2021,1,bahrain,5,Driver_5,Team_5,76.801,77.06787193523854,77.13527565848332,2.307,Soft,21.574,29.268,25.959,323.0
R00210,2021,1,bahrain,6,Driver_6,Team_6,77.804,78.27856346867429,78.32794489330982,1.049,Medium,21.869,29.66,26.275,338.9
R00210,2021,1,bahrain,7,Driver_7,Team_7,77.757,77.92566355773786,78.5947252147883,3.509,Soft,21.849,29.551,26.357,344.1
R00210,2021,1,bahrain,8,Driver_8,Team_8,78.093,78.39987647749749,78.70097734366462,3.07,Soft,21.791,29.541,26.761,325.2
R00210,2021,1,bahrain,9,Driver_9,Team_9,78.767,78.92039645846458,79.10106523153067,1.912,Soft,21.992,29.921,26.854,318.9
R00210,2021,1,bahrain,10,Driver_10,Team_10,78.523,78.86427503513862,78.89937466675178,1.219,Medium,22.008,29.755,26.76,322.9
R00211,2021,2,imola,1,Charles Leclerc,Ferrari,75.206,75.66565865115716,75.6851544936148,0.0,Soft,20.804,28.744,25.658,301.6
R00211,2021,2,imola,2,Driver_2,Team_2,75.692,75.84230404431132,76.46001477570196,0.092,Soft,21.252,28.871,25.569,334.7
R00211,2021,2,imola,3,Driver_3,Team_3,75.878,76.17134750808977,76.7637963969279,0.341,Medium,21.366,28.856,25.656,318.1
R00211,2021,2,imola,4,Driver_4,Team_4,76.305,76.77286884150112,76.63716909913931,1.695,Soft,21.385,29.06,25.86,312.0
R00211,2021,2,imola,5,Driver_5,Team_5,77.01,77.50531320608506,77.71902080742497,1.038,Medium,21.533,29.355,26.122,325.0
R00211,2021,2,imola,6,Driver_6,Team_6,77.236,77.38486212060708,78.03399767118543,2.317,Soft,21.694,29.41,26.132,335.2
R00211,2021,2,imola,7,Driver_7,Team_7,77.574,77.82365669962377,77.98657614641758,3.257,Soft,21.76,29.467,26.347,291.8
R00211,2021,2,imola,8,Driver_8,Team_8,77.795,78.2539075677314,78.38076636559222,0.629,Medium,21.621,29.625,26.549,305.6
R00211,2021,2,imola,9,Driver_9,Team_9,78.591,79.00491786680021,79.57241270553122,3.844,Medium,22.009,29.927,26.655,338.1
R00211,2021,2,imola,10,Driver_10,Team_10,79.293,79.54468815405697,79.85581289007571,4.961,Medium,22.04,30.357,26.896,330.0
R00212,2021,3,bahrain,1,Lewis Hamilton,Mercedes,75.412,75.87000884044856,75.81594658028395,0.0,Soft,21.018,28.469,25.925,324.5
R00212,2021,3,bahrain,2,Driver_2,Team_2,76.173,76.39909616200832,76.52450593094277,0.364,Medium,21.425,28.889,25.859,288.4
R00212,2021,3,bahrain,3,Driver_3,Team_3,75.991,76.2781125890311,76.71026382131353,1.124,Soft,21.268,28.738,25.985,328.7
R00212,2021,3,bahrain,4,Driver_4,Team_4,76.414,76.79117118474181,77.38328654339153,0.344,Soft,21.381,29.088,25.945,294.4
R00212,2021,3,bahrain,5,Driver_5,Team_5,76.959,77.43133318032756,77.77652547360735,0.998,Medium,21.527,29.394,26.038,315.6
R00212,2021,3,bahrain,6,Driver_6,Team_6,77.754,78.04169754315402,78.5399046955158,2.559,Soft,21.808,29.315,26.631,321.1
R00212,2021,3,bahrain,7,Driver_7,Team_7,77.977,78.17278631503957,78.6974665654868,2.138,Soft,21.715,29.597,26.665,316.4
R00212,2021,3,bahrain,8,Driver_8,Team_8,77.679,78.03942226521141,78.52002020795571,0.946,Medium,21.707,29.401,26.571,337.4
R00212,2021,3,bahrain,9,Driver_9,Team_9,78.593,78.95943272178795,79.34432291993382,1.009,Soft,22.08,29.761,26.752,316.3
R00212,2021,3,bahrain,10,Driver_10,Team_10,78.377,78.5624358440063,78.92291201076559,3.25,Medium,21.895,29.805,26.677,294.0
R00213,2021,4,spain,1,Max Verstappen,Red Bull Racing,74.879,75.2937809420015,75.80045164985498,0.0,Soft,20.811,28.416,25.652,312.7
R00213,2021,4,spain,2,Driver_2,Team_2,75.933,76.28558010241852,76.53564093912476,0.093,Soft,21.221,28.8,25.912,340.4
R00213,2021,4,spain,3,Driver_3,Team_3,75.892,76.08613670114035,76.79889616107158,0.446,Soft,21.382,28.852,25.658,345.5
R00213,2021,4,spain,4,Driver_4,Team_4,76.617,76.7673674106603,77.19636901881249,1.71,Medium,21.654,29.097,25.866,336.7
R00213,2021,4,spain,5,Driver_5,Team_5,77.068,77.36350040948878,77.44859068787771,1.08,Soft,21.727,29.308,26.033,347.9
R00213,2021,4,spain,6,Driver_6,Team_6,76.985,77.47969733573119,77.75806539636874,1.602,Medium,21.526,29.168,26.291,319.2
R00213,2021,4,spain,7,Driver_7,Team_7,77.36,77.57256562664504,78.17551697815432,1.582,Medium,21.661,29.238,26.461,314.4
R00213,2021,4,spain,8,Driver_8,Team_8,77.997,78.31591436906152,78.47577710518512,1.147,Medium,21.985,29.727,26.285,327.9
R00213,2021,4,spain,9,Driver_9,Team_9,78.475,78.85552453839654,79.18316927915765,0.801,Medium,22.052,29.805,26.618,337.6
R00213,2021,4,spain,10,Driver_10,Team_10,78.97,79.20189717780364,79.39992460120551,2.245,Soft,21.826,30.008,27.136,313.6
R00214,2021,5,monaco,1,Max Verstappen,Red Bull Racing,75.127,75.59325581596914,75.99671864858807,0.0,Soft,21.113,28.459,25.555,306.5
R00214,2021,5,monaco,2,Driver_2,Team_2,76.102,76.50881375388653,76.85685425701863,0.085,Soft,21.476,28.787,25.839,319.9
R00214,2021,5,monaco,3,Driver_3,Team_3,76.02,76.45690413524005,76.94477960460299,1.174,Soft,21.447,28.89,25.683,343.2
R00214,2021,5,monaco,4,Driver_4,Team_4,76.727,77.22397523842463,77.4916787319286,1.588,Soft,21.43,29.021,26.276,310.3
R00214,2021,5,monaco,5,Driver_5,Team_5,76.62,76.9784387195763,77.60115793055473,1.246,Soft,21.183,29.212,26.225,307.2
R00214,2021,5,monaco,6,Driver_6,Team_6,77.766,78.04327520425889,78.40800621113333,2.457,Soft,21.758,29.626,26.382,339.1
R00214,2021,5,monaco,7,Driver_7,Team_7,77.659,77.95267426099487,78.31862067049735,0.878,Soft,21.579,29.584,26.496,338.6
R00214,2021,5,monaco,8,Driver_8,Team_8,78.381,78.84890194426315,78.79590803683892,1.717,Soft,21.785,29.878,26.718,322.2
R00214,2021,5,monaco,9,Driver_9,Team_9,78.584,78.91722814439649,79.22925765500008,3.387,Soft,22.095,29.798,26.691,332.6
R00214,2021,5,monaco,10,Driver_10,Team_10,78.828,79.02162166848693,79.77971795063942,5.118,Soft,21.999,29.976,26.853,312.5
R00215,2021,6,baku,1,Max Verstappen,Red Bull Racing,75.809,76.29778456373988,76.35752728221715,0.0,Medium,21.155,28.885,25.769,337.4
R00215,2021,6,baku,2,Driver_2,Team_2,75.736,75.8992331107461,76.27440192158039,0.53,Soft,21.15,28.653,25.933,330.1
R00215,2021,6,baku,3,Driver_3,Team_3,76.23,76.63826804152788,76.94226068285647,0.85,Soft,21.334,29.042,25.854,330.8
R00215,2021,6,baku,4,Driver_4,Team_4,76.807,77.14513096832397,77.20814407657313,1.673,Soft,21.449,29.254,26.104,312.6
R00215,2021,6,baku,5,Driver_5,Team_5,76.877,77.13738153379161,77.83231716748749,0.937,Soft,21.494,29.278,26.105,323.4
R00215,2021,6,baku,6,Driver_6,Team_6,77.419,77.52745046534864,77.85009675941535,0.552,Soft,21.68,29.488,26.251,346.4
R00215,2021,6,baku,7,Driver_7,Team_7,78.185,78.41615318862803,79.0779170893607,2.978,Soft,21.959,29.618,26.608,327.3
R00215,2021,6,baku,8,Driver_8,Team_8,78.378,78.78680141546401,79.24236706397882,2.194,Medium,21.976,29.898,26.504,333.5
R00215,2021,6,baku,9,Driver_9,Team_9,78.183,78.39567872282107,78.98910159469962,3.305,Medium,21.914,29.552,26.717,343.0
R00215,2021,6,baku,10,Driver_10,Team_10,79.019,79.51277436705398,79.95400212129394,2.344,Soft,22.229,29.983,26.807,322.7
R00216,2021,7,bahrain,1,Esteban Ocon,Alpine,75.799,75.91995940180132,76.38629751691758,0.0,Intermediate,21.158,28.974,25.667,326.1
R00216,2021,7,bahrain,2,Driver_2,Team_2,75.723,75.99643490565015,76.66224127355467,0.578,Intermediate,21.089,28.798,25.836,336.9
R00216,2021,7,bahrain,3,Driver_3,Team_3,76.538,76.90108656611552,76.89266864205864,0.589,Intermediate,21.408,29.087,26.043,350.3
R00216,2021,7,bahrain,4,Driver_4,Team_4,76.616,76.74884368944193,77.45225435222011,0.362,Intermediate,21.507,29.141,25.968,315.1
R00216,2021,7,bahrain,5,Driver_5,Team_5,77.112,77.30306214097901,78.03633716037187,1.855,Intermediate,21.592,29.244,26.276,357.8
R00216,2021,7,bahrain,6,Driver_6,Team_6,77.214,77.36997250076205,78.2102622015827,1.734,Intermediate,21.75,29.572,25.892,327.3
R00216,2021,7,bahrain,7,Driver_7,Team_7,77.42,77.53560818464017,77.92223959562808,1.919,Intermediate,21.695,29.449,26.276,334.6
R00216,2021,7,bahrain,8,Driver_8,Team_8,78.205,78.60549585920279,79.02349044407894,0.746,Intermediate,21.897,29.827,26.481,331.7
R00216,2021,7,bahrain,9,Driver_9,Team_9,78.43,78.81446135468671,79.06281460785921,1.702,Intermediate,22.025,29.782,26.623,326.7
R00216,2021,7,bahrain,10,Driver_10,Team_10,78.986,79.1697824168209,79.65366780701157,2.701,Intermediate,22.191,30.334,26.461,317.2
R00217,2021,8,austria,1,Max Verstappen,Red Bull Racing,75.187,75.59896532130963,75.50160129231088,0.0,Medium,21.161,28.274,25.752,310.8
R00217,2021,8,austria,2,Driver_2,Team_2,75.481,75.85186044373928,76.25970201745295,0.299,Medium,21.022,28.587,25.872,332.3
R00217,2021,8,austria,3,Driver_3,Team_3,75.846,75.95020437322853,76.250754872894,0.358,Medium,21.3,28.898,25.648,331.7
R00217,2021,8,austria,4,Driver_4,Team_4,76.307,76.44484439754535,76.61303468839762,1.066,Soft,21.301,29.084,25.922,296.9
R00217,2021,8,austria,5,Driver_5,Team_5,77.216,77.50299046479617,77.80326402694814,1.545,Soft,21.624,29.467,26.125,328.6
R00217,2021,8,austria,6,Driver_6,Team_6,77.662,78.16192202562593,78.51703546505459,0.892,Soft,21.949,29.416,26.297,312.8
R00217,2021,8,austria,7,Driver_7,Team_7,78.101,78.2565764880079,78.57003939474238,2.701,Medium,21.995,29.809,26.297,340.5
R00217,2021,8,austria,8,Driver_8,Team_8,78.105,78.33903240384427,78.97807130984935,1.58,Soft,21.801,29.851,26.453,338.4
R00217,2021,8,austria,9,Driver_9,Team_9,78.522,78.62748319248495,78.8338506999601,1.889,Soft,22.129,29.709,26.684,332.5
R00217,2021,8,austria,10,Driver_10,Team_10,79.651,80.02339192120257,80.02933903687148,2.166,Medium,22.293,30.074,27.284,330.4
R00218,2021,9,bahrain,1,Max Verstappen,Red Bull Racing,75.654,75.99342351546686,76.11219139633963,0.0,Soft,21.237,28.697,25.72,312.2
R00218,2021,9,bahrain,2,Driver_2,Team_2,76.039,76.50515071191015,76.88062652657905,0.362,Medium,21.384,28.988,25.667,316.8
R00218,2021,9,bahrain,3,Driver_3,Team_3,76.146,76.57502955871884,76.67905375061123,1.124,Medium,21.281,28.87,25.995,357.0
R00218,2021,9,bahrain,4,Driver_4,Team_4,76.708,76.85395349582465,77.04519265706043,1.698,Soft,21.298,29.045,26.365,316.7
R00218,2021,9,bahrain,5,Driver_5,Team_5,77.219,77.60918531632913,77.5443447663065,0.478,Medium,21.633,29.273,26.313,349.4
R00218,2021,9,bahrain,6,Driver_6,Team_6,77.293,77.43396472179381,77.8783337544971,1.934,Soft,21.566,29.422,26.305,347.3
R00218,2021,9,bahrain,7,Driver_7,Team_7,77.682,77.8272532717962,78.40598628044175,1.442,Soft,21.719,29.426,26.537,308.1
R00218,2021,9,bahrain,8,Driver_8,Team_8,78.338,78.82399313628429,79.22239816796798,1.242,Soft,21.945,29.82,26.573,323.7
R00218,2021,9,bahrain,9,Driver_9,Team_9,78.481,78.88066087491393,78.91461179600084,1.759,Soft,22.002,29.95,26.529,320.1
R00218,2021,9,bahrain,10,Driver_10,Team_10,78.992,79.22341322049223,79.65961859039818,2.586,Medium,22.151,30.141,26.7,320.7
R00219,2021,10,hungary,1,Max Verstappen,Red Bull Racing,75.431,75.64350900777845,75.88143996013685,0.0,Soft,21.152,28.74,25.539,319.7
R00219,2021,10,hungary,2,Driver_2,Team_2,76.169,76.57474255038088,76.88147113398003,0.089,Medium,21.154,28.891,26.124,338.2
R00219,2021,10,hungary,3,Driver_3,Team_3,76.382,76.83587154054992,77.2275613959538,0.684,Soft,21.457,29.025,25.9,305.0
R00219,2021,10,hungary,4,Driver_4,Team_4,76.094,76.35167254996094,76.96032290026419,0.425,Soft,21.378,28.99,25.726,323.9
R00219,2021,10,hungary,5,Driver_5,Team_5,76.675,76.91242093418346,77.21207159782337,1.348,Soft,21.622,29.523,25.53,332.7
R00219,2021,10,hungary,6,Driver_6,Team_6,77.189,77.56148496152156,77.51121679396628,2.411,Soft,21.691,29.448,26.05,329.5
R00219,2021,10,hungary,7,Driver_7,Team_7,77.535,77.91185305834578,77.96480103463736,2.027,Medium,21.726,29.515,26.294,317.3
R00219,2021,10,hungary,8,Driver_8,Team_8,78.516,78.99788258315577,79.36797532767125,2.811,Medium,21.971,29.878,26.667,319.6
R00219,2021,10,hungary,9,Driver_9,Team_9,79.381,79.78505312224317,79.7731425761333,4.303,Soft,22.318,30.254,26.809,316.9
R00219,2021,10,hungary,10,Driver_10,Team_10,79.158,79.262068171384,79.9493635651483,1.379,Medium,22.256,30.19,26.712,333.2
R00220,2021,11,bahrain,1,Lewis Hamilton,Mercedes,75.03,75.17426608688461,75.53689245055664,0.0,Soft,20.93,28.633,25.467,346.2
R00220,2021,11,bahrain,2,Driver_2,Team_2,76.258,76.38180928935375,77.03898816297684,0.185,Soft,21.298,29.171,25.789,311.0
R00220,2021,11,bahrain,3,Driver_3,Team_3,76.362,76.7309532660929,76.67814532807436,1.13,Soft,21.348,28.983,26.031,317.1
R00220,2021,11,bahrain,4,Driver_4,Team_4,76.31,76.49976269731502,76.70582376218704,0.944,Medium,21.426,29.106,25.778,297.5
R00220,2021,11,bahrain,5,Driver_5,Team_5,77.19,77.51692915176059,78.02823997824515,1.281,Soft,21.644,29.265,26.281,300.7
R00220,2021,11,bahrain,6,Driver_6,Team_6,77.735,78.14979970062394,78.09947288958132,1.995,Medium,21.992,29.735,26.008,339.0
R00220,2021,11,bahrain,7,Driver_7,Team_7,78.069,78.33865340778961,78.474711623545,3.415,Soft,21.788,29.668,26.613,341.1
R00220,2021,11,bahrain,8,Driver_8,Team_8,77.687,77.8183641293476,78.12201006492444,3.946,Medium,21.849,29.724,26.114,340.1
R00220,2021,11,bahrain,9,Driver_9,Team_9,78.906,79.080581318895,79.5497842472683,1.563,Medium,22.203,30.086,26.617,326.2
R00220,2021,11,bahrain,10,Driver_10,Team_10,78.798,79.24540584422571,79.26154574155501,1.468,Soft,22.008,29.826,26.964,308.3
R00221,2021,12,zandvoort,1,Lewis Hamilton,Mercedes,75.042,75.24377654768976,76.0368709266589,0.0,Soft,21.048,28.563,25.431,359.3
R00221,2021,12,zandvoort,2,Driver_2,Team_2,76.597,76.97195000329869,77.02007293748603,0.308,Soft,21.304,29.013,26.28,329.5
R00221,2021,12,zandvoort,3,Driver_3,Team_3,75.915,76.16732490039492,76.29480582586822,0.944,Medium,21.233,28.727,25.955,296.4
R00221,2021,12,zandvoort,4,Driver_4,Team_4,76.379,76.7233085341989,77.10372161896363,1.118,Soft,21.415,28.912,26.052,314.9
R00221,2021,12,zandvoort,5,Driver_5,Team_5,76.853,77.1568210862289,77.39331039042476,0.885,Soft,21.527,29.24,26.086,341.2
R00221,2021,12,zandvoort,6,Driver_6,Team_6,77.461,77.72936625364439,77.8121189349442,0.63,Medium,21.59,29.425,26.446,326.2
R00221,2021,12,zandvoort,7,Driver_7,Team_7,78.099,78.23532834542742,78.85977897479407,0.529,Soft,21.929,29.879,26.291,326.5
R00221,2021,12,zandvoort,8,Driver_8,Team_8,78.008,78.47432719097624,78.34409484885516,1.06,Soft,21.886,29.576,26.546,336.1
R00221,2021,12,zandvoort,9,Driver_9,Team_9,78.7,78.94841596667571,79.27284104685424,2.708,Soft,21.978,29.859,26.863,348.3
R00221,2021,12,zandvoort,10,Driver_10,Team_10,79.282,79.58518731381596,79.66005288343482,2.641,Soft,22.413,30.307,26.562,340.0
R00222,2021,13,monza,1,Lewis Hamilton,Mercedes,74.788,75.19578633809319,75.58934391168877,0.0,Medium,20.936,28.361,25.491,327.9
R00222,2021,13,monza,2,Driver_2,Team_2,75.511,75.87038223631247,75.88008259698293,0.114,Medium,21.188,28.662,25.661,336.9
R00222,2021,13,monza,3,Driver_3,Team_3,76.11,76.5790034413823,76.82686546283985,0.858,Medium,21.38,29.045,25.685,309.3
R00222,2021,13,monza,4,Driver_4,Team_4,76.646,76.92075293999778,77.14830198860429,1.677,Medium,21.562,29.176,25.908,319.1
R00222,2021,13,monza,5,Driver_5,Team_5,76.784,77.0997555816494,77.6019006665557,0.858,Soft,21.371,29.107,26.306,319.0
R00222,2021,13,monza,6,Driver_6,Team_6,77.337,77.4727056938816,78.02596378148527,0.61,Medium,21.621,29.418,26.298,313.8
R00222,2021,13,monza,7,Driver_7,Team_7,77.682,77.91223036105681,78.45911799794187,2.159,Soft,21.636,29.495,26.551,334.9
R00222,2021,13,monza,8,Driver_8,Team_8,78.218,78.48255781078115,79.1850474586754,2.795,Soft,21.945,29.672,26.601,335.6
R00222,2021,13,monza,9,Driver_9,Team_9,78.786,78.99677749700346,79.27542129588512,3.459,Medium,22.141,29.998,26.647,316.7
R00222,2021,13,monza,10,Driver_10,Team_10,78.276,78.44144116015984,78.79822767732966,4.935,Soft,21.875,29.801,26.6,305.7
R00224,2021,15,bahrain,1,Max Verstappen,Red Bull Racing,75.788,75.96193350306315,76.50276992339174,0.0,Medium,21.305,28.749,25.734,347.5
R00224,2021,15,bahrain,2,Driver_2,Team_2,75.897,76.09215440169997,76.35228488141681,0.192,Medium,21.108,28.771,26.018,332.7
R00224,2021,15,bahrain,3,Driver_3,Team_3,76.371,76.77302133711278,76.6811542959515,0.994,Soft,21.263,28.926,26.182,305.2
R00224,2021,15,bahrain,4,Driver_4,Team_4,77.125,77.50323700825523,77.69705536155438,0.806,Soft,21.523,29.191,26.411,309.7
R00224,2021,15,bahrain,5,Driver_5,Team_5,76.883,77.36044826507357,77.55254896583995,2.319,Medium,21.445,29.266,26.172,347.6
R00224,2021,15,bahrain,6,Driver_6,Team_6,77.217,77.62036366362827,77.89343284665566,2.331,Soft,21.558,29.241,26.418,322.6
R00224,2021,15,bahrain,7,Driver_7,Team_7,77.777,78.00614107818869,78.32353623565078,2.869,Medium,21.767,29.497,26.513,324.8
R00224,2021,15,bahrain,8,Driver_8,Team_8,78.236,78.50780362162095,78.87978279205787,1.696,Soft,21.815,29.784,26.637,312.2
R00224,2021,15,bahrain,9,Driver_9,Team_9,78.182,78.39831259930986,78.95140190832498,2.709,Soft,21.876,29.764,26.542,345.4
R00224,2021,15,bahrain,10,Driver_10,Team_10,78.494,78.74314092670029,79.3635189590369,3.557,Medium,22.045,29.945,26.504,312.9
R00225,2021,16,cota,1,Max Verstappen,Red Bull Racing,75.73,76.15697036927149,76.71607522354738,0.0,Medium,21.195,28.943,25.592,292.8
R00225,2021,16,cota,2,Driver_2,Team_2,75.593,75.84635655646693,76.03014399818098,0.259,Soft,21.012,28.865,25.716,317.6
R00225,2021,16,cota,3,Driver_3,Team_3,76.33,76.5214649021269,76.76703054654598,0.269,Medium,21.388,28.999,25.943,319.5
R00225,2021,16,cota,4,Driver_4,Team_4,76.047,76.47223754636092,76.59322882527678,1.314,Soft,21.362,28.788,25.897,309.6
R00225,2021,16,cota,5,Driver_5,Team_5,76.648,76.75246844368385,77.20252431359619,0.339,Soft,21.434,29.049,26.165,310.5
R00225,2021,16,cota,6,Driver_6,Team_6,77.846,78.14792047207092,78.64777629234379,2.402,Soft,21.702,29.531,26.613,339.7
R00225,2021,16,cota,7,Driver_7,Team_7,77.761,78.13589736284568,78.0842128938583,1.38,Soft,22.024,29.58,26.157,313.7
R00225,2021,16,cota,8,Driver_8,Team_8,78.414,78.81649814475156,78.89151953660948,0.603,Soft,21.974,29.718,26.722,302.6
R00225,2021,16,cota,9,Driver_9,Team_9,78.794,79.03792265383417,79.72836881924546,2.302,Medium,22.035,30.035,26.724,343.3
R00225,2021,16,cota,10,Driver_10,Team_10,79.318,79.54197822270355,79.72612241236213,2.34,Soft,22.197,30.08,27.041,310.2
R00227,2021,18,brazil,1,Charles Leclerc,Ferrari,75.207,75.31354683391682,76.13629654796483,0.0,Intermediate,21.198,28.488,25.521,303.8
R00227,2021,18,brazil,2,Driver_2,Team_2,76.146,76.374939672393,76.89702521422653,0.22,Intermediate,21.515,28.861,25.77,340.8
R00227,2021,18,brazil,3,Driver_3,Team_3,75.952,76.15136776665787,76.65817883082113,0.363,Intermediate,21.265,28.764,25.923,351.6
R00227,2021,18,brazil,4,Driver_4,Team_4,76.806,77.19244199299195,77.79904461811428,1.737,Intermediate,21.42,29.121,26.265,321.1
R00227,2021,18,brazil,5,Driver_5,Team_5,76.788,76.98678583850295,77.58490435392821,0.492,Intermediate,21.537,29.236,26.015,321.0
R00227,2021,18,brazil,6,Driver_6,Team_6,77.628,77.80530661153922,78.2451496586492,1.446,Intermediate,21.683,29.401,26.544,347.6
R00227,2021,18,brazil,7,Driver_7,Team_7,77.956,78.43160340712866,78.57186926086237,1.988,Intermediate,21.834,29.729,26.393,309.6
R00227,2021,18,brazil,8,Driver_8,Team_8,78.418,78.72404493699278,79.0106443498117,3.784,Intermediate,21.958,29.81,26.65,337.3
R00227,2021,18,brazil,9,Driver_9,Team_9,78.939,79.32863304823046,79.7335942121027,3.242,Intermediate,21.945,29.964,27.03,329.7
R00227,2021,18,brazil,10,Driver_10,Team_10,79.596,80.01879405984855,80.46153573752734,2.449,Intermediate,22.266,30.581,26.749,322.4
R00228,2021,19,qatar,1,Lewis Hamilton,Mercedes,75.205,75.67198938297565,75.82476902207722,0.0,Intermediate,20.928,28.722,25.555,299.3
R00228,2021,19,qatar,2,Driver_2,Team_2,75.814,75.92525358491585,76.5734987984856,0.196,Intermediate,21.297,28.783,25.734,327.0
R00228,2021,19,qatar,3,Driver_3,Team_3,75.77,75.9902507558656,76.5516388600619,0.273,Intermediate,21.161,28.671,25.938,302.2
R00228,2021,19,qatar,4,Driver_4,Team_4,76.78,77.05468004214356,77.1015781203591,1.283,Intermediate,21.452,29.136,26.192,313.1
R00228,2021,19,qatar,5,Driver_5,Team_5,76.87,77.20126179689797,77.56225434922804,1.435,Intermediate,21.658,29.184,26.028,310.7
R00228,2021,19,qatar,6,Driver_6,Team_6,77.385,77.61130405116344,77.9889449725652,2.338,Intermediate,21.563,29.34,26.482,305.3
R00228,2021,19,qatar,7,Driver_7,Team_7,77.601,77.94415900053222,78.1522317181629,1.7,Intermediate,21.699,29.529,26.373,332.3
R00228,2021,19,qatar,8,Driver_8,Team_8,78.041,78.25365159830623,78.75977869665964,0.562,Intermediate,21.913,29.769,26.359,341.4
R00228,2021,19,qatar,9,Driver_9,Team_9,78.31,78.43643060369908,79.07571048773679,2.139,Intermediate,21.972,29.915,26.423,329.2
R00228,2021,19,qatar,10,Driver_10,Team_10,78.914,79.09457565464285,79.49510307727255,2.832,Intermediate,22.002,30.117,26.795,297.7
R00229,2021,20,bahrain,1,Max Verstappen,Red Bull Racing,75.582,75.72888592606701,76.20885611299472,0.0,Medium,21.047,28.673,25.862,310.9
R00229,2021,20,bahrain,2,Driver_2,Team_2,75.755,75.95863629636473,76.10137194309465,0.524,Soft,21.233,28.726,25.796,320.4
R00229,2021,20,bahrain,3,Driver_3,Team_3,76.057,76.4377881839392,76.61535210870392,1.079,Medium,21.288,28.902,25.867,337.8
R00229,2021,20,bahrain,4,Driver_4,Team_4,76.524,76.63407433727242,77.38243408097462,1.543,Medium,21.43,29.119,25.975,345.9
R00229,2021,20,bahrain,5,Driver_5,Team_5,76.908,77.38548350051914,77.80347821945438,2.027,Medium,21.48,29.171,26.257,315.3
R00229,2021,20,bahrain,6,Driver_6,Team_6,76.953,77.34441617499245,77.66735267135506,1.719,Medium,21.529,29.213,26.211,323.2
R00229,2021,20,bahrain,7,Driver_7,Team_7,78.049,78.35244696710353,78.40918475098789,0.84,Soft,21.935,29.88,26.234,309.3
R00229,2021,20,bahrain,8,Driver_8,Team_8,78.062,78.2887291207608,78.57174089996671,3.311,Medium,21.754,29.399,26.909,330.7
R00229,2021,20,bahrain,9,Driver_9,Team_9,78.503,78.89874006363382,79.11747186777141,4.181,Soft,21.948,29.67,26.885,315.9
R00229,2021,20,bahrain,10,Driver_10,Team_10,78.87,79.04564858878867,79.54799255914983,2.798,Soft,21.956,30.043,26.871,332.9
R00230,2021,21,abu_dhabi,1,Lewis Hamilton,Mercedes,75.702,76.04841459753249,76.52984102642236,0.0,Soft,21.287,28.743,25.672,307.5
R00230,2021,21,abu_dhabi,2,Driver_2,Team_2,75.287,75.7141019204034,76.17917776310308,0.338,Soft,21.133,28.563,25.591,306.8
R00230,2021,21,abu_dhabi,3,Driver_3,Team_3,76.262,76.5302161103275,77.05627752999058,0.239,Medium,21.243,28.731,26.288,344.4
R00230,2021,21,abu_dhabi,4,Driver_4,Team_4,76.422,76.73709066096438,77.26958674494183,1.254,Soft,21.492,29.149,25.781,324.8
R00230,2021,21,abu_dhabi,5,Driver_5,Team_5,77.091,77.53559460657843,77.56762815606133,1.569,Medium,21.559,29.223,26.309,319.5
R00230,2021,21,abu_dhabi,6,Driver_6,Team_6,77.042,77.48694617017205,77.61484856558873,1.302,Soft,21.75,29.084,26.208,305.8
R00230,2021,21,abu_dhabi,7,Driver_7,Team_7,77.6,77.72848258590037,78.51554441932569,2.453,Medium,21.665,29.532,26.403,320.4
R00230,2021,21,abu_dhabi,8,Driver_8,Team_8,77.891,78.24895077379276,78.64550893353288,1.861,Medium,21.787,29.731,26.373,335.7
R00230,2021,21,abu_dhabi,9,Driver_9,Team_9,78.4,78.7811221412554,79.39583580968613,1.463,Medium,21.976,29.922,26.502,324.6
R00230,2021,21,abu_dhabi,10,Driver_10,Team_10,78.775,78.94069383357866,79.65314604301763,3.093,Soft,22.088,29.973,26.714,320.6
R00231,2022,1,bahrain,1,Max Verstappen,Red Bull Racing,75.365,75.70075406627265,75.86608444412454,0.0,Medium,21.02,28.64,25.705,334.4
R00231,2022,1,bahrain,2,Driver_2,Team_2,75.69,76.16425933227526,76.39346985493746,0.376,Medium,21.265,28.712,25.713,321.4
R00231,2022,1,bahrain,3,Driver_3,Team_3,76.173,76.44869425826039,77.06402626987744,1.05,Soft,21.118,28.936,26.119,337.1
R00231,2022,1,bahrain,4,Driver_4,Team_4,76.603,76.74223415084816,77.348450973532,0.689,Medium,21.459,29.023,26.121,350.2
R00231,2022,1,bahrain,5,Driver_5,Team_5,76.736,77.04970618835983,77.19591240699455,0.896,Medium,21.385,29.346,26.005,333.7
R00231,2022,1,bahrain,6,Driver_6,Team_6,76.972,77.45563938834069,77.3655036915983,1.202,Medium,21.551,29.162,26.259,317.3
R00231,2022,1,bahrain,7,Driver_7,Team_7,77.589,77.74895007138271,77.96256208664842,0.822,Medium,21.779,29.407,26.403,320.8
R00231,2022,1,bahrain,8,Driver_8,Team_8,77.928,78.28278697383223,78.81299901990653,1.0,Medium,21.874,29.786,26.268,309.2
R00231,2022,1,bahrain,9,Driver_9,Team_9,78.34,78.7075354060053,79.15806539071158,1.629,Medium,21.898,29.61,26.832,323.4
R00231,2022,1,bahrain,10,Driver_10,Team_10,79.112,79.59573997936423,79.987331727878,3.398,Soft,22.238,30.135,26.739,324.8
R00232,2022,2,jeddah,1,Charles Leclerc,Ferrari,75.059,75.50929275841307,75.43836737655747,0.0,Soft,20.99,28.56,25.509,304.1
R00232,2022,2,jeddah,2,Driver_2,Team_2,75.638,76.08692333713537,76.52444988498708,0.236,Soft,21.17,28.61,25.858,283.3
R00232,2022,2,jeddah,3,Driver_3,Team_3,75.921,76.16523340044945,76.72528821640898,0.203,Soft,21.036,28.814,26.071,311.9
R00232,2022,2,jeddah,4,Driver_4,Team_4,76.461,76.94405707445667,77.06462880874035,1.287,Soft,21.543,28.885,26.033,345.4
R00232,2022,2,jeddah,5,Driver_5,Team_5,77.457,77.62039589214943,78.27927237466044,1.562,Medium,21.73,29.618,26.109,285.3
R00232,2022,2,jeddah,6,Driver_6,Team_6,77.622,77.95980493739452,78.07494760340134,0.527,Soft,21.814,29.288,26.52,306.5
R00232,2022,2,jeddah,7,Driver_7,Team_7,78.026,78.21166545263205,78.52145617930451,3.503,Medium,21.971,29.665,26.39,299.2
R00232,2022,2,jeddah,8,Driver_8,Team_8,78.612,78.91283276624455,79.51366291543721,3.393,Soft,22.011,29.9,26.701,335.1
R00232,2022,2,jeddah,9,Driver_9,Team_9,78.65,78.79762288802199,79.61092819861467,3.087,Soft,22.179,29.824,26.647,321.5
R00232,2022,2,jeddah,10,Driver_10,Team_10,78.855,79.33814887779803,79.85472348101007,2.411,Soft,21.964,29.993,26.898,338.1
R00233,2022,3,albert_park,1,Charles Leclerc,Ferrari,75.132,75.23836259195899,76.03355512589046,0.0,Soft,20.934,28.66,25.538,323.9
R00233,2022,3,albert_park,2,Driver_2,Team_2,75.719,76.05040430886622,76.56978030806631,0.327,Medium,21.147,28.886,25.686,325.7
R00233,2022,3,albert_park,3,Driver_3,Team_3,76.495,76.72268247337954,77.19660253365774,0.356,Medium,21.431,28.864,26.2,296.5
R00233,2022,3,albert_park,4,Driver_4,Team_4,76.197,76.33612967559412,77.19531965922825,0.971,Medium,21.418,28.8,25.979,327.1
R00233,2022,3,albert_park,5,Driver_5,Team_5,77.041,77.17636395885825,77.69832995635853,1.913,Medium,21.677,29.224,26.14,320.5
R00233,2022,3,albert_park,6,Driver_6,Team_6,77.413,77.57303836844504,77.78692691603054,1.678,Medium,21.751,29.421,26.241,315.6
R00233,2022,3,albert_park,7,Driver_7,Team_7,77.944,78.19384793274814,78.26447415555052,1.512,Medium,21.807,29.634,26.503,356.8
R00233,2022,3,albert_park,8,Driver_8,Team_8,77.828,78.24453933004175,78.22537400636033,1.817,Soft,21.797,29.53,26.501,309.3
R00233,2022,3,albert_park,9,Driver_9,Team_9,78.42,78.65305601330321,79.22140630713555,0.706,Medium,21.935,29.701,26.784,327.9
R00233,2022,3,albert_park,10,Driver_10,Team_10,79.112,79.24412788482142,80.03535497527056,4.66,Soft,22.281,29.995,26.836,324.8
R00234,2022,4,baku,1,Charles Leclerc,Ferrari,75.729,75.93281005087282,76.18449405947288,0.0,Intermediate,21.24,28.745,25.744,321.9
R00234,2022,4,baku,2,Driver_2,Team_2,75.376,75.6387809160953,76.31442157277982,0.298,Intermediate,20.969,28.661,25.746,336.3
R00234,2022,4,baku,3,Driver_3,Team_3,75.943,76.0842953436773,76.52740351693218,0.98,Intermediate,21.423,28.916,25.604,318.0
R00234,2022,4,baku,4,Driver_4,Team_4,76.589,76.89297340046316,76.92390180095227,1.156,Intermediate,21.511,29.11,25.968,352.4
R00234,2022,4,baku,5,Driver_5,Team_5,77.139,77.50269563864092,77.83149083603362,1.045,Intermediate,21.51,29.327,26.302,336.1
R00234,2022,4,baku,6,Driver_6,Team_6,77.152,77.4796406143678,78.10208807671238,0.837,Intermediate,21.644,29.369,26.139,322.6
R00234,2022,4,baku,7,Driver_7,Team_7,77.486,77.72018057451903,78.05987184405141,0.862,Intermediate,21.542,29.434,26.51,333.3
R00234,2022,4,baku,8,Driver_8,Team_8,77.774,77.98232178522181,78.63487694867864,1.921,Intermediate,21.882,29.479,26.413,349.1
R00234,2022,4,baku,9,Driver_9,Team_9,78.381,78.71281976140615,78.94244283665405,3.602,Intermediate,21.781,29.923,26.677,316.9
R00234,2022,4,baku,10,Driver_10,Team_10,78.6,78.77559339962941,79.48748363643885,0.763,Intermediate,22.121,29.913,26.566,345.2
R00236,2022,6,monaco,1,Charles Leclerc,Ferrari,75.756,76.15870762368641,76.39126665782639,0.0,Soft,21.42,28.796,25.54,314.1
R00236,2022,6,monaco,2,Driver_2,Team_2,75.531,75.97237112111715,75.88280465621285,0.416,Medium,21.184,28.722,25.625,330.1
R00236,2022,6,monaco,3,Driver_3,Team_3,76.335,76.60485975581781,77.24457331971162,0.177,Soft,21.436,28.877,26.022,345.0
R00236,2022,6,monaco,4,Driver_4,Team_4,76.703,77.12906827558758,77.2402362912098,1.792,Medium,21.292,29.206,26.205,323.3
R00236,2022,6,monaco,5,Driver_5,Team_5,77.113,77.51454993343543,78.00323930535,0.354,Medium,21.606,29.166,26.341,323.7
R00236,2022,6,monaco,6,Driver_6,Team_6,77.753,78.18609798082777,78.48768947331583,2.284,Soft,21.646,29.595,26.512,321.3
R00236,2022,6,monaco,7,Driver_7,Team_7,77.911,78.33402827215161,78.56560724388785,3.585,Soft,21.839,29.522,26.55,352.3
R00236,2022,6,monaco,8,Driver_8,Team_8,77.92,78.16891334518152,78.56447804776587,2.783,Soft,21.807,29.64,26.473,326.8
R00236,2022,6,monaco,9,Driver_9,Team_9,78.912,79.30222259127352,79.37876498730319,3.742,Soft,21.986,29.963,26.963,327.0
R00236,2022,6,monaco,10,Driver_10,Team_10,78.872,79.03289102416647,79.36106073935105,3.427,Medium,22.116,30.024,26.732,343.9
R00237,2022,7,spain,1,Max Verstappen,Red Bull Racing,75.387,75.54976470561127,76.2132420336456,0.0,Soft,21.206,28.512,25.669,301.2
R00237,2022,7,spain,2,Driver_2,Team_2,76.083,76.23665837740143,77.0158630629674,0.516,Medium,21.305,28.922,25.856,308.4
R00237,2022,7,spain,3,Driver_3,Team_3,75.715,75.88053525535473,76.10331254745455,0.557,Soft,21.212,28.797,25.706,320.6
R00237,2022,7,spain,4,Driver_4,Team_4,76.449,76.564594937555,77.09409366308056,1.423,Soft,21.474,29.048,25.927,302.3
R00237,2022,7,spain,5,Driver_5,Team_5,76.868,77.16113082557348,77.18945537567538,0.602,Medium,21.596,29.17,26.102,318.7
R00237,2022,7,spain,6,Driver_6,Team_6,77.425,77.8999034161781,77.80120993298384,0.81,Soft,21.585,29.572,26.268,332.3
R00237,2022,7,spain,7,Driver_7,Team_7,77.721,77.95971757336653,78.35338122337899,0.644,Soft,21.672,29.531,26.518,326.0
R00237,2022,7,spain,8,Driver_8,Team_8,78.194,78.59314475723762,79.06899008240858,0.928,Soft,21.868,29.695,26.631,313.2
R00237,2022,7,spain,9,Driver_9,Team_9,78.382,78.61221255086139,78.76618071186601,3.848,Soft,21.85,29.704,26.828,334.1
R00237,2022,7,spain,10,Driver_10,Team_10,78.826,79.21728319735904,79.78878645608974,5.342,Medium,22.084,30.015,26.727,322.2
R00238,2022,8,canada,1,Max Verstappen,Red Bull Racing,75.337,75.4689752392848,75.96448406316253,0.0,Medium,21.228,28.693,25.416,328.9
R00238,2022,8,canada,2,Driver_2,Team_2,75.764,76.15899859676651,76.73752457929233,0.594,Soft,21.01,28.778,25.976,318.5
R00238,2022,8,canada,3,Driver_3,Team_3,76.22,76.54770526632383,77.15377881857242,0.172,Soft,21.442,28.899,25.879,344.6
R00238,2022,8,canada,4,Driver_4,Team_4,76.271,76.52628034847189,77.06613691453587,1.431,Medium,21.572,28.969,25.73,308.0
R00238,2022,8,canada,5,Driver_5,Team_5,77.012,77.43205576410577,77.96005100838376,0.396,Soft,21.727,29.245,26.04,316.8
R00238,2022,8,canada,6,Driver_6,Team_6,76.817,77.15258693070145,77.28283540240129,1.784,Soft,21.484,28.937,26.396,318.2
R00238,2022,8,canada,7,Driver_7,Team_7,77.824,78.07076810770452,78.78866639342485,2.686,Soft,21.688,29.513,26.623,352.1
R00238,2022,8,canada,8,Driver_8,Team_8,77.56,77.72719915415036,78.1003418533336,2.798,Soft,21.576,29.321,26.663,322.9
R00238,2022,8,canada,9,Driver_9,Team_9,78.626,78.82139763838805,79.21464814004112,1.096,Medium,22.113,29.831,26.682,312.7
R00238,2022,8,canada,10,Driver_10,Team_10,78.732,78.97889014857351,79.06368290357969,2.769,Soft,21.863,29.817,27.052,302.1
R00239,2022,9,austria,1,Lewis Hamilton,Mercedes,75.383,75.70424377792475,76.31234701186929,0.0,Soft,21.095,28.809,25.479,339.7
R00239,2022,9,austria,2,Driver_2,Team_2,75.651,75.76957666893053,76.48093044821768,0.259,Soft,21.121,28.792,25.738,321.1
R00239,2022,9,austria,3,Driver_3,Team_3,75.768,75.92010770980784,76.19446371146448,0.991,Medium,21.391,28.86,25.517,312.6
R00239,2022,9,austria,4,Driver_4,Team_4,76.767,77.01360350083019,77.21443293066399,1.356,Soft,21.427,29.374,25.966,308.6
R00239,2022,9,austria,5,Driver_5,Team_5,77.183,77.4396722642674,77.56579082406131,2.018,Soft,21.685,29.374,26.124,328.7
R00239,2022,9,austria,6,Driver_6,Team_6,77.526,77.7010184524495,78.5196253768057,1.421,Soft,21.593,29.357,26.576,322.6
R00239,2022,9,austria,7,Driver_7,Team_7,77.196,77.64987295089976,77.98040659318626,2.538,Soft,21.624,29.258,26.314,333.1
R00239,2022,9,austria,8,Driver_8,Team_8,77.951,78.35620929235537,78.26057875467185,3.78,Medium,21.89,29.613,26.448,328.2
R00239,2022,9,austria,9,Driver_9,Team_9,78.667,78.83900525198943,79.4052603478706,2.491,Medium,21.941,29.875,26.851,332.3
R00239,2022,9,austria,10,Driver_10,Team_10,79.044,79.16318339830117,79.9348213478621,2.982,Medium,22.196,30.049,26.799,316.2
R00240,2022,10,silverstone,1,Max Verstappen,Red Bull Racing,75.603,75.9925827005088,76.4409544030256,0.0,Soft,21.246,28.612,25.745,309.0
R00240,2022,10,silverstone,2,Driver_2,Team_2,75.971,76.45311799618416,76.82788612909127,0.387,Soft,21.302,28.939,25.73,334.9
R00240,2022,10,silverstone,3,Driver_3,Team_3,76.002,76.10457486807901,76.47739005545647,0.525,Medium,21.24,28.833,25.929,317.6
R00240,2022,10,silverstone,4,Driver_4,Team_4,76.942,77.15764604526379,77.531862506715,1.633,Medium,21.581,29.099,26.262,302.6
R00240,2022,10,silverstone,5,Driver_5,Team_5,77.046,77.40240981482087,77.56062047512626,1.821,Medium,21.606,29.29,26.15,340.7
R00240,2022,10,silverstone,6,Driver_6,Team_6,77.559,77.73509066298183,78.47447465940789,1.469,Medium,21.707,29.482,26.37,309.9
R00240,2022,10,silverstone,7,Driver_7,Team_7,77.948,78.33659969860508,78.7388289940255,1.62,Medium,21.872,29.806,26.27,336.0
R00240,2022,10,silverstone,8,Driver_8,Team_8,78.008,78.11406194756778,78.7327889393176,1.935,Medium,21.846,29.741,26.421,329.8
R00240,2022,10,silverstone,9,Driver_9,Team_9,79.006,79.16628409419543,79.32696452460596,2.296,Medium,22.148,30.151,26.707,297.7
R00240,2022,10,silverstone,10,Driver_10,Team_10,78.662,79.09800991103032,79.06471324227799,4.512,Soft,22.152,29.934,26.576,333.0
R00241,2022,11,hungary,1,Lando Norris,McLaren,75.791,76.20222766071066,76.24702910573112,0.0,Soft,21.182,28.742,25.867,321.9
R00241,2022,11,hungary,2,Driver_2,Team_2,75.699,76.05122885727484,76.25035147111562,0.299,Soft,21.08,28.739,25.88,313.3
R00241,2022,11,hungary,3,Driver_3,Team_3,76.134,76.40589278552557,76.97050000596994,0.893,Soft,21.339,28.892,25.903,343.3
R00241,2022,11,hungary,4,Driver_4,Team_4,77.033,77.35547753794273,77.36690049662252,0.82,Soft,21.419,29.343,26.271,329.3
R00241,2022,11,hungary,5,Driver_5,Team_5,77.079,77.38554432560102,77.38401592445462,1.017,Soft,21.457,29.317,26.305,335.0
R00241,2022,11,hungary,6,Driver_6,Team_6,77.625,77.9018333796787,78.57584950722205,1.691,Soft,21.667,29.559,26.399,344.9
R00241,2022,11,hungary,7,Driver_7,Team_7,78.011,78.28347533992357,78.66211550883732,1.225,Medium,21.83,29.707,26.474,318.0
R00241,2022,11,hungary,8,Driver_8,Team_8,78.223,78.68441673095411,78.87986716453919,1.937,Soft,22.173,29.648,26.402,311.5
R00241,2022,11,hungary,9,Driver_9,Team_9,79.028,79.23906311503052,79.98423039629759,3.971,Soft,22.22,30.107,26.701,343.4
R00241,2022,11,hungary,10,Driver_10,Team_10,79.186,79.38193919254057,80.08915867031223,1.624,Soft,22.113,30.152,26.921,319.6
R00242,2022,12,spa,1,Lando Norris,McLaren,75.318,75.55972535674383,76.11913602774536,0.0,Medium,21.152,28.588,25.578,320.6
R00242,2022,12,spa,2,Driver_2,Team_2,76.4,76.52549575011534,76.98006454250168,0.213,Soft,21.335,28.993,26.072,298.3
R00242,2022,12,spa,3,Driver_3,Team_3,76.167,76.4176546405936,77.09945789099655,0.581,Soft,21.266,28.946,25.955,319.2
R00242,2022,12,spa,4,Driver_4,Team_4,76.358,76.61999323282164,76.8569107740172,0.635,Soft,21.409,29.145,25.804,307.6
R00242,2022,12,spa,5,Driver_5,Team_5,77.016,77.46413050241966,77.71356698814867,1.927,Medium,21.585,29.348,26.083,321.0
R00242,2022,12,spa,6,Driver_6,Team_6,77.167,77.36766238479035,77.61945819179199,2.557,Medium,21.528,29.397,26.242,323.2
R00242,2022,12,spa,7,Driver_7,Team_7,77.672,78.00952558429053,78.32985522581001,2.861,Medium,21.753,29.513,26.406,317.3
R00242,2022,12,spa,8,Driver_8,Team_8,78.225,78.42120738075012,79.06326068176134,0.594,Medium,21.851,29.794,26.58,315.6
R00242,2022,12,spa,9,Driver_9,Team_9,78.431,78.92302795996633,79.22216287483126,3.026,Soft,21.698,29.675,27.058,331.1
R00242,2022,12,spa,10,Driver_10,Team_10,79.043,79.20355976467657,79.72722508457285,1.815,Medium,21.963,30.002,27.078,328.7
R00244,2022,14,monza,1,Charles Leclerc,Ferrari,75.456,75.85201479602408,76.44544977478894,0.0,Soft,21.129,28.832,25.495,336.6
R00244,2022,14,monza,2,Driver_2,Team_2,75.535,75.99262192938691,76.21298996270976,0.476,Soft,21.117,28.711,25.707,323.2
R00244,2022,14,monza,3,Driver_3,Team_3,76.576,76.83122370305057,77.10333732414433,0.628,Soft,21.554,29.269,25.753,299.8
R00244,2022,14,monza,4,Driver_4,Team_4,76.784,77.1760037203816,77.43587695766743,1.379,Medium,21.356,29.223,26.205,306.2
R00244,2022,14,monza,5,Driver_5,Team_5,77.031,77.20885103519763,77.93430121780634,1.593,Soft,21.473,29.488,26.07,338.3
R00244,2022,14,monza,6,Driver_6,Team_6,77.968,78.40952693209579,78.58361682865271,1.344,Soft,21.944,29.442,26.582,302.9
R00244,2022,14,monza,7,Driver_7,Team_7,78.256,78.53257986216069,79.17502814868848,0.877,Soft,21.833,29.625,26.798,321.0
R00244,2022,14,monza,8,Driver_8,Team_8,78.272,78.42012394313659,78.5768138857947,3.152,Soft,22.01,29.564,26.698,348.7
R00244,2022,14,monza,9,Driver_9,Team_9,78.174,78.36624289362629,78.99968867774261,0.738,Soft,21.88,29.716,26.578,319.0
R00244,2022,14,monza,10,Driver_10,Team_10,78.785,79.05369086437048,79.78051040530555,1.584,Medium,22.222,29.961,26.602,318.0
R00245,2022,15,singapore,1,Max Verstappen,Red Bull Racing,75.138,75.41344398629592,75.47814194218876,0.0,Medium,21.082,28.502,25.554,330.6
R00245,2022,15,singapore,2,Driver_2,Team_2,76.039,76.31785692778215,76.61211815789208,0.569,Medium,21.217,28.813,26.009,314.1
R00245,2022,15,singapore,3,Driver_3,Team_3,76.266,76.688652528027,77.25822921403673,1.129,Medium,21.547,29.014,25.705,309.1
R00245,2022,15,singapore,4,Driver_4,Team_4,76.705,77.18057535002006,77.02330122810636,0.448,Soft,21.414,29.082,26.209,342.5
R00245,2022,15,singapore,5,Driver_5,Team_5,76.728,76.8679902347894,77.4011169689868,1.248,Medium,21.376,29.074,26.278,348.2
R00245,2022,15,singapore,6,Driver_6,Team_6,77.295,77.5062857184217,78.09335700831082,1.227,Medium,21.563,29.392,26.34,323.5
R00245,2022,15,singapore,7,Driver_7,Team_7,78.001,78.39123224502553,78.32498601415408,1.886,Medium,21.855,29.773,26.373,315.7
R00245,2022,15,singapore,8,Driver_8,Team_8,78.068,78.20396092857062,78.77101797592151,0.598,Medium,21.756,29.773,26.539,327.5
R00245,2022,15,singapore,9,Driver_9,Team_9,78.677,79.03240904310995,79.19625308946377,2.331,Medium,22.005,29.8,26.872,308.4
R00245,2022,15,singapore,10,Driver_10,Team_10,79.022,79.43702746486643,79.68650966072579,2.809,Soft,22.285,30.007,26.73,304.9
R00246,2022,16,suzuka,1,Max Verstappen,Red Bull Racing,75.419,75.5993142635679,76.41302083378159,0.0,Soft,20.995,28.841,25.583,331.7
R00246,2022,16,suzuka,2,Driver_2,Team_2,76.095,76.5919506878011,76.69220053784643,0.578,Soft,21.212,28.864,26.019,309.3
R00246,2022,16,suzuka,3,Driver_3,Team_3,76.164,76.51084642861949,76.5630256872592,0.783,Medium,21.294,28.921,25.949,354.4
R00246,2022,16,suzuka,4,Driver_4,Team_4,76.871,77.33603890591024,77.70479717857383,0.504,Medium,21.463,29.244,26.164,312.8
R00246,2022,16,suzuka,5,Driver_5,Team_5,76.664,76.82849688703864,77.26772361909909,1.309,Medium,21.41,29.057,26.197,328.1
R00246,2022,16,suzuka,6,Driver_6,Team_6,76.984,77.3613456886688,77.75606547133353,1.922,Soft,21.63,29.305,26.049,328.6
R00246,2022,16,suzuka,7,Driver_7,Team_7,77.588,77.82316861976786,77.98129973862983,1.961,Soft,21.838,29.351,26.399,319.7
R00246,2022,16,suzuka,8,Driver_8,Team_8,78.565,78.97384377343798,78.88927009420219,1.241,Soft,21.898,29.902,26.765,315.6
R00246,2022,16,suzuka,9,Driver_9,Team_9,78.608,78.74203900391247,79.46363091446133,4.566,Medium,22.038,29.857,26.713,318.2
R00246,2022,16,suzuka,10,Driver_10,Team_10,79.391,79.88580149682049,80.28069704912706,3.392,Soft,22.357,30.121,26.913,311.4
R00247,2022,17,qatar,1,Fernando Alonso,Aston Martin,74.987,75.37248680963148,75.87992436509906,0.0,Medium,20.954,28.407,25.626,326.5
R00247,2022,17,qatar,2,Driver_2,Team_2,75.698,75.98694577969874,76.25021746208463,0.447,Medium,21.15,28.739,25.809,323.8
R00247,2022,17,qatar,3,Driver_3,Team_3,76.537,76.89456962405241,77.36290911950455,0.368,Soft,21.415,29.108,26.014,321.7
R00247,2022,17,qatar,4,Driver_4,Team_4,76.421,76.86851763683998,76.7330251042587,0.61,Soft,21.451,29.211,25.759,325.1
R00247,2022,17,qatar,5,Driver_5,Team_5,76.273,76.47378878051863,76.72921668591898,0.508,Medium,21.494,29.081,25.698,321.2
R00247,2022,17,qatar,6,Driver_6,Team_6,76.976,77.47340522410182,77.48684989117085,1.57,Soft,21.431,29.283,26.262,321.6
R00247,2022,17,qatar,7,Driver_7,Team_7,78.188,78.60155185929668,78.77163309223485,0.689,Soft,21.846,29.884,26.458,307.5
R00247,2022,17,qatar,8,Driver_8,Team_8,78.513,78.99543047830501,78.89416796990106,2.304,Medium,21.937,29.859,26.717,330.7
R00247,2022,17,qatar,9,Driver_9,Team_9,78.615,79.09460390554017,79.13984878648328,2.067,Medium,21.968,29.84,26.807,326.3
R00247,2022,17,qatar,10,Driver_10,Team_10,78.742,79.21990992697458,79.09125305994066,4.808,Medium,21.982,30.052,26.708,304.3
R00248,2022,18,cota,1,Max Verstappen,Red Bull Racing,75.674,75.8872851500437,76.34144301994971,0.0,Medium,21.236,28.635,25.803,309.9
R00248,2022,18,cota,2,Driver_2,Team_2,75.972,76.33403152986999,76.6002394592994,0.513,Soft,21.248,28.772,25.952,329.8
R00248,2022,18,cota,3,Driver_3,Team_3,76.477,76.76318761994807,77.37102390601946,0.179,Medium,21.379,28.996,26.102,349.4
R00248,2022,18,cota,4,Driver_4,Team_4,76.697,76.88519840386577,77.22929767498825,0.65,Soft,21.464,29.019,26.214,339.8
R00248,2022,18,cota,5,Driver_5,Team_5,77.127,77.61579154381205,77.56893377934487,1.239,Soft,21.569,29.254,26.304,325.4
R00248,2022,18,cota,6,Driver_6,Team_6,77.204,77.34728743327557,77.97001831904915,0.724,Soft,21.57,29.231,26.403,338.8
R00248,2022,18,cota,7,Driver_7,Team_7,77.775,77.97709501915868,78.44016822655996,2.423,Soft,21.666,29.635,26.474,321.7
R00248,2022,18,cota,8,Driver_8,Team_8,77.89,78.38847987514849,78.8226215756764,1.106,Soft,21.898,29.641,26.351,286.2
R00248,2022,18,cota,9,Driver_9,Team_9,78.05,78.25405037294469,78.82151831628683,4.292,Soft,21.864,29.762,26.424,314.5
R00248,2022,18,cota,10,Driver_10,Team_10,79.013,79.50786961986448,79.73607566305621,4.574,Soft,22.228,29.936,26.849,338.4
R00249,2022,19,mexico,1,Max Verstappen,Red Bull Racing,75.167,75.30479739604148,75.64498497789207,0.0,Medium,21.306,28.356,25.505,330.0
R00249,2022,19,mexico,2,Driver_2,Team_2,75.548,75.96695751586486,75.98272934765352,0.089,Medium,21.096,28.727,25.725,347.7
R00249,2022,19,mexico,3,Driver_3,Team_3,76.113,76.4994390168482,76.54341007207638,0.289,Medium,21.412,28.968,25.733,330.8
R00249,2022,19,mexico,4,Driver_4,Team_4,76.941,77.37349491140269,77.47333175731299,0.721,Medium,21.476,29.269,26.196,333.2
R00249,2022,19,mexico,5,Driver_5,Team_5,76.934,77.26843852518769,77.40359804896444,1.979,Medium,21.524,29.28,26.13,334.3
R00249,2022,19,mexico,6,Driver_6,Team_6,77.521,77.85089255407574,78.20402289379888,1.275,Medium,21.725,29.324,26.472,321.8
R00249,2022,19,mexico,7,Driver_7,Team_7,77.047,77.45943360154361,77.53470296705689,0.637,Soft,21.7,29.242,26.105,339.8
R00249,2022,19,mexico,8,Driver_8,Team_8,78.255,78.50336986445724,78.70822679145755,1.137,Medium,21.957,29.596,26.702,313.4
R00249,2022,19,mexico,9,Driver_9,Team_9,78.731,79.00780742130158,79.65481012465932,3.491,Soft,22.218,29.932,26.581,308.6
R00249,2022,19,mexico,10,Driver_10,Team_10,79.246,79.47625280378081,80.09347175022862,2.241,Soft,22.259,30.271,26.716,338.3
R00250,2022,20,brazil,1,Charles Leclerc,Ferrari,75.445,75.60991135719743,75.86934525806994,0.0,Intermediate,21.132,28.814,25.499,326.8
R00250,2022,20,brazil,2,Driver_2,Team_2,75.807,76.24065231942264,76.49166463992361,0.288,Intermediate,21.315,28.967,25.525,332.4
R00250,2022,20,brazil,3,Driver_3,Team_3,75.674,76.08270702463801,76.49532521792403,0.9,Intermediate,21.319,28.673,25.682,327.2
R00250,2022,20,brazil,4,Driver_4,Team_4,76.575,76.70997612415636,77.50743042668839,0.884,Intermediate,21.375,28.904,26.296,358.7
R00250,2022,20,brazil,5,Driver_5,Team_5,77.744,78.14131929335065,78.52688650807367,1.466,Intermediate,21.693,29.584,26.467,313.6
R00250,2022,20,brazil,6,Driver_6,Team_6,77.565,77.96136624083684,78.24174945905574,1.716,Intermediate,21.67,29.356,26.539,329.4
R00250,2022,20,brazil,7,Driver_7,Team_7,77.542,77.80122951458719,78.2621181465002,1.134,Intermediate,21.653,29.515,26.374,318.5
R00250,2022,20,brazil,8,Driver_8,Team_8,78.375,78.64956826345679,79.29983723478301,3.723,Intermediate,21.894,29.74,26.741,328.3
R00250,2022,20,brazil,9,Driver_9,Team_9,78.228,78.67335170722444,78.91359000033556,1.307,Intermediate,22.071,29.786,26.371,319.1
R00250,2022,20,brazil,10,Driver_10,Team_10,78.99,79.21273803010881,79.61815215947014,5.254,Intermediate,22.08,29.966,26.944,332.1
R00251,2022,21,las_vegas,1,Charles Leclerc,Ferrari,75.265,75.43263172689329,76.24297137123637,0.0,Soft,21.121,28.548,25.596,326.4
R00251,2022,21,las_vegas,2,Driver_2,Team_2,75.347,75.81849781063825,76.3109330375373,0.32,Medium,21.294,28.792,25.261,326.0
R00251,2022,21,las_vegas,3,Driver_3,Team_3,76.611,76.72404878270375,77.17919392103099,0.372,Soft,21.414,29.128,26.069,324.6
R00251,2022,21,las_vegas,4,Driver_4,Team_4,76.392,76.67017352319368,76.82583041449739,0.423,Soft,21.416,28.899,26.077,317.7
R00251,2022,21,las_vegas,5,Driver_5,Team_5,76.836,77.12580045202975,77.28803617274149,1.605,Soft,21.655,29.06,26.121,318.6
R00251,2022,21,las_vegas,6,Driver_6,Team_6,77.202,77.37401636945496,77.9047103081016,0.488,Medium,21.617,29.363,26.222,318.6
R00251,2022,21,las_vegas,7,Driver_7,Team_7,77.773,78.27155984479995,78.32674575864714,3.166,Soft,21.667,29.499,26.607,314.8
R00251,2022,21,las_vegas,8,Driver_8,Team_8,78.12,78.53109102262484,79.09112659869406,3.122,Soft,21.849,29.662,26.609,337.5
R00251,2022,21,las_vegas,9,Driver_9,Team_9,78.487,78.70006899834513,79.08541142760414,2.044,Soft,21.903,29.761,26.823,348.3
R00251,2022,21,las_vegas,10,Driver_10,Team_10,78.68,78.98071480264268,79.00906790781205,2.243,Medium,21.874,30.123,26.683,316.6
R00252,2022,22,abu_dhabi,1,Max Verstappen,Red Bull Racing,75.262,75.6040088312991,75.66057886132548,0.0,Soft,21.139,28.567,25.556,353.1
R00252,2022,22,abu_dhabi,2,Driver_2,Team_2,75.594,75.89413059653269,75.93135728475757,0.277,Soft,21.217,28.662,25.715,311.7
R00252,2022,22,abu_dhabi,3,Driver_3,Team_3,75.947,76.31142778848218,76.39674417982272,0.458,Soft,21.255,28.987,25.705,326.8
R00252,2022,22,abu_dhabi,4,Driver_4,Team_4,75.821,76.03967573832637,76.5845624775093,0.922,Medium,21.181,28.696,25.944,317.2
R00252,2022,22,abu_dhabi,5,Driver_5,Team_5,76.772,77.12151056469497,77.25948548465564,2.003,Soft,21.405,29.092,26.275,320.5
R00252,2022,22,abu_dhabi,6,Driver_6,Team_6,77.576,77.92216184811825,78.25047718193535,1.42,Medium,21.82,29.494,26.262,329.0
R00252,2022,22,abu_dhabi,7,Driver_7,Team_7,77.539,77.72776662548296,78.12070779438652,2.452,Medium,21.6,29.528,26.411,316.3
R00252,2022,22,abu_dhabi,8,Driver_8,Team_8,78.088,78.48014430163283,78.85401536209024,3.141,Medium,21.819,29.709,26.56,324.3
R00252,2022,22,abu_dhabi,9,Driver_9,Team_9,78.321,78.77653867819532,79.22476380816852,3.65,Medium,21.9,29.759,26.662,313.9
R00252,2022,22,abu_dhabi,10,Driver_10,Team_10,79.515,79.65010577187627,80.34007374780717,4.035,Medium,22.449,30.301,26.765,341.6
R00253,2023,1,bahrain,1,Yuki Tsunoda,RB (AlphaTauri),75.412,75.5691665611075,76.03060706512798,0.0,Soft,21.188,28.83,25.394,341.6
R00253,2023,1,bahrain,2,Driver_2,Team_2,75.698,75.9006101104548,76.04369468972834,0.327,Soft,21.102,28.886,25.71,318.9
R00253,2023,1,bahrain,3,Driver_3,Team_3,76.133,76.32414802087376,76.98193488517592,0.488,Medium,21.309,28.978,25.846,296.4
R00253,2023,1,bahrain,4,Driver_4,Team_4,77.137,77.52626669866612,78.10208296661571,1.133,Soft,21.524,29.393,26.22,316.5
R00253,2023,1,bahrain,5,Driver_5,Team_5,77.27,77.76129307752535,78.14887163934958,0.329,Soft,21.496,29.39,26.384,322.0
R00253,2023,1,bahrain,6,Driver_6,Team_6,77.421,77.58442717918149,78.01159047842478,2.79,Soft,21.751,29.571,26.099,323.1
R00253,2023,1,bahrain,7,Driver_7,Team_7,77.971,78.45889609768649,78.71572322275884,0.783,Medium,21.918,29.641,26.412,329.4
R00253,2023,1,bahrain,8,Driver_8,Team_8,78.339,78.593497497494,78.72040029838946,2.531,Soft,21.871,29.992,26.476,318.7
R00253,2023,1,bahrain,9,Driver_9,Team_9,78.65,79.00125371813786,79.16215752827831,4.608,Soft,21.92,29.795,26.935,320.1
R00253,2023,1,bahrain,10,Driver_10,Team_10,78.926,79.32329722172203,79.91228681741156,2.175,Medium,22.12,29.874,26.932,325.9
R00254,2023,2,jeddah,1,Lewis Hamilton,Mercedes,75.404,75.63317740967733,75.77520821628613,0.0,Medium,21.118,28.541,25.745,309.7
R00254,2023,2,jeddah,2,Driver_2,Team_2,75.69,75.90867979014237,76.34097987845355,0.215,Medium,21.27,28.855,25.565,308.3
R00254,2023,2,jeddah,3,Driver_3,Team_3,76.2,76.4368348350581,77.05162243091064,0.365,Soft,21.211,28.912,26.077,308.2
R00254,2023,2,jeddah,4,Driver_4,Team_4,76.37,76.48446568420276,77.2865554959196,0.868,Medium,21.462,29.164,25.744,313.5
R00254,2023,2,jeddah,5,Driver_5,Team_5,76.845,77.25827616192119,77.63542818583029,0.546,Medium,21.504,29.07,26.271,334.2
R00254,2023,2,jeddah,6,Driver_6,Team_6,77.424,77.79020965874133,78.25957937769196,2.531,Soft,21.557,29.639,26.228,333.1
R00254,2023,2,jeddah,7,Driver_7,Team_7,77.764,77.92508451927135,78.33043380579433,1.883,Soft,21.969,29.652,26.143,330.6
R00254,2023,2,jeddah,8,Driver_8,Team_8,78.061,78.28239727408784,78.41549560546885,2.025,Soft,21.91,29.715,26.436,323.7
R00254,2023,2,jeddah,9,Driver_9,Team_9,78.848,79.0437722668268,79.67038614930436,2.33,Medium,22.163,29.963,26.722,319.2
R00254,2023,2,jeddah,10,Driver_10,Team_10,78.802,79.14584549279408,79.55395397568039,3.565,Soft,22.049,29.855,26.898,323.8
R00255,2023,3,albert_park,1,Max Verstappen,Red Bull Racing,75.485,75.69810195899514,76.0326617657211,0.0,Medium,21.22,28.666,25.599,352.8
R00255,2023,3,albert_park,2,Driver_2,Team_2,75.585,75.85887606595428,76.1793136615861,0.233,Soft,21.148,28.57,25.867,336.7
R00255,2023,3,albert_park,3,Driver_3,Team_3,76.262,76.5821864429966,77.14963456904684,0.241,Medium,21.288,29.0,25.974,328.0
R00255,2023,3,albert_park,4,Driver_4,Team_4,76.542,76.67803840054356,77.2501768003277,0.962,Medium,21.349,29.129,26.064,312.1
R00255,2023,3,albert_park,5,Driver_5,Team_5,77.577,77.72255508420255,78.54024183157709,0.796,Medium,21.843,29.443,26.291,314.7
R00255,2023,3,albert_park,6,Driver_6,Team_6,77.541,77.95668031631288,78.0207121636621,1.087,Medium,21.685,29.538,26.318,321.6
R00255,2023,3,albert_park,7,Driver_7,Team_7,77.249,77.50085222695142,77.769485489586,3.464,Soft,21.685,29.491,26.073,337.3
R00255,2023,3,albert_park,8,Driver_8,Team_8,78.056,78.19544850006935,78.90148691147415,0.912,Medium,21.731,29.598,26.727,310.7
R00255,2023,3,albert_park,9,Driver_9,Team_9,78.801,79.17483815723087,79.71949541266862,2.813,Soft,22.021,29.868,26.912,318.8
R00255,2023,3,albert_park,10,Driver_10,Team_10,79.006,79.3994852177667,79.90670265898723,4.644,Soft,22.025,30.157,26.824,333.3
R00256,2023,4,baku,1,Charles Leclerc,Ferrari,75.4,75.74223650582516,75.72736065202665,0.0,Soft,20.919,28.742,25.739,310.4
R00256,2023,4,baku,2,Driver_2,Team_2,75.862,76.26999457444279,76.4696354830956,0.213,Soft,21.281,28.881,25.7,325.4
R00256,2023,4,baku,3,Driver_3,Team_3,76.302,76.47054514131986,77.25945894132984,0.591,Medium,21.452,28.928,25.922,339.2
R00256,2023,4,baku,4,Driver_4,Team_4,76.938,77.38677075820944,77.44121971802154,0.608,Medium,21.513,29.291,26.134,279.9
R00256,2023,4,baku,5,Driver_5,Team_5,76.825,77.00134274858402,77.71778548996961,2.146,Soft,21.777,29.153,25.895,293.4
R00256,2023,4,baku,6,Driver_6,Team_6,77.267,77.6163207477858,77.92842443092944,2.689,Soft,21.659,29.162,26.446,330.0
R00256,2023,4,baku,7,Driver_7,Team_7,77.754,78.18597649136646,78.10991189379784,3.161,Medium,21.737,29.491,26.526,357.5
R00256,2023,4,baku,8,Driver_8,Team_8,78.288,78.76318556874014,78.8098522294217,3.851,Soft,22.038,29.686,26.564,322.2
R00256,2023,4,baku,9,Driver_9,Team_9,77.843,77.94920062464479,78.46408532156418,2.774,Soft,21.922,29.615,26.306,312.8
R00256,2023,4,baku,10,Driver_10,Team_10,78.402,78.58131224208324,78.80248485568765,1.229,Soft,22.12,29.876,26.406,343.1
R00257,2023,5,miami,1,Max Verstappen,Red Bull Racing,75.285,75.4908221738562,75.86065970507632,0.0,Soft,21.285,28.781,25.219,323.5
R00257,2023,5,miami,2,Driver_2,Team_2,75.289,75.66022604013347,76.12929743687324,0.517,Soft,20.959,28.513,25.817,302.7
R00257,2023,5,miami,3,Driver_3,Team_3,76.114,76.39249799351768,76.69898398518586,0.653,Soft,21.294,28.947,25.873,321.6
R00257,2023,5,miami,4,Driver_4,Team_4,76.959,77.33584559366314,77.85014071921697,0.651,Soft,21.546,29.262,26.151,314.5
R00257,2023,5,miami,5,Driver_5,Team_5,76.758,76.9683894919556,77.47857877865098,1.069,Soft,21.368,29.23,26.16,323.9
R00257,2023,5,miami,6,Driver_6,Team_6,77.578,77.81024813665316,78.26053593545892,2.662,Soft,21.971,29.405,26.202,329.9
R00257,2023,5,miami,7,Driver_7,Team_7,77.853,78.27680885693523,78.53615758318465,3.055,Medium,21.762,29.588,26.503,326.6
R00257,2023,5,miami,8,Driver_8,Team_8,78.59,78.87781533120986,79.12569077194232,0.814,Soft,21.978,29.687,26.925,332.9
R00257,2023,5,miami,9,Driver_9,Team_9,78.448,78.87276767034109,78.82316781131865,3.6,Soft,21.893,29.812,26.743,332.2
R00257,2023,5,miami,10,Driver_10,Team_10,79.213,79.4211707112897,79.54589605135781,3.713,Medium,22.195,30.118,26.9,312.1
R00258,2023,6,monaco,1,Charles Leclerc,Ferrari,75.841,76.10798935157528,76.64204437798972,0.0,Soft,21.268,28.697,25.876,328.3
R00258,2023,6,monaco,2,Driver_2,Team_2,76.092,76.41819802462427,76.58336492836186,0.134,Soft,21.352,28.91,25.83,296.6
R00258,2023,6,monaco,3,Driver_3,Team_3,76.375,76.86655612558836,76.97574100979988,0.541,Medium,21.434,29.05,25.891,307.2
R00258,2023,6,monaco,4,Driver_4,Team_4,76.933,77.28121310406902,77.6792263242088,0.957,Soft,21.536,29.307,26.09,333.0
R00258,2023,6,monaco,5,Driver_5,Team_5,76.802,76.97980405621875,77.1329911363119,1.041,Medium,21.511,29.19,26.101,333.9
R00258,2023,6,monaco,6,Driver_6,Team_6,76.933,77.13340033495354,77.76112581169404,2.451,Medium,21.558,29.271,26.104,337.7
R00258,2023,6,monaco,7,Driver_7,Team_7,77.861,78.33164406637943,78.3964080394164,1.804,Medium,21.825,29.603,26.433,346.3
R00258,2023,6,monaco,8,Driver_8,Team_8,78.153,78.4824699570487,79.06724162703154,2.518,Soft,22.009,29.646,26.498,307.7
R00258,2023,6,monaco,9,Driver_9,Team_9,78.64,79.10645555030088,79.09575483863229,2.328,Medium,22.073,30.012,26.555,313.7
R00258,2023,6,monaco,10,Driver_10,Team_10,79.162,79.387212193657,79.92000451609198,2.865,Medium,22.152,30.096,26.914,279.7
R00259,2023,7,spain,1,Max Verstappen,Red Bull Racing,75.805,76.05731543764587,76.19857002213651,0.0,Medium,21.138,28.8,25.867,316.8
R00259,2023,7,spain,2,Driver_2,Team_2,75.753,76.09099075966583,76.57283076731726,0.567,Soft,21.152,28.849,25.752,322.8
R00259,2023,7,spain,3,Driver_3,Team_3,76.098,76.54467788805967,76.51225724732817,0.67,Soft,21.189,28.871,26.038,303.1
R00259,2023,7,spain,4,Driver_4,Team_4,76.898,77.2761791235959,77.53369353118946,1.726,Soft,21.527,29.269,26.102,317.3
R00259,2023,7,spain,5,Driver_5,Team_5,76.858,77.31155957107428,77.78000927240811,1.774,Medium,21.605,29.298,25.955,305.1
R00259,2023,7,spain,6,Driver_6,Team_6,77.104,77.39107506538475,77.40980188325887,1.808,Medium,21.613,29.22,26.271,325.0
R00259,2023,7,spain,7,Driver_7,Team_7,77.611,77.78150732365341,78.44750201839439,3.377,Soft,21.813,29.489,26.309,329.5
R00259,2023,7,spain,8,Driver_8,Team_8,78.211,78.51971380149013,78.86353049002201,3.665,Medium,21.808,29.83,26.573,326.0
R00259,2023,7,spain,9,Driver_9,Team_9,78.562,78.75465008521277,79.0237426462225,4.723,Medium,21.847,29.816,26.899,317.6
R00259,2023,7,spain,10,Driver_10,Team_10,79.162,79.4442169299162,79.87588609142819,1.681,Soft,22.082,29.989,27.091,304.3
R00260,2023,8,canada,1,Charles Leclerc,Ferrari,75.656,75.77952798561665,76.5613177629458,0.0,Soft,21.171,28.743,25.742,308.1
R00260,2023,8,canada,2,Driver_2,Team_2,75.583,76.0512643358366,75.91025055241829,0.245,Medium,21.21,28.696,25.677,345.7
R00260,2023,8,canada,3,Driver_3,Team_3,76.069,76.43267672106744,76.46947469310393,0.171,Soft,21.615,28.787,25.667,333.2
R00260,2023,8,canada,4,Driver_4,Team_4,76.812,77.05548440554827,77.40834430863733,1.688,Medium,21.713,29.304,25.795,325.2
R00260,2023,8,canada,5,Driver_5,Team_5,77.214,77.6286599909364,77.64635754914367,1.429,Soft,21.657,29.319,26.238,340.5
R00260,2023,8,canada,6,Driver_6,Team_6,77.315,77.44357939026865,77.85051070329953,1.409,Soft,21.82,29.431,26.064,343.6
R00260,2023,8,canada,7,Driver_7,Team_7,77.432,77.89981581288758,77.74708320648587,2.511,Soft,21.744,29.358,26.33,327.8
R00260,2023,8,canada,8,Driver_8,Team_8,78.322,78.46597579071603,78.64417532879762,3.455,Medium,22.167,29.773,26.382,335.6
R00260,2023,8,canada,9,Driver_9,Team_9,77.992,78.29704963979795,78.63996953929392,2.943,Medium,21.892,29.667,26.433,350.9
R00260,2023,8,canada,10,Driver_10,Team_10,78.945,79.3096154873746,79.30459734085636,2.87,Soft,22.027,29.932,26.986,328.3
R00261,2023,9,austria,1,Charles Leclerc,Ferrari,74.845,75.34294124367881,75.23680034880411,0.0,Soft,21.05,28.565,25.23,333.1
R00261,2023,9,austria,2,Driver_2,Team_2,75.861,76.30163790301661,76.47928030495348,0.217,Soft,21.409,28.946,25.506,321.3
R00261,2023,9,austria,3,Driver_3,Team_3,75.762,75.95833931382033,76.68540060468435,0.868,Medium,21.231,28.634,25.897,334.7
R00261,2023,9,austria,4,Driver_4,Team_4,76.69,77.00855733411855,77.11783945995076,1.455,Medium,21.409,29.081,26.2,333.4
R00261,2023,9,austria,5,Driver_5,Team_5,76.997,77.28709463811717,77.37224571933949,1.711,Medium,21.69,29.294,26.013,329.9
R00261,2023,9,austria,6,Driver_6,Team_6,77.352,77.54943915088161,78.01730166622255,2.848,Medium,21.61,29.371,26.371,313.0
R00261,2023,9,austria,7,Driver_7,Team_7,77.545,77.92213073583552,78.05570404743538,1.659,Medium,21.812,29.513,26.22,312.9
R00261,2023,9,austria,8,Driver_8,Team_8,78.943,79.26963909030881,79.50538194870728,0.869,Soft,22.016,29.958,26.969,325.1
R00261,2023,9,austria,9,Driver_9,Team_9,79.062,79.26555985646894,79.84612842979115,0.76,Soft,22.175,30.011,26.876,318.0
R00261,2023,9,austria,10,Driver_10,Team_10,79.214,79.32764671583647,80.17269974848611,3.363,Medium,22.086,30.019,27.109,321.5
R00262,2023,10,silverstone,1,Max Verstappen,Red Bull Racing,75.446,75.82401584553467,75.97090034578467,0.0,Soft,21.03,28.669,25.747,338.6
R00262,2023,10,silverstone,2,Driver_2,Team_2,75.563,75.75140089962571,76.0448128235444,0.285,Soft,21.035,28.703,25.825,340.7
R00262,2023,10,silverstone,3,Driver_3,Team_3,76.176,76.31463140195602,76.81428537276803,0.235,Medium,21.477,28.93,25.769,296.6
R00262,2023,10,silverstone,4,Driver_4,Team_4,76.804,77.0323006049738,77.6763636954671,1.791,Soft,21.514,29.118,26.172,330.9
R00262,2023,10,silverstone,5,Driver_5,Team_5,77.056,77.19568782763936,77.46430017239679,1.043,Soft,21.786,29.266,26.004,343.8
R00262,2023,10,silverstone,6,Driver_6,Team_6,76.824,77.10763686774314,77.56373122322073,0.732,Soft,21.405,29.199,26.22,326.1
R00262,2023,10,silverstone,7,Driver_7,Team_7,77.64,78.07185835409578,78.58191499266913,2.212,Medium,21.739,29.529,26.372,321.5
R00262,2023,10,silverstone,8,Driver_8,Team_8,78.284,78.62338229155033,78.58940133029337,2.084,Medium,22.041,29.704,26.539,303.9
R00262,2023,10,silverstone,9,Driver_9,Team_9,78.483,78.91409957288312,79.29097254783866,1.526,Soft,22.082,29.86,26.541,296.9
R00262,2023,10,silverstone,10,Driver_10,Team_10,79.067,79.42545295165517,79.85679504332651,3.309,Medium,22.039,29.988,27.04,323.9
R00263,2023,11,hungary,1,Lando Norris,McLaren,75.787,76.11790120999294,76.52647374794039,0.0,Intermediate,21.255,28.854,25.678,316.0
R00263,2023,11,hungary,2,Driver_2,Team_2,75.44,75.93627227118314,76.37943150841595,0.125,Intermediate,21.234,28.651,25.555,334.6
R00263,2023,11,hungary,3,Driver_3,Team_3,75.947,76.10296251682442,76.54659917944785,0.272,Intermediate,21.287,28.966,25.694,325.2
R00263,2023,11,hungary,4,Driver_4,Team_4,76.406,76.80388915690665,76.75532778166797,1.68,Intermediate,21.384,29.012,26.01,348.2
R00263,2023,11,hungary,5,Driver_5,Team_5,76.774,76.96608250121258,77.28885777480754,0.682,Intermediate,21.454,29.004,26.316,330.8
R00263,2023,11,hungary,6,Driver_6,Team_6,76.529,76.7168580586375,76.9984884537365,0.94,Intermediate,21.387,29.047,26.095,330.5
R00263,2023,11,hungary,7,Driver_7,Team_7,77.181,77.43975399345898,77.8135352935198,1.729,Intermediate,21.773,29.479,25.929,339.3
R00263,2023,11,hungary,8,Driver_8,Team_8,78.404,78.56758956777078,79.32845153007035,1.039,Intermediate,21.867,29.78,26.757,334.2
R00263,2023,11,hungary,9,Driver_9,Team_9,78.08,78.2684993817603,79.0605926273693,3.098,Intermediate,21.734,29.622,26.724,331.6
R00263,2023,11,hungary,10,Driver_10,Team_10,79.324,79.49114428962956,79.73801346047246,3.526,Intermediate,22.101,30.154,27.069,315.0
R00264,2023,12,spa,1,Max Verstappen,Red Bull Racing,75.744,76.01944820293805,76.11992797490096,0.0,Intermediate,21.07,28.747,25.927,342.2
R00264,2023,12,spa,2,Driver_2,Team_2,75.838,76.20828087430556,76.35342780575981,0.198,Intermediate,21.348,28.834,25.656,317.6
R00264,2023,12,spa,3,Driver_3,Team_3,76.136,76.42190643922343,76.92858431418645,0.563,Intermediate,21.485,28.861,25.79,311.2
R00264,2023,12,spa,4,Driver_4,Team_4,76.131,76.59575417807712,76.8191426925887,1.262,Intermediate,21.255,28.937,25.939,349.8
R00264,2023,12,spa,5,Driver_5,Team_5,77.547,77.77162827655151,78.05715810122024,1.612,Intermediate,21.706,29.274,26.567,327.4
R00264,2023,12,spa,6,Driver_6,Team_6,77.38,77.86559629631971,78.01505431983912,1.022,Intermediate,21.586,29.557,26.237,323.6
R00264,2023,12,spa,7,Driver_7,Team_7,77.804,78.2635562605027,78.22124613390145,2.717,Intermediate,21.829,29.5,26.475,310.7
R00264,2023,12,spa,8,Driver_8,Team_8,77.936,78.42155093134873,78.90457801369074,4.093,Intermediate,21.806,29.702,26.428,321.9
R00264,2023,12,spa,9,Driver_9,Team_9,78.711,79.09102381022751,79.33738605647937,4.019,Intermediate,22.1,29.827,26.784,304.1
R00264,2023,12,spa,10,Driver_10,Team_10,78.944,79.20991786334055,79.46974603660196,3.051,Intermediate,22.177,29.948,26.819,347.3
R00265,2023,13,zandvoort,1,Lewis Hamilton,Mercedes,75.219,75.71462825446052,75.65179235207404,0.0,Medium,21.036,28.629,25.554,346.0
R00265,2023,13,zandvoort,2,Driver_2,Team_2,75.588,75.91131306754181,76.35457229217451,0.418,Medium,21.103,28.669,25.816,333.9
R00265,2023,13,zandvoort,3,Driver_3,Team_3,76.507,76.8022033367542,76.85262699771152,0.29,Medium,21.353,28.821,26.333,309.0
R00265,2023,13,zandvoort,4,Driver_4,Team_4,76.17,76.50388622165922,76.60990168142295,1.134,Soft,21.299,29.023,25.848,307.1
R00265,2023,13,zandvoort,5,Driver_5,Team_5,76.978,77.28067142149544,77.45869558525344,0.537,Soft,21.722,29.296,25.96,329.3
R00265,2023,13,zandvoort,6,Driver_6,Team_6,77.627,77.73382087773258,78.1870210445279,2.251,Medium,21.695,29.765,26.167,321.1
R00265,2023,13,zandvoort,7,Driver_7,Team_7,78.111,78.48560342527745,78.4517915101048,1.482,Medium,21.935,29.69,26.486,324.9
R00265,2023,13,zandvoort,8,Driver_8,Team_8,78.037,78.45257855202847,78.866470283443,3.567,Soft,21.847,29.703,26.487,339.0
R00265,2023,13,zandvoort,9,Driver_9,Team_9,78.78,79.15020773252783,79.08029361465567,2.131,Medium,22.081,30.004,26.695,319.6
R00265,2023,13,zandvoort,10,Driver_10,Team_10,78.719,79.15662445821317,79.03691379124446,4.217,Soft,22.009,29.954,26.756,328.3
R00266,2023,14,monza,1,Max Verstappen,Red Bull Racing,75.025,75.20241165187728,75.91679202185432,0.0,Soft,21.007,28.515,25.503,332.8
R00266,2023,14,monza,2,Driver_2,Team_2,76.271,76.42184635554412,76.86467391911853,0.228,Medium,21.493,28.972,25.806,345.1
R00266,2023,14,monza,3,Driver_3,Team_3,75.619,76.1007753141757,75.92320724684495,0.848,Medium,21.199,28.718,25.702,345.0
R00266,2023,14,monza,4,Driver_4,Team_4,76.298,76.60369491058857,76.95539243773358,1.012,Soft,21.601,29.106,25.591,323.2
R00266,2023,14,monza,5,Driver_5,Team_5,77.29,77.61307199123691,78.13995302416566,1.118,Medium,21.785,29.351,26.154,335.2
R00266,2023,14,monza,6,Driver_6,Team_6,77.226,77.58286564352689,77.93601743646511,0.571,Soft,21.586,29.376,26.264,344.9
R00266,2023,14,monza,7,Driver_7,Team_7,78.051,78.37638986238501,78.48121843240659,1.822,Soft,21.817,29.661,26.573,315.7
R00266,2023,14,monza,8,Driver_8,Team_8,77.767,78.06655377614966,78.18017146201358,1.843,Medium,21.625,29.665,26.477,317.6
R00266,2023,14,monza,9,Driver_9,Team_9,78.781,78.90697970318796,79.19049145895158,2.281,Medium,22.251,30.058,26.472,322.6
R00266,2023,14,monza,10,Driver_10,Team_10,79.144,79.50653327482162,79.94068259257995,4.726,Soft,22.088,30.06,26.996,320.1
R00267,2023,15,singapore,1,Max Verstappen,Red Bull Racing,75.352,75.72121553069087,76.3025589649381,0.0,Medium,21.186,28.754,25.412,343.2
R00267,2023,15,singapore,2,Driver_2,Team_2,75.724,76.12554389983903,76.33768585828476,0.514,Medium,21.348,28.87,25.506,308.8
R00267,2023,15,singapore,3,Driver_3,Team_3,76.112,76.24428969332983,76.47665290103552,1.024,Soft,21.371,28.968,25.773,290.6
R00267,2023,15,singapore,4,Driver_4,Team_4,76.604,76.93163052458955,77.58570308170856,0.782,Soft,21.551,29.202,25.851,335.5
R00267,2023,15,singapore,5,Driver_5,Team_5,76.579,76.80369500824956,77.23886814542516,2.081,Medium,21.363,29.163,26.053,327.8
R00267,2023,15,singapore,6,Driver_6,Team_6,77.86,78.31732542963992,78.71582507371234,0.574,Medium,21.69,29.674,26.496,330.0
R00267,2023,15,singapore,7,Driver_7,Team_7,78.372,78.55550872695198,79.34466754435039,3.446,Soft,22.107,29.655,26.61,338.2
R00267,2023,15,singapore,8,Driver_8,Team_8,78.163,78.55177108623685,78.946521348332,3.536,Soft,21.671,29.521,26.971,318.2
R00267,2023,15,singapore,9,Driver_9,Team_9,78.199,78.62023404479505,78.68833461707239,2.378,Soft,21.856,29.815,26.528,330.7
R00267,2023,15,singapore,10,Driver_10,Team_10,78.669,78.78531264884492,79.0379516422529,2.59,Medium,22.1,29.971,26.598,320.9
R00268,2023,16,suzuka,1,Fernando Alonso,Aston Martin,75.294,75.70723864969084,75.70714269247135,0.0,Medium,21.007,28.488,25.799,336.3
R00268,2023,16,suzuka,2,Driver_2,Team_2,75.838,75.95202192215966,76.76035715850614,0.215,Soft,21.213,28.64,25.985,324.8
R00268,2023,16,suzuka,3,Driver_3,Team_3,76.469,76.9424800900713,77.3698975595351,0.304,Soft,21.255,29.078,26.136,328.7
R00268,2023,16,suzuka,4,Driver_4,Team_4,76.618,76.89185724339913,77.44280240344494,0.277,Medium,21.592,28.975,26.051,317.8
R00268,2023,16,suzuka,5,Driver_5,Team_5,76.98,77.30205422366804,77.65446616919043,1.181,Soft,21.319,29.181,26.48,323.0
R00268,2023,16,suzuka,6,Driver_6,Team_6,77.365,77.75242550623673,78.04234317742709,1.714,Medium,21.705,29.43,26.23,315.2
R00268,2023,16,suzuka,7,Driver_7,Team_7,77.352,77.71970226200759,77.91280963099462,1.835,Medium,21.593,29.195,26.564,298.7
R00268,2023,16,suzuka,8,Driver_8,Team_8,78.635,78.96732423482304,78.96787020644479,2.541,Soft,22.195,29.955,26.485,335.7
R00268,2023,16,suzuka,9,Driver_9,Team_9,78.839,79.29717481758068,79.79936631167115,3.538,Medium,22.124,29.949,26.766,324.0
R00268,2023,16,suzuka,10,Driver_10,Team_10,78.988,79.27469846818728,79.64299031013954,1.2,Soft,22.183,30.057,26.748,316.8
R00269,2023,17,qatar,1,Lewis Hamilton,Mercedes,75.141,75.59482354127898,75.78590068659828,0.0,Medium,21.154,28.82,25.167,347.8
R00269,2023,17,qatar,2,Driver_2,Team_2,75.829,76.30189373665367,76.65025388675039,0.143,Medium,21.09,28.87,25.869,318.3
R00269,2023,17,qatar,3,Driver_3,Team_3,75.827,76.13435731108075,76.52287874169838,0.461,Soft,21.349,28.773,25.705,301.6
R00269,2023,17,qatar,4,Driver_4,Team_4,76.497,76.97286328315262,77.45783797739782,0.554,Medium,21.397,29.002,26.098,310.6
R00269,2023,17,qatar,5,Driver_5,Team_5,76.352,76.83843440103848,77.07510028725632,0.369,Medium,21.382,28.949,26.021,318.8
R00269,2023,17,qatar,6,Driver_6,Team_6,76.763,76.86428963863808,77.33565463288788,2.51,Soft,21.553,29.278,25.932,313.2
R00269,2023,17,qatar,7,Driver_7,Team_7,78.245,78.51078754840016,78.784345850934,3.507,Soft,21.966,29.695,26.584,318.6
R00269,2023,17,qatar,8,Driver_8,Team_8,78.025,78.44233651153287,78.70639757753187,2.743,Soft,21.969,29.69,26.366,334.0
R00269,2023,17,qatar,9,Driver_9,Team_9,78.644,78.86859184123092,79.58080969590974,2.896,Medium,21.926,30.068,26.65,330.1
R00269,2023,17,qatar,10,Driver_10,Team_10,79.651,79.96453126302448,80.2847237682007,1.063,Medium,22.252,30.274,27.125,335.9
R00270,2023,18,cota,1,Max Verstappen,Red Bull Racing,75.675,76.06087626489706,76.17119461038791,0.0,Medium,21.167,28.785,25.723,336.4
R00270,2023,18,cota,2,Driver_2,Team_2,76.166,76.43719741660773,76.9297230153191,0.313,Soft,21.342,29.055,25.769,339.4
R00270,2023,18,cota,3,Driver_3,Team_3,75.954,76.42613738395954,76.75793156645966,0.378,Soft,21.283,28.729,25.942,336.4
R00270,2023,18,cota,4,Driver_4,Team_4,76.702,77.18463829625554,77.30658139240184,0.69,Soft,21.418,28.873,26.411,349.8
R00270,2023,18,cota,5,Driver_5,Team_5,77.431,77.69278769424993,78.41126572838334,1.905,Soft,21.778,29.523,26.13,320.4
R00270,2023,18,cota,6,Driver_6,Team_6,78.007,78.47571100852723,78.79409447817318,1.965,Soft,22.052,29.643,26.312,317.6
R00270,2023,18,cota,7,Driver_7,Team_7,77.746,77.8877978507647,78.60479633858284,1.619,Medium,21.89,29.416,26.44,323.7
R00270,2023,18,cota,8,Driver_8,Team_8,78.351,78.70869277260995,79.34617200613678,4.185,Medium,21.982,29.882,26.487,306.1
R00270,2023,18,cota,9,Driver_9,Team_9,78.625,78.8054166194048,78.93567903178409,3.882,Medium,22.126,30.0,26.499,348.1
R00270,2023,18,cota,10,Driver_10,Team_10,78.902,79.1746461398724,79.53592632469086,0.786,Soft,21.947,30.047,26.908,322.4
R00271,2023,19,mexico,1,Max Verstappen,Red Bull Racing,75.663,76.07907879374433,76.18816965341733,0.0,Soft,21.197,28.618,25.848,313.1
R00271,2023,19,mexico,2,Driver_2,Team_2,76.495,76.789213846572,77.1485842027102,0.519,Medium,21.403,29.235,25.857,317.5
R00271,2023,19,mexico,3,Driver_3,Team_3,75.886,76.13996673625603,76.22294811877283,1.149,Medium,21.232,29.008,25.646,319.0
R00271,2023,19,mexico,4,Driver_4,Team_4,77.033,77.34724153824361,77.6063438991432,1.125,Medium,21.578,29.248,26.207,338.3
R00271,2023,19,mexico,5,Driver_5,Team_5,76.995,77.22388656293096,77.45874775349026,0.36,Medium,21.363,29.224,26.408,311.9
R00271,2023,19,mexico,6,Driver_6,Team_6,77.717,77.97345238403413,78.71698438141244,0.81,Medium,21.967,29.634,26.116,315.3
R00271,2023,19,mexico,7,Driver_7,Team_7,77.593,77.79941646442492,78.52964808223078,0.602,Medium,21.832,29.592,26.169,330.8
R00271,2023,19,mexico,8,Driver_8,Team_8,77.973,78.25944681530366,78.77859832183424,2.705,Soft,21.702,29.594,26.677,327.3
R00271,2023,19,mexico,9,Driver_9,Team_9,78.622,79.0335753385109,78.98507164755699,1.645,Medium,21.983,29.919,26.72,305.0
R00271,2023,19,mexico,10,Driver_10,Team_10,78.89,79.15754920995847,79.73358700163904,4.39,Soft,22.125,30.08,26.685,332.6
R00272,2023,20,brazil,1,Max Verstappen,Red Bull Racing,75.212,75.47887827058027,76.20321311896957,0.0,Intermediate,20.939,28.578,25.695,307.3
R00272,2023,20,brazil,2,Driver_2,Team_2,75.669,76.13382177185314,76.59385126152448,0.23,Intermediate,21.21,28.688,25.771,292.1
R00272,2023,20,brazil,3,Driver_3,Team_3,76.218,76.65610357561019,77.14785995395525,0.736,Intermediate,21.325,28.929,25.964,304.3
R00272,2023,20,brazil,4,Driver_4,Team_4,77.097,77.47910910677932,77.95413719984101,0.533,Intermediate,21.649,29.434,26.014,317.1
R00272,2023,20,brazil,5,Driver_5,Team_5,77.421,77.60073980478039,77.98749646292772,2.118,Intermediate,21.685,29.319,26.417,303.1
R00272,2023,20,brazil,6,Driver_6,Team_6,77.058,77.3345987936498,78.03626788460328,0.708,Intermediate,21.521,29.299,26.238,316.8
R00272,2023,20,brazil,7,Driver_7,Team_7,77.371,77.81530436853693,77.6994119599362,2.428,Intermediate,21.458,29.441,26.472,293.7
R00272,2023,20,brazil,8,Driver_8,Team_8,78.384,78.70758830189816,78.73296904810167,1.128,Intermediate,21.828,29.881,26.675,318.1
R00272,2023,20,brazil,9,Driver_9,Team_9,78.743,78.96803553876302,79.41035087103987,4.222,Intermediate,21.946,29.953,26.844,335.2
R00272,2023,20,brazil,10,Driver_10,Team_10,79.004,79.18521115928151,79.91685247615263,3.26,Intermediate,22.218,29.952,26.834,339.1
R00273,2023,21,las_vegas,1,Lewis Hamilton,Mercedes,75.67,75.99333580269368,76.37797886321893,0.0,Medium,21.15,28.959,25.561,317.3
R00273,2023,21,las_vegas,2,Driver_2,Team_2,75.716,76.12810250900256,76.37008790235751,0.16,Soft,21.275,28.861,25.58,338.9
R00273,2023,21,las_vegas,3,Driver_3,Team_3,75.993,76.16288827978732,76.33988570024948,0.571,Medium,21.236,28.927,25.83,335.2
R00273,2023,21,las_vegas,4,Driver_4,Team_4,76.558,76.91357091425023,76.92001248335913,0.445,Soft,21.513,29.095,25.95,319.7
R00273,2023,21,las_vegas,5,Driver_5,Team_5,77.249,77.45176768588132,77.93259119515008,0.739,Medium,21.481,29.344,26.424,341.2
R00273,2023,21,las_vegas,6,Driver_6,Team_6,77.422,77.57350511020871,77.89792617624275,0.466,Medium,21.57,29.463,26.389,349.6
R00273,2023,21,las_vegas,7,Driver_7,Team_7,77.851,78.30610383932859,78.20776658436242,1.315,Soft,21.671,29.655,26.525,306.9
R00273,2023,21,las_vegas,8,Driver_8,Team_8,77.937,78.1859824332026,78.54539790884648,1.959,Medium,21.94,29.447,26.55,327.3
R00273,2023,21,las_vegas,9,Driver_9,Team_9,78.844,79.26654123279208,79.72578258605057,2.618,Medium,22.004,29.844,26.996,369.8
R00273,2023,21,las_vegas,10,Driver_10,Team_10,79.012,79.4025115908745,79.75314181839319,1.962,Medium,22.316,30.07,26.626,313.1
R00274,2023,22,abu_dhabi,1,Max Verstappen,Red Bull Racing,75.057,75.36248733157834,75.71367552854785,0.0,Medium,21.082,28.419,25.556,289.7
R00274,2023,22,abu_dhabi,2,Driver_2,Team_2,75.806,75.93800386159188,76.79269973952289,0.336,Medium,21.147,28.636,26.023,307.7
R00274,2023,22,abu_dhabi,3,Driver_3,Team_3,76.07,76.51010840509117,76.71491337334847,0.179,Soft,21.302,28.97,25.798,329.5
R00274,2023,22,abu_dhabi,4,Driver_4,Team_4,77.007,77.38534822885221,77.47442557167274,1.587,Medium,21.548,29.244,26.215,328.3
R00274,2023,22,abu_dhabi,5,Driver_5,Team_5,77.228,77.410992734417,77.58543695538818,2.152,Medium,21.662,29.5,26.066,353.4
R00274,2023,22,abu_dhabi,6,Driver_6,Team_6,76.999,77.45298776056045,77.59604798750311,0.413,Medium,21.576,29.245,26.178,341.6
R00274,2023,22,abu_dhabi,7,Driver_7,Team_7,78.022,78.41471748599766,78.74671915031152,3.158,Medium,21.955,29.678,26.389,305.9
R00274,2023,22,abu_dhabi,8,Driver_8,Team_8,78.256,78.3950087977499,78.95196458354026,2.637,Soft,21.746,29.748,26.762,314.5
R00274,2023,22,abu_dhabi,9,Driver_9,Team_9,78.105,78.46737250698034,79.04015410415519,2.477,Medium,21.832,29.623,26.65,343.8
R00274,2023,22,abu_dhabi,10,Driver_10,Team_10,78.795,79.16834933291278,79.64909272211331,4.195,Soft,22.172,29.955,26.668,324.7
R00275,2024,1,bahrain,1,Lando Norris,McLaren,75.519,75.68810058081223,76.33088681684146,0.0,Soft,21.247,28.691,25.581,319.7
R00275,2024,1,bahrain,2,Driver_2,Team_2,75.756,76.09650842689499,76.27698472545232,0.42,Soft,21.284,28.712,25.76,317.6
R00275,2024,1,bahrain,3,Driver_3,Team_3,76.704,76.82499451311173,77.52591456935288,0.489,Medium,21.547,28.967,26.19,292.8
R00275,2024,1,bahrain,4,Driver_4,Team_4,77.03,77.23690911464462,77.66145323468595,1.052,Soft,21.481,29.241,26.308,332.3
R00275,2024,1,bahrain,5,Driver_5,Team_5,77.2,77.54519287468061,78.15788744132239,1.92,Medium,21.658,29.3,26.242,309.5
R00275,2024,1,bahrain,6,Driver_6,Team_6,77.478,77.66760581985974,78.4693873195984,2.171,Medium,21.507,29.432,26.539,307.8
R00275,2024,1,bahrain,7,Driver_7,Team_7,77.869,78.25826030418614,78.63388324425627,0.574,Medium,21.869,29.636,26.364,297.3
R00275,2024,1,bahrain,8,Driver_8,Team_8,78.415,78.74313919721742,78.99070241158921,1.057,Soft,21.908,29.941,26.566,325.4
R00275,2024,1,bahrain,9,Driver_9,Team_9,78.998,79.47292802962723,79.78469006347188,3.74,Soft,22.023,29.992,26.983,328.0
R00275,2024,1,bahrain,10,Driver_10,Team_10,78.843,79.1948693239676,79.16951199292903,2.965,Medium,22.222,30.128,26.493,309.5
R00276,2024,2,jeddah,1,Max Verstappen,Red Bull Racing,74.744,75.16585452177141,75.20090374308081,0.0,Medium,20.943,28.381,25.42,356.6
R00276,2024,2,jeddah,2,Driver_2,Team_2,75.802,75.95736077668958,76.28590788953515,0.402,Soft,21.206,28.759,25.837,320.3
R00276,2024,2,jeddah,3,Driver_3,Team_3,76.562,76.79951295855052,77.0105682792305,0.824,Medium,21.466,29.089,26.007,323.5
R00276,2024,2,jeddah,4,Driver_4,Team_4,76.958,77.21019148966997,77.64841157206031,0.817,Soft,21.589,29.154,26.215,349.4
R00276,2024,2,jeddah,5,Driver_5,Team_5,77.169,77.27919778270113,77.67430868994943,1.76,Medium,21.724,29.208,26.237,347.4
R00276,2024,2,jeddah,6,Driver_6,Team_6,77.368,77.64707253961622,77.81259247658141,2.289,Soft,21.592,29.394,26.382,312.0
R00276,2024,2,jeddah,7,Driver_7,Team_7,77.929,78.4084179306553,78.50039361435306,0.835,Medium,21.743,29.649,26.537,318.0
R00276,2024,2,jeddah,8,Driver_8,Team_8,78.398,78.64378542512293,78.77953553508051,1.446,Soft,21.92,29.732,26.746,335.0
R00276,2024,2,jeddah,9,Driver_9,Team_9,78.854,78.9652985658202,79.59548588450691,1.715,Medium,22.037,29.894,26.923,328.9
R00276,2024,2,jeddah,10,Driver_10,Team_10,79.029,79.44765620776613,79.67653887212325,3.451,Medium,22.178,29.962,26.889,328.2
R00278,2024,4,suzuka,1,Max Verstappen,Red Bull Racing,75.443,75.79461959895877,76.20586593037143,0.0,Soft,21.139,28.723,25.581,341.2
R00278,2024,4,suzuka,2,Driver_2,Team_2,76.006,76.19924443488821,76.39746222481128,0.205,Medium,21.235,28.752,26.019,349.5
R00278,2024,4,suzuka,3,Driver_3,Team_3,76.67,76.94718787423074,77.0488888156155,0.757,Medium,21.51,29.291,25.869,322.4
R00278,2024,4,suzuka,4,Driver_4,Team_4,76.528,76.73904162656635,77.32177519449074,0.904,Medium,21.385,29.022,26.121,334.2
R00278,2024,4,suzuka,5,Driver_5,Team_5,76.925,77.13043436220552,77.47328814635463,0.478,Soft,21.429,29.307,26.189,320.0
R00278,2024,4,suzuka,6,Driver_6,Team_6,77.497,77.73074920553859,78.37943061862151,2.886,Soft,21.691,29.304,26.502,347.8
R00278,2024,4,suzuka,7,Driver_7,Team_7,77.934,78.36446128193519,78.76350061292841,2.658,Medium,21.958,29.593,26.383,312.9
R00278,2024,4,suzuka,8,Driver_8,Team_8,77.927,78.13374257026383,78.70133015380277,2.429,Soft,21.845,29.785,26.297,353.3
R00278,2024,4,suzuka,9,Driver_9,Team_9,78.107,78.41229219802312,78.60451265223652,3.47,Soft,21.924,29.734,26.449,326.8
R00278,2024,4,suzuka,10,Driver_10,Team_10,79.112,79.53593496885435,79.46186107420026,2.982,Medium,22.076,30.214,26.822,343.5
R00279,2024,5,shanghai,1,Lando Norris,McLaren,75.36,75.82263101776422,75.86559745511282,0.0,Intermediate,21.247,28.579,25.534,301.7
R00279,2024,5,shanghai,2,Driver_2,Team_2,75.896,76.11995561488484,76.62823303642892,0.574,Intermediate,21.323,28.651,25.922,328.5
R00279,2024,5,shanghai,3,Driver_3,Team_3,76.059,76.41978781681156,76.94875522431386,0.725,Intermediate,21.369,28.996,25.694,325.4
R00279,2024,5,shanghai,4,Driver_4,Team_4,76.729,77.07756959331097,77.17103763466609,1.23,Intermediate,21.471,29.124,26.134,347.1
R00279,2024,5,shanghai,5,Driver_5,Team_5,77.156,77.56093223036096,77.77847193564229,1.568,Intermediate,21.52,29.307,26.329,309.5
R00279,2024,5,shanghai,6,Driver_6,Team_6,78.012,78.12526800718756,78.36590069948589,2.066,Intermediate,21.972,29.566,26.474,331.7
R00279,2024,5,shanghai,7,Driver_7,Team_7,77.897,78.24278639098208,78.45674292554092,2.059,Intermediate,21.835,29.749,26.313,343.6
R00279,2024,5,shanghai,8,Driver_8,Team_8,78.272,78.63310075749548,78.59845069543024,2.483,Intermediate,22.036,29.641,26.595,316.8
R00279,2024,5,shanghai,9,Driver_9,Team_9,78.6,78.76504278875878,79.58370168678678,1.453,Intermediate,22.198,29.657,26.745,313.1
R00279,2024,5,shanghai,10,Driver_10,Team_10,79.367,79.79045164948222,80.26412346039226,0.761,Intermediate,22.317,30.184,26.866,300.8
R00280,2024,6,miami,1,Max Verstappen,Red Bull Racing,75.476,75.93118972872423,75.88878651100582,0.0,Soft,21.23,28.639,25.607,325.3
R00280,2024,6,miami,2,Driver_2,Team_2,75.95,76.26132048442602,76.34743569588805,0.222,Medium,21.318,28.855,25.777,341.6
R00280,2024,6,miami,3,Driver_3,Team_3,76.091,76.23671149702157,76.89954277873782,1.124,Soft,21.281,28.756,26.054,302.1
R00280,2024,6,miami,4,Driver_4,Team_4,76.914,77.14500416171136,77.60176017590429,1.125,Soft,21.383,29.224,26.307,308.8
R00280,2024,6,miami,5,Driver_5,Team_5,76.468,76.82138136888197,77.06135787411041,1.658,Soft,21.42,29.081,25.967,331.1
R00280,2024,6,miami,6,Driver_6,Team_6,77.409,77.73585100864716,77.98636547789783,0.592,Medium,21.883,29.416,26.11,333.3
R00280,2024,6,miami,7,Driver_7,Team_7,77.554,77.8091364454171,78.21298066586823,2.397,Medium,21.663,29.494,26.397,358.4
R00280,2024,6,miami,8,Driver_8,Team_8,77.959,78.44716636019962,78.89343542223952,3.8,Soft,21.861,29.716,26.382,321.0
R00280,2024,6,miami,9,Driver_9,Team_9,78.472,78.83528576020458,79.34679650587333,4.678,Medium,21.951,30.012,26.509,328.0
R00280,2024,6,miami,10,Driver_10,Team_10,78.848,78.96612817321193,79.22706043956651,4.504,Soft,22.048,29.938,26.862,343.1
R00281,2024,7,imola,1,Lewis Hamilton,Mercedes,75.458,75.83182792794645,75.79371031620325,0.0,Intermediate,20.978,28.748,25.732,306.9
R00281,2024,7,imola,2,Driver_2,Team_2,76.016,76.33931618173082,76.81392135101925,0.542,Intermediate,21.202,28.936,25.878,337.1
R00281,2024,7,imola,3,Driver_3,Team_3,75.741,75.99196529349929,76.6137720019652,1.043,Intermediate,21.31,28.711,25.72,328.8
R00281,2024,7,imola,4,Driver_4,Team_4,76.825,77.10870722019725,77.72433307211037,0.39,Intermediate,21.513,29.246,26.066,308.9
R00281,2024,7,imola,5,Driver_5,Team_5,76.745,77.20080820464301,77.39749125448652,0.632,Intermediate,21.489,29.029,26.227,317.9
R00281,2024,7,imola,6,Driver_6,Team_6,77.146,77.60213671704093,77.51142742958321,2.861,Intermediate,21.46,29.368,26.318,338.0
R00281,2024,7,imola,7,Driver_7,Team_7,77.962,78.1056320094104,78.2771268158764,2.771,Intermediate,21.931,29.641,26.39,332.6
R00281,2024,7,imola,8,Driver_8,Team_8,78.381,78.61923703151717,79.29571964136136,4.028,Intermediate,21.908,29.818,26.655,316.7
R00281,2024,7,imola,9,Driver_9,Team_9,78.878,79.14200585329189,79.60512526847612,3.158,Intermediate,22.162,29.866,26.85,307.1
R00281,2024,7,imola,10,Driver_10,Team_10,78.734,79.21500595634043,79.67038518986739,2.399,Intermediate,22.077,29.772,26.885,308.2
R00282,2024,8,monaco,1,Charles Leclerc,Ferrari,75.447,75.61508811365208,76.22778081015329,0.0,Medium,21.234,28.782,25.431,323.2
R00282,2024,8,monaco,2,Driver_2,Team_2,75.712,75.91237519870862,76.5612230801959,0.397,Medium,21.15,28.76,25.802,311.3
R00282,2024,8,monaco,3,Driver_3,Team_3,76.395,76.57703236742945,76.794163415213,1.025,Medium,21.36,29.11,25.925,324.0
R00282,2024,8,monaco,4,Driver_4,Team_4,77.273,77.38109699487762,78.0669028629675,1.573,Soft,21.595,29.413,26.265,335.3
R00282,2024,8,monaco,5,Driver_5,Team_5,77.056,77.31979736216319,77.64355695866908,1.044,Medium,21.558,29.353,26.145,343.7
R00282,2024,8,monaco,6,Driver_6,Team_6,77.064,77.26443966946529,78.05241176506023,2.965,Soft,21.608,29.248,26.208,318.9
R00282,2024,8,monaco,7,Driver_7,Team_7,78.058,78.25093307081428,78.3602208795268,2.252,Soft,21.867,29.592,26.599,349.1
R00282,2024,8,monaco,8,Driver_8,Team_8,78.09,78.24370641566705,78.9886790628588,1.377,Medium,21.664,29.651,26.775,308.6
R00282,2024,8,monaco,9,Driver_9,Team_9,79.093,79.38408153054559,79.46595327266334,3.313,Soft,22.169,30.116,26.808,316.0
R00282,2024,8,monaco,10,Driver_10,Team_10,78.106,78.37425182595675,78.53994050458125,2.94,Soft,21.834,29.822,26.45,350.6
R00284,2024,10,spain,1,Max Verstappen,Red Bull Racing,75.548,75.98263117685364,76.13407486766084,0.0,Soft,21.002,28.599,25.947,316.4
R00284,2024,10,spain,2,Driver_2,Team_2,75.62,76.06289700694708,76.20837573376188,0.34,Soft,21.191,28.712,25.717,280.3
R00284,2024,10,spain,3,Driver_3,Team_3,76.357,76.76596848155712,77.25739233372657,1.142,Medium,21.312,29.088,25.957,317.3
R00284,2024,10,spain,4,Driver_4,Team_4,76.569,77.018388047028,77.21098967960604,0.882,Medium,21.422,29.07,26.077,322.2
R00284,2024,10,spain,5,Driver_5,Team_5,77.13,77.44266876223148,77.7234479201617,1.935,Soft,21.646,29.229,26.255,296.6
R00284,2024,10,spain,6,Driver_6,Team_6,77.294,77.54003993876522,77.72008584972775,0.854,Soft,21.621,29.475,26.198,328.6
R00284,2024,10,spain,7,Driver_7,Team_7,77.604,77.98645153696236,77.93104893106222,1.286,Medium,21.815,29.58,26.209,341.3
R00284,2024,10,spain,8,Driver_8,Team_8,78.33,78.71940183837096,78.93719808253181,3.404,Soft,21.771,29.786,26.773,296.8
R00284,2024,10,spain,9,Driver_9,Team_9,78.978,79.09607231365794,79.31524113458067,4.792,Soft,22.022,29.995,26.961,322.4
R00284,2024,10,spain,10,Driver_10,Team_10,78.941,79.38280270445487,79.61567811780066,2.499,Medium,21.939,29.932,27.07,320.0
R00285,2024,11,austria,1,Yuki Tsunoda,RB (AlphaTauri),75.564,76.0487974274783,76.51707568709777,0.0,Intermediate,20.977,28.54,26.047,350.5
R00285,2024,11,austria,2,Driver_2,Team_2,75.589,75.882149457291,75.89537540326324,0.36,Intermediate,20.99,28.747,25.852,327.0
R00285,2024,11,austria,3,Driver_3,Team_3,76.133,76.33035329471207,76.60087375465417,0.382,Intermediate,21.337,29.078,25.718,347.7
R00285,2024,11,austria,4,Driver_4,Team_4,76.676,76.94696701794959,77.404951894671,0.69,Intermediate,21.451,29.118,26.107,304.6
R00285,2024,11,austria,5,Driver_5,Team_5,77.526,77.77749264138652,77.97574852870368,1.616,Intermediate,21.655,29.348,26.523,350.4
R00285,2024,11,austria,6,Driver_6,Team_6,77.757,78.00743413522632,78.05899504066991,0.737,Intermediate,21.947,29.704,26.106,334.5
R00285,2024,11,austria,7,Driver_7,Team_7,78.091,78.27289713438795,79.06742599900784,0.893,Intermediate,21.838,29.588,26.665,328.5
R00285,2024,11,austria,8,Driver_8,Team_8,77.962,78.20444904785151,78.61304011298526,1.618,Intermediate,21.834,29.617,26.511,326.2
R00285,2024,11,austria,9,Driver_9,Team_9,78.674,79.07207738792464,79.39628476158484,4.735,Intermediate,21.899,29.822,26.953,327.2
R00285,2024,11,austria,10,Driver_10,Team_10,79.258,79.45787322631303,79.78316591355025,2.203,Intermediate,22.235,30.123,26.9,297.3
R00286,2024,12,silverstone,1,Charles Leclerc,Ferrari,75.881,76.31247321982059,76.7651924287535,0.0,Medium,21.351,28.806,25.724,316.2
R00286,2024,12,silverstone,2,Driver_2,Team_2,75.961,76.36715046578348,76.91876923879623,0.554,Soft,21.146,28.855,25.96,326.1
R00286,2024,12,silverstone,3,Driver_3,Team_3,75.746,76.21165186667389,76.58241433728547,0.597,Medium,21.229,28.872,25.645,313.7
R00286,2024,12,silverstone,4,Driver_4,Team_4,76.336,76.65269297288577,77.01251971376027,0.395,Medium,21.488,29.136,25.712,310.9
R00286,2024,12,silverstone,5,Driver_5,Team_5,76.79,76.9686796982995,77.1739748563386,1.562,Medium,21.406,29.175,26.209,342.3
R00286,2024,12,silverstone,6,Driver_6,Team_6,77.436,77.91830541174649,78.24063023338805,1.751,Soft,21.806,29.48,26.15,323.9
R00286,2024,12,silverstone,7,Driver_7,Team_7,77.356,77.64489585097886,77.93046208702482,1.778,Soft,21.465,29.458,26.433,328.8
R00286,2024,12,silverstone,8,Driver_8,Team_8,78.137,78.26344491796203,78.58618456034137,2.1,Medium,21.836,29.661,26.64,313.9
R00286,2024,12,silverstone,9,Driver_9,Team_9,78.536,78.70770133715634,78.86508300381472,3.248,Soft,22.113,29.722,26.701,333.3
R00286,2024,12,silverstone,10,Driver_10,Team_10,78.763,79.21526107095222,79.0786918242033,2.396,Soft,21.87,29.987,26.906,354.7
R00287,2024,13,hungary,1,Lando Norris,McLaren,75.747,76.21336540049944,76.0575938058127,0.0,Medium,21.114,28.798,25.835,335.3
R00287,2024,13,hungary,2,Driver_2,Team_2,75.406,75.534660540017,75.94370078251664,0.592,Soft,21.134,28.858,25.414,321.5
R00287,2024,13,hungary,3,Driver_3,Team_3,76.31,76.7345004723726,76.86397712899259,0.85,Soft,21.345,28.903,26.062,341.8
R00287,2024,13,hungary,4,Driver_4,Team_4,76.899,77.06166232418012,77.35232098340535,1.517,Soft,21.546,29.15,26.203,343.8
R00287,2024,13,hungary,5,Driver_5,Team_5,76.741,77.01896503584594,77.41880131999349,0.5,Soft,21.657,29.032,26.052,317.1
R00287,2024,13,hungary,6,Driver_6,Team_6,76.945,77.30407576532713,77.33469233917887,2.904,Soft,21.438,29.294,26.213,339.5
R00287,2024,13,hungary,7,Driver_7,Team_7,77.974,78.14970458755569,78.65565834865156,3.174,Soft,21.791,29.518,26.665,318.4
R00287,2024,13,hungary,8,Driver_8,Team_8,78.378,78.54757098719723,78.94388515875883,2.045,Medium,21.915,29.84,26.623,310.9
R00287,2024,13,hungary,9,Driver_9,Team_9,78.595,78.80324227746989,79.51004065565155,4.393,Soft,21.864,29.94,26.791,318.3
R00287,2024,13,hungary,10,Driver_10,Team_10,78.737,78.86262055517291,79.69390850728605,5.266,Medium,22.257,29.881,26.599,321.5
R00289,2024,15,zandvoort,1,Lando Norris,McLaren,75.247,75.40476191359167,76.00384332653182,0.0,Soft,21.05,28.591,25.606,349.0
R00289,2024,15,zandvoort,2,Driver_2,Team_2,75.437,75.71554513846081,76.32402503446932,0.413,Medium,21.204,28.858,25.375,325.7
R00289,2024,15,zandvoort,3,Driver_3,Team_3,75.828,76.04894695383823,76.1313145693357,0.834,Soft,21.18,28.87,25.778,338.4
R00289,2024,15,zandvoort,4,Driver_4,Team_4,76.548,76.82706767962244,76.95359986328126,1.079,Medium,21.342,29.236,25.97,323.1
R00289,2024,15,zandvoort,5,Driver_5,Team_5,76.824,76.96413617566303,77.23647991130218,1.255,Soft,21.467,29.171,26.186,314.3
R00289,2024,15,zandvoort,6,Driver_6,Team_6,77.61,77.88052014769912,78.46418223991728,1.626,Soft,21.866,29.29,26.454,328.8
R00289,2024,15,zandvoort,7,Driver_7,Team_7,77.672,77.9771125164509,78.54776302536125,1.872,Soft,21.685,29.598,26.389,341.2
R00289,2024,15,zandvoort,8,Driver_8,Team_8,77.943,78.29172794432519,78.7028894338356,3.798,Soft,21.712,29.718,26.513,336.8
R00289,2024,15,zandvoort,9,Driver_9,Team_9,78.813,78.98844442323428,79.16256506791491,3.728,Soft,21.958,30.008,26.847,318.2
R00289,2024,15,zandvoort,10,Driver_10,Team_10,79.049,79.46495815065703,79.743130434614,1.197,Medium,22.075,30.064,26.91,324.5
R00290,2024,16,monza,1,Max Verstappen,Red Bull Racing,75.167,75.61026510144276,76.13016090906888,0.0,Medium,21.137,28.656,25.374,316.9
R00290,2024,16,monza,2,Driver_2,Team_2,76.076,76.41523051863018,76.90537962631979,0.586,Medium,21.627,28.966,25.483,321.7
R00290,2024,16,monza,3,Driver_3,Team_3,76.699,77.02206132863664,77.02995725226424,1.178,Soft,21.581,29.269,25.849,319.7
R00290,2024,16,monza,4,Driver_4,Team_4,76.429,76.64597734942731,76.8266157188172,0.939,Medium,21.395,29.079,25.955,321.6
R00290,2024,16,monza,5,Driver_5,Team_5,77.599,77.91862439016865,78.09825781102174,2.234,Medium,21.754,29.493,26.352,297.6
R00290,2024,16,monza,6,Driver_6,Team_6,77.328,77.6332347474389,78.0072942464825,2.011,Soft,21.624,29.214,26.49,332.5
R00290,2024,16,monza,7,Driver_7,Team_7,78.318,78.46660006086405,78.90684175561937,1.687,Medium,21.767,29.754,26.797,330.6
R00290,2024,16,monza,8,Driver_8,Team_8,78.506,78.6430718128305,79.01323667632681,3.539,Soft,22.004,29.98,26.522,320.9
R00290,2024,16,monza,9,Driver_9,Team_9,78.142,78.58588049258098,78.49118389535886,1.725,Soft,21.828,29.757,26.557,308.0
R00290,2024,16,monza,10,Driver_10,Team_10,78.937,79.43010302465827,79.58748776611579,4.064,Soft,22.228,30.014,26.695,341.5
R00291,2024,17,baku,1,Charles Leclerc,Ferrari,75.593,75.89769804173724,76.20301104652212,0.0,Intermediate,21.266,28.8,25.527,341.7
R00291,2024,17,baku,2,Driver_2,Team_2,76.272,76.66083105347559,76.86870082243667,0.576,Intermediate,21.288,29.012,25.972,356.2
R00291,2024,17,baku,3,Driver_3,Team_3,76.304,76.59888738099065,77.24510769118707,0.201,Intermediate,21.352,28.994,25.958,324.8
R00291,2024,17,baku,4,Driver_4,Team_4,76.353,76.8164675660319,76.96225664015384,1.001,Intermediate,21.352,29.059,25.942,324.0
R00291,2024,17,baku,5,Driver_5,Team_5,76.693,76.9214020156725,77.19930006664543,2.108,Intermediate,21.525,29.139,26.029,341.4
R00291,2024,17,baku,6,Driver_6,Team_6,76.95,77.23023730319109,77.57986741955423,2.763,Intermediate,21.519,29.127,26.304,316.6
R00291,2024,17,baku,7,Driver_7,Team_7,78.049,78.19220384182931,78.52308407677832,0.71,Intermediate,21.984,29.7,26.365,337.1
R00291,2024,17,baku,8,Driver_8,Team_8,77.8,77.98663014079783,78.37994239595949,1.367,Intermediate,21.707,29.435,26.658,348.9
R00291,2024,17,baku,9,Driver_9,Team_9,79.053,79.43579874562197,79.71989732447513,0.784,Intermediate,22.036,30.109,26.908,321.5
R00291,2024,17,baku,10,Driver_10,Team_10,78.79,79.28771134844172,79.68372475450624,3.019,Intermediate,22.094,30.0,26.696,351.0
R00292,2024,18,singapore,1,Charles Leclerc,Ferrari,75.983,76.32108534205113,76.4991720417894,0.0,Soft,21.214,28.748,26.021,345.3
R00292,2024,18,singapore,2,Driver_2,Team_2,75.615,76.00476511636474,76.54803688365547,0.586,Soft,21.086,28.645,25.884,338.1
R00292,2024,18,singapore,3,Driver_3,Team_3,75.859,76.28709917912414,76.22136098637574,0.317,Medium,21.149,28.9,25.81,344.6
R00292,2024,18,singapore,4,Driver_4,Team_4,76.476,76.8825042953294,77.4582732408245,1.135,Medium,21.207,29.059,26.21,309.3
R00292,2024,18,singapore,5,Driver_5,Team_5,77.255,77.58635492230523,77.72123143117891,1.07,Soft,21.751,29.654,25.85,337.4
R00292,2024,18,singapore,6,Driver_6,Team_6,77.127,77.24893254249689,77.79831581900403,1.508,Soft,21.476,29.228,26.423,335.6
R00292,2024,18,singapore,7,Driver_7,Team_7,77.719,77.90692177768223,78.67273971842222,2.828,Medium,21.852,29.746,26.121,321.1
R00292,2024,18,singapore,8,Driver_8,Team_8,78.601,79.02436999650011,79.48066688027257,2.944,Soft,21.786,29.867,26.948,336.5
R00292,2024,18,singapore,9,Driver_9,Team_9,78.695,79.04563428202056,79.28492507041005,3.496,Medium,22.161,29.854,26.68,320.6
R00292,2024,18,singapore,10,Driver_10,Team_10,78.586,78.94976218674616,79.58478672174458,1.733,Medium,21.993,29.816,26.777,326.6
R00293,2024,19,cota,1,Lando Norris,McLaren,75.507,75.9308724794591,76.40869172477312,0.0,Medium,21.147,28.596,25.764,328.3
R00293,2024,19,cota,2,Driver_2,Team_2,75.274,75.5955134025742,75.69882748362403,0.25,Medium,20.964,28.65,25.66,320.6
R00293,2024,19,cota,3,Driver_3,Team_3,76.014,76.36566003940979,76.37939872797712,0.923,Medium,21.205,29.115,25.694,313.8
R00293,2024,19,cota,4,Driver_4,Team_4,76.557,76.9298831261614,77.3888416786076,1.784,Soft,21.26,29.115,26.182,315.5
R00293,2024,19,cota,5,Driver_5,Team_5,77.235,77.66917230719389,77.70698139784785,2.149,Soft,21.778,29.391,26.066,286.8
R00293,2024,19,cota,6,Driver_6,Team_6,77.467,77.95170744405736,77.89997766253039,2.329,Medium,21.59,29.275,26.602,318.7
R00293,2024,19,cota,7,Driver_7,Team_7,78.409,78.55966412360858,79.18845620863334,3.521,Soft,21.74,29.869,26.8,333.9
R00293,2024,19,cota,8,Driver_8,Team_8,77.653,78.07593820202707,78.4611694809247,3.037,Soft,21.875,29.522,26.256,335.8
R00293,2024,19,cota,9,Driver_9,Team_9,78.651,79.09725408290895,79.15014188116272,2.217,Soft,22.026,29.713,26.912,294.8
R00293,2024,19,cota,10,Driver_10,Team_10,79.101,79.53709145685401,79.46421049139013,2.775,Soft,22.191,30.02,26.89,321.1
R00294,2024,20,mexico,1,Lewis Hamilton,Mercedes,75.288,75.48186674213582,76.25583200750694,0.0,Soft,21.027,28.71,25.551,332.1
R00294,2024,20,mexico,2,Driver_2,Team_2,76.513,76.68094179194432,77.12453311719773,0.401,Soft,21.55,29.002,25.961,324.2
R00294,2024,20,mexico,3,Driver_3,Team_3,76.002,76.2425343189747,76.32203435741454,0.74,Medium,21.327,28.849,25.826,321.6
R00294,2024,20,mexico,4,Driver_4,Team_4,76.099,76.59025153560752,76.83004362251509,1.664,Medium,21.344,28.932,25.823,331.2
R00294,2024,20,mexico,5,Driver_5,Team_5,77.346,77.67302338303753,77.92571056130703,1.157,Medium,21.732,29.459,26.155,310.0
R00294,2024,20,mexico,6,Driver_6,Team_6,77.138,77.2643737674738,77.56872925088618,1.925,Soft,21.506,29.286,26.346,325.3
R00294,2024,20,mexico,7,Driver_7,Team_7,78.405,78.6027099141841,78.84987386843724,0.606,Soft,21.886,29.832,26.687,308.4
R00294,2024,20,mexico,8,Driver_8,Team_8,78.234,78.69108764220361,78.97426147465045,0.89,Medium,21.999,29.672,26.563,330.2
R00294,2024,20,mexico,9,Driver_9,Team_9,78.212,78.65917951541756,78.69195317312877,0.644,Soft,21.882,29.773,26.557,333.9
R00294,2024,20,mexico,10,Driver_10,Team_10,79.189,79.40365285864567,79.92270790432813,4.678,Medium,22.22,29.979,26.99,301.8
R00295,2024,21,brazil,1,Lewis Hamilton,Mercedes,75.381,75.84055973906796,76.12592887166116,0.0,Intermediate,21.102,28.738,25.541,309.0
R00295,2024,21,brazil,2,Driver_2,Team_2,75.494,75.94145948834553,76.36126201120761,0.261,Intermediate,21.269,28.736,25.489,294.7
R00295,2024,21,brazil,3,Driver_3,Team_3,75.936,76.15049034824352,76.67814770277474,1.041,Intermediate,21.298,28.852,25.786,310.9
R00295,2024,21,brazil,4,Driver_4,Team_4,76.619,76.79239935732133,76.99863425911472,1.422,Intermediate,21.675,28.991,25.953,316.7
R00295,2024,21,brazil,5,Driver_5,Team_5,77.712,78.04139855201393,78.10142578578896,0.426,Intermediate,21.805,29.523,26.384,293.6
R00295,2024,21,brazil,6,Driver_6,Team_6,77.297,77.67996441068941,77.79320498003818,0.744,Intermediate,21.646,29.391,26.26,297.8
R00295,2024,21,brazil,7,Driver_7,Team_7,78.051,78.3205904018955,78.81312046447079,2.659,Intermediate,21.988,29.565,26.498,328.2
R00295,2024,21,brazil,8,Driver_8,Team_8,78.317,78.6646256294156,79.0717617705863,3.601,Intermediate,21.841,29.846,26.63,326.9
R00295,2024,21,brazil,9,Driver_9,Team_9,78.521,78.98044531433011,78.86888511959128,1.003,Intermediate,22.139,29.937,26.445,311.3
R00295,2024,21,brazil,10,Driver_10,Team_10,79.039,79.2958262426565,80.00765104647526,4.753,Intermediate,22.065,30.021,26.953,309.7
R00296,2024,22,las_vegas,1,Max Verstappen,Red Bull Racing,75.141,75.35817724087325,75.95682408682572,0.0,Soft,21.079,28.633,25.429,343.9
R00296,2024,22,las_vegas,2,Driver_2,Team_2,75.454,75.60853963467578,75.94268214388879,0.316,Medium,21.086,28.559,25.809,335.7
R00296,2024,22,las_vegas,3,Driver_3,Team_3,76.321,76.48657778979894,77.04472035362753,0.873,Medium,21.371,29.013,25.937,327.7
R00296,2024,22,las_vegas,4,Driver_4,Team_4,76.703,77.03245884786963,77.42611871336489,0.393,Medium,21.498,29.157,26.048,330.0
R00296,2024,22,las_vegas,5,Driver_5,Team_5,77.076,77.38375654947801,77.46079485160539,0.437,Medium,21.717,29.158,26.201,340.6
R00296,2024,22,las_vegas,6,Driver_6,Team_6,77.336,77.603432067579,77.75065429886006,0.491,Medium,21.768,29.515,26.053,336.5
R00296,2024,22,las_vegas,7,Driver_7,Team_7,77.508,77.7868165330801,77.83978041796968,3.152,Medium,21.685,29.416,26.407,317.6
R00296,2024,22,las_vegas,8,Driver_8,Team_8,78.114,78.36689856219455,78.48421738930966,2.883,Soft,21.861,29.652,26.601,340.9
R00296,2024,22,las_vegas,9,Driver_9,Team_9,78.494,78.98512394685797,78.89758483900647,4.371,Medium,22.064,29.701,26.729,314.0
R00296,2024,22,las_vegas,10,Driver_10,Team_10,79.022,79.28853767017564,79.7762481839461,4.686,Medium,22.127,30.084,26.811,337.6
R00297,2024,23,qatar,1,Lando Norris,McLaren,75.284,75.5687326562247,76.145924047621,0.0,Soft,20.911,28.668,25.705,306.0
R00297,2024,23,qatar,2,Driver_2,Team_2,76.204,76.41957385140584,76.8801380257876,0.38,Soft,21.282,28.944,25.978,320.3
R00297,2024,23,qatar,3,Driver_3,Team_3,76.406,76.7374088607946,77.27162303671706,0.45,Medium,21.455,28.969,25.982,334.9
R00297,2024,23,qatar,4,Driver_4,Team_4,76.727,76.88856749154438,77.31770626728331,0.888,Medium,21.47,29.153,26.104,337.7
R00297,2024,23,qatar,5,Driver_5,Team_5,77.35,77.55572311807452,78.34475793492247,0.36,Medium,21.546,29.397,26.407,320.0
R00297,2024,23,qatar,6,Driver_6,Team_6,77.847,78.34347612701582,78.40456112309485,2.451,Medium,22.012,29.497,26.338,328.3
R00297,2024,23,qatar,7,Driver_7,Team_7,78.099,78.49588630968225,78.58913423239743,1.45,Soft,21.774,29.73,26.595,335.4
R00297,2024,23,qatar,8,Driver_8,Team_8,77.931,78.41990163942903,78.26550357545726,3.839,Medium,21.552,29.463,26.916,323.0
R00297,2024,23,qatar,9,Driver_9,Team_9,78.817,79.06127524569324,79.25614999012804,2.591,Soft,21.997,30.074,26.746,305.2
R00297,2024,23,qatar,10,Driver_10,Team_10,79.047,79.41495166871839,79.94949167316935,1.493,Medium,22.027,30.025,26.995,314.7
R00298,2024,24,abu_dhabi,1,Max Verstappen,Red Bull Racing,75.423,75.75966233632472,75.80751804667148,0.0,Medium,21.117,28.557,25.749,338.0
R00298,2024,24,abu_dhabi,2,Driver_2,Team_2,75.68,75.8508427651947,76.34735590687146,0.155,Soft,21.245,28.732,25.703,297.5
R00298,2024,24,abu_dhabi,3,Driver_3,Team_3,76.767,77.0766444984782,77.19981588618765,1.02,Soft,21.492,29.281,25.994,314.2
R00298,2024,24,abu_dhabi,4,Driver_4,Team_4,76.459,76.72595211819603,77.39426721825079,1.699,Soft,21.353,29.113,25.993,309.5
R00298,2024,24,abu_dhabi,5,Driver_5,Team_5,76.397,76.88040928860269,77.24963336551824,2.27,Medium,21.483,29.088,25.826,311.0
R00298,2024,24,abu_dhabi,6,Driver_6,Team_6,77.575,77.77000304314109,77.94267188562287,0.775,Medium,21.653,29.338,26.584,303.0
R00298,2024,24,abu_dhabi,7,Driver_7,Team_7,78.359,78.6272739575986,79.2496613172993,1.704,Medium,22.028,29.777,26.554,331.0
R00298,2024,24,abu_dhabi,8,Driver_8,Team_8,78.021,78.39374754054388,78.38249804315173,2.643,Medium,21.946,29.492,26.583,309.8
R00298,2024,24,abu_dhabi,9,Driver_9,Team_9,78.638,78.74456441912642,79.53308926456413,4.434,Medium,21.871,29.877,26.89,308.3
R00298,2024,24,abu_dhabi,10,Driver_10,Team_10,79.287,79.4079484200127,80.03924503573964,4.733,Soft,22.282,30.164,26.841,328.1
R00300,2025,2,jeddah,1,Max Verstappen,Red Bull Racing,75.364,75.70130880327882,76.22535136097522,0.0,Medium,21.366,28.575,25.423,326.2
R00300,2025,2,jeddah,2,Driver_2,Team_2,76.025,76.29211564590275,76.74644369329425,0.143,Soft,21.338,28.913,25.774,318.0
R00300,2025,2,jeddah,3,Driver_3,Team_3,76.416,76.82082987385691,77.13521122683814,0.726,Soft,21.418,29.269,25.729,300.5
R00300,2025,2,jeddah,4,Driver_4,Team_4,76.412,76.8576514216218,76.9380078287406,0.771,Medium,21.297,28.893,26.222,321.8
R00300,2025,2,jeddah,5,Driver_5,Team_5,76.977,77.46529956351158,77.4813084715449,1.246,Soft,21.493,29.321,26.163,342.5
R00300,2025,2,jeddah,6,Driver_6,Team_6,77.556,77.95544949372271,78.09242639621868,0.581,Soft,21.756,29.502,26.298,336.1
R00300,2025,2,jeddah,7,Driver_7,Team_7,78.098,78.44201114235128,78.74253154494455,1.114,Soft,21.97,29.397,26.731,310.0
R00300,2025,2,jeddah,8,Driver_8,Team_8,78.773,79.23760982749522,79.58366622396643,3.391,Soft,22.109,30.038,26.626,329.3
R00300,2025,2,jeddah,9,Driver_9,Team_9,77.699,78.06121445505364,78.49394605377059,0.749,Soft,21.799,29.602,26.298,321.5
R00300,2025,2,jeddah,10,Driver_10,Team_10,79.612,79.84496583888037,80.60509580909765,1.74,Soft,22.207,30.258,27.147,287.1
R00301,2025,3,albert_park,1,Max Verstappen,Red Bull Racing,75.437,75.7439660751051,75.8850081186,0.0,Soft,21.053,28.67,25.714,313.3
R00301,2025,3,albert_park,2,Driver_2,Team_2,75.951,76.27286693529362,76.83616081939063,0.206,Soft,21.301,28.87,25.78,345.1
R00301,2025,3,albert_park,3,Driver_3,Team_3,75.956,76.44911433069602,76.94724162162478,1.141,Medium,21.305,29.012,25.639,321.4
R00301,2025,3,albert_park,4,Driver_4,Team_4,76.271,76.4853312256086,76.99228202760101,1.108,Medium,21.408,28.804,26.059,314.6
R00301,2025,3,albert_park,5,Driver_5,Team_5,77.008,77.38354874217613,77.55471054032154,1.713,Medium,21.648,29.42,25.94,298.5
R00301,2025,3,albert_park,6,Driver_6,Team_6,77.567,77.6796101311376,78.05683815963789,2.413,Soft,21.659,29.282,26.626,319.6
R00301,2025,3,albert_park,7,Driver_7,Team_7,77.438,77.93012966223286,77.7940466347928,3.072,Soft,21.616,29.397,26.425,323.1
R00301,2025,3,albert_park,8,Driver_8,Team_8,77.823,77.92402449642938,78.1324269563964,1.439,Medium,21.687,29.71,26.426,361.8
R00301,2025,3,albert_park,9,Driver_9,Team_9,78.526,78.68420668781852,79.02638276275398,3.802,Soft,22.164,29.875,26.487,365.0
R00301,2025,3,albert_park,10,Driver_10,Team_10,79.24,79.7227551852312,79.93267408044495,5.351,Medium,22.148,30.188,26.904,319.8
R00302,2025,4,suzuka,1,Lando Norris,McLaren,75.319,75.71320491252301,76.30080756003491,0.0,Medium,21.05,28.67,25.599,339.0
R00302,2025,4,suzuka,2,Driver_2,Team_2,75.825,76.21927213574196,76.64855945549111,0.515,Soft,21.425,28.732,25.668,308.1
R00302,2025,4,suzuka,3,Driver_3,Team_3,76.394,76.61373585103902,77.38589849805268,0.305,Medium,21.437,28.987,25.97,333.0
R00302,2025,4,suzuka,4,Driver_4,Team_4,77.263,77.70424516167003,77.85798456047137,1.675,Soft,21.61,29.362,26.291,347.1
R00302,2025,4,suzuka,5,Driver_5,Team_5,77.244,77.57775966610184,78.1377138456271,1.809,Medium,21.444,29.403,26.397,325.9
R00302,2025,4,suzuka,6,Driver_6,Team_6,76.836,77.06172570421792,77.59587420613266,2.75,Soft,21.489,29.333,26.014,325.2
R00302,2025,4,suzuka,7,Driver_7,Team_7,77.761,78.03709761086877,78.72670971445848,3.499,Medium,21.816,29.56,26.385,359.5
R00302,2025,4,suzuka,8,Driver_8,Team_8,78.31,78.74827643149993,78.76642862264896,3.574,Medium,21.952,29.84,26.518,315.9
R00302,2025,4,suzuka,9,Driver_9,Team_9,78.42,78.709774612538,79.34690070485132,2.104,Medium,22.051,29.798,26.571,326.7
R00302,2025,4,suzuka,10,Driver_10,Team_10,79.335,79.56420103671016,79.93772610632283,4.121,Soft,22.235,30.204,26.896,337.9
R00303,2025,5,shanghai,1,Lando Norris,McLaren,74.875,75.24639811196538,75.24428997609562,0.0,Intermediate,20.928,28.689,25.258,318.1
R00303,2025,5,shanghai,2,Driver_2,Team_2,75.745,75.96653119207781,76.55275138521536,0.515,Intermediate,21.141,28.945,25.659,322.5
R00303,2025,5,shanghai,3,Driver_3,Team_3,76.04,76.52360728737203,76.95464388525926,0.482,Intermediate,21.266,28.905,25.869,323.3
R00303,2025,5,shanghai,4,Driver_4,Team_4,76.695,77.07642226818045,77.42256887416987,1.549,Intermediate,21.335,29.132,26.228,324.5
R00303,2025,5,shanghai,5,Driver_5,Team_5,76.68,76.85945698855957,77.00259235982263,0.586,Intermediate,21.498,29.174,26.008,327.0
R00303,2025,5,shanghai,6,Driver_6,Team_6,77.254,77.54502818473017,78.03897175661145,2.006,Intermediate,21.752,29.242,26.26,316.9
R00303,2025,5,shanghai,7,Driver_7,Team_7,77.816,78.18724266547082,78.42946883472518,2.577,Intermediate,21.59,29.486,26.74,317.9
R00303,2025,5,shanghai,8,Driver_8,Team_8,78.5,78.98662374228093,78.89278423193474,1.006,Intermediate,22.229,29.812,26.459,308.8
R00303,2025,5,shanghai,9,Driver_9,Team_9,78.367,78.56586996027242,79.05385915457848,1.051,Intermediate,21.805,29.724,26.838,366.4
R00303,2025,5,shanghai,10,Driver_10,Team_10,78.982,79.37377496700026,79.92561403771104,1.049,Intermediate,22.187,30.168,26.627,305.4
R00304,2025,6,miami,1,Max Verstappen,Red Bull Racing,75.243,75.40610520768523,75.82301442775386,0.0,Intermediate,20.9,28.551,25.792,304.8
R00304,2025,6,miami,2,Driver_2,Team_2,76.174,76.40952249098866,76.54328202383516,0.595,Intermediate,21.208,28.982,25.984,311.2
R00304,2025,6,miami,3,Driver_3,Team_3,75.614,75.87201171417784,76.45749179879948,0.685,Intermediate,21.07,28.652,25.892,337.1
R00304,2025,6,miami,4,Driver_4,Team_4,76.72,76.9083753338092,77.46752956859787,1.732,Intermediate,21.357,29.125,26.238,342.5
R00304,2025,6,miami,5,Driver_5,Team_5,76.983,77.16452869900273,77.88837595541663,0.713,Intermediate,21.571,29.221,26.191,324.8
R00304,2025,6,miami,6,Driver_6,Team_6,77.046,77.34654345260013,77.66626611015009,0.908,Intermediate,21.559,29.09,26.397,287.6
R00304,2025,6,miami,7,Driver_7,Team_7,77.134,77.48316827066475,77.83385355511952,1.953,Intermediate,21.636,29.284,26.214,328.6
R00304,2025,6,miami,8,Driver_8,Team_8,77.461,77.72116295494655,77.79957732093011,1.468,Intermediate,21.475,29.438,26.548,327.9
R00304,2025,6,miami,9,Driver_9,Team_9,78.247,78.47161140180897,78.79340367578214,2.333,Intermediate,21.968,29.86,26.419,324.9
R00304,2025,6,miami,10,Driver_10,Team_10,78.539,78.79041634328853,78.94725189723106,1.388,Intermediate,22.002,29.956,26.581,324.1
R00305,2025,7,imola,1,Yuki Tsunoda,RB (AlphaTauri),75.541,75.81532891920102,76.21430536346202,0.0,Intermediate,21.262,28.646,25.633,321.7
R00305,2025,7,imola,2,Driver_2,Team_2,75.601,75.87178442930504,76.31852193859922,0.569,Intermediate,21.204,28.875,25.522,331.2
R00305,2025,7,imola,3,Driver_3,Team_3,76.076,76.54775694337386,76.57740347869122,0.516,Intermediate,21.323,28.905,25.848,341.1
R00305,2025,7,imola,4,Driver_4,Team_4,76.739,77.18164972922747,77.16503330596491,1.175,Intermediate,21.362,29.063,26.314,339.5
R00305,2025,7,imola,5,Driver_5,Team_5,76.953,77.1722062946698,77.35162474482634,0.567,Intermediate,21.486,29.307,26.16,347.7
R00305,2025,7,imola,6,Driver_6,Team_6,77.123,77.25884535052623,77.65179498319486,1.14,Intermediate,21.686,29.444,25.993,329.1
R00305,2025,7,imola,7,Driver_7,Team_7,77.728,78.11380850605005,78.16568397451938,2.398,Intermediate,21.756,29.367,26.605,334.3
R00305,2025,7,imola,8,Driver_8,Team_8,77.875,78.14357742244636,78.26764432135487,4.172,Intermediate,21.752,29.447,26.676,307.9
R00305,2025,7,imola,9,Driver_9,Team_9,78.401,78.50868355717951,79.1908163164588,3.173,Intermediate,22.154,29.669,26.578,343.8
R00305,2025,7,imola,10,Driver_10,Team_10,78.884,79.3435766744378,79.32559089082262,1.284,Intermediate,22.128,29.927,26.829,314.2
R00306,2025,8,monaco,1,Charles Leclerc,Ferrari,75.108,75.44707136593641,75.76021263154844,0.0,Intermediate,21.032,28.5,25.576,311.9
R00306,2025,8,monaco,2,Driver_2,Team_2,75.656,75.83655470205132,76.42191535410389,0.445,Intermediate,21.129,28.676,25.851,327.6
R00306,2025,8,monaco,3,Driver_3,Team_3,76.248,76.52571310068555,76.80403551476248,0.26,Intermediate,21.226,28.983,26.039,351.7
R00306,2025,8,monaco,4,Driver_4,Team_4,76.73,77.19637496759665,77.2040946093855,0.412,Intermediate,21.352,29.107,26.271,302.1
R00306,2025,8,monaco,5,Driver_5,Team_5,77.46,77.82507154889875,78.15808044892819,2.141,Intermediate,21.602,29.49,26.368,336.7
R00306,2025,8,monaco,6,Driver_6,Team_6,77.139,77.3478760214181,77.51047711457238,0.632,Intermediate,21.631,29.277,26.231,349.8
R00306,2025,8,monaco,7,Driver_7,Team_7,78.028,78.44261112434135,78.53486165565744,3.112,Intermediate,21.915,29.731,26.382,327.3
R00306,2025,8,monaco,8,Driver_8,Team_8,77.848,78.28241077542071,78.59874790852025,2.546,Intermediate,21.838,29.564,26.446,347.5
R00306,2025,8,monaco,9,Driver_9,Team_9,78.192,78.58908854814449,79.17027932559573,3.17,Intermediate,21.636,29.771,26.785,327.3
R00306,2025,8,monaco,10,Driver_10,Team_10,79.633,79.77674717083482,80.21230513338584,3.745,Intermediate,22.242,30.373,27.018,319.8
R00307,2025,9,canada,1,Lewis Hamilton,Mercedes,75.992,76.4238630878666,76.65542857821679,0.0,Medium,21.279,28.798,25.915,336.4
R00307,2025,9,canada,2,Driver_2,Team_2,75.803,76.07482793837717,76.4044836554997,0.292,Medium,21.222,28.85,25.731,321.1
R00307,2025,9,canada,3,Driver_3,Team_3,76.23,76.45610776981769,76.88812818440198,0.809,Medium,21.318,29.018,25.894,326.6
R00307,2025,9,canada,4,Driver_4,Team_4,76.526,76.72128574538787,77.48773313205632,1.606,Medium,21.433,29.235,25.858,312.8
R00307,2025,9,canada,5,Driver_5,Team_5,77.211,77.40864044569213,78.01417454107644,2.354,Medium,21.544,29.179,26.488,318.2
R00307,2025,9,canada,6,Driver_6,Team_6,77.281,77.50643359920124,78.1346269864709,2.73,Medium,21.636,29.347,26.298,314.1
R00307,2025,9,canada,7,Driver_7,Team_7,77.972,78.3054538387914,78.8001063365203,1.788,Soft,21.746,29.64,26.586,328.0
R00307,2025,9,canada,8,Driver_8,Team_8,78.412,78.65774028885664,79.19959875052993,1.295,Medium,22.084,29.687,26.641,311.2
R00307,2025,9,canada,9,Driver_9,Team_9,78.681,79.0056674420647,79.4060670806973,2.164,Medium,21.766,29.709,27.206,297.9
R00307,2025,9,canada,10,Driver_10,Team_10,79.173,79.52414984230585,79.47911584316209,1.409,Medium,22.167,29.981,27.025,331.8
R00308,2025,10,spain,1,Lando Norris,McLaren,75.407,75.77798656930787,76.29341711466046,0.0,Medium,21.078,28.716,25.613,303.8
R00308,2025,10,spain,2,Driver_2,Team_2,75.743,75.97497757514658,76.62341896906076,0.281,Medium,21.051,28.86,25.832,329.5
R00308,2025,10,spain,3,Driver_3,Team_3,76.373,76.74092374457189,77.12424277507381,0.477,Soft,21.435,29.015,25.923,322.3
R00308,2025,10,spain,4,Driver_4,Team_4,76.812,77.16097918767322,77.26683001557426,1.655,Soft,21.535,29.19,26.087,301.6
R00308,2025,10,spain,5,Driver_5,Team_5,76.655,76.90594655540377,76.96664494681016,2.372,Medium,21.606,29.132,25.917,316.9
R00308,2025,10,spain,6,Driver_6,Team_6,77.066,77.32760774260369,78.05427536772343,1.531,Medium,21.706,29.106,26.254,363.4
R00308,2025,10,spain,7,Driver_7,Team_7,77.323,77.52708691296608,78.02034080934752,0.938,Medium,21.77,29.523,26.03,333.2
R00308,2025,10,spain,8,Driver_8,Team_8,78.199,78.40282310424276,78.92095897571896,2.403,Soft,21.934,29.635,26.63,296.3
R00308,2025,10,spain,9,Driver_9,Team_9,79.072,79.32059476077067,79.43038957552932,4.323,Soft,22.387,30.004,26.681,325.9
R00308,2025,10,spain,10,Driver_10,Team_10,78.967,79.27856424846448,79.9049471510859,3.221,Soft,21.818,29.739,27.41,318.0
R00309,2025,11,austria,1,Charles Leclerc,Ferrari,75.274,75.52310338261667,75.85755839375685,0.0,Soft,20.85,28.724,25.7,315.3
R00309,2025,11,austria,2,Driver_2,Team_2,76.109,76.52790963576317,76.61333524359252,0.458,Soft,21.461,29.105,25.543,349.8
R00309,2025,11,austria,3,Driver_3,Team_3,75.916,76.02134775269671,76.86636729453087,0.99,Medium,21.288,28.886,25.742,317.8
R00309,2025,11,austria,4,Driver_4,Team_4,77.016,77.19005260165189,77.85245075549338,0.562,Medium,21.67,29.308,26.038,292.3
R00309,2025,11,austria,5,Driver_5,Team_5,77.076,77.22777739394448,77.63548702257266,1.343,Soft,21.544,29.371,26.161,339.1
R00309,2025,11,austria,6,Driver_6,Team_6,77.529,77.71884584913985,78.00590073027779,2.476,Soft,21.609,29.42,26.5,329.2
R00309,2025,11,austria,7,Driver_7,Team_7,77.63,78.04921603829945,78.60212974630674,1.344,Medium,21.663,29.624,26.343,323.6
R00309,2025,11,austria,8,Driver_8,Team_8,78.174,78.35160770980225,78.82769738404775,1.648,Soft,21.958,29.795,26.421,310.7
R00309,2025,11,austria,9,Driver_9,Team_9,78.457,78.57128245445402,78.95215061131931,3.559,Medium,21.899,29.895,26.663,323.4
R00309,2025,11,austria,10,Driver_10,Team_10,78.389,78.67512758944808,78.75052242369595,4.125,Medium,21.887,29.662,26.84,318.0
R00311,2025,13,hungary,1,Max Verstappen,Red Bull Racing,75.057,75.42444134034416,75.528606976016,0.0,Soft,21.046,28.602,25.409,329.0
R00311,2025,13,hungary,2,Driver_2,Team_2,76.135,76.25504876156403,76.43750574920519,0.321,Soft,21.461,29.055,25.619,325.2
R00311,2025,13,hungary,3,Driver_3,Team_3,75.992,76.4881184096347,76.51399295281804,0.635,Soft,21.389,28.984,25.619,315.3
R00311,2025,13,hungary,4,Driver_4,Team_4,76.29,76.76035130957708,77.1450928775576,0.653,Medium,21.108,28.978,26.204,332.5
R00311,2025,13,hungary,5,Driver_5,Team_5,76.749,76.87250799963684,77.25373815733431,2.137,Medium,21.326,29.127,26.296,323.4
R00311,2025,13,hungary,6,Driver_6,Team_6,77.643,77.93756601950025,78.52719137259847,0.411,Soft,21.692,29.582,26.369,360.7
R00311,2025,13,hungary,7,Driver_7,Team_7,77.874,78.15951026481406,78.84046648114635,2.738,Soft,21.812,29.648,26.414,341.7
R00311,2025,13,hungary,8,Driver_8,Team_8,78.237,78.61809945174417,78.98431015065432,3.403,Medium,21.879,29.616,26.742,323.2
R00311,2025,13,hungary,9,Driver_9,Team_9,78.668,78.83983131262845,79.59232008391379,2.385,Soft,21.853,29.929,26.886,323.3
R00311,2025,13,hungary,10,Driver_10,Team_10,78.834,79.20474927988566,79.31105375776737,4.725,Soft,22.112,30.207,26.515,352.2
R00312,2025,14,spa,1,Max Verstappen,Red Bull Racing,75.263,75.71225668794473,75.57700498604561,0.0,Intermediate,20.978,28.587,25.698,306.5
R00312,2025,14,spa,2,Driver_2,Team_2,75.928,76.26787135598151,76.35961675461746,0.429,Intermediate,21.1,28.899,25.929,293.1
R00312,2025,14,spa,3,Driver_3,Team_3,76.142,76.25261893194313,76.45062730184445,0.429,Intermediate,21.211,28.95,25.981,319.9
R00312,2025,14,spa,4,Driver_4,Team_4,76.822,77.19101044659742,77.2907762176688,0.507,Intermediate,21.508,29.134,26.18,310.2
R00312,2025,14,spa,5,Driver_5,Team_5,76.818,77.05903624173841,77.49096608306247,1.498,Intermediate,21.432,29.246,26.14,311.0
R00312,2025,14,spa,6,Driver_6,Team_6,77.488,77.6397971222222,78.41139488768509,2.804,Intermediate,21.822,29.521,26.145,335.3
R00312,2025,14,spa,7,Driver_7,Team_7,78.128,78.59326901550406,78.46532981209712,0.666,Intermediate,22.032,29.833,26.263,317.1
R00312,2025,14,spa,8,Driver_8,Team_8,77.804,77.91007651789911,78.35531752513859,1.349,Intermediate,21.623,29.447,26.734,351.8
R00312,2025,14,spa,9,Driver_9,Team_9,78.265,78.6967657303249,78.69154721454696,3.347,Intermediate,21.993,29.787,26.485,329.1
R00312,2025,14,spa,10,Driver_10,Team_10,78.965,79.11275583256811,79.82011557405232,1.126,Intermediate,22.126,30.018,26.821,317.5
R00313,2025,15,zandvoort,1,Max Verstappen,Red Bull Racing,75.052,75.36136964613078,75.52951741234406,0.0,Intermediate,20.881,28.465,25.706,332.0
R00313,2025,15,zandvoort,2,Driver_2,Team_2,76.217,76.70491258799066,77.21132956751262,0.43,Intermediate,21.335,28.986,25.896,319.3
R00313,2025,15,zandvoort,3,Driver_3,Team_3,75.701,76.05464780515375,76.03862630403975,0.605,Intermediate,21.269,28.703,25.729,322.0
R00313,2025,15,zandvoort,4,Driver_4,Team_4,76.945,77.25736851681505,77.57008435795726,1.611,Intermediate,21.801,29.187,25.957,302.2
R00313,2025,15,zandvoort,5,Driver_5,Team_5,77.471,77.66977537753824,78.25863913861778,2.309,Intermediate,21.767,29.228,26.476,316.5
R00313,2025,15,zandvoort,6,Driver_6,Team_6,77.221,77.34917169883596,77.95592189040141,2.337,Intermediate,21.672,29.305,26.244,317.9
R00313,2025,15,zandvoort,7,Driver_7,Team_7,77.315,77.45881203508686,77.9221726975836,3.537,Intermediate,21.758,29.374,26.183,319.7
R00313,2025,15,zandvoort,8,Driver_8,Team_8,77.825,78.0173256058861,78.52031604073589,1.089,Intermediate,21.893,29.588,26.344,313.6
R00313,2025,15,zandvoort,9,Driver_9,Team_9,78.729,78.85738898149702,79.71676300289317,3.345,Intermediate,22.065,29.885,26.779,335.1
R00313,2025,15,zandvoort,10,Driver_10,Team_10,78.804,79.09101515811538,79.27000994543465,3.811,Intermediate,22.263,29.837,26.704,300.3
R00314,2025,16,monza,1,Lando Norris,McLaren,75.405,75.8928526244555,76.11623429976957,0.0,Soft,21.22,28.743,25.442,328.7
R00314,2025,16,monza,2,Driver_2,Team_2,75.708,76.04839684604102,76.18596171104221,0.575,Medium,21.082,28.741,25.885,311.1
R00314,2025,16,monza,3,Driver_3,Team_3,76.476,76.82820176250816,76.90547814851368,0.177,Medium,21.244,29.022,26.21,338.8
R00314,2025,16,monza,4,Driver_4,Team_4,76.751,77.15018867270649,77.26585574819083,1.458,Soft,21.484,29.177,26.09,338.9
R00314,2025,16,monza,5,Driver_5,Team_5,77.234,77.40845524079842,78.05563943682046,2.154,Medium,21.615,29.407,26.212,317.3
R00314,2025,16,monza,6,Driver_6,Team_6,77.352,77.66143502265078,78.15467276502054,2.679,Medium,21.728,29.357,26.267,316.5
R00314,2025,16,monza,7,Driver_7,Team_7,77.883,78.26415116345814,78.62138716218489,0.507,Medium,21.762,29.523,26.598,302.3
R00314,2025,16,monza,8,Driver_8,Team_8,78.423,78.65845001072272,79.20708167107618,0.671,Medium,22.06,29.858,26.505,332.8
R00314,2025,16,monza,9,Driver_9,Team_9,78.216,78.34482440716171,78.77344740219255,1.819,Medium,21.954,29.712,26.55,365.0
R00314,2025,16,monza,10,Driver_10,Team_10,79.249,79.56919994663876,80.21693325427096,4.498,Soft,22.117,29.983,27.149,325.6
R00315,2025,17,baku,1,Max Verstappen,Red Bull Racing,75.806,76.1956012986683,76.7136903007613,0.0,Medium,21.268,28.815,25.723,327.7
R00315,2025,17,baku,2,Driver_2,Team_2,75.811,76.12948915044592,76.20161598325566,0.382,Medium,21.159,28.574,26.078,342.9
R00315,2025,17,baku,3,Driver_3,Team_3,76.586,76.75223140252488,77.38574078689014,0.19,Medium,21.423,28.982,26.181,320.5
R00315,2025,17,baku,4,Driver_4,Team_4,76.715,77.11084865182039,77.05502502666087,0.298,Soft,21.39,29.123,26.202,340.2
R00315,2025,17,baku,5,Driver_5,Team_5,76.856,77.03549564876293,77.2693576665154,1.689,Soft,21.577,29.114,26.165,332.9
R00315,2025,17,baku,6,Driver_6,Team_6,77.288,77.39051983442022,77.72165092683895,2.744,Medium,21.618,29.449,26.221,344.5
R00315,2025,17,baku,7,Driver_7,Team_7,77.854,78.00889732299443,78.30873350781877,1.25,Medium,21.959,29.746,26.149,338.8
R00315,2025,17,baku,8,Driver_8,Team_8,78.084,78.38590336628528,78.47834514055427,2.462,Soft,21.842,29.489,26.753,329.6
R00315,2025,17,baku,9,Driver_9,Team_9,79.147,79.3711346924427,80.06246976020569,1.682,Medium,22.12,30.096,26.931,307.2
R00315,2025,17,baku,10,Driver_10,Team_10,79.646,79.92939788020924,79.97207877962565,2.113,Medium,22.225,30.137,27.284,330.0
R00316,2025,18,singapore,1,Max Verstappen,Red Bull Racing,74.929,75.24584091296752,75.89245201212616,0.0,Soft,20.787,28.385,25.757,323.5
R00316,2025,18,singapore,2,Driver_2,Team_2,75.753,75.88109766067917,76.16078819269708,0.446,Medium,21.188,28.994,25.571,328.1
R00316,2025,18,singapore,3,Driver_3,Team_3,76.048,76.15623276880127,76.50833259008968,0.403,Medium,21.304,28.863,25.881,338.6
R00316,2025,18,singapore,4,Driver_4,Team_4,76.469,76.93042992456063,77.15149339392808,0.904,Soft,21.427,29.013,26.029,326.3
R00316,2025,18,singapore,5,Driver_5,Team_5,76.746,76.9498385232938,77.51870262471434,0.51,Medium,21.622,29.224,25.9,337.9
R00316,2025,18,singapore,6,Driver_6,Team_6,77.134,77.33654558926986,77.53667791964352,1.717,Soft,21.681,29.296,26.157,339.2
R00316,2025,18,singapore,7,Driver_7,Team_7,77.797,78.27085585393388,78.51671378036487,2.986,Medium,21.68,29.474,26.643,347.4
R00316,2025,18,singapore,8,Driver_8,Team_8,78.204,78.38825004422173,78.80222095732958,2.098,Medium,21.84,29.701,26.663,321.4
R00316,2025,18,singapore,9,Driver_9,Team_9,78.291,78.59157031192406,79.17004864817855,0.653,Medium,21.961,29.749,26.581,336.9
R00316,2025,18,singapore,10,Driver_10,Team_10,79.359,79.80680746769251,79.8189454444654,4.326,Soft,22.139,29.977,27.243,318.7
R00317,2025,19,cota,1,Lando Norris,McLaren,75.441,75.62496841235216,76.2626240452568,0.0,Medium,21.051,28.671,25.719,318.2
R00317,2025,19,cota,2,Driver_2,Team_2,75.457,75.78277569653578,76.0487843264999,0.276,Soft,21.246,28.7,25.511,332.3
R00317,2025,19,cota,3,Driver_3,Team_3,76.097,76.5219112211254,76.94345376398364,0.88,Medium,21.296,28.923,25.878,329.9
R00317,2025,19,cota,4,Driver_4,Team_4,76.705,77.05875973717015,77.23358677408766,1.236,Soft,21.559,28.978,26.168,296.4
R00317,2025,19,cota,5,Driver_5,Team_5,76.715,76.93283059340006,77.53120270142824,2.323,Soft,21.613,29.186,25.916,337.2
R00317,2025,19,cota,6,Driver_6,Team_6,77.043,77.39765669043531,77.69262176275693,1.968,Medium,21.704,29.264,26.075,335.0
R00317,2025,19,cota,7,Driver_7,Team_7,77.094,77.38919255494343,78.00350851618992,1.188,Soft,21.53,29.175,26.389,317.1
R00317,2025,19,cota,8,Driver_8,Team_8,78.295,78.43585945393947,78.71227645665533,2.373,Soft,21.95,29.783,26.562,353.5
R00317,2025,19,cota,9,Driver_9,Team_9,78.913,79.03057223295303,79.38943931057655,3.463,Soft,22.236,29.987,26.69,336.2
R00317,2025,19,cota,10,Driver_10,Team_10,78.525,78.88610105942266,79.2029746502709,2.047,Soft,21.739,29.72,27.066,308.9
R00318,2025,20,mexico,1,Charles Leclerc,Ferrari,75.285,75.45455634203947,75.85596121954322,0.0,Medium,20.947,28.523,25.815,323.9
R00318,2025,20,mexico,2,Driver_2,Team_2,76.186,76.45837266169585,76.72325502588926,0.531,Medium,21.578,29.007,25.601,343.8
R00318,2025,20,mexico,3,Driver_3,Team_3,75.853,76.16715395520588,76.59442333741923,1.197,Soft,21.083,28.651,26.119,325.0
R00318,2025,20,mexico,4,Driver_4,Team_4,76.657,76.75927658580639,77.41837651873068,1.686,Medium,21.509,29.092,26.056,310.0
R00318,2025,20,mexico,5,Driver_5,Team_5,77.119,77.27033119354492,77.44925861502544,0.513,Soft,21.708,29.18,26.231,331.3
R00318,2025,20,mexico,6,Driver_6,Team_6,77.488,77.60932513626365,78.3355479873151,2.344,Medium,21.704,29.237,26.547,354.1
R00318,2025,20,mexico,7,Driver_7,Team_7,77.48,77.69996920425473,78.30387259830168,1.052,Soft,21.752,29.562,26.166,317.1
R00318,2025,20,mexico,8,Driver_8,Team_8,77.965,78.34062666334627,78.7498732886385,1.113,Soft,21.649,29.764,26.552,319.9
R00318,2025,20,mexico,9,Driver_9,Team_9,78.131,78.46369217801686,78.50084496942898,2.634,Medium,21.971,29.752,26.408,332.8
R00318,2025,20,mexico,10,Driver_10,Team_10,78.766,79.09474632376804,79.5152893993744,1.328,Medium,21.852,29.955,26.959,314.9
R00319,2025,21,brazil,1,Lando Norris,McLaren,74.962,75.20268117905502,75.48816825884543,0.0,Intermediate,20.922,28.386,25.654,322.8
R00319,2025,21,brazil,2,Driver_2,Team_2,75.91,76.2955159564517,76.52122882099343,0.438,Intermediate,21.215,28.673,26.022,310.9
R00319,2025,21,brazil,3,Driver_3,Team_3,76.417,76.72964879988015,76.77255300152912,0.439,Intermediate,21.391,28.983,26.043,307.4
R00319,2025,21,brazil,4,Driver_4,Team_4,76.785,76.9876265581941,77.15779946051431,0.915,Intermediate,21.664,29.263,25.858,319.4
R00319,2025,21,brazil,5,Driver_5,Team_5,77.031,77.32466825763868,77.85003623123069,2.162,Intermediate,21.566,29.173,26.292,312.8
R00319,2025,21,brazil,6,Driver_6,Team_6,77.174,77.57138041229905,77.77601011682908,1.752,Intermediate,21.637,29.407,26.13,308.4
R00319,2025,21,brazil,7,Driver_7,Team_7,77.952,78.13235585822137,78.7668956285088,1.341,Intermediate,21.722,29.522,26.708,329.6
R00319,2025,21,brazil,8,Driver_8,Team_8,78.348,78.77613315425849,78.86371378166695,0.813,Intermediate,21.96,29.813,26.575,334.6
R00319,2025,21,brazil,9,Driver_9,Team_9,78.32,78.59610363408622,79.29976007668903,4.8,Intermediate,21.938,29.844,26.538,315.4
R00319,2025,21,brazil,10,Driver_10,Team_10,79.178,79.56076090909032,80.01369422284787,4.179,Intermediate,22.322,30.015,26.841,349.7
R00320,2025,22,las_vegas,1,Lando Norris,McLaren,76.1,76.3256436185903,76.45816281056825,0.0,Medium,21.188,28.818,26.094,331.8
R00320,2025,22,las_vegas,2,Driver_2,Team_2,75.811,76.16907338521514,76.39971363438676,0.151,Medium,21.198,28.792,25.821,314.1
R00320,2025,22,las_vegas,3,Driver_3,Team_3,76.166,76.5061765118457,76.86932906061195,0.952,Medium,21.156,28.865,26.145,304.6
R00320,2025,22,las_vegas,4,Driver_4,Team_4,76.777,77.26748858402958,77.50877717420728,0.636,Soft,21.414,29.096,26.267,320.7
R00320,2025,22,las_vegas,5,Driver_5,Team_5,77.671,78.03528208547543,78.08253911699514,1.278,Soft,21.773,29.416,26.482,342.9
R00320,2025,22,las_vegas,6,Driver_6,Team_6,77.044,77.23667565036045,77.89908700747654,0.816,Soft,21.704,29.257,26.083,320.6
R00320,2025,22,las_vegas,7,Driver_7,Team_7,77.989,78.47585131465557,78.50103928853649,2.967,Medium,21.803,29.55,26.636,311.5
R00320,2025,22,las_vegas,8,Driver_8,Team_8,77.951,78.14204924904472,78.29845216011044,2.033,Medium,21.805,29.6,26.546,319.8
R00320,2025,22,las_vegas,9,Driver_9,Team_9,78.326,78.61481659364817,78.62972012752624,1.161,Soft,21.969,29.684,26.673,314.9
R00320,2025,22,las_vegas,10,Driver_10,Team_10,79.252,79.66768752687358,79.62154491447026,5.063,Medium,22.166,30.043,27.043,299.6
R00321,2025,23,qatar,1,Charles Leclerc,Ferrari,75.201,75.36797855720597,75.68976004946465,0.0,Medium,20.89,28.804,25.507,320.6
R00321,2025,23,qatar,2,Driver_2,Team_2,76.107,76.46948142051444,76.41521451162657,0.534,Soft,21.457,28.939,25.711,326.0
R00321,2025,23,qatar,3,Driver_3,Team_3,76.178,76.65726663877675,77.03796439741372,0.314,Soft,21.201,29.07,25.907,325.6
R00321,2025,23,qatar,4,Driver_4,Team_4,76.659,76.97005634102821,77.1464049397425,1.346,Soft,21.563,29.219,25.877,344.6
R00321,2025,23,qatar,5,Driver_5,Team_5,76.819,77.26931424832475,77.47146616998496,1.504,Medium,21.52,29.116,26.183,328.8
R00321,2025,23,qatar,6,Driver_6,Team_6,77.455,77.89254383762666,77.76206428780677,0.539,Soft,21.718,29.677,26.06,319.0
R00321,2025,23,qatar,7,Driver_7,Team_7,78.012,78.41570436904546,78.49072553330473,2.911,Medium,21.828,29.566,26.618,349.0
R00321,2025,23,qatar,8,Driver_8,Team_8,78.3,78.50380544315938,79.19773433994277,1.878,Medium,21.961,29.701,26.638,317.1
R00321,2025,23,qatar,9,Driver_9,Team_9,78.623,79.09764375223688,79.31304430162213,0.675,Medium,22.074,29.761,26.788,337.0
R00321,2025,23,qatar,10,Driver_10,Team_10,79.377,79.76395071653266,79.7518648399188,4.341,Soft,22.225,30.13,27.022,310.2
R00322,2025,24,abu_dhabi,1,Lando Norris,McLaren,75.156,75.4690350654532,75.96036598309468,0.0,Soft,21.089,28.542,25.525,314.2
R00322,2025,24,abu_dhabi,2,Driver_2,Team_2,76.126,76.58259997498858,77.03001500451799,0.354,Soft,21.328,28.959,25.839,334.5
R00322,2025,24,abu_dhabi,3,Driver_3,Team_3,76.28,76.65355087548939,77.04940082842768,0.881,Soft,21.384,29.013,25.883,305.2
R00322,2025,24,abu_dhabi,4,Driver_4,Team_4,76.545,76.99435029827276,77.06299029692005,0.625,Soft,21.392,28.895,26.258,313.7
R00322,2025,24,abu_dhabi,5,Driver_5,Team_5,76.968,77.36383374663791,77.89592088446675,1.054,Medium,21.458,29.345,26.165,318.6
R00322,2025,24,abu_dhabi,6,Driver_6,Team_6,77.262,77.73887544407795,78.05506997382204,2.65,Medium,21.452,29.391,26.419,340.0
R00322,2025,24,abu_dhabi,7,Driver_7,Team_7,77.65,77.92650928508642,78.3563104536155,3.448,Medium,21.672,29.648,26.33,335.1
R00322,2025,24,abu_dhabi,8,Driver_8,Team_8,78.104,78.26605104796198,78.62979732019686,1.19,Soft,21.892,29.799,26.413,289.9
R00322,2025,24,abu_dhabi,9,Driver_9,Team_9,78.339,78.53019683228486,78.83545492687114,2.143,Soft,21.962,29.669,26.708,349.9
R00322,2025,24,abu_dhabi,10,Driver_10,Team_10,79.092,79.41478094175018,79.41304425088379,4.047,Medium,22.219,29.947,26.926,315.5
R00323,2026,1,bahrain,1,Lando Norris,McLaren,75.576,75.6885421719059,76.17307362584857,0.0,Medium,21.133,28.812,25.631,331.7
R00323,2026,1,bahrain,2,Driver_2,Team_2,75.599,75.85252382206914,76.59824161506512,0.458,Soft,21.289,28.77,25.54,335.8
R00323,2026,1,bahrain,3,Driver_3,Team_3,76.533,76.95085098452209,77.13541475115407,0.544,Soft,21.344,29.097,26.092,328.2
R00323,2026,1,bahrain,4,Driver_4,Team_4,76.319,76.67068080047618,76.84062528118316,1.732,Soft,21.291,29.083,25.945,350.0
R00323,2026,1,bahrain,5,Driver_5,Team_5,76.936,77.17001262321833,77.92022509556438,0.372,Soft,21.564,29.243,26.129,294.1
R00323,2026,1,bahrain,6,Driver_6,Team_6,77.287,77.52489659710173,78.10193186270374,1.132,Medium,21.574,29.459,26.254,336.6
R00323,2026,1,bahrain,7,Driver_7,Team_7,77.918,78.4041774943021,78.31276856750587,1.35,Soft,21.803,29.514,26.601,312.6
R00323,2026,1,bahrain,8,Driver_8,Team_8,78.928,79.17726533684608,79.65912964989408,3.68,Medium,22.254,29.812,26.862,352.9
R00323,2026,1,bahrain,9,Driver_9,Team_9,79.026,79.47672453566136,79.43859003980675,2.221,Medium,22.037,29.897,27.092,295.3
R00323,2026,1,bahrain,10,Driver_10,Team_10,78.755,79.22192286539615,79.5620990124859,2.377,Soft,21.969,29.889,26.897,343.1
R00324,2026,2,jeddah,1,Lando Norris,McLaren,75.409,75.66484096238052,76.21076702857219,0.0,Soft,21.181,28.83,25.398,333.5
R00324,2026,2,jeddah,2,Driver_2,Team_2,75.645,75.88532929621739,76.34750006409604,0.547,Medium,21.167,28.691,25.787,326.5
R00324,2026,2,jeddah,3,Driver_3,Team_3,75.93,76.40235083713762,76.58629536513104,1.016,Medium,21.224,28.783,25.923,321.8
R00324,2026,2,jeddah,4,Driver_4,Team_4,76.459,76.7527865041247,77.42561540359794,1.023,Medium,21.427,29.098,25.934,348.9
R00324,2026,2,jeddah,5,Driver_5,Team_5,76.79,76.92069426138124,77.63576633300266,0.866,Medium,21.675,29.082,26.033,314.5
R00324,2026,2,jeddah,6,Driver_6,Team_6,77.455,77.86558445035274,78.33659075690412,1.749,Medium,21.839,29.477,26.139,310.3
R00324,2026,2,jeddah,7,Driver_7,Team_7,77.91,78.30195193055793,78.79415618618684,1.659,Soft,21.83,29.602,26.478,329.9
R00324,2026,2,jeddah,8,Driver_8,Team_8,78.079,78.42530925404576,78.92518216120129,1.901,Soft,21.893,29.664,26.522,320.5
R00324,2026,2,jeddah,9,Driver_9,Team_9,78.729,78.93254094119014,79.08719018842585,2.085,Medium,22.152,29.841,26.736,310.3
R00324,2026,2,jeddah,10,Driver_10,Team_10,79.544,79.809847866549,80.19350033364235,2.273,Medium,22.399,30.099,27.046,334.1
R00325,2026,3,albert_park,1,Max Verstappen,Red Bull Racing,75.184,75.39073730347822,75.66028690201044,0.0,Medium,21.003,28.717,25.464,320.6
R00325,2026,3,albert_park,2,Driver_2,Team_2,75.627,75.74870041310366,76.26625096841344,0.266,Medium,21.059,28.539,26.029,308.6
R00325,2026,3,albert_park,3,Driver_3,Team_3,76.259,76.62359124393787,76.84163044961463,0.385,Soft,21.499,29.036,25.724,300.4
R00325,2026,3,albert_park,4,Driver_4,Team_4,76.611,77.01907091433364,77.11592131248298,1.784,Soft,21.301,29.154,26.156,328.0
R00325,2026,3,albert_park,5,Driver_5,Team_5,77.989,78.41788016317157,78.2995148786571,1.138,Medium,21.832,29.791,26.366,338.8
R00325,2026,3,albert_park,6,Driver_6,Team_6,77.496,77.91678433029661,78.08022791763709,2.889,Medium,21.724,29.309,26.463,325.3
R00325,2026,3,albert_park,7,Driver_7,Team_7,77.635,77.98031231761522,78.54287583289164,2.827,Soft,21.833,29.381,26.421,332.3
R00325,2026,3,albert_park,8,Driver_8,Team_8,78.274,78.40372908728165,79.12998375607275,1.035,Medium,21.869,29.713,26.692,338.8
R00325,2026,3,albert_park,9,Driver_9,Team_9,78.238,78.41275172749407,78.6073931744011,1.149,Medium,22.035,30.016,26.187,343.6
R00325,2026,3,albert_park,10,Driver_10,Team_10,78.67,78.88985654705252,79.59663825650576,2.331,Medium,22.002,30.024,26.644,302.8
R00326,2026,4,suzuka,1,Lewis Hamilton,Mercedes,75.23,75.70985042708983,75.56771179664445,0.0,Soft,21.182,28.566,25.482,326.2
R00326,2026,4,suzuka,2,Driver_2,Team_2,75.654,75.81497066348362,76.46999867779684,0.377,Medium,21.106,28.716,25.832,355.0
R00326,2026,4,suzuka,3,Driver_3,Team_3,76.241,76.35432950663484,76.86624724450927,0.235,Medium,21.565,28.92,25.756,337.9
R00326,2026,4,suzuka,4,Driver_4,Team_4,75.888,76.04644106496524,76.39831860064575,0.639,Medium,21.278,28.709,25.901,343.5
R00326,2026,4,suzuka,5,Driver_5,Team_5,76.894,77.21224176621728,77.66678060395856,0.881,Soft,21.432,29.237,26.225,319.4
R00326,2026,4,suzuka,6,Driver_6,Team_6,77.46,77.69400164116652,78.16360805229345,1.04,Medium,21.478,29.686,26.296,314.7
R00326,2026,4,suzuka,7,Driver_7,Team_7,77.232,77.7006474814012,77.59300975422971,3.082,Soft,21.651,29.302,26.279,308.4
R00326,2026,4,suzuka,8,Driver_8,Team_8,78.307,78.53730045911047,79.06027847892456,0.664,Medium,22.058,29.708,26.541,340.0
R00326,2026,4,suzuka,9,Driver_9,Team_9,78.4,78.81486838715423,79.00549740496746,0.764,Medium,21.851,29.783,26.766,344.6
R00326,2026,4,suzuka,10,Driver_10,Team_10,78.861,79.24362229224369,79.73663407525524,1.756,Soft,21.962,30.211,26.688,310.6
R00328,2026,6,imola,1,Max Verstappen,Red Bull Racing,75.913,76.37445414344161,76.83242041778657,0.0,Intermediate,21.383,29.019,25.511,333.0
R00328,2026,6,imola,2,Driver_2,Team_2,75.259,75.6082542684063,75.96472985685882,0.493,Intermediate,21.24,28.71,25.309,310.4
R00328,2026,6,imola,3,Driver_3,Team_3,75.974,76.15563914444084,76.71634253744969,0.564,Intermediate,21.203,28.785,25.986,337.1
R00328,2026,6,imola,4,Driver_4,Team_4,76.315,76.77976790758555,76.68884310071695,1.76,Intermediate,21.435,28.977,25.903,333.7
R00328,2026,6,imola,5,Driver_5,Team_5,77.153,77.29947243523398,78.07770363876405,0.673,Intermediate,21.703,29.406,26.044,320.8
R00328,2026,6,imola,6,Driver_6,Team_6,76.905,77.05485302353864,77.42491200437186,1.017,Intermediate,21.493,29.253,26.159,316.5
R00328,2026,6,imola,7,Driver_7,Team_7,77.843,77.98601808679135,78.4259355772175,0.564,Intermediate,21.779,29.632,26.432,326.9
R00328,2026,6,imola,8,Driver_8,Team_8,78.372,78.75502100402991,78.98896546675896,1.955,Intermediate,22.046,29.652,26.674,326.1
R00328,2026,6,imola,9,Driver_9,Team_9,78.472,78.67544990157735,79.43420842749812,3.466,Intermediate,21.991,29.858,26.623,325.0
R00328,2026,6,imola,10,Driver_10,Team_10,79.244,79.48549220589464,79.73529248054345,4.861,Intermediate,22.142,30.153,26.949,358.6
R00329,2026,7,monaco,1,Charles Leclerc,Ferrari,75.728,76.00576263597478,76.0539482941815,0.0,Soft,21.339,28.647,25.742,321.5
R00329,2026,7,monaco,2,Driver_2,Team_2,75.797,76.00746055608656,76.28682855345164,0.165,Medium,21.283,28.893,25.621,356.4
R00329,2026,7,monaco,3,Driver_3,Team_3,76.008,76.27773862101519,76.77997934635322,0.841,Medium,21.38,28.882,25.746,309.3
R00329,2026,7,monaco,4,Driver_4,Team_4,76.99,77.1018347022553,77.34637218672785,1.171,Soft,21.356,29.153,26.481,306.7
R00329,2026,7,monaco,5,Driver_5,Team_5,76.651,77.12037422184395,77.16683645439511,2.366,Medium,21.494,29.059,26.098,322.9
R00329,2026,7,monaco,6,Driver_6,Team_6,77.478,77.86886939773152,78.00220253898944,1.701,Medium,21.7,29.493,26.285,314.4
R00329,2026,7,monaco,7,Driver_7,Team_7,77.743,78.10426806656531,78.11398065520443,2.236,Soft,21.797,29.451,26.495,328.2
R00329,2026,7,monaco,8,Driver_8,Team_8,78.17,78.59213101369878,78.75873591384588,1.001,Soft,21.788,29.753,26.629,317.0
R00329,2026,7,monaco,9,Driver_9,Team_9,78.536,79.02565463209645,79.14760743583375,2.916,Soft,21.993,29.75,26.793,307.2
R00329,2026,7,monaco,10,Driver_10,Team_10,78.816,78.94933256819267,79.64759126428442,3.469,Medium,22.184,29.879,26.753,334.0
R00330,2026,8,canada,1,Max Verstappen,Red Bull Racing,75.675,76.12735483622215,76.21996939397572,0.0,Medium,21.198,28.766,25.711,339.0
R00330,2026,8,canada,2,Driver_2,Team_2,75.491,75.69675865204248,76.04667906186327,0.451,Soft,21.077,28.725,25.689,331.6
R00330,2026,8,canada,3,Driver_3,Team_3,75.87,76.33990323347557,76.66772034528134,0.547,Medium,21.428,28.836,25.606,341.6
R00330,2026,8,canada,4,Driver_4,Team_4,77.021,77.41875175434298,77.73619473211815,0.984,Medium,21.442,29.378,26.201,295.8
R00330,2026,8,canada,5,Driver_5,Team_5,77.373,77.79498267920516,77.87726531965662,0.351,Soft,21.706,29.31,26.357,307.2
R00330,2026,8,canada,6,Driver_6,Team_6,78.065,78.39751723287594,78.90133267730506,2.654,Medium,21.888,29.723,26.454,305.8
R00330,2026,8,canada,7,Driver_7,Team_7,77.452,77.82688693015153,78.24455539957286,2.31,Medium,21.794,29.577,26.081,292.4
R00330,2026,8,canada,8,Driver_8,Team_8,77.985,78.19500253496233,78.66197438007265,2.987,Soft,21.694,29.627,26.664,335.6
R00330,2026,8,canada,9,Driver_9,Team_9,78.71,79.14633335477244,79.57764893566103,0.957,Medium,22.253,29.899,26.558,341.8
R00330,2026,8,canada,10,Driver_10,Team_10,79.032,79.25395402767788,79.45968430430631,5.293,Soft,22.055,30.08,26.897,302.1
R00331,2026,9,spain,1,Max Verstappen,Red Bull Racing,75.287,75.72783929508371,75.66390816911444,0.0,Medium,21.037,28.503,25.747,318.4
R00331,2026,9,spain,2,Driver_2,Team_2,75.716,76.05814451092523,76.54502162911142,0.438,Medium,20.963,28.811,25.942,339.3
R00331,2026,9,spain,3,Driver_3,Team_3,76.125,76.31625815216513,76.80872233550525,0.755,Soft,21.359,28.968,25.798,325.7
R00331,2026,9,spain,4,Driver_4,Team_4,76.511,76.66933119671471,76.99969592869968,0.395,Medium,21.271,29.241,25.999,332.8
R00331,2026,9,spain,5,Driver_5,Team_5,76.677,76.93935841113667,77.23106363272726,2.176,Medium,21.637,29.032,26.008,341.2
R00331,2026,9,spain,6,Driver_6,Team_6,77.503,77.68280706537463,78.22601219498587,2.193,Medium,21.558,29.431,26.514,332.8
R00331,2026,9,spain,7,Driver_7,Team_7,77.614,77.75924375927299,78.38464818699693,1.95,Medium,21.773,29.594,26.247,304.8
R00331,2026,9,spain,8,Driver_8,Team_8,78.403,78.68866115782065,79.37086383327967,3.149,Soft,21.943,29.898,26.562,304.4
R00331,2026,9,spain,9,Driver_9,Team_9,78.396,78.51908946979196,79.27774319995177,4.436,Medium,21.932,29.765,26.699,325.2
R00331,2026,9,spain,10,Driver_10,Team_10,79.416,79.66082442770147,79.86369882328455,1.554,Medium,21.965,30.229,27.222,309.3
R00332,2026,10,austria,1,Lando Norris,McLaren,75.492,75.92290218912443,76.42942885190783,0.0,Intermediate,21.27,28.712,25.51,331.1
R00332,2026,10,austria,2,Driver_2,Team_2,75.92,76.33509653956195,76.75030954034692,0.299,Intermediate,21.11,28.755,26.055,347.8
R00332,2026,10,austria,3,Driver_3,Team_3,76.467,76.81894184503977,76.86261503143375,0.984,Intermediate,21.281,29.074,26.112,303.2
R00332,2026,10,austria,4,Driver_4,Team_4,76.394,76.71802845672268,77.07622252698464,1.655,Intermediate,21.295,29.228,25.871,339.4
R00332,2026,10,austria,5,Driver_5,Team_5,76.913,77.03413452207296,77.77769266728193,1.995,Intermediate,21.569,29.351,25.993,355.4
R00332,2026,10,austria,6,Driver_6,Team_6,77.274,77.43769119145266,77.61912424809947,2.054,Intermediate,21.616,29.397,26.261,324.1
R00332,2026,10,austria,7,Driver_7,Team_7,77.825,78.12752843776285,78.2617364022071,1.357,Intermediate,21.928,29.508,26.389,346.5
R00332,2026,10,austria,8,Driver_8,Team_8,78.401,78.82710848445342,79.04457266765061,1.519,Intermediate,21.868,29.786,26.747,323.9
R00332,2026,10,austria,9,Driver_9,Team_9,78.673,79.09597849944821,79.56693475855009,1.793,Intermediate,21.822,29.754,27.097,319.8
R00332,2026,10,austria,10,Driver_10,Team_10,79.14,79.36311688993234,79.77392415431542,3.151,Intermediate,22.126,30.215,26.799,309.6
R00333,2026,11,silverstone,1,Lando Norris,McLaren,75.1,75.21530992256307,75.47239624293974,0.0,Medium,20.829,28.489,25.782,320.4
R00333,2026,11,silverstone,2,Driver_2,Team_2,75.776,76.16029596823073,76.44140267504362,0.179,Soft,21.187,28.734,25.855,314.8
R00333,2026,11,silverstone,3,Driver_3,Team_3,76.518,76.64116300221396,77.0361055138919,0.414,Soft,21.374,28.827,26.317,325.1
R00333,2026,11,silverstone,4,Driver_4,Team_4,76.202,76.48022959298694,77.14362993815243,1.655,Soft,21.445,29.079,25.678,335.7
R00333,2026,11,silverstone,5,Driver_5,Team_5,76.988,77.09373799927371,77.42248149062364,2.331,Medium,21.793,29.163,26.032,295.6
R00333,2026,11,silverstone,6,Driver_6,Team_6,77.0,77.1536183281042,77.7995397557918,0.763,Medium,21.462,29.26,26.278,332.2
R00333,2026,11,silverstone,7,Driver_7,Team_7,77.881,78.01123633631761,78.24768509830312,1.873,Soft,21.74,29.505,26.636,342.1
R00333,2026,11,silverstone,8,Driver_8,Team_8,78.195,78.68681894593955,78.95892586694288,1.477,Medium,21.878,29.682,26.635,323.5
R00333,2026,11,silverstone,9,Driver_9,Team_9,78.327,78.52807858047574,78.87222928369303,3.976,Medium,21.9,29.773,26.654,338.0
R00333,2026,11,silverstone,10,Driver_10,Team_10,79.571,79.71635800682363,79.90822385562966,4.607,Soft,22.533,30.217,26.821,334.5
